Parcel_No,SalePrice,PricePerSq,LivingArea,Style,GROSS_AREA,NUM_FLOORS,R_BDRMS,R_FULL_BTH,R_HALF_BTH,R_KITCH,R_FPLACE,LU,OWN_OCC,R_BLDG_STY,R_ROOF_TYP,R_TOTAL_RM,YR_BUILT,Latitude,Longitude
501646000,4600000,0,3018,Row_End,4974,3,5,5,3,1,7,R1,N,RE,G,10,1890,42.35867,-71.06456
400444000,4300000,0,3981,Row_Middle,4212,4,5,3,1,1,4,R1,Y,RM,M,10,1890,42.34312,-71.07618
501474000,4274500,797.63,5439,Row_Middle,6436,4,6,5,1,2,4,R2,Y,RM,F,12,1900,42.35764,-71.06634
400455000,4200000,0,4146,Row_Middle,4404,4,4,3,0,1,1,R1,Y,RM,M,12,1860,42.34353,-71.07591
501584000,3900000,887.17,4396,Row_Middle,5570,4,4,2,2,1,5,R1,Y,RM,G,10,1809,42.357744,-71.067321
501533000,3877500,0,3849,Row_Middle,4748,4,4,3,1,1,2,R1,Y,RM,M,9,1900,42.35745,-71.06846
501644000,3810000,858.3,4449,Row_Middle,6108,3,5,3,1,2,0,R1,Y,RM,G,11,1890,42.3588,-71.06456
400265000,3699000,0,2702,Row_End,3564,3,3,3,1,1,3,R1,Y,RE,F,8,1890,42.343,-71.07495
400132000,3533000,0,2611,Row_Middle,3400,3,4,3,3,1,2,R1,Y,RM,M,9,1890,42.34483,-71.07319
502457000,3300000,0,2406,Row_Middle,3245,3,3,2,0,1,5,R1,N,RM,F,9,1890,42.35961,-71.07113
400129000,3299000,0,2611,Row_Middle,3394,3,4,4,1,1,1,R1,Y,RM,M,9,1900,42.34489,-71.07301
402848000,3220000,771.81,4172,Row_Middle,4648,4,5,4,0,2,2,R1,Y,RM,F,12,1860,42.34279,-71.0773
402491000,3185000,698.31,4561,Row_Middle,4869,4,5,3,1,2,1,R2,Y,RM,F,8,1860,42.34213,-71.08087
300131000,3150000,754.13,4177,Row_Middle,4688,4,5,3,1,2,5,R1,Y,RM,M,10,1880,42.36007,-71.06465
402732000,3100000,871.28,3558,Row_Middle,4017,4,4,2,1,2,1,R2,Y,RM,M,8,1860,42.3414,-71.07748
502529000,3100000,0,1540,Row_End,3564,2,3,2,0,1,0,R1,N,RE,M,5,1899,42.35684,-71.07189
305889000,3043000,854.06,3563,Row_Middle,4480,3.5,4,4,1,1,3,R1,Y,RM,G,8,1890,42.34331,-71.06895
502303000,2892750,0,2574,Row_Middle,2664,2,4,3,0,1,1,R1,N,RM,F,8,1890,42.356453,-71.070687
400735000,2800000,840.08,3348,Row_Middle,3728,4,5,3,1,2,0,R2,Y,RM,F,10,1865,42.34495,-71.07849
400258000,2795000,0,2447,Semi_Det,2600,4,3,2,1,2,0,R1,N,SD,M,10,1855,42.34382,-71.07275
501801000,2725000,0,2070,Row_End,2838,3.5,5,4,0,1,5,R1,N,RE,G,10,1830,42.35889,-71.07037
502380000,2700000,0,2576,Row_End,3170,4,3,3,1,1,2,R1,Y,RE,G,7,1890,42.35741,-71.07069
400366000,2540000,0,2212,Row_Middle,2940,3,4,3,0,1,0,R1,Y,RM,M,12,1890,42.34509,-71.07545
500936000,2500000,0,2275,Row_Middle,3540,3,4,2,2,2,3,R2,Y,RM,M,8,1899,42.34596,-71.07224
500871000,2400000,0,1935,Row_Middle,2480,3,3,2,1,1,1,R1,Y,RM,M,7,1890,42.34572,-71.07128
305883000,2320000,0,1636,Row_End,2802,2,3,2,2,1,2,R1,Y,RE,G,9,1899,42.34359,-71.069
500216000,2300000,0,2253,Row_End,2664,2.5,3,2,1,1,5,R1,Y,RE,G,7,1899,42.34875,-71.06788
401582000,2225000,846.01,2630,Row_Middle,3060,3,3,3,0,1,3,R1,N,RM,F,10,1883,42.34266,-71.08738
1901799000,2209000,547.32,4036,Victorian,5948,3,5,4,0,2,2,R1,Y,VT,M,14,1878,42.31129,-71.11742
306980000,2170000,871.14,2491,Row_End,2708,3,4,2,1,1,2,R1,Y,RE,M,8,1890,42.3414,-71.07082
500872000,2160000,0,1935,Row_Middle,2480,3,3,2,1,1,0,R1,Y,RM,M,10,1875,42.3457,-71.07134
1902425000,2100000,429.8,4886,Colonial,9683,2,3,4,1,1,4,R1,Y,CL,G,11,1930,42.31105,-71.12381
501590010,2045000,0,2064,Row_Middle,2184,4,3,3,0,1,3,R1,N,RM,F,8,1890,42.35764,-71.06825
306983000,2000000,802.89,2491,Row_End,2708,3,5,1,1,1,1,R1,Y,RE,M,8,1890,42.341496,-71.07067
401590000,2000000,737.19,2884,Row_Middle,2968,3,5,3,0,1,2,R1,Y,RM,F,8,1880,42.34241,-71.08715
203727000,2000000,668.45,2992,Semi_Det,3740,4,4,3,1,2,3,R2,Y,SD,M,10,1882,42.3723,-71.0635
305877000,1960000,0,1604,Row_Middle,2304,2.5,3,2,1,1,2,R1,Y,RM,G,7,1890,42.34336,-71.06929
502058000,1900000,860.51,2112,Row_End,2640,4,4,2,2,1,1,R1,N,RE,G,9,1899,42.360182,-71.069908
203129000,1875000,651.49,2878,Row_Middle,3790,3,3,3,0,1,4,R1,Y,RM,F,10,1850,42.37685,-71.06213
203777000,1865000,800.43,2330,Row_End,3118,3,3,3,1,1,0,R1,Y,RE,F,8,1870,42.373465,-71.063533
203151000,1775000,893.76,1986,Semi_Det,2680,3,5,3,1,1,1,R1,Y,SD,F,7,1855,42.37663,-71.06201
1000685000,1760000,365.9,4810,Decker,7275,3,7,3,1,3,1,R3,N,DK,G,14,1905,42.33142,-71.10213
1000684000,1750000,377.56,4635,Decker,6330,3,8,3,0,3,0,R3,N,DK,H,17,1895,42.33133,-71.1022
300217000,1717500,0,1344,Row_Middle,1792,3,3,1,1,1,0,R1,Y,RM,G,6,1860,42.36006,-71.06624
1000769000,1700000,428.54,3967,Decker,6029,3,6,4,0,3,0,R3,N,DK,G,14,1890,42.33129,-71.10394
502181000,1665000,886.11,1879,Row_Middle,2250,3.5,4,3,0,1,3,R1,Y,RM,G,10,1827,42.36059,-71.0668
1902291001,1661000,494.49,3359,Colonial,5810,2.5,5,4,1,1,1,R1,Y,CL,L,10,1935,42.31287,-71.12864
203776000,1654250,728.42,1840,Row_Middle,2524,3,4,2,1,1,0,R1,Y,RM,F,8,1870,42.37353,-71.06353
400104000,1650000,726.23,2272,Row_Middle,2448,3,4,2,0,2,0,R2,Y,RM,M,9,1868,42.34587,-71.07351
1000089000,1620000,578.78,0,Row_Middle,0,3,0,0,0,0,0,CM,N,RM,U,0,1999,42.33403,-71.10291
1001435000,1602000,345.85,4632,Decker,6634,3.5,9,3,0,3,0,R3,N,DK,G,18,1905,42.33162,-71.11004
502207000,1600000,0,1458,Row_End,2220,2.5,3,2,1,1,0,R1,Y,RE,S,5,1890,42.360817,-71.068335
203118000,1575000,602.99,2612,Row_Middle,2807,3,4,2,1,1,1,R1,Y,RM,M,8,1865,42.37669,-71.06254
1000501000,1550000,519.79,2982,Decker,4134,3,12,4,0,3,0,R3,N,DK,F,19,1905,42.33089,-71.09773
1001190000,1515000,351.18,4314,Decker,6642,3,12,4,0,3,0,R3,N,DK,G,16,1910,42.330692,-71.104497
203135000,1502741,593.03,2467,Row_Middle,3644,3,3,3,0,1,0,R1,Y,RM,M,8,1839,42.37655,-71.06227
203271000,1500000,813.01,1845,Row_Middle,2720,3,3,2,1,1,2,R1,Y,RM,M,6,1875,42.37467,-71.06144
1000586000,1500000,452.9,3312,Decker,4416,3,11,3,0,3,0,R3,N,DK,F,18,1900,42.33125,-71.09955
603637000,1434500,353.67,4056,Decker,5766,3,7,3,0,3,0,R3,N,DK,F,17,1890,42.33641,-71.03059
2100594000,1400000,248.8,5627,Other,8487,2.5,14,4,0,2,2,R2,N,OH,H,20,1890,42.353807,-71.12964
1901749000,1400000,217.97,6423,Row_End,8904,3,9,3,0,3,0,R3,Y,RE,F,21,1912,42.30904,-71.11795
1901970000,1380000,552.88,2496,Colonial,4470,2,3,2,1,1,1,R1,Y,CL,H,7,1929,42.31775,-71.11446
701410000,1370000,379.19,3613,Decker,3919,3,6,4,0,3,0,R3,Y,DK,F,17,1890,42.33088,-71.04723
1000594000,1369000,371.91,3681,Decker,5250,3,9,3,0,3,0,R3,Y,DK,F,15,1905,42.33087,-71.0986
203495000,1350000,479.4,2816,Row_Middle,4155,3,4,1,1,1,0,R1,Y,RM,G,8,1860,42.374156,-71.058772
1900690000,1350000,380.5,3548,Conventional,5595,2,6,3,0,2,1,R2,Y,CV,G,12,1868,42.31781,-71.10902
602047000,1350000,369.86,3650,Semi_Det,5408,2.5,6,3,0,3,0,R3,N,SD,G,13,1880,42.33527,-71.04402
601430000,1350000,301,3474,Row_Middle,4632,3,6,3,0,3,0,R3,Y,RM,F,13,1892,42.34005,-71.05095
602085000,1335000,667.17,2071,Row_Middle,2888,3,3,3,0,3,0,R3,N,RM,M,7,1890,42.33479,-71.04127
1901707000,1300000,554.84,2343,Colonial,4366,2,3,2,1,1,2,R1,Y,CL,G,10,1920,42.311368,-71.118682
602053000,1300000,431.32,3014,Conventional,5016,2,5,3,0,3,0,R3,Y,CV,G,12,1930,42.33529,-71.04318
2004238012,1299000,321.77,4037,Colonial,7144,2,5,3,1,1,3,R1,Y,CL,H,8,1940,42.29072,-71.14631
1902379000,1295000,474.36,2730,Colonial,4128,2,3,2,1,1,2,R1,Y,CL,G,7,1928,42.31038,-71.12496
1000101000,1275000,391.83,3444,Row_Middle,3571,3,11,6,0,3,0,R3,N,RM,F,19,1900,42.33458,-71.10257
1600086030,1275000,252.78,5044,Conventional,9252,2.5,6,3,0,3,4,R2,N,CV,G,11,1900,42.30021,-71.0525
502133000,1274000,758.33,1680,Row_Middle,1680,3,2,2,0,1,0,R1,Y,RM,G,5,2006,42.360049,-71.067518
1902042000,1265000,376.71,3358,Conventional,6024,2,8,3,0,2,0,R2,N,CV,H,14,1923,42.3196,-71.11343
1900071001,1265000,264.2,4788,Decker,6690,3,6,3,0,3,0,R3,N,DK,F,15,1910,42.318271,-71.105007
2100974000,1250000,385.09,3246,Conventional,5753,2,11,4,0,2,0,R2,N,CV,H,14,1920,42.35042,-71.13552
1902033000,1250000,353.61,2954,Two_Fam_Stack,4946,2,6,2,0,2,2,R2,N,TF,H,16,1925,42.31973,-71.11532
2100798010,1235000,501.22,2464,Two_Fam_Stack,4086,2,10,3,0,2,0,R2,N,TF,G,16,1900,42.35158,-71.12888
1902351000,1233500,510.55,2416,Colonial,3746,2,4,2,1,1,2,R1,Y,CL,G,8,1960,42.31008,-71.12888
1901161000,1226000,389.08,3151,Conventional,4724,3,8,4,1,3,0,R3,Y,CV,M,16,1905,42.31027,-71.10855
1902371000,1217000,295.68,3546,Colonial,5948,2,5,3,1,1,3,R1,Y,CL,G,13,1921,42.31109,-71.12615
1901775000,1210000,429.84,2815,Colonial,4644,2,6,3,1,1,2,R1,Y,CL,G,11,1890,42.31053,-71.11772
604265000,1210000,410.03,1592,Conventional,2360,2,3,1,1,1,0,R1,N,CV,F,7,1900,42.33539,-71.0294
200323000,1202000,571.56,2103,Conventional,3351,2,3,3,0,2,3,R2,Y,CV,G,8,1855,42.377803,-71.064199
1902545000,1200000,484.46,1356,Other,2876,1,3,1,0,1,2,R1,N,OH,G,7,1947,42.30383,-71.12945
702567000,1200000,343.05,3522,Decker,5290,3,7,3,0,3,0,R3,Y,DK,F,17,1905,42.33166,-71.03383
1901694000,1200000,336.7,3564,Conventional,5733,2.5,6,3,0,2,0,R2,N,CV,L,13,1910,42.31105,-71.11961
1901339000,1200000,288.95,4153,Conventional,6570,2.5,6,2,1,2,0,E,N,CV,G,14,1900,42.31025,-71.11223
601037000,1175000,366.39,0,Conventional,0,0,0,0,0,0,0,RL,N,CV,U,0,0,42.336047,-71.049856
2102485000,1175000,358.89,3274,Conventional,5200,2.5,7,3,1,2,1,R2,N,CV,G,14,1910,42.33981,-71.15657
104605000,1175000,356.06,3420,Semi_Det,4630,4,4,3,0,2,0,R2,Y,SD,F,9,1900,42.36519,-71.03468
1902360000,1168000,471.73,2476,Colonial,3894,2,4,2,0,1,1,R1,Y,CL,L,8,1935,42.31159,-71.12657
1100169001,1160000,260.32,4456,Conventional,6748,3,5,4,1,2,1,R2,Y,CV,M,11,2006,42.324445,-71.093035
200118000,1150000,523.2,2333,Colonial,3704,3.5,3,2,1,1,1,R1,N,CL,G,17,1840,42.37994,-71.06177
2100448000,1150000,506.16,2272,Conventional,3794,2,8,4,0,3,0,R3,N,CV,G,14,1890,42.3553,-71.128
201120000,1150000,436.93,2632,Row_Middle,3632,3,3,2,1,1,2,R1,Y,RM,F,9,1880,42.38093,-71.06961
2003891000,1150000,410.57,2399,Colonial,4149,1.5,5,2,1,1,1,R1,N,CL,G,9,1940,42.29899,-71.14429
2003892000,1150000,378.17,0,Colonial,0,0,0,0,0,0,0,RL,N,CL,U,0,0,42.298875,-71.144381
1000574000,1150000,372.41,3088,Decker,4254,3,9,3,0,3,0,R3,Y,DK,F,18,1905,42.33219,-71.1004
1900115000,1135000,445.8,2546,Colonial,4445,2,5,3,0,1,0,R1,Y,CL,G,10,1885,42.32175,-71.10855
203769000,1130000,716.55,1577,Colonial,2232,2.5,4,2,0,1,4,R1,Y,CL,L,7,1850,42.372966,-71.063743
201249000,1117500,477.56,2409,Row_End,3686,3,4,2,1,1,1,R1,Y,RE,F,17,2005,42.383298,-71.070992
201098000,1112500,661.02,1683,Row_End,2244,3,3,1,0,1,3,R1,Y,RE,F,7,1875,42.380867,-71.069307
2006675000,1110000,381.57,2909,Colonial,4500,2.5,6,3,1,1,0,R1,Y,CL,G,11,1900,42.28686,-71.16171
200360000,1100000,586.67,2346,Row_End,3123,3,4,2,0,1,0,R1,Y,RE,M,8,1870,42.37775,-71.06309
2003696000,1100000,434.44,1120,Colonial,2424,1,2,1,0,1,1,R1,Y,CL,G,5,1955,42.29488,-71.13742
2100506000,1100000,335.06,3388,Conventional,5227,2.5,5,3,1,2,0,R2,N,CV,G,11,1885,42.35464,-71.12806
2102745000,1100000,320.98,3427,Conventional,6028,2,4,2,0,2,0,R2,N,CV,G,12,1930,42.3438,-71.14818
1103394000,1100000,315.64,3485,Conventional,5140,3.5,7,4,0,3,1,R3,Y,CV,G,17,1905,42.30452,-71.11765
2005844010,1100000,293.8,3232,Colonial,6074,2,4,2,1,1,1,R1,Y,CL,G,8,2002,42.288738,-71.149392
1901740000,1100000,257.79,4267,Conventional,7396,2.5,8,2,0,2,0,R2,Y,CV,H,14,1905,42.31009,-71.11832
2006601000,1093600,393.1,2496,Colonial,4788,2,4,2,1,1,2,R1,Y,CL,H,10,1910,42.2867,-71.16021
701319000,1087000,484.4,2244,Conventional,3586,3,5,3,1,3,0,R3,N,CV,F,15,1910,42.33153,-71.04759
1901721000,1078000,385,2778,Two_Fam_Stack,4267,2,5,2,0,2,2,R2,Y,TF,H,13,1922,42.30934,-71.11844
1902786000,1075000,385.58,2788,Colonial,4395,2,4,1,1,1,1,R1,Y,CL,G,8,1920,42.30235,-71.13168
603178000,1075000,357.62,3006,Decker,3271,3,6,3,0,3,0,R3,N,DK,F,14,1930,42.33626,-71.04094
200694000,1050000,409.36,2565,Conventional,3800,2.5,4,3,0,2,2,R2,N,CV,L,10,1802,42.379422,-71.063871
1302983000,1050000,207.43,5062,Decker,7691,3,7,4,0,3,0,R3,Y,DK,H,18,1905,42.31577,-71.05273
1900369000,1036000,271.63,3814,Conventional,5900,2.5,6,2,1,2,0,R2,N,CV,G,12,1905,42.31926,-71.11091
1000591000,1030000,377.84,2726,Conventional,4080,2.5,7,2,0,2,0,R2,N,CV,G,14,1900,42.33102,-71.09895
201140000,1025000,561.95,1824,Row_Middle,2432,3,3,2,1,1,2,R1,Y,RM,F,7,1885,42.3816,-71.06933
1901726000,1015000,355.02,2566,Colonial,4304,2,5,1,1,1,1,R1,Y,CL,L,11,1896,42.31,-71.11873
104636000,1015000,353.78,2100,Row_End,3084,3,3,4,0,3,0,R3,N,RE,G,11,1899,42.36464,-71.03223
1302593000,1010800,405.46,2244,Colonial,3898,2,5,2,1,1,1,R1,Y,CL,L,9,1910,42.31142,-71.04746
201095000,1004000,389.3,2579,Conventional,2944,3,3,3,1,1,0,R1,N,CV,F,6,1870,42.38068,-71.06917
200829000,1000000,588.93,1698,Row_Middle,2364,3,2,2,0,1,2,R1,N,RM,F,7,1860,42.37951,-71.06522
201224010,1000000,586.17,1706,Row_End,2512,2.5,3,2,2,1,2,R1,Y,RE,G,5,2001,42.382669,-71.070634
203202000,1000000,466.85,2142,Row_End,2856,3,4,1,1,1,0,R1,N,RE,F,9,1857,42.37493,-71.06286
1902495000,1000000,368.73,2280,Colonial,3956,2,4,1,1,1,1,R1,Y,CL,G,9,1939,42.30803,-71.12317
601017000,1000000,339.79,2943,Row_Middle,4143,3,6,3,0,3,0,R3,Y,RM,F,12,1890,42.33581,-71.05009
702313000,1000000,338.64,2953,Semi_Det,4243,3,6,3,0,3,0,R3,N,SD,F,15,1905,42.33211,-71.03543
1900616000,1000000,335.57,2980,Colonial,4677,2.5,4,3,0,2,0,R1,Y,CL,M,11,1920,42.31556,-71.10742
1102909000,999000,269.64,3705,Decker,5528,3,9,3,0,3,0,R3,N,DK,F,15,1905,42.30753,-71.10283
1103345000,997500,246.91,4040,Colonial,6973,2,8,2,1,1,0,R1,Y,CL,H,14,1900,42.30371,-71.11569
101944000,990000,185.19,5346,Decker,7512,3,8,3,0,3,0,R3,Y,DK,F,18,1915,42.38931,-71.0012
1900184000,989000,280.73,3523,Conventional,5705,2.5,5,3,0,3,0,R3,N,CV,G,14,1930,42.32111,-71.11014
203053000,980075,390.78,2508,Conventional,3688,3,6,2,0,2,0,R2,N,CV,F,16,1890,42.37784,-71.06067
200181000,980000,390.13,2287,Colonial,3664,2,3,2,2,1,0,R1,Y,CL,G,9,1885,42.37816,-71.06202
1002318000,980000,238.38,4111,Decker,5471,3,9,3,0,3,0,R3,Y,DK,F,18,1900,42.32397,-71.10428
200828000,975000,574.2,1698,Row_End,2280,3,3,3,0,1,1,R1,Y,RE,F,7,1858,42.37949,-71.06515
200857000,975000,449.1,2171,Row_Middle,2352,3,6,1,1,1,0,R1,Y,RM,F,10,1860,42.3797,-71.06522
500069003,972000,642.86,1512,Semi_Det,2128,3,3,1,1,1,3,R1,Y,SD,G,7,1920,42.349559,-71.066161
1902347017,971000,536.46,1810,Other,3926,1,3,2,1,1,1,R1,Y,OH,G,6,1960,42.30845,-71.12539
1901371000,970000,562.65,1724,Two_Fam_Stack,2896,2,2,2,1,2,2,R2,Y,TF,H,9,1900,42.31158,-71.1112
1102361000,970000,234.98,4128,Decker,6416,3,9,3,0,3,0,R3,N,DK,F,18,1905,42.31172,-71.0991
1102360000,970000,230.79,4203,Decker,6516,3,9,3,0,3,0,R3,N,DK,F,18,1905,42.31165,-71.09893
202518000,965000,414.7,2327,Row_End,3128,3.5,4,4,0,3,0,R3,N,RE,G,8,1870,42.379251,-71.069712
1900293000,965000,260.46,3705,Conventional,5723,2.5,9,3,0,3,0,R3,N,CV,G,18,1905,42.31847,-71.10928
603066000,963000,450.42,2704,Conventional,4224,3,4,2,0,2,0,R2,N,CV,F,10,2013,42.336713,-71.043483
203098000,950000,581.04,1635,Semi_Det,2505,2,3,1,1,1,0,R1,Y,SD,G,7,1890,42.37757,-71.06183
200491000,950000,473.82,2005,Row_End,2831,3,4,3,0,3,0,R3,N,RE,F,9,1890,42.37701,-71.06545
200079000,950000,395.67,2397,Row_Middle,3280,3,5,3,0,2,0,R2,Y,RM,F,12,1880,42.38068,-71.0618
201135000,949000,412.97,2298,Semi_Det,3058,3,3,2,1,1,0,R1,Y,SD,M,9,1885,42.38121,-71.06986
703249000,948000,328.82,2883,Decker,3988,3,6,3,0,3,0,R3,N,DK,F,14,1913,42.32528,-71.05896
1901977003,945000,448.72,2106,Colonial,3351,2,3,2,0,1,1,R1,Y,CL,H,7,1949,42.31724,-71.11643
1900772000,934000,417.71,2236,Two_Fam_Stack,3474,2,4,2,0,2,0,R2,N,TF,H,9,1929,42.31842,-71.11115
2102853000,928000,322.22,2880,Two_Fam_Stack,4496,2,6,4,0,2,0,R2,N,TF,H,12,1965,42.34567,-71.15458
1000713000,925000,381.76,2423,Other,4799,2,4,2,0,2,0,R2,N,OH,G,10,1931,42.33088,-71.10076
2002218000,925000,303.48,3048,Colonial,5180,2,6,1,0,1,1,R1,Y,CL,H,10,1920,42.27993,-71.15099
1900188000,920000,281.86,3264,Decker,4620,3,6,3,0,3,0,R3,N,DK,H,15,1900,42.32144,-71.1099
1103063000,909500,567.73,1602,Colonial,2998,2,5,2,1,1,0,R1,Y,CL,G,8,1927,42.30782,-71.11059
1900982090,909500,475.43,1913,Colonial,3835,2,3,2,1,1,2,R1,Y,CL,H,7,1999,42.314093,-71.109415
603490000,908000,348.56,2605,Decker,3476,3,5,3,0,3,0,R3,N,DK,F,14,1890,42.33684,-71.03727
2006611006,900000,451.13,1581,Colonial,2740,2,4,1,1,1,0,R1,Y,CL,G,7,1955,42.28447,-71.15807
201181000,900000,324.44,2762,Row_Middle,3819,3,5,2,0,2,0,R2,Y,RM,F,11,1880,42.38202,-71.07016
103885000,900000,243.9,3632,Row_Middle,4854,4,6,4,3,3,0,R3,Y,RM,F,14,1910,42.37073,-71.03753
1302497000,900000,218.66,4116,Conventional,7588,1.5,4,2,1,2,1,R2,Y,CV,H,13,1925,42.30978,-71.05027
703117000,900000,216.71,3399,Decker,5195,3,6,3,0,3,3,R3,Y,DK,F,15,1905,42.3234,-71.06009
203125010,899000,561.88,1600,Semi_Det,2120,3,3,2,0,1,0,R1,Y,SD,F,7,1993,42.377,-71.06236
1103401000,898018,312.25,2876,Conventional,4556,2.5,5,3,0,2,0,R2,Y,CV,G,12,1895,42.30437,-71.116673
201615000,895000,500.84,1787,Semi_Det,2007,3,3,3,1,1,1,R1,Y,SD,F,6,2011,42.38119,-71.063645
600695000,889900,429.9,2070,Conventional,2598,3,2,1,2,1,0,R1,Y,CV,F,5,0,42.336341,-71.053275
1102430000,889000,285.12,3118,Conventional,5416,2,3,3,0,3,0,R3,Y,CV,H,11,1900,42.31111,-71.10049
1002104000,888000,345.26,2572,Two_Fam_Stack,3755,2,5,2,0,2,2,R2,N,TF,H,10,1925,42.32274,-71.11368
2002235000,887900,264.65,3355,Colonial,5975,2,3,2,1,1,2,R1,Y,CL,G,10,1892,42.28235,-71.1539
2006849000,880000,453.61,1940,Colonial,3231,2,4,1,1,1,1,R1,Y,CL,H,7,1910,42.29235,-71.16235
702221000,880000,303.03,2904,Semi_Det,3854,3,6,3,0,3,0,R3,Y,SD,F,14,1899,42.33277,-71.03915
201387000,879000,557.03,1578,Colonial,2458,2,4,1,1,1,1,R1,Y,CL,G,7,1965,42.382672,-71.069145
202930000,878000,379.59,2313,Colonial,3576,2.5,4,3,0,1,2,R1,Y,CL,G,9,1994,42.37571,-71.05659
701307000,875000,260.65,3357,Semi_Det,4836,3,6,2,0,2,0,R2,Y,SD,F,15,1910,42.33239,-71.047622
2102801000,875000,239.46,3654,Decker,5304,3,6,3,0,3,0,R3,Y,DK,F,15,1917,42.34537,-71.15029
1101230000,875000,233.46,3748,Conventional,5915,2.5,5,3,0,3,0,R3,N,CV,H,14,1900,42.31791,-71.10234
201506000,870000,587.84,1480,Colonial,2472,2,3,3,0,1,1,R1,Y,CL,G,6,1890,42.38163,-71.06657
603664000,870000,439.39,1980,Colonial,3108,2,3,1,1,1,0,R1,Y,CL,H,7,1905,42.33726,-71.03028
701214000,870000,308.29,2822,Decker,3753,3,6,4,0,3,0,R3,Y,DK,F,16,1910,42.332822,-71.049366
203107000,865000,286.14,3023,Conventional,4144,3,3,3,0,2,0,R2,N,CV,F,12,1885,42.378,-71.06146
1900210000,858600,450,1908,Two_Fam_Stack,3406,2,5,2,0,2,0,R2,Y,TF,H,9,1905,42.32049,-71.10829
1902325000,855000,475.53,1798,Colonial,3325,2,3,1,1,1,1,R1,Y,CL,G,7,1940,42.31059,-71.13026
105978000,853125,261.37,3177,Semi_Det,4002,3,6,1,1,1,2,R1,Y,SD,M,12,1900,42.37681,-71.03745
1902880000,850100,259.49,3276,Decker,4842,3,8,3,0,3,0,R3,N,DK,F,15,1900,42.29524,-71.1191
603791000,850000,421,2019,Row_End,2766,3,3,3,0,3,0,R3,N,RE,F,7,1890,42.33676,-71.02732
203100000,850000,408.65,2080,Conventional,2745,3,3,2,0,2,0,R2,Y,CV,F,8,1905,42.37766,-71.06175
2102713000,850000,355.35,2700,Two_Fam_Stack,4120,2,4,2,0,2,2,R2,N,TF,H,12,1920,42.34307,-71.14895
1900380000,850000,213.14,3988,Conventional,5681,3,6,3,0,3,0,R3,N,CV,L,15,1905,42.3197,-71.11071
1001704000,848000,196.57,4314,Conventional,5731,3,6,3,0,3,0,R3,N,CV,M,15,1900,42.32494,-71.1085
1901264000,847500,341.87,2479,Semi_Det,3816,2.5,5,2,0,2,1,R2,N,SD,L,13,1930,42.30849,-71.11309
1901264020,847500,341.87,2479,Semi_Det,3816,2.5,5,2,0,2,1,R2,N,SD,L,13,1930,42.30849,-71.11305
601002000,845000,238.3,3402,Decker,5058,3,6,3,0,3,0,R3,N,DK,F,15,1890,42.33612,-71.05101
201048000,844000,604.15,1340,Row_Middle,2163,2,3,2,1,1,0,R1,Y,RM,G,6,1865,42.38006,-71.06863
1902426001,830000,739.75,1122,Cape,2004,1.5,2,1,0,1,1,R1,Y,CP,G,4,1950,42.31146,-71.12379
201053000,830000,406.66,2041,Colonial,3515,2,4,2,0,1,0,R1,Y,CL,G,9,1880,42.37988,-71.06879
2101162000,830000,295.79,2806,Row_End,4329,2,9,3,1,2,0,R2,N,RE,F,17,1885,42.353031,-71.135921
2007750000,830000,249.77,2924,Victorian,5337,2,3,2,0,1,0,R1,Y,VT,G,9,1910,42.28388,-71.15943
2002032000,830000,245.42,3382,Colonial,6075,2,5,2,1,1,1,R1,Y,CL,G,10,1905,42.27948,-71.1508
201775000,825000,668.02,1235,Semi_Det,2112,2,4,1,1,1,1,R1,Y,SD,G,8,1860,42.38008,-71.063297
701835000,825000,231.29,3567,Decker,4764,3,8,3,0,3,0,R3,Y,DK,F,17,1905,42.33451,-71.04196
702036000,820000,437.1,1876,Semi_Det,2632,3,4,1,0,1,0,R1,Y,SD,M,8,1900,42.33052,-71.03747
1902301000,820000,416.03,1648,Colonial,2692,2,3,2,0,1,1,R1,Y,CL,G,8,1925,42.31124,-71.12895
1902337000,820000,339.69,2040,Colonial,3324,2,3,2,1,1,1,R1,N,CL,G,6,1934,42.30972,-71.12985
200106010,815000,533.73,1527,Semi_Det,2340,2,3,2,1,1,1,R1,Y,SD,H,6,1899,42.3792,-71.06261
1902310003,815000,378.89,2151,Other,2916,1,3,2,1,1,1,R1,Y,OH,G,7,1960,42.31175,-71.1326
1902422000,810000,383.52,2112,Colonial,3615,2,4,1,1,1,1,R1,N,CL,G,7,1935,42.31037,-71.12326
602210010,810000,327.8,2263,Semi_Det,3672,2,3,2,0,2,0,R2,N,SD,G,8,1910,42.334583,-71.037526
2001796000,810000,303.6,2371,Colonial,4256,2,5,2,1,1,1,R1,Y,CL,G,9,1910,42.28254,-71.14893
1302140000,810000,185.69,4362,Decker,6458,3,12,3,3,3,0,R3,N,DK,F,20,1905,42.31367,-71.05728
701735000,805000,651.29,1266,Row_End,1947,2,3,1,0,1,0,R1,Y,RE,F,6,1900,42.33337,-71.04164
2007499000,805000,292.41,3182,Colonial,4944,2,4,2,1,1,1,R1,N,CL,G,7,0,42.294622,-71.1706
2001686000,803000,305.32,2756,Colonial,4858,2,7,3,0,1,2,R1,Y,CL,G,12,1895,42.28422,-71.15355
1902825005,801000,430.65,1860,Conventional,3232,2,3,2,1,1,1,R1,Y,CV,G,10,1959,42.29978,-71.11623
2005075020,800000,276.34,2895,Colonial,4660,2.5,3,3,1,1,1,R1,Y,CL,G,8,2005,42.292057,-71.133261
2008409000,800000,271.55,2946,Colonial,5429,2,4,2,1,1,1,R1,Y,CL,G,9,2007,42.283786,-71.166291
700515000,800000,241.47,2678,Conventional,3644,3,4,4,0,2,0,R2,N,CV,F,8,2002,42.333628,-71.052837
1103635000,799000,346.79,2304,Colonial,4190,2,4,2,1,1,0,R1,Y,CL,G,9,2004,42.29822,-71.11142
1103155000,795000,361.2,2201,Conventional,3876,2,5,3,0,2,0,R2,N,CV,G,12,1900,42.30591,-71.11243
1301931000,795000,184.16,4317,Decker,6264,3,12,3,0,3,0,R3,N,DK,F,18,1905,42.3191,-71.0588
1301945000,792000,209.69,3765,Decker,5833,3,6,3,0,3,0,R3,N,DK,F,15,1905,42.318324,-71.058613
105479000,790000,270.09,2376,Row_Middle,3168,3,8,3,0,3,0,R3,N,RM,F,15,1910,42.37262,-71.03949
2005176000,789900,233.49,3383,Colonial,4635,2,4,3,1,1,0,R1,Y,CL,G,9,2008,42.294534,-71.130883
200891000,785000,644.5,1131,Cape,1816,1.5,2,2,0,1,1,R1,Y,CP,G,5,1920,42.37954,-71.06606
603977000,785000,384.8,2040,Row_Middle,3034,3,3,3,1,3,0,R3,N,RM,M,11,1910,42.33467,-71.03174
1301821000,785000,230.54,3405,Decker,5401,3,6,3,0,3,0,R3,N,DK,F,15,1905,42.3157,-71.06087
1101412000,784500,389.14,2016,Colonial,3326,2,4,1,1,1,0,R1,Y,CL,M,8,1900,42.31741,-71.10186
702704000,780000,439.19,1776,Semi_Det,2672,2,2,2,0,2,0,R2,Y,SD,F,9,1910,42.33213,-71.03098
1901508000,780000,353.58,2206,Two_Fam_Stack,3481,2,5,2,0,2,0,R2,N,TF,H,11,1940,42.30825,-71.11706
1302844000,780000,224.72,3471,Decker,5348,3,9,3,0,3,0,R3,N,DK,F,15,1905,42.31414,-71.05602
103968000,780000,205.53,3795,Decker,5543,3,9,3,0,3,0,R3,N,DK,F,17,1900,42.37026,-71.03559
1200626000,780000,154.3,5055,Semi_Det,6726,3,9,3,0,3,0,R3,N,SD,F,18,1900,42.32324,-71.08599
1902418000,775000,431.75,1795,Colonial,3037,2,4,1,0,1,1,R1,Y,CL,G,6,1924,42.30979,-71.12286
1701067000,775000,295.46,2983,Victorian,4319,2.5,5,2,1,1,1,R1,Y,VT,G,9,1901,42.29646,-71.06619
1902349006,772500,431.56,1790,Other,3910,1,3,2,0,1,2,R1,N,OH,H,6,1957,42.30819,-71.12686
903604000,772000,278.5,2772,Conventional,3831,3,6,3,0,2,0,R2,N,CV,G,11,2006,42.328315,-71.090694
104079000,769000,208.74,3684,Semi_Det,5421,3,6,3,0,3,0,R3,N,SD,F,17,1908,42.36926,-71.03335
2008880000,765000,284.6,2688,Colonial,4101,2.5,5,1,1,1,1,R1,Y,CL,G,9,1910,42.27913,-71.16014
1302920000,764000,203.9,3747,Conventional,5980,2.5,6,2,1,2,0,R2,Y,CV,G,13,1905,42.31582,-71.05476
1002737000,763980,355.34,2150,Conventional,3761,2,6,3,0,3,0,R3,N,CV,G,15,1900,42.322158,-71.105685
1302842000,762000,219.53,3471,Decker,5393,3,6,3,0,3,0,R3,Y,DK,F,15,1910,42.31419,-71.05628
201626000,760000,514.21,1140,Row_Middle,1915,2,3,1,1,1,0,R1,Y,RM,G,5,1865,42.381005,-71.06383
1904466000,760000,470.88,1614,Colonial,2618,2,2,2,0,1,1,R1,Y,CL,G,8,1850,42.28906,-71.11433
1603433000,760000,201.16,3751,Victorian,6036,2.5,5,2,1,1,5,R1,N,VT,G,11,1884,42.28371,-71.06052
102236000,760000,171.64,4428,Decker,6700,3,7,3,0,3,0,R3,Y,DK,F,17,1912,42.38988,-70.999
604082000,753000,511.2,1407,Row_Middle,2200,2,3,1,0,1,1,R1,Y,RM,M,7,1890,42.33249,-71.03309
200400000,751000,630.56,1020,Row_End,1692,2,3,2,1,1,1,R1,Y,RE,G,5,1880,42.37736,-71.06238
1103729000,750000,411.18,1824,Colonial,2932,2,3,1,1,1,1,R1,Y,CL,G,8,1930,42.29924,-71.11113
702298000,750000,395.57,1896,Row_Middle,2640,3,5,2,0,2,1,R1,N,RM,M,10,1899,42.33294,-71.03717
1302005000,750000,211.33,3549,Decker,5249,3,7,3,0,3,0,R3,N,DK,F,16,1900,42.31725,-71.05835
1903750000,750000,161.74,4637,Conventional,6804,3,6,3,0,3,0,R3,Y,CV,L,12,1901,42.28419,-71.12188
601581000,745000,288.76,2580,Conventional,3948,3,6,2,0,2,0,R2,N,CV,F,11,1890,42.3387,-71.04881
201003000,742000,515.28,1440,Row_End,1980,3,3,1,0,1,0,R1,N,RE,F,6,1880,42.37999,-71.06829
200123000,740000,479.9,1542,Semi_Det,2820,2,4,2,0,2,0,R2,Y,SD,G,8,1885,42.38033,-71.0615
1900006000,740000,450.67,1642,Colonial,2915,2,3,3,0,1,0,R1,Y,CL,G,6,1905,42.31958,-71.10422
1302594000,740000,398.28,1858,Colonial,3387,2,4,2,0,1,1,R1,Y,CL,G,8,1920,42.31153,-71.0476
701220000,740000,354.41,2088,Conventional,2712,3,4,2,0,2,0,R2,Y,CV,M,10,1890,42.33256,-71.049178
2004243000,740000,351.21,2107,Cape,3286,1.5,3,2,1,1,1,R1,Y,CP,G,7,1935,42.28952,-71.1441
1701069000,740000,285.16,2340,Victorian,4050,2,5,1,1,1,1,R1,Y,VT,G,10,1895,42.2962,-71.06624
903226000,740000,265.23,2790,Row_Middle,3720,3,6,3,0,3,0,R3,N,RM,F,15,1890,42.32889,-71.08772
1903221000,740000,236.27,3132,Decker,5082,3,9,3,3,3,0,R3,Y,DK,F,15,1920,42.28906,-71.12324
105691000,737000,285.33,2583,Semi_Det,3732,3,8,3,0,3,0,R3,N,SD,F,17,1900,42.37048,-71.0384
2007757020,736000,409.12,1799,Colonial,2828,2,3,3,1,1,2,R1,N,CL,G,8,1997,42.28333,-71.1604
1103428000,735000,317.08,2318,Two_Fam_Stack,3729,2,5,2,0,2,0,R2,N,TF,H,10,1910,42.30494,-71.11819
200932000,732500,615.55,1191,Row_End,1326,2,2,2,1,1,0,R1,N,RE,F,6,1870,42.3788,-71.06645
2005403000,730000,282.07,2588,Conventional,4440,2,6,3,0,2,0,R2,Y,CV,G,12,1910,42.28967,-71.13089
1101338000,730000,234.95,3107,Conventional,4736,2.5,5,3,0,3,0,R3,N,CV,G,12,1885,42.31409,-71.10083
1503200000,730000,211.04,3459,Decker,4969,3,9,3,0,3,0,R3,N,DK,F,15,1905,42.31117,-71.0559
2002546000,725000,335.96,2158,Colonial,3469,2,4,2,1,1,1,R1,Y,CL,G,9,1937,42.27619,-71.14953
903730000,725000,245.6,2952,Semi_Det,3936,3,9,3,0,3,0,R3,N,SD,F,18,1890,42.326811,-71.090105
1603733000,725000,204.98,3537,Decker,5276,3,6,3,0,3,0,R3,N,DK,F,15,1926,42.28768,-71.05032
106123000,725000,199.89,3183,Semi_Det,4604,3,8,3,0,3,0,R3,Y,SD,F,17,1900,42.375091,-71.03594
1302324000,725000,199.78,3619,Colonial,6365,2,4,2,0,1,0,R1,Y,CL,G,13,1890,42.30976,-71.04653
2004207000,722500,380.06,1901,Colonial,3476,2,4,1,1,1,0,R1,N,CL,G,8,1920,42.29322,-71.14826
1900059000,720000,309.94,2323,Conventional,3865,2,5,3,0,3,0,R3,N,CV,G,12,1900,42.3173,-71.10642
903676000,720000,214.16,3362,Semi_Det,4370,3,6,3,0,3,0,R3,Y,SD,M,13,1900,42.3276,-71.09126
1303079000,720000,202.53,3555,Decker,5303,3,7,3,0,3,0,R3,Y,DK,F,15,1905,42.31849,-71.05481
1603346000,715000,186.29,3838,Two_Fam_Stack,6528,2,6,4,0,2,0,R2,Y,TF,H,13,1928,42.287079,-71.058252
2002177000,712200,269.57,2642,Colonial,4521,2,4,1,1,1,1,R1,Y,CL,G,10,1880,42.28221,-71.15285
700650000,710000,342,2076,Semi_Det,3038,3,4,3,0,2,0,R2,N,SD,F,9,1888,42.32984,-71.05378
1904745000,707000,258.78,2732,Conventional,4321,2.5,5,2,0,2,0,R2,N,CV,G,11,1905,42.29796,-71.11327
1100736000,706000,193.74,3644,Decker,5138,3,6,3,0,3,0,R3,Y,DK,G,15,1900,42.3267,-71.09656
603214000,705000,406.11,1736,Semi_Det,3100,2,5,2,0,2,0,R2,Y,SD,F,9,1890,42.335906,-71.039133
702592000,705000,389.07,1812,Semi_Det,2509,3,4,1,1,1,0,R1,N,SD,M,7,1905,42.33222,-71.03259
2005173000,705000,339.92,2074,Colonial,3438,2,3,2,1,1,1,R1,Y,CL,L,7,1935,42.29465,-71.13124
1302015000,702000,209.68,3348,Decker,5058,3,6,3,0,3,0,R3,Y,DK,F,15,1905,42.31702,-71.05707
200686000,700000,585.28,1311,Colonial,1617,1.5,2,1,1,1,1,R1,Y,CL,G,5,1845,42.37958,-71.06462
2003594001,700000,420.42,1665,Other,4390,1,2,1,1,1,1,R1,N,OH,G,8,1950,42.30058,-71.12958
1900148000,700000,344.83,2030,Colonial,3375,2,3,2,1,1,1,R1,Y,CL,G,7,1910,42.32087,-71.10787
1101431000,700000,300.82,2327,Semi_Det,4218,2,4,2,0,1,1,R1,N,SD,H,9,1885,42.31519,-71.10051
2006512001,700000,289.5,2418,Colonial,3767,2,5,1,0,1,1,R1,N,CL,G,8,1860,42.28709,-71.15667
903232000,700000,268.51,2475,Row_Middle,3362,3,9,3,0,3,0,R3,N,RM,F,15,1900,42.3291,-71.08759
102073000,700000,181.54,2732,Conventional,4477,2,6,3,0,3,0,R3,N,CV,M,15,1909,42.38962,-71.008
700956000,696500,437.5,1704,Row_End,2252,3,4,2,1,1,1,R1,N,RE,F,6,1890,42.33569,-71.04862
1303154000,690050,414.69,1664,Colonial,2509,2,3,1,0,1,0,R1,N,CL,G,7,1900,42.31715,-71.05365
2101852000,690000,473.25,1458,Colonial,2515,2,3,2,0,1,0,R1,Y,CL,G,6,1920,42.34561,-71.14842
1303228000,690000,208.33,3312,Decker,4716,3,6,3,0,3,0,R3,N,DK,F,14,1905,42.31905,-71.05615
1200927000,690000,121.31,5598,Decker,7889,3,9,3,0,3,0,R3,N,DK,G,17,1905,42.3164,-71.07884
603385000,685000,677.55,1011,Colonial,1524,2,2,2,0,1,0,R1,Y,CL,G,6,1890,42.33776,-71.03763
200951000,685000,590.52,1160,Row_Middle,1740,2,2,1,0,1,0,R1,N,RM,F,6,1860,42.37911,-71.06623
700535000,685000,402,1716,Conventional,2448,3,5,2,0,2,0,R2,N,CV,G,9,1900,42.33391,-71.0526
2006651001,685000,322.5,2124,Colonial,4158,2,4,1,1,1,0,R1,Y,CL,G,8,1880,42.28852,-71.15848
2003499000,685000,288.79,1998,Colonial,3204,2,4,1,1,1,2,R1,Y,CL,G,8,1925,42.27621,-71.15209
1804491000,685000,238.1,2877,Colonial,4503,2,5,2,0,1,0,R1,Y,CL,G,9,1900,42.28469,-71.1289
1100857000,685000,228.79,2994,Semi_Det,3992,3,8,3,0,3,0,R3,N,SD,F,14,1920,42.324872,-71.097219
1600342000,685000,197.35,3471,Decker,5195,3,6,3,0,3,0,R3,Y,DK,F,15,1905,42.29476,-71.05157
2005236000,685000,177.83,3852,Conventional,6044,2.5,5,3,0,3,0,R3,Y,CV,G,17,1884,42.28808,-71.129991
903191000,685000,164.74,4158,Conventional,6922,2.5,6,4,0,3,0,R3,N,CV,G,12,1899,42.328257,-71.0881
1601882000,684500,240.68,2908,Victorian,4427,2.5,4,2,1,2,1,R1,Y,VT,H,10,1910,42.29264,-71.05707
2004422000,682000,380.79,1791,Colonial,3116,2,3,1,1,1,1,R1,Y,CL,G,7,1938,42.2922,-71.1418
200519000,680000,604.44,1080,Semi_Det,1510,3,2,1,1,1,0,R1,Y,SD,M,6,1865,42.37729,-71.06609
1900005000,680000,259.84,2617,Conventional,4325,2,6,2,0,2,0,R2,Y,CV,G,12,1905,42.31951,-71.10409
2002321000,680000,259.25,2443,Colonial,4616,2,4,1,1,1,1,R1,Y,CL,G,9,1900,42.28105,-71.15448
2001732000,680000,231.45,2938,Two_Fam_Stack,4800,2,6,2,0,2,0,R2,N,TF,H,14,1914,42.2854,-71.15068
1904871000,680000,216.98,3134,Conventional,5316,2.5,5,2,0,2,0,R2,N,CV,G,12,1915,42.29335,-71.11685
106866000,680000,209.3,3364,Decker,3872,3,6,3,0,3,0,R3,N,DK,F,15,1900,42.37657,-71.03075
903743000,680000,180.08,3776,Conventional,5342,2.5,6,3,0,2,0,R2,Y,CV,G,11,1900,42.32598,-71.0893
101367001,680000,170.94,3810,Conventional,3922,2,6,3,0,3,0,R3,N,CV,G,15,1960,42.38582,-71.00136
1002040000,675100,289.37,2333,Conventional,4204,2,4,2,0,2,0,R2,N,CV,G,10,1887,42.32324,-71.10687
602895000,675000,367.65,1836,Conventional,2744,3,5,1,1,1,0,R1,Y,CV,F,7,1890,42.33765,-71.04482
1002215000,675000,280.32,2408,Two_Fam_Stack,4002,2,6,2,0,2,0,R2,Y,TF,G,8,1915,42.32226,-71.10132
1900228000,675000,265.23,2545,Semi_Det,3918,2.5,4,2,0,2,0,R2,N,SD,G,12,1920,42.31918,-71.10625
1904844000,675000,219.3,3078,Decker,4590,3,6,3,0,3,0,R3,N,DK,F,15,1915,42.29307,-71.11738
104800000,675000,201.61,3348,Semi_Det,4555,3,5,3,0,3,0,R3,N,SD,F,8,1910,42.366819,-71.035727
1301465000,675000,172.55,3912,Decker,5882,3,6,3,0,3,0,R3,N,DK,F,18,1905,42.31339,-71.06118
1704700000,670000,322.12,2080,Victorian,3974,2,5,2,1,1,1,R1,Y,VT,G,12,1885,42.28611,-71.06797
2002872010,670000,307.34,2180,Colonial,3038,2,4,2,2,1,1,R1,Y,CL,G,8,1994,42.27187,-71.15033
100112000,670000,291.94,2295,Row_End,3482,3,6,3,0,3,0,R3,N,RE,F,14,1905,42.380145,-71.02859
1302851000,670000,189.43,3537,Decker,5418,3,9,3,0,3,0,R3,N,DK,F,15,1906,42.3147,-71.05636
2006030000,668000,231.94,2422,Two_Fam_Stack,4128,2,4,2,0,2,0,R2,N,TF,H,10,1915,42.2912,-71.15324
2001905000,667500,400.9,1665,Colonial,3073,2,4,1,1,1,1,R1,Y,CL,G,7,1954,42.27925,-71.14576
1903758000,665000,296.08,2030,Colonial,3510,2,4,1,1,1,0,R1,Y,CL,H,8,1890,42.28336,-71.12165
2008399000,665000,286.76,2319,Colonial,4753,2,4,2,1,1,0,R1,Y,CL,G,9,1880,42.28193,-71.16336
2000977000,665000,271.65,2448,Two_Fam_Stack,4038,2,5,2,0,2,0,R2,N,TF,H,11,1925,42.28092,-71.13976
2001635000,665000,233.99,2842,Conventional,4916,2,5,2,0,2,0,R2,N,CV,G,12,1920,42.28547,-71.15159
100174000,665000,227.35,2925,Decker,4341,3,8,3,0,3,0,R3,N,DK,F,14,1900,42.38097,-71.02836
2001526000,665000,218.25,2738,Victorian,4862,2,6,1,1,1,3,R1,N,VT,G,12,1900,42.28388,-71.14338
1101306000,664875,239.85,2772,Two_Fam_Stack,4111,2,4,2,0,2,0,R2,N,TF,M,10,1935,42.31527,-71.09993
2007637000,663600,314.8,0,Colonial,0,1,0,0,0,0,0,RL,N,CL,U,0,0,42.291293,-71.168539
2009147000,662900,340.3,1948,Colonial,3126,2,3,2,2,1,1,R1,Y,CL,G,7,2001,42.2811,-71.16978
1001921000,661800,275.98,2398,Conventional,4026,2,5,3,0,2,0,R2,N,CV,G,10,1915,42.32426,-71.10589
2001863000,660000,366.46,1801,Colonial,3120,2,3,1,1,1,1,R1,Y,CL,G,7,1935,42.27955,-71.14413
1700866000,660000,292.04,2283,Colonial,3742,2.5,5,2,1,1,0,R1,Y,CL,G,9,1890,42.29454,-71.06483
1804627000,660000,260.05,2538,Two_Fam_Stack,4199,2,5,2,0,2,0,R2,Y,TF,H,11,1880,42.281894,-71.128302
1601817000,660000,188.3,3505,Conventional,5500,2.5,6,3,0,3,0,R3,Y,CV,H,15,1930,42.2915,-71.05862
802583000,660000,177.99,3708,Row_End,4958,3,8,3,0,3,0,R3,N,RE,F,14,1890,42.32559,-71.07794
202510000,658000,408.95,1532,Row_End,2272,2.5,5,2,1,1,0,R1,N,RE,G,7,1875,42.379002,-71.069679
2010491000,657000,357.84,1772,Colonial,3216,2,3,2,1,1,1,R1,Y,CL,H,6,1993,42.27179,-71.16673
2007271000,657000,270.7,2427,Two_Fam_Stack,3927,2,4,2,0,2,2,R2,N,TF,H,11,1925,42.29264,-71.1553
1804998000,655000,352.91,1856,Colonial,3011,2,3,1,0,1,0,R1,N,CL,G,7,1904,42.28123,-71.13002
2000887000,652000,357.46,1824,Colonial,2802,2,3,2,2,1,1,R1,Y,CL,G,8,2011,42.279734,-71.138587
2000949000,651000,291.41,1862,Colonial,2905,2,4,1,1,1,2,R1,Y,CL,G,7,1901,42.28172,-71.14199
701663000,650000,550.85,1180,Semi_Det,1605,2,2,2,1,1,0,R1,N,SD,F,5,1900,42.33288,-71.04238
2008351000,650000,345.01,1884,Victorian,3187,2,4,1,1,1,1,R1,Y,VT,H,7,1900,42.28042,-71.16239
701263000,650000,331.29,1962,Conventional,2858,3,6,3,1,2,0,R2,Y,CV,F,12,1880,42.33209,-71.04837
1302737000,650000,328.12,1981,Conventional,3212,2,4,2,0,2,0,R2,Y,CV,G,10,1910,42.31249,-71.05435
104310000,650000,294.92,2204,Two_Fam_Stack,3586,2,2,2,0,2,1,R2,Y,TF,F,5,1900,42.38134,-71.01293
2006882000,650000,292.79,2220,Colonial,3602,2,4,1,1,1,1,R1,N,CL,G,10,1930,42.29082,-71.16632
1603645000,650000,266.39,2440,Two_Fam_Stack,4022,2,6,2,0,2,0,R2,N,TF,H,12,1925,42.284738,-71.052923
101205000,650000,240.38,2704,Conventional,4873,2,6,3,0,2,1,R2,N,CV,H,10,1900,42.38454,-71.00449
1302114000,650000,237.66,2746,Colonial,4454,2.5,6,2,2,1,2,R1,Y,CL,H,11,1895,42.31423,-71.05792
1502567000,650000,230.5,3478,Conventional,4360,3,8,3,2,2,0,R2,N,CV,F,16,2004,42.310491,-71.058474
802926000,650000,230.41,2821,Conventional,4632,2.5,6,3,0,3,0,R3,N,CV,G,12,1890,42.32386,-71.077215
1302292000,650000,183.93,3142,Conventional,5550,2,4,2,0,2,0,R2,Y,CV,H,12,1925,42.30824,-71.05027
1501449000,650000,160.02,4068,Decker,5781,3,6,3,0,3,0,R3,Y,DK,F,15,1920,42.30384,-71.06431
2009553000,649900,273.76,2374,Two_Fam_Stack,3993,2,4,2,0,2,0,R2,Y,TF,H,10,1912,42.27466,-71.16198
2004857000,649900,271.13,2055,Colonial,3621,2,6,2,1,1,0,R1,N,CL,G,11,1910,42.29116,-71.13787
2011897010,649500,294.42,2206,Colonial,3924,2,4,2,2,1,1,R1,Y,CL,G,9,2003,42.260359,-71.152087
1902316000,649000,508.62,1276,Colonial,2074,2,3,2,0,1,2,R1,Y,CL,L,7,1920,42.31118,-71.12945
106162000,649000,208.01,2961,Decker,3948,3,8,3,0,3,0,R3,Y,DK,F,11,1900,42.374958,-71.036871
903766000,645000,344,1434,Colonial,1532,2,2,1,0,1,0,R1,Y,CL,G,6,1880,42.32508,-71.08839
1605306000,645000,297.1,2171,Victorian,3374,2.5,6,1,1,1,0,R1,Y,VT,G,10,1925,42.28364,-71.06197
1603545000,645000,249.42,2586,Two_Fam_Stack,4191,2,5,2,0,2,0,R2,N,TF,H,11,1915,42.28551,-71.05397
1601318000,645000,205.54,3138,Decker,4898,3,6,3,0,3,0,R3,N,DK,F,15,1905,42.29039,-71.0636
1805013000,645000,199.32,3236,Colonial,4161,2,3,2,1,1,1,R1,Y,CL,H,8,1998,42.28063,-71.13129
1812256110,645000,188.05,0,Colonial,0,0,0,0,0,0,0,RL,N,CL,U,0,0,42.249356,-71.141846
1201911030,643000,180.72,3558,Decker,4984,3,9,3,0,3,0,R3,N,DK,F,18,2007,42.31759,-71.084297
1400853000,642500,153.49,4186,Conventional,6525,2.5,10,3,0,3,0,R3,N,CV,H,19,1905,42.30558,-71.08285
701740000,640000,505.53,1266,Row_End,1923,2,3,1,0,1,0,R1,N,RE,F,6,1915,42.33311,-71.04163
2004323000,640000,398.51,1606,Colonial,2595,2,3,2,1,1,1,R1,Y,CL,G,7,1955,42.29132,-71.14142
700997000,640000,335.08,1368,Colonial,3154,2,4,1,1,1,0,R1,Y,CL,G,7,1890,42.33408,-71.0451
1902503000,640000,315.58,2028,Colonial,2627,2,2,1,1,1,0,R1,Y,CL,G,7,1830,42.30646,-71.12436
101654000,640000,204.73,3126,Decker,4674,3,6,3,0,3,0,R3,N,DK,F,15,1900,42.38639,-71.00832
1704550000,640000,171.49,3732,Decker,5789,3,6,3,0,3,0,R3,N,DK,F,15,1905,42.28357,-71.07085
1500958000,640000,161.37,3966,Decker,5909,3,12,3,0,3,0,R3,N,DK,F,18,1905,42.3033,-71.07077
1301874000,640000,155.83,4107,Decker,6289,3,6,3,0,3,0,R3,Y,DK,F,18,1920,42.31721,-71.05955
1203088000,639000,132.71,4815,Decker,6873,3,9,3,0,3,0,R3,N,DK,H,18,1920,42.31077,-71.09174
1603439000,636000,189.29,3360,Conventional,5988,2,6,3,0,2,1,R2,Y,CV,H,13,1926,42.28409,-71.05914
1902318000,635000,346.62,1832,Colonial,3086,2,3,1,0,1,1,R1,Y,CL,L,7,1935,42.31095,-71.12913
1810845000,635000,276.09,2300,Colonial,3952,2,4,1,1,1,1,R1,Y,CL,H,8,1915,42.25014,-71.11063
1302251000,635000,261.42,2120,Colonial,3716,2,4,1,0,1,0,R1,Y,CL,H,7,1890,42.30973,-71.05124
1605069000,635000,220.41,2898,Conventional,4856,2,4,2,0,2,0,R2,Y,CV,G,10,1900,42.28042,-71.05845
1601907000,635000,184.38,3444,Decker,5436,3,8,3,0,3,0,R3,N,DK,F,15,1885,42.29275,-71.05439
802584000,635000,171.25,3708,Row_Middle,4958,3,8,3,3,3,0,R3,N,RM,F,14,1890,42.32554,-71.078
101874000,635000,168.97,4186,Conventional,6500,2,9,3,0,3,0,R3,N,CV,H,18,1910,42.38918,-71.00512
1001940000,634500,378.13,1408,Colonial,2419,2,3,1,0,1,0,R1,Y,CL,G,6,1900,42.32415,-71.10654
2004362000,634000,330.21,1920,Colonial,3222,2,4,1,0,1,1,R1,Y,CL,G,8,1925,42.29166,-71.14412
2003844000,633000,355.22,1782,Colonial,2502,2,3,2,1,1,1,R1,Y,CL,G,7,1937,42.29862,-71.14399
1601673000,633000,216.63,2922,Conventional,4511,2.5,6,3,0,3,0,R3,N,CV,G,14,1915,42.29024,-71.06134
2005340010,631000,442.81,1425,Colonial,2405,2,3,1,0,1,0,R1,Y,CL,H,7,1920,42.29128,-71.12865
1302679000,630500,249.7,1887,Two_Fam_Stack,3205,2,3,2,0,2,2,R2,Y,TF,G,9,1890,42.31316,-71.05319
1902591000,630000,422.82,1490,Colonial,2893,2,3,1,0,1,1,R1,Y,CL,G,7,1925,42.30255,-71.13044
1502786000,630000,177.97,3540,Decker,5046,3,9,3,0,3,0,R3,N,DK,F,17,2001,42.312261,-71.064335
1402533000,630000,153.51,4104,Decker,5742,3,9,3,0,3,0,R3,N,DK,F,18,1905,42.30019,-71.0835
601978000,629000,427.89,1512,Semi_Det,2415,2,3,1,1,1,0,R1,Y,SD,F,8,1890,42.33507,-71.04505
1501005000,628000,152.09,4129,Decker,6305,3,9,3,0,3,0,R3,N,DK,F,18,1905,42.30436,-71.06884
1601552000,627000,174.75,3588,Decker,5297,3,6,3,0,3,0,R3,Y,DK,F,15,1905,42.28877,-71.0655
2002094000,625000,372.02,1680,Colonial,2608,2,3,2,1,1,0,R1,Y,CL,G,8,1914,42.27846,-71.1469
2005336000,625000,369.17,1693,Colonial,2615,2,4,1,0,1,0,R1,Y,CL,L,8,1920,42.29154,-71.12903
1603695000,625000,279.02,2240,Two_Fam_Stack,3410,2,5,2,0,2,0,R2,N,TF,H,11,1925,42.28519,-71.05249
1804617000,625000,272.09,2058,Colonial,3490,2,4,1,1,1,0,R1,Y,CL,G,8,1890,42.2822,-71.1306
2008359010,625000,268.7,2326,Colonial,3940,2,4,2,0,1,2,R1,Y,CL,H,9,1900,42.28039,-71.1615
700931000,625000,258.48,2418,Conventional,3104,3,5,2,0,1,0,R1,Y,CV,M,12,1890,42.33544,-71.04784
1603914000,625000,242.25,2580,Two_Fam_Stack,4201,2,7,2,0,2,0,R2,N,TF,H,12,1900,42.28769,-71.04822
1100174000,625000,230.03,2717,Colonial,3743,2,4,2,0,1,0,R1,Y,CL,G,9,1875,42.32608,-71.09281
1301934000,625000,224.34,2786,Conventional,4634,2.5,6,2,0,2,0,R2,N,CV,G,13,1915,42.31908,-71.05848
2002145000,625000,215.96,2831,Two_Fam_Stack,4808,2,5,2,0,2,0,R2,N,TF,H,12,1910,42.28049,-71.14969
1605191000,625000,187.41,3335,Conventional,5816,2,4,2,0,2,0,R2,Y,CV,G,12,1920,42.282661,-71.0572
2001385000,625000,171.47,3645,Decker,5618,3,6,3,0,3,0,R3,N,DK,F,15,1900,42.28628,-71.14243
802586000,625000,168.55,3708,Row_End,4958,3,8,3,0,3,0,R3,N,RE,F,14,1890,42.32544,-71.07814
1301876000,625000,157,3981,Decker,6127,3,9,3,0,3,0,R3,Y,DK,F,18,1900,42.31699,-71.05962
1402515000,625000,132.87,4704,Decker,6636,3,12,3,0,3,0,R3,N,DK,F,21,1905,42.30075,-71.08445
2005599000,623000,346.5,1798,Colonial,3180,2,3,1,1,1,0,R1,Y,CL,G,6,1908,42.28726,-71.14188
2001761000,622500,245.56,2535,Colonial,4523,2,3,2,1,1,0,R1,Y,CL,G,8,1899,42.28436,-71.14806
2002099000,620500,430.9,1440,Colonial,2520,2,3,1,1,1,1,R1,Y,CL,G,6,1938,42.27888,-71.14713
200757000,620000,607.84,1020,Cape,1800,1.5,2,2,0,1,0,R1,Y,CP,G,5,1965,42.38051,-71.06689
201005000,620000,362.15,1658,Row_Middle,2232,3,3,1,0,1,0,R1,Y,RM,F,7,1880,42.38007,-71.06822
2003641002,620000,350.88,1767,Colonial,2933,2,4,1,1,1,1,R1,Y,CL,G,7,1953,42.29362,-71.14412
2004822000,620000,287.97,2153,Conventional,4005,2,4,2,0,2,1,R2,N,CV,G,10,1899,42.28917,-71.13567
1602983000,620000,182.09,3405,Decker,5338,3,9,3,0,3,0,R3,N,DK,F,15,1905,42.2883,-71.06207
1600399000,620000,170.38,3639,Decker,5444,3,8,3,0,3,0,R3,N,DK,F,17,1905,42.29456,-71.05476
1501614000,620000,157.4,3939,Decker,6227,3,11,3,0,3,0,R3,N,DK,F,18,1905,42.30594,-71.062
1700789000,620000,157.32,3941,Decker,5963,3,9,3,0,3,0,R3,N,DK,F,15,1905,42.29247,-71.06529
1602085000,619000,271.97,2276,Two_Fam_Stack,3754,2,4,2,0,2,0,R2,N,TF,H,10,1926,42.28884,-71.05495
1602823000,618750,188.41,2104,Conventional,3996,2.5,5,3,0,3,0,R3,N,CV,G,13,1900,42.289,-71.06061
2006813000,616000,414.26,1487,Colonial,2360,2,3,1,1,1,1,R1,Y,CL,G,7,1950,42.29119,-71.16258
201043000,615000,677.31,908,Row_End,1005,2,2,2,0,1,1,R1,Y,RE,G,6,1920,42.38015,-71.06843
603281000,615000,506.17,1215,Row_Middle,1636,3,2,2,1,2,0,R2,N,RM,F,6,1890,42.336763,-71.037594
1603643000,615000,220.35,2791,Conventional,5004,2,4,2,0,2,0,R2,N,CV,H,11,1910,42.284685,-71.053236
1811683000,615000,219.02,0,Colonial,0,0,0,0,0,0,0,RL,N,CL,U,0,0,42.256969,-71.129828
1604023000,614000,232.58,2640,Two_Fam_Stack,4361,2,6,2,0,2,0,R2,N,TF,H,12,1935,42.28575,-71.04939
2008401000,613000,281.97,2174,Colonial,3595,2,4,1,1,1,0,R1,Y,CL,M,9,1880,42.28169,-71.16309
1602229000,611500,192.66,3174,Colonial,4899,2.5,5,2,0,1,1,R1,Y,CL,H,9,1880,42.2921,-71.05144
1704852000,611000,201.25,2558,Conventional,4031,2,6,2,0,2,0,R2,Y,CV,H,13,1900,42.28862,-71.06938
101333000,611000,196.72,3106,Two_Fam_Stack,4693,2,7,2,0,2,0,R2,Y,TF,F,14,1910,42.38548,-71.00309
2007053000,610000,498.37,1224,Cape,2470,1.5,2,1,1,1,1,R1,Y,CP,G,5,1942,42.29169,-71.16362
200085000,610000,479.94,1271,Semi_Det,1888,3,2,2,1,1,2,R1,Y,SD,G,4,1875,42.38037,-71.06178
2007310001,610000,322.75,1860,Colonial,3150,2,3,1,1,1,1,R1,Y,CL,L,8,1950,42.29296,-71.1568
2000024000,610000,296.4,2058,Conventional,3602,2,4,2,1,2,0,R2,N,CV,G,8,1910,42.2878,-71.12835
1603641000,610000,272.08,2242,Two_Fam_Stack,3887,2,4,2,0,2,0,R2,Y,TF,H,10,1910,42.28466,-71.05352
1602279000,610000,219.9,2774,Conventional,4912,2,4,2,0,2,0,R2,N,CV,H,11,1915,42.29238,-71.05267
106325000,610000,189.38,3221,Decker,4728,3,8,3,0,3,0,R3,N,DK,F,17,1900,42.37468,-71.03289
2011675000,609000,227.75,2674,Other,4732,2,6,2,0,2,0,R2,Y,OH,G,10,1880,42.25611,-71.15693
1700724000,609000,211.9,2874,Victorian,5051,2,6,2,0,1,1,R1,Y,VT,L,11,1900,42.292,-71.06957
100270000,607000,212.76,2853,Decker,3804,3,8,3,0,3,0,R3,N,DK,F,14,1899,42.38099,-71.02712
2006542000,606000,242.69,2497,Semi_Det,4076,2.5,3,2,1,1,2,R1,Y,SD,H,7,1910,42.28672,-71.15771
2002106000,605500,372.84,1648,Colonial,2600,2,3,1,1,1,1,R1,Y,CL,G,6,1927,42.27873,-71.14661
200996000,605000,500.83,1224,Row_End,1680,3,4,1,0,1,0,R1,Y,RE,F,6,1880,42.3797,-71.06774
1502108000,605000,193.85,3121,Conventional,5457,2.5,10,4,0,3,0,R3,Y,CV,G,18,1900,42.3065,-71.06783
1704488000,605000,177.68,3405,Decker,5377,3,9,3,0,3,0,R3,N,DK,F,18,1900,42.28234,-71.07081
1600090000,605000,176.54,3427,Decker,4604,3,6,3,0,3,0,R3,Y,DK,G,15,1905,42.30055,-71.05308
105321000,605000,169.04,2892,Decker,4024,3,12,4,2,4,0,R3,N,DK,F,17,1900,42.36852,-71.03558
1601659000,605000,165.26,3617,Conventional,5846,2.5,7,3,0,3,0,R3,Y,CV,G,16,1907,42.29029,-71.06242
602130000,603000,460.31,1310,Row_Middle,1965,2,4,1,0,1,0,R1,Y,RM,M,6,1900,42.333377,-71.040069
1700353000,601900,158.98,3786,Decker,6039,3,9,3,0,3,0,R3,N,DK,F,18,1905,42.29424,-71.07737
1001183000,600000,481.54,1246,Cape,2835,1,2,2,0,1,0,R1,N,CP,G,7,1926,42.330293,-71.104434
602986000,600000,415.51,1460,Semi_Det,2300,2,3,1,1,1,0,R1,N,SD,M,6,1890,42.335946,-71.04174
1103742000,600000,393.18,1526,Other,3285,1,3,1,0,1,1,R1,Y,OH,H,7,1932,42.29915,-71.10992
2004292000,600000,381.19,1574,Other,2564,2,3,1,1,1,1,R1,Y,OH,G,7,1938,42.29244,-71.14096
1302125000,600000,259.29,2311,Conventional,3930,2,6,2,0,2,1,R2,N,CV,G,10,1905,42.31416,-71.05929
703196000,600000,240.96,2533,Conventional,4485,2,6,2,0,2,0,R2,Y,CV,G,13,1910,42.32395,-71.05823
1904983000,600000,231.3,2210,Colonial,3740,2,3,1,1,1,1,R1,Y,CL,G,9,1915,42.29007,-71.11696
2004538000,600000,222.55,2656,Two_Fam_Stack,4278,2,4,2,0,2,0,R2,N,TF,H,11,1920,42.29327,-71.13768
105271000,600000,200.4,2994,Decker,4388,3,5,3,0,3,0,R3,N,DK,F,14,1900,42.36727,-71.03274
102639000,600000,193.42,3102,Semi_Det,4493,3,7,4,0,3,0,R3,N,SD,F,14,1910,42.37867,-71.03863
1500463000,600000,192.18,3122,Decker,4758,3,6,3,0,3,0,R3,N,DK,F,15,1925,42.30615,-71.06052
106553000,600000,185.19,3240,Row_Middle,4698,3,5,3,0,3,0,R3,Y,RM,F,14,1900,42.377085,-71.03467
100058000,600000,164.34,3840,Semi_Det,5603,3,8,3,0,3,0,R3,N,SD,F,17,1910,42.378766,-71.029428
1603789000,600000,161.2,3722,Decker,5542,3,7,3,0,3,0,R3,N,DK,F,16,1905,42.28783,-71.05474
103502000,600000,155.2,3866,Decker,4232,3,9,3,0,3,0,R3,Y,DK,F,18,1910,42.381823,-71.038642
1403784000,600000,153.14,3918,Conventional,4458,3,9,3,3,3,0,R3,N,CV,G,15,2007,42.285332,-71.083394
1601043000,600000,135.04,4443,Decker,6372,3,9,3,0,3,0,R3,N,DK,F,18,1920,42.29541,-71.05849
1903092000,600000,130.21,4608,Conventional,7772,2,5,4,0,3,0,R3,Y,CV,G,15,1900,42.28589,-71.12676
103266000,600000,129.39,4609,Decker,4820,3,9,3,0,3,0,R3,N,DK,F,15,1900,42.38181,-71.03216
2006481000,599900,368.72,1627,Colonial,2638,2,4,1,1,1,1,R1,Y,CL,G,8,1950,42.29152,-71.16006
2004094000,599900,326.92,1835,Colonial,3527,2,3,1,1,1,1,R1,Y,CL,G,7,1930,42.29366,-71.15145
1812256050,599900,208.15,2882,Colonial,4823,2,4,2,1,1,1,R1,Y,CL,G,8,2008,42.248904,-71.140768
1702425000,599900,140.52,4269,Decker,6370,3,9,3,0,3,0,R3,N,DK,F,18,1905,42.29656,-71.07152
2008007000,599000,314.77,1903,Colonial,3216,2,3,1,2,1,0,R1,Y,CL,G,8,1934,42.28741,-71.1679
106281000,599000,248.96,2529,Decker,3372,3,3,3,0,3,0,R3,N,DK,F,9,1900,42.373708,-71.034988
1602228000,599000,203.05,3067,Colonial,5109,2.5,6,1,0,1,0,R1,Y,CL,G,11,1880,42.29205,-71.0516
1301646000,599000,193.48,3096,Decker,4905,3,6,3,0,3,0,R3,N,DK,F,15,1920,42.31343,-71.06406
2006611010,597400,353.49,1690,Colonial,3056,2,4,1,1,1,1,R1,Y,CL,G,8,1955,42.28501,-71.15861
1603590000,595000,281.19,2116,Two_Fam_Stack,3438,2,4,2,0,2,0,R2,N,TF,H,12,1928,42.286485,-71.049574
2001556000,595000,232.79,2556,Colonial,4241,2,4,2,0,1,1,R1,N,CL,G,11,1899,42.28379,-71.14462
1703096000,595000,227.97,2610,Two_Fam_Stack,4239,2,6,2,2,2,0,R2,N,TF,G,12,2012,42.279667,-71.072559
1810870020,595000,209.36,2842,Other,4422,1,3,2,1,1,1,R1,N,OH,H,7,1993,42.25254,-71.11052
1501131000,595000,163.78,3633,Decker,5502,3,9,3,0,3,0,R3,Y,DK,F,15,1905,42.30206,-71.06652
2009106000,593500,258.04,2300,Two_Fam_Stack,4050,2,5,3,0,2,0,R2,N,TF,H,9,1909,42.28328,-71.16965
2010359000,593000,262.85,2256,Two_Fam_Stack,3661,2,4,2,0,2,0,R2,N,TF,G,10,1920,42.27532,-71.16685
103640000,592000,292.49,2040,Decker,3400,3,5,3,0,3,0,R3,N,DK,F,11,1880,42.37936,-71.03991
2004056000,591000,374.05,1580,Colonial,2688,2,3,1,0,1,0,R1,Y,CL,G,9,1926,42.29423,-71.15007
701206000,590000,413.17,1428,Row_Middle,2380,2,3,1,0,1,0,R1,Y,RM,G,7,1900,42.3328,-71.05022
103794000,590000,327.78,1880,Colonial,2964,2.5,4,2,1,1,0,R1,Y,CL,M,6,2006,42.372044,-71.035436
102735000,590000,275.7,2140,Conventional,4005,2,5,2,0,2,0,R2,N,CV,G,13,1873,42.3804,-71.03832
1903006000,590000,255.41,2310,Two_Fam_Stack,3854,2,4,2,0,2,0,R2,Y,TF,H,10,1910,42.29154,-71.12388
1812256060,590000,194.59,3032,Colonial,4888,2,4,2,1,1,0,R1,N,CL,L,8,2010,42.24896,-71.140993
1805157000,590000,179.55,3286,Conventional,5092,3,6,2,0,2,0,R2,Y,CV,G,12,1927,42.278856,-71.133449
1402733000,590000,143.17,4046,Conventional,6487,2.5,8,3,1,3,0,R3,N,CV,H,13,1910,42.30083,-71.08556
2001886000,589500,294.46,1688,Colonial,3136,2,3,1,1,1,1,R1,Y,CL,G,7,1932,42.27885,-71.1438
1604222000,588000,205.59,2848,Semi_Det,4687,2,4,2,0,2,0,R2,Y,SD,G,10,1940,42.28587,-71.04568
701786000,587500,464.06,1266,Row_Middle,1899,2,3,1,1,1,0,R1,Y,RM,F,6,1900,42.33369,-71.04165
104852000,587500,230.57,2548,Semi_Det,3451,3,4,2,0,2,0,R2,N,SD,F,14,1910,42.36773,-71.03808
101240000,587500,122.93,4779,Decker,7425,3,8,3,0,3,0,R3,Y,DK,F,19,1910,42.38562,-71.00442
2010404001,586500,293.25,2000,Colonial,3072,2,4,2,1,1,1,R1,Y,CL,G,6,1960,42.27301,-71.16709
2008589000,585800,281.63,2080,Two_Fam_Stack,3472,2,4,2,0,2,0,R2,N,TF,H,10,1920,42.28289,-71.1667
1901496001,585000,459.18,1274,Colonial,1898,2,3,1,0,1,1,R1,Y,CL,G,6,1959,42.30769,-71.11686
1900144000,585000,452.44,1293,Colonial,2263,2,2,2,0,1,0,R1,Y,CL,G,7,1910,42.31975,-71.10588
2006956001,585000,357.14,1638,Colonial,2444,2,4,3,0,2,0,R1,N,CL,G,8,1971,42.29254,-71.1575
1502583000,585000,308.22,1898,Conventional,3162,2,2,3,1,2,0,R2,Y,CV,G,6,1930,42.31019,-71.05895
1603231000,585000,272.09,2150,Two_Fam_Stack,3589,2,5,2,0,2,0,R2,N,TF,H,11,1920,42.28607,-71.05497
1603603000,585000,250,2340,Two_Fam_Stack,4014,2,4,2,0,2,0,R2,N,TF,H,12,1930,42.28643,-71.05001
2002163000,585000,225.69,2592,Two_Fam_Stack,4490,2,5,2,0,2,0,R2,Y,TF,H,12,1920,42.28059,-71.15019
1602621000,585000,202.42,2890,Conventional,4221,2.5,8,3,0,3,0,R3,Y,CV,G,16,1900,42.28897,-71.04121
1401483000,585000,160.23,3651,Decker,4996,3,6,3,0,3,3,R3,N,DK,F,15,1900,42.2987,-71.07578
701672000,584000,463.86,1259,Semi_Det,1410,2,3,2,1,1,0,R1,Y,SD,F,5,1873,42.33289,-71.04183
1812256100,582000,240.69,2418,Colonial,3800,2,4,2,1,1,0,R1,N,CL,G,8,2013,42.249214,-71.141775
2005406000,581000,343.79,1417,Colonial,2275,2,3,1,1,1,0,R1,Y,CL,H,6,1914,42.28993,-71.13128
602134000,580000,487.8,1189,Row_Middle,1789,2,4,1,1,1,0,R1,Y,RM,M,7,1900,42.33315,-71.0401
2005026000,580000,387.18,1498,Colonial,2629,2,4,2,0,1,0,R1,Y,CL,G,7,1889,42.29102,-71.13364
701397000,580000,344.01,1686,Row_End,2592,3,4,2,0,1,0,R1,N,RE,F,9,1890,42.331675,-71.047107
2003181020,580000,326.58,1430,Colonial,2585,2,2,1,0,1,1,R1,Y,CL,H,7,1925,42.27148,-71.15947
1805373000,580000,306.88,1890,Conventional,3330,2.5,6,3,0,3,0,R3,N,CV,G,14,1915,42.27723,-71.13076
1100928000,580000,283.9,2043,Conventional,3342,2,4,2,0,2,0,R2,N,CV,G,8,1885,42.32111,-71.09401
1303052000,580000,258.24,2246,Conventional,3990,2,5,3,0,2,0,R2,Y,CV,H,9,1940,42.31853,-71.05547
2008891000,580000,253.5,2288,Two_Fam_Stack,3732,2,5,2,0,2,0,R2,N,TF,G,11,1910,42.279045,-71.16077
1300830000,580000,199.72,2904,Decker,4202,3,8,3,0,3,0,R3,N,DK,F,14,1905,42.3157,-71.07628
1904243000,580000,173.97,2977,Conventional,5098,2,6,3,0,2,0,R2,Y,CV,G,12,1900,42.28755,-71.11822
1501706000,580000,158.21,3666,Conventional,5474,3,6,3,0,3,2,R3,N,CV,M,14,1875,42.30786,-71.06391
103601000,580000,142.47,3882,Decker,5563,3,6,3,0,3,0,R3,N,DK,F,15,1910,42.38179,-71.03956
601539000,578000,325.82,1774,Semi_Det,2871,2,4,2,0,1,0,R1,N,SD,G,8,1900,42.339,-71.04811
700506000,578000,325.45,1776,Semi_Det,2320,3,5,3,0,3,0,R3,N,SD,F,11,1905,42.33331,-71.05189
1202737000,577400,161.47,3576,Conventional,5918,2.5,6,3,0,3,0,R3,N,CV,G,12,1900,42.31242,-71.08175
1812562000,577000,201.4,1771,Colonial,3281,1.5,3,2,0,2,0,R2,N,CL,G,8,1930,42.24249,-71.13616
602486000,576000,384.51,1498,Semi_Det,3300,2,3,1,1,1,0,R1,Y,SD,F,6,1900,42.33298,-71.03465
901896000,575000,465.96,1130,Row_End,1362,2,3,2,0,1,0,R1,Y,RE,F,6,1890,42.33546,-71.08368
200387000,575000,352.33,1570,Semi_Det,2624,2,5,1,1,1,1,R1,Y,SD,G,8,1850,42.37697,-71.06298
2010722000,575000,348.91,1648,Cape,3376,1.5,5,2,0,1,2,R1,Y,CP,G,10,1951,42.26899,-71.16839
2000793000,575000,328.2,1752,Colonial,2954,2,3,1,1,1,1,R1,Y,CL,G,7,1930,42.27942,-71.14168
1100066000,575000,288.65,1992,Conventional,2880,3,3,2,0,2,0,R2,N,CV,G,9,1899,42.32872,-71.09519
2005464000,575000,267.44,2150,Colonial,4200,2,4,1,1,1,1,R1,Y,CL,H,8,1876,42.28888,-71.13323
2009206005,575000,267.44,2150,Conventional,3755,2,4,2,0,2,0,R2,Y,CV,G,10,1948,42.27753,-71.16945
104817000,575000,241.6,2380,Conventional,4073,2,5,3,0,3,0,R3,N,CV,F,12,1900,42.366752,-71.036663
1602149000,575000,234.03,2493,Colonial,4129,2,3,1,0,1,0,R1,Y,CL,G,9,1900,42.29073,-71.05067
1603059000,575000,220.31,2610,Colonial,4974,2,3,1,1,1,1,R1,Y,CL,G,11,1900,42.28754,-71.06064
104300000,575000,219.3,2622,Conventional,4566,2,3,3,0,3,2,R3,Y,CV,H,10,1900,42.38093,-71.01402
102769000,575000,177.3,3243,Semi_Det,4324,3,5,3,0,3,0,R3,N,SD,F,14,1900,42.37964,-71.03814
1202299000,575000,167.1,3441,Conventional,5326,2.5,7,2,0,2,0,R2,N,CV,H,15,1935,42.31084,-71.09074
1501710000,575000,161.34,3591,Decker,5373,3,8,3,0,3,0,R3,N,DK,F,17,1905,42.30758,-71.06329
1300769000,575000,154.57,3720,Decker,5290,3,9,3,0,3,0,R3,N,DK,F,18,1905,42.31261,-71.07589
1400764000,575000,145.9,3550,Conventional,6150,2,11,3,0,3,0,R3,N,CV,H,16,1935,42.30651,-71.07928
700982000,574000,296.49,1936,Colonial,3700,2,4,1,1,1,0,R1,Y,CL,G,9,1880,42.33396,-71.0448
2006807000,573000,301.58,1900,Other,2890,2,4,2,0,2,0,R2,N,OH,H,10,1940,42.292163,-71.165779
1903030000,572500,316.65,1518,Colonial,2426,2,4,1,0,1,0,R1,N,CL,G,7,1914,42.29187,-71.12415
1400591000,571000,140.95,4051,Conventional,6619,2.5,9,3,0,3,0,R3,N,CV,G,18,1900,42.30892,-71.07851
200588010,570000,385.4,1479,Row_End,1972,3,2,1,1,1,0,R1,N,RE,F,7,1850,42.37863,-71.06722
2002442000,570000,378.99,1504,Colonial,2448,2,3,1,1,1,1,R1,Y,CL,G,7,1930,42.27835,-71.15054
2004221000,570000,332.17,1716,Colonial,2846,2,3,1,1,1,1,R1,Y,CL,H,8,1920,42.29326,-71.14688
1603614000,570000,240.1,2374,Two_Fam_Stack,3897,2,4,2,0,2,0,R2,Y,TF,G,12,1935,42.28655,-71.05054
1903779000,570000,232.94,2182,Conventional,3724,2,2,2,0,2,0,R2,Y,CV,G,8,1905,42.28435,-71.12283
703857020,570000,139.19,4095,Semi_Det,6132,3,9,3,0,3,0,R3,N,SD,F,18,1900,42.31846,-71.06617
1501906000,570000,137.18,4155,Decker,6238,3,9,3,0,3,0,R3,N,DK,F,18,1920,42.3101,-71.06771
2006949000,569900,382.48,1490,Cape,3502,1,3,2,0,1,0,R1,Y,CP,G,7,1934,42.29342,-71.15839
2002060000,569500,423.74,1344,Colonial,2494,2,3,1,1,1,1,R1,Y,CL,G,6,1930,42.279,-71.15003
2007617000,569000,391.33,1266,Other,2410,1,3,1,1,1,1,R1,Y,OH,G,7,1957,42.29203,-71.16757
102879000,569000,186.93,3020,Decker,4292,3,7,3,0,3,0,R3,Y,DK,M,14,1900,42.37887,-71.03596
803019001,567500,191.21,2719,Conventional,4540,2,6,2,0,2,0,R2,N,CV,G,8,1890,42.32072,-71.0761
1603602000,567000,262.5,2160,Two_Fam_Stack,3628,2,4,2,0,2,0,R2,N,TF,G,10,1928,42.286541,-71.050062
701153000,565920,330.18,1468,Semi_Det,2496,2,4,1,1,1,2,R1,Y,SD,G,8,1890,42.33322,-71.05003
1603514000,565000,351.37,1608,Colonial,2590,2,4,1,1,1,0,R1,Y,CL,L,8,1935,42.28628,-71.05217
2000715000,565000,321.39,1758,Colonial,2774,2,3,1,1,1,1,R1,Y,CL,L,8,1930,42.28245,-71.14558
2007308000,565000,317.59,1779,Colonial,3246,2,3,1,0,1,1,R1,Y,CL,G,6,1920,42.29329,-71.15713
102736000,565000,290.64,1944,Row_End,2880,2.5,4,3,0,3,0,R3,Y,RE,G,11,1880,42.3804,-71.03823
1601204000,565000,157.25,3593,Conventional,5652,2.5,8,3,0,3,0,R3,N,CV,G,13,1910,42.2948,-71.06231
1404190000,565000,107.89,5237,Decker,7357,3,9,3,0,3,0,R3,N,DK,G,18,1905,42.27912,-71.08982
2007230000,564000,442.7,1274,Colonial,2117,2,3,1,1,1,1,R1,Y,CL,G,7,1940,42.29319,-71.15541
600912000,563000,464.52,1212,Colonial,1818,2,3,1,0,1,0,R1,Y,CL,G,6,1888,42.33464,-71.05084
2010478000,563000,342.04,1646,Victorian,2989,2,3,2,0,1,0,R1,Y,VT,M,8,1890,42.27146,-71.16611
106714000,561000,210.11,2910,Row_Middle,3880,3,6,3,0,3,0,R3,Y,RM,M,15,1900,42.37768,-71.03305
2010616000,560000,382.51,1091,Colonial,2230,1.5,3,1,0,1,1,R1,N,CL,G,6,1930,42.270234,-71.171157
2002223000,560000,257.35,2176,Colonial,3464,2,4,1,1,1,1,R1,Y,CL,G,8,1920,42.28003,-71.15146
202078000,560000,253.85,2206,Colonial,3010,3,2,1,1,1,0,R1,Y,CL,F,11,1900,42.383903,-71.078772
1703524000,560000,204.23,2557,Colonial,3951,2.5,3,1,1,1,0,R1,Y,CL,G,7,1900,42.27486,-71.06334
102672000,560000,189.51,2955,Decker,4413,3,8,3,0,3,0,R3,N,DK,F,14,1880,42.37905,-71.03899
1503045000,560000,185.19,3024,Decker,4464,3,6,3,0,3,0,R3,N,DK,F,15,1910,42.31013,-71.06205
1501607000,560000,167.26,3348,Decker,5220,3,6,3,0,3,0,R3,N,DK,F,15,1908,42.30651,-71.06253
1700350000,560000,151.76,3690,Decker,5176,3,9,3,0,3,0,R3,N,DK,H,15,1910,42.29435,-71.07769
1604891000,559900,162.43,3447,Decker,4968,3,6,3,0,3,0,R3,N,DK,F,15,1920,42.28033,-71.06555
1500833000,559000,168.78,3312,Decker,5200,3,9,3,0,3,0,R3,N,DK,F,18,1905,42.30082,-71.06882
2004020000,558000,385.36,1448,Colonial,2345,2,3,1,0,1,1,R1,Y,CL,H,6,1920,42.2958,-71.14809
1601383000,558000,170.02,3282,Decker,5096,3,6,3,0,3,0,R3,N,DK,F,15,1905,42.29081,-71.06565
1603690000,557000,216.39,2574,Two_Fam_Stack,4122,2,5,2,0,2,0,R2,Y,TF,H,13,1926,42.28549,-71.05257
1702995000,557000,166.27,3504,Conventional,6238,2,6,2,0,2,0,R2,N,CV,H,14,1929,42.28103,-71.07299
1301820000,555750,163.65,3396,Decker,5407,3,6,3,0,3,0,R3,Y,DK,F,15,1905,42.31572,-71.061
2006156000,555000,402.17,1380,Colonial,2532,2,3,1,1,1,1,R1,Y,CL,G,6,1925,42.29223,-71.15039
603511000,555000,366.58,1514,Semi_Det,2912,3,3,2,0,2,0,R2,Y,SD,G,9,1890,42.3358,-71.03566
2004062000,555000,356.23,1558,Colonial,2810,2,3,1,1,1,1,R1,Y,CL,H,7,1910,42.29344,-71.14978
1605107000,555000,282.01,1968,Conventional,3275,2,3,2,0,2,0,R2,Y,CV,G,11,1932,42.28132,-71.05747
1701019010,555000,234.97,2362,Colonial,4066,2,4,3,2,1,0,R1,N,CL,G,7,2000,42.295166,-71.069517
1800083000,555000,162.57,3414,Decker,5224,3,6,3,0,3,0,R3,N,DK,F,15,1905,42.27213,-71.07739
1500386000,555000,131.49,4221,Decker,6310,3,9,3,0,3,0,R3,Y,DK,F,18,1905,42.30673,-71.06186
1404036000,555000,104.99,5286,Decker,7738,3,9,3,0,3,0,R3,Y,DK,F,18,1905,42.28104,-71.08787
1601654000,554600,176.51,3226,Conventional,4966,2.5,5,3,0,3,0,R3,Y,CV,G,14,1987,42.29048,-71.06162
1702340000,553750,127.83,4332,Decker,6810,3,9,3,0,3,0,R3,Y,DK,F,18,1905,42.29905,-71.07034
1303142000,553500,224.36,2467,Colonial,4354,2,5,1,1,1,0,R1,N,CL,G,10,1910,42.31822,-71.05353
1701710000,552500,134.62,4104,Decker,5994,3,9,3,0,3,0,R3,N,DK,F,15,1920,42.28664,-71.0741
1903622000,551000,412.12,1337,Colonial,2318,2,3,2,0,1,0,R1,Y,CL,G,7,1880,42.2856,-71.12257
1805062000,550000,369.13,1490,Colonial,2544,2,3,1,0,1,0,R1,Y,CL,L,7,1915,42.28025,-71.13204
1804578000,550000,340.14,1617,Colonial,2772,2,3,1,1,1,1,R1,Y,CL,G,6,1900,42.28204,-71.13134
202068000,550000,258.58,2127,Colonial,3604,2.5,3,1,1,1,0,R1,Y,CL,G,6,1838,42.38358,-71.07859
106870000,550000,249.43,2205,Decker,3297,3,5,3,0,3,0,R3,N,DK,F,11,1918,42.37677,-71.03052
2001339000,550000,230.7,2384,Two_Fam_Stack,4082,2,5,2,0,2,0,R2,Y,TF,H,10,1920,42.284,-71.142
1302765000,550000,226.34,2430,Row_End,3628,3,4,3,0,3,0,R3,N,RE,F,10,1890,42.31425,-71.05428
2000286000,550000,212.11,2593,Conventional,4521,2,5,3,0,3,0,R3,N,CV,G,13,1920,42.28593,-71.13743
1903599000,550000,206.46,2664,Conventional,4798,2,5,2,0,2,0,R2,Y,CV,G,11,1884,42.28435,-71.1238
102951000,550000,203.03,2517,Conventional,3976,2,4,2,0,2,0,R2,Y,CV,G,12,1880,42.37793,-71.0354
1902981000,550000,201.76,2726,Two_Fam_Stack,4081,2,5,2,2,2,0,R2,Y,TF,H,11,1925,42.2898,-71.1249
2001535000,550000,201.61,2728,Two_Fam_Stack,4435,2,5,2,0,2,0,R2,N,TF,G,11,1899,42.28362,-71.14498
2004654000,550000,190.51,2887,Conventional,4678,2.5,4,3,0,3,0,R3,N,CV,G,12,1920,42.28852,-71.13872
1903217000,550000,171.82,3201,Decker,5127,3,6,3,0,3,0,R3,Y,DK,F,15,1925,42.28919,-71.1238
1600361000,550000,165.61,3321,Decker,5037,3,9,3,0,3,0,R3,N,DK,F,18,1910,42.29575,-71.05516
1601706000,550000,162.39,3387,Decker,4968,3,6,3,0,3,0,R3,N,DK,F,15,1905,42.28957,-71.06294
1302862000,550000,161.96,3396,Decker,5312,3,6,3,0,3,0,R3,N,DK,F,15,1905,42.31446,-71.05618
1501305000,550000,159.14,3456,Decker,5464,3,9,3,0,3,0,R3,N,DK,F,18,1905,42.30547,-71.06673
1502569000,550000,156.43,3516,Decker,4944,3,6,3,0,3,0,R3,N,DK,F,12,1905,42.31044,-71.05823
1403895000,550000,148.77,3697,Decker,5774,3,12,4,0,4,0,R3,N,DK,F,17,1905,42.28068,-71.08755
1301529000,550000,140.38,3918,Conventional,6130,2.5,6,3,0,2,1,R2,N,CV,G,13,1886,42.31305,-71.06217
1600858000,550000,140.09,3926,Conventional,6183,2.5,6,2,0,2,0,R2,N,CV,G,15,1900,42.29688,-71.06298
1301888000,550000,138.68,3966,Conventional,6073,2.5,5,3,0,3,0,R3,Y,CV,G,14,1890,42.31781,-71.05995
1800872000,550000,133.43,4122,Decker,6192,3,9,3,0,3,0,R3,N,DK,F,18,1905,42.27949,-71.09199
601653000,549900,589.39,948,Semi_Det,1542,2,3,1,1,1,0,R1,N,SD,G,6,1890,42.33847,-71.04757
103786000,549900,298.05,1845,Row_Middle,2858,3,3,3,0,3,0,R3,Y,RM,F,9,1900,42.37238,-71.03503
103557000,549900,160.37,3429,Decker,4968,3,6,3,0,3,0,R3,Y,DK,F,17,1900,42.38244,-71.03874
2009834003,549000,276.16,1488,Colonial,2448,2,3,1,1,1,1,R1,Y,CL,G,6,1903,42.27252,-71.16486
102737000,549000,254.17,2160,Row_Middle,3840,3,7,3,1,2,0,R2,Y,RM,F,9,1880,42.38039,-71.03815
2003090000,549000,251.37,2184,Two_Fam_Stack,3494,2,4,2,0,2,0,R2,N,TF,H,10,1929,42.26494,-71.15802
101555000,549000,232.63,2360,Other,2459,2,5,2,0,2,1,R2,N,OH,G,10,1960,42.38882,-70.9962
1701698000,549000,164.42,3339,Decker,5243,3,6,3,0,3,0,R3,N,DK,F,15,1925,42.28701,-71.07534
1402477000,547500,130.17,4206,Decker,6064,3,10,3,0,3,0,R3,N,DK,F,16,1905,42.30182,-71.08269
1400902000,546500,127.3,4293,Decker,7611,3,6,4,0,3,0,R3,N,DK,F,15,1905,42.30487,-71.08412
603388000,545000,573.68,950,Colonial,1425,2,2,1,0,1,0,R1,Y,CL,G,6,1905,42.33747,-71.03762
1604558000,545000,388.18,1404,Colonial,2318,2,4,1,1,1,1,R1,Y,CL,G,7,1920,42.28229,-71.04974
2007010006,545000,378.47,1440,Colonial,2568,2,3,1,2,1,1,R1,Y,CL,G,7,1953,42.29439,-71.16374
2006713000,545000,376.9,1446,Colonial,2338,2,3,1,1,1,1,R1,Y,CL,G,7,1930,42.29019,-71.16078
2009054000,545000,371,1210,Other,2718,1,3,1,0,1,1,R1,Y,OH,G,6,1920,42.28512,-71.17045
2000989000,545000,276.51,2030,Colonial,3678,2,4,1,1,1,0,R1,Y,CL,G,8,1900,42.283,-71.14157
2000431000,545000,249.54,2184,Two_Fam_Stack,3460,2,4,2,0,2,0,R2,N,TF,H,12,1927,42.28143,-71.13516
1402182000,545000,163.03,3343,Conventional,5461,2.5,8,3,0,3,0,R3,N,CV,G,14,1890,42.29389,-71.08044
600648000,544000,339.15,1604,Semi_Det,2486,2.5,3,2,1,1,1,R1,Y,SD,G,7,1890,42.3364,-71.05219
1702142000,542500,159.75,3396,Decker,5312,3,6,3,0,3,0,R3,N,DK,F,15,1905,42.28298,-71.08219
201361000,540000,484.74,1114,Row_Middle,1228,3,2,1,1,1,0,R1,Y,RM,M,5,1870,42.38324,-71.06882
1905034000,540000,395.89,1364,Colonial,2094,2,2,1,1,1,1,R1,Y,CL,L,6,1913,42.28942,-71.11676
1804720000,540000,344.39,1350,Colonial,2438,2,3,1,0,1,0,R1,N,CL,G,7,1920,42.28031,-71.12505
1703669000,540000,244.68,2251,Conventional,3996,2,6,2,0,2,0,R2,N,CV,G,12,1920,42.27186,-71.06267
1904372000,540000,240.43,1997,Conventional,3922,2,4,2,1,2,0,R2,N,CV,G,9,1910,42.28808,-71.11446
1811615000,540000,229.1,2357,Colonial,4334,2,6,2,1,1,1,R1,Y,CL,G,11,1900,42.25728,-71.1287
1502952000,540000,172.25,3135,Decker,4504,3,6,3,0,3,0,R3,N,DK,F,15,1900,42.30893,-71.06503
1703445000,540000,169.28,3579,Conventional,5846,2.5,5,3,0,2,0,R2,N,CV,G,13,1925,42.278058,-71.076025
1402581000,540000,168.86,2877,Conventional,5371,2,7,2,0,2,0,R2,N,CV,G,12,1905,42.29908,-71.08172
1501090000,540000,158.59,3405,Decker,5413,3,6,3,0,3,0,R3,N,DK,F,15,1910,42.30159,-71.06705
2006883000,539900,304,1776,Colonial,2704,2,3,1,1,1,1,R1,Y,CL,G,8,1924,42.29072,-71.16621
2006580001,539000,407.41,1323,Colonial,2061,2,3,1,1,1,1,R1,Y,CL,G,6,1960,42.28474,-71.15926
1704736000,539000,232.93,2314,Colonial,4170,2,4,2,1,1,1,R1,Y,CL,G,7,1900,42.28647,-71.07064
2008184000,539000,230.34,2340,Two_Fam_Stack,3758,2,4,2,0,2,0,R2,Y,TF,H,11,1910,42.285833,-71.164068
2006107000,538000,349.35,1540,Colonial,2558,2,3,1,0,1,1,R1,Y,CL,L,7,1926,42.29099,-71.15098
201595000,536000,515.38,1040,Row_End,1600,2,2,1,0,1,0,R1,N,RE,F,5,1850,42.381731,-71.06418
1601209000,536000,153.93,3482,Conventional,5675,2.5,5,2,2,2,0,R2,N,CV,H,14,1910,42.29537,-71.06231
2010344020,535000,308.36,1735,Colonial,2897,2,3,3,1,1,1,R1,Y,CL,G,7,2001,42.27618,-71.16533
1811150020,535000,283.97,1884,Colonial,3168,2,3,2,1,1,1,R1,Y,CL,G,7,2006,42.260098,-71.125271
2001082030,535000,232.31,1990,Colonial,3176,2,4,3,0,2,0,R1,N,CL,G,7,1888,42.2823,-71.13757
2004902000,535000,226.79,2359,Conventional,4032,2,5,2,0,2,0,R2,Y,CV,G,10,1905,42.28933,-71.13406
100422000,535000,225.55,2372,Two_Fam_Stack,3884,2,4,2,0,2,0,R2,N,TF,F,11,1905,42.38078,-71.02268
1810783000,535000,195.18,2741,Conventional,4240,2.5,6,3,1,1,0,R1,Y,CV,M,15,1900,42.24949,-71.11345
1809675000,535000,182.28,2446,Two_Fam_Stack,3867,2,4,2,2,2,0,R2,Y,TF,G,10,1910,42.23496,-71.12936
1804295000,535000,176.68,3028,Conventional,5061,2,6,2,0,2,0,R2,N,CV,H,12,1900,42.26414,-71.10917
106686000,535000,157.31,3401,Decker,4924,3,9,4,3,3,0,R3,N,DK,F,18,1910,42.37798,-71.03318
1500857000,535000,156.2,3425,Conventional,5306,2.5,7,3,0,3,0,R3,N,CV,G,13,1900,42.30125,-71.07029
1806343000,534000,188.16,2838,Conventional,4666,2.5,5,3,0,3,0,R3,N,CV,G,13,1900,42.28091,-71.11856
702591000,530370,430.5,1812,Semi_Det,2539,3,5,2,0,2,0,R2,N,SD,M,10,1890,42.33222,-71.03265
200997000,530000,438.74,1208,Row_End,1882,2,2,1,1,1,0,R1,N,RE,F,6,1835,42.3798,-71.06786
2006879000,530000,356.9,1485,Colonial,2612,2,3,1,1,1,1,R1,Y,CL,G,6,1959,42.29096,-71.16676
2004831000,530000,324.36,1634,Colonial,2855,2,3,1,0,1,0,R1,N,CL,G,7,1919,42.29193,-71.13818
2003091000,530000,243.34,2178,Two_Fam_Stack,3485,2,4,2,0,2,0,R2,N,TF,H,10,1929,42.26505,-71.15808
102531000,530000,229.04,2314,Row_Middle,3132,3,6,3,0,3,0,R3,Y,RM,F,12,1910,42.37697,-71.03895
2001083000,530000,221.2,2396,Two_Fam_Stack,3930,2,4,2,0,2,0,R2,N,TF,G,10,1920,42.28211,-71.13756
1301021000,530000,158.26,3349,Conventional,5281,2.5,6,3,0,2,2,R2,N,CV,G,12,1905,42.31622,-71.072659
1400385000,530000,152.83,3468,Row_End,5106,3,8,3,0,3,0,R3,N,RE,F,14,1890,42.30996,-71.07634
1400701000,530000,148.46,3570,Two_Fam_Stack,5671,2,6,2,0,2,0,R2,Y,TF,H,12,1915,42.30742,-71.07852
1404716000,530000,94.09,5671,Decker,6454,3,6,3,0,3,0,R3,N,DK,F,15,1905,42.28472,-71.09343
2002697000,529000,333.54,1586,Colonial,2346,2,3,1,1,1,0,R1,Y,CL,G,6,1910,42.27345,-71.14696
1809732000,529000,272.68,1940,Colonial,3120,2,2,1,1,1,0,R1,N,CL,G,8,1910,42.23561,-71.13066
1810168000,529000,232.02,2280,Two_Fam_Stack,3600,2,6,2,0,2,0,R2,N,TF,H,12,1948,42.24481,-71.12166
1903523000,528000,192.91,2737,Other,5104,1.5,4,2,0,2,1,R2,Y,OH,G,8,1850,42.285501,-71.125103
1103521000,527000,495.3,1064,Colonial,1828,2,2,1,1,1,0,R1,Y,CL,G,4,1894,42.30564,-71.11838
1900583000,525000,558.51,768,Other,1445,1,2,1,0,1,0,R1,Y,OH,G,4,1925,42.31366,-71.10733
1103036000,525000,468.75,1120,Row_End,1804,2,2,1,0,1,0,R1,Y,RE,H,5,1905,42.307071,-71.112091
2007868000,525000,331.44,1464,Colonial,2302,2,3,1,0,1,0,R1,N,CL,G,6,1935,42.28962,-71.16868
700505000,525000,295.61,1776,Semi_Det,2320,3,5,3,0,3,0,R3,N,SD,F,11,1900,42.33335,-71.05194
2000953000,525000,278.07,1888,Colonial,3351,2,5,1,0,1,1,R1,Y,CL,L,8,1920,42.28221,-71.14135
1809580000,525000,266.77,1968,Two_Fam_Stack,3016,2,6,2,0,2,0,R2,N,TF,H,11,1950,42.23257,-71.1316
1601026000,525000,208.75,2515,Conventional,4222,2,5,2,0,2,0,R2,Y,CV,G,12,1905,42.29523,-71.05676
2003026000,525000,207.18,2534,Two_Fam_Stack,4406,2,4,2,0,2,0,R2,Y,TF,H,12,1920,42.2648,-71.153739
1403922000,525000,176.47,2975,Conventional,5089,2.5,5,3,0,1,0,R2,N,CV,H,12,1905,42.2822,-71.09021
1700907000,525000,161.94,3242,Colonial,5420,2.5,4,3,1,2,3,R1,Y,CL,H,9,1905,42.29225,-71.07095
1300317000,525000,155.69,3372,Row_End,4841,3,7,5,0,3,1,R3,N,RE,F,11,1890,42.32032,-71.07632
1400988010,525000,151.38,3471,Semi_Det,5826,2.5,7,3,0,3,0,R3,N,SD,G,13,1910,42.303695,-71.0813
1803243000,525000,142.97,3672,Decker,5313,3,9,3,0,3,0,R3,N,DK,F,17,1900,42.27934,-71.09678
1400790000,525000,127.27,4125,Semi_Det,5941,3,8,4,0,3,0,R3,N,SD,F,14,1890,42.30697,-71.08348
2008537000,524900,351.81,1066,Cape,2348,1,2,1,0,1,1,R1,Y,CP,G,5,1924,42.28454,-71.16934
1302136000,524000,262.26,2152,Colonial,3234,2,4,1,0,1,0,R1,N,CL,H,8,1890,42.31391,-71.05768
1809570000,522500,284.9,1834,Colonial,3433,2,3,1,1,1,0,R1,Y,CL,H,6,1900,42.232835,-71.132596
2005355000,521000,323.4,1611,Colonial,2898,2,5,1,0,1,0,R1,Y,CL,G,8,1915,42.29141,-71.13091
600897000,520000,561.56,926,Row_End,926,2,2,1,1,1,1,R1,Y,RE,F,5,1850,42.33403,-71.05124
1701188000,520000,197.64,2631,Colonial,4462,2,6,1,1,1,1,R1,Y,CL,L,9,1920,42.29714,-71.06769
1702934000,520000,151.12,3441,Decker,5337,3,6,3,0,3,0,R3,N,DK,F,15,1905,42.28228,-71.07194
1807954000,520000,148.4,3504,Decker,5194,3,9,3,0,3,0,R3,N,DK,F,15,1905,42.26747,-71.1212
1401277000,520000,140.69,3696,Decker,5148,3,10,3,0,3,0,R3,N,DK,F,19,1895,42.303,-71.07399
1403874000,520000,126.15,4122,Other,6472,2.5,12,2,2,2,0,R2,Y,OH,L,18,1910,42.282,-71.08562
105186010,519500,343.58,1344,Semi_Det,2304,2,3,3,1,1,0,R1,N,SD,G,7,2003,42.366398,-71.031802
2008568000,519500,260.92,1959,Colonial,3064,2.5,4,1,1,1,1,R1,Y,CL,G,7,1887,42.28329,-71.16643
100850000,519500,151.37,3450,Decker,4897,3,9,3,0,3,0,R3,Y,DK,F,18,1900,42.38185,-71.01979
1604457000,519000,263.72,1968,Two_Fam_Stack,3466,2,3,2,0,2,0,R2,Y,TF,G,8,1920,42.28085,-71.05121
1404231000,518000,147.75,3506,Conventional,6206,2.5,7,3,0,3,0,R3,N,CV,G,15,1885,42.2969,-71.08891
2001957000,517500,362.39,1428,Colonial,2548,2,2,1,1,1,0,R1,Y,CL,G,6,1953,42.27961,-71.14527
1804605000,516000,346.77,1488,Colonial,2394,2,3,1,1,1,0,R1,Y,CL,G,7,1920,42.28159,-71.13061
2006956000,516000,277.72,1858,Colonial,3021,2,4,1,1,1,0,R1,Y,CL,G,7,1930,42.29265,-71.15763
2004948010,515000,332.26,1550,Colonial,2589,2,3,1,2,1,1,R1,Y,CL,G,7,1991,42.29239,-71.13688
102746000,515000,276.88,1860,Victorian,2484,3,2,1,0,1,0,R1,Y,VT,M,6,1870,42.38041,-71.03746
2009109000,515000,270.48,1904,Other,3556,1.5,3,1,1,1,1,R1,Y,OH,G,8,1930,42.28287,-71.16953
1301324000,515000,166.99,3084,Decker,4436,3,6,3,0,3,0,R3,N,DK,F,15,1905,42.31593,-71.06708
1500907000,515000,166.67,2760,Conventional,4934,2,6,2,0,2,0,R2,N,CV,H,13,1920,42.30192,-71.0706
1704245000,515000,156.25,3296,Conventional,5740,2,5,2,0,2,0,R2,Y,CV,G,14,1929,42.2804,-71.06964
1404592000,515000,126.23,4080,Decker,6019,3,8,3,0,3,0,R3,Y,DK,F,17,1920,42.28628,-71.09314
1601040000,513000,148.18,3462,Decker,5231,3,6,3,0,3,0,R3,N,DK,F,15,1905,42.2951,-71.05834
1604993000,512500,334.53,1532,Colonial,2532,2,3,1,1,1,1,R1,Y,CL,H,7,1925,42.27948,-71.06111
2000025000,512500,234.45,2186,Conventional,3771,2,4,2,0,2,0,R2,N,CV,G,9,1905,42.287962,-71.128599
2002858003,512500,214.26,2392,Two_Fam_Stack,3780,2,5,2,0,2,0,R2,Y,TF,H,11,1950,42.27408,-71.14946
2001844000,511000,393.68,1298,Other,2628,1,2,1,1,1,1,R1,Y,OH,H,5,1920,42.28009,-71.14529
2006781000,511000,255.24,2002,Conventional,2758,2,4,2,1,1,1,R1,Y,CV,G,8,1920,42.29067,-71.1656
2007782002,510000,474.42,1075,Cape,2363,1,3,1,1,1,1,R1,Y,CP,G,8,1955,42.28757,-71.16412
2003513000,510000,442.71,1152,Colonial,1756,2,3,1,0,1,0,R1,Y,CL,G,6,1935,42.27545,-71.15186
1904123001,510000,337.75,1510,Cape,3666,1.5,3,1,1,1,1,R1,Y,CP,G,6,1960,42.28182,-71.12691
2000195000,510000,301.42,1416,Colonial,2295,2,4,1,1,1,0,R1,Y,CL,L,7,1890,42.28612,-71.13466
2004469000,510000,289.77,1760,Colonial,2799,2,4,1,0,1,1,R1,Y,CL,H,9,1935,42.29,-71.14221
1811613000,510000,233.94,1822,Colonial,3154,2,4,2,1,1,1,R1,Y,CL,G,7,1880,42.25694,-71.12886
1812799000,510000,221.84,0,Colonial,0,0,0,0,0,0,0,RL,N,CL,U,0,0,42.2411,-71.135963
101501000,510000,191.73,2660,Two_Fam_Stack,4221,2,6,2,0,2,0,R2,N,TF,H,12,1915,42.3833,-70.99877
1701353000,510000,166.83,3057,Decker,4562,3,6,3,0,3,0,R3,N,DK,F,15,1905,42.2877,-71.07279
1404571000,510000,164.25,3105,Decker,4812,3,9,3,0,3,0,R3,N,DK,F,15,1905,42.28675,-71.09235
1404553000,510000,148.04,3080,Conventional,5419,2,6,2,0,2,0,R2,N,CV,G,14,1900,42.28639,-71.09176
1803056000,510000,144.56,3528,Conventional,4795,3,8,3,0,3,0,R3,N,CV,L,17,1905,42.27627,-71.09393
1807718000,510000,142.02,3591,Conventional,5186,3,6,3,0,3,0,R3,N,CV,M,15,1920,42.26442,-71.12096
1300744000,510000,136.33,3741,Semi_Det,5528,3,9,3,0,3,0,R3,N,SD,F,17,1920,42.31322,-71.07712
1502221000,510000,116.44,4380,Conventional,4870,2.5,9,2,1,2,0,R2,N,CV,H,14,1998,42.30462,-71.07064
2008022000,509500,387.16,1316,Colonial,2040,2,3,1,0,1,1,R1,Y,CL,G,7,1930,42.28656,-71.1683
700375000,508000,381.1,1351,Conventional,1872,1.5,3,1,0,1,0,R1,N,CV,G,5,1900,42.33352,-71.05343
1501055000,507500,138.21,3672,Decker,5448,3,9,3,0,3,0,R3,N,DK,F,18,1905,42.30189,-71.06799
2008715000,507000,385.84,1314,Cape,2509,1.5,3,1,1,1,1,R1,Y,CP,G,6,1925,42.27971,-71.16358
2001253000,507000,250.49,2024,Conventional,3474,2,4,2,0,2,0,R2,Y,CV,G,10,1910,42.28473,-71.14009
1101602000,507000,214.83,2360,Conventional,3652,2,5,2,0,2,0,R2,Y,CV,M,12,1900,42.31347,-71.09749
700912000,505000,355.13,1422,Semi_Det,2301,2,3,1,1,1,0,R1,N,SD,M,6,1890,42.33543,-71.04893
2010188000,505000,336.67,1528,Cape,3250,1.5,3,2,0,1,1,R1,Y,CP,G,6,1960,42.26515,-71.1641
1811077000,505000,281.81,1792,Cape,3236,1.5,4,2,0,1,1,R1,Y,CP,G,7,1950,42.25678,-71.11266
103747000,505000,263.3,1918,Row_End,2724,3,6,2,1,2,0,R2,Y,RE,G,15,1910,42.37426,-71.03343
1601627000,505000,179.84,2808,Conventional,5142,2,6,2,0,2,0,R2,N,CV,G,12,1900,42.29064,-71.06201
1805147000,505000,154.72,3264,Conventional,5764,2,5,2,0,2,0,R2,Y,CV,H,13,1906,42.27967,-71.13462
1807953000,505000,130.09,3882,Decker,5698,3,9,3,0,3,0,R3,N,DK,F,15,1905,42.26755,-71.1212
1404055000,505000,105.94,4767,Decker,6795,3,9,3,0,3,0,R3,N,DK,F,18,1905,42.28187,-71.09187
1602020009,504900,396.31,1274,Colonial,1922,2,3,1,1,1,1,R1,Y,CL,G,6,1958,42.29066,-71.05407
602553002,504000,442.11,1120,Semi_Det,1680,2,2,1,0,1,0,R1,Y,SD,F,6,1920,42.3335,-71.03384
1602242003,504000,413.45,1219,Other,2531,1,3,2,0,1,1,R1,Y,OH,H,6,1959,42.2917,-71.05137
701185000,503000,612.67,821,Conventional,1449,1.5,2,1,0,1,0,R1,Y,CV,G,5,1900,42.332301,-71.049916
1404714000,502800,147.97,3362,Conventional,5563,2.5,9,3,0,3,0,R3,N,CV,G,16,1925,42.28571,-71.09575
2006336000,502500,475.85,1056,Other,2132,1,3,1,0,1,1,R1,N,OH,H,5,1955,42.29009,-71.15439
2000277000,501000,361.99,1384,Colonial,2379,2,3,1,1,1,0,R1,Y,CL,G,8,1919,42.2855,-71.13575
1903727000,500000,327.87,1597,Colonial,2754,2,4,1,0,1,0,R1,Y,CL,G,6,1905,42.28396,-71.12289
1904185000,500000,305.62,1636,Colonial,2758,2,3,2,1,1,0,R1,Y,CL,G,7,1910,42.28335,-71.12683
601353000,500000,304.69,1641,Row_End,2510,3,3,1,1,1,0,R1,Y,RE,M,6,1890,42.34144,-71.05257
106796000,500000,279.17,1791,Row_Middle,2388,3,7,3,0,3,0,R3,Y,RM,F,14,1900,42.37742,-71.03157
2001299000,500000,225.33,2219,Colonial,4150,2,5,1,0,1,1,R1,Y,CL,H,9,1920,42.2835,-71.14258
1601830000,500000,204.58,2922,Two_Fam_Stack,5260,2,4,2,0,2,0,R2,Y,TF,G,12,1930,42.291766,-71.05873
106792000,500000,193.57,2583,Decker,3801,3,6,3,0,3,0,R3,N,DK,F,15,1900,42.37712,-71.0319
1811187000,500000,191.86,2606,Conventional,4440,2.5,3,3,0,2,0,R2,Y,CV,G,11,1920,42.25773,-71.1255
1903754000,500000,182.55,2300,Colonial,3741,2,3,1,1,1,0,R1,Y,CL,H,7,1901,42.28384,-71.12142
1500745000,500000,176.55,3370,Conventional,6056,2,6,2,0,2,0,R2,N,CV,G,13,1920,42.30041,-71.06898
1811158000,500000,161.5,3096,Two_Fam_Stack,5176,2,6,2,0,2,0,R2,N,TF,H,12,1920,42.25944,-71.12576
703796000,500000,159.8,3129,Conventional,5218,2.5,8,3,0,3,0,R3,N,CV,G,17,1907,42.31877,-71.06373
1401767002,500000,144.59,3458,Row_Middle,4840,3,6,3,0,3,0,R3,N,RM,F,15,1900,42.30052,-71.08018
105439000,500000,135.72,3290,Decker,4651,3,0,0,0,0,0,R4,Y,DK,U,0,1920,42.3733,-71.03937
1301299000,500000,101.58,4922,Colonial,8232,2.5,8,3,1,1,4,R1,N,CL,H,14,1910,42.31617,-71.06822
2006417000,499900,329.31,1518,Colonial,2676,2,3,1,1,1,1,R1,Y,CL,G,7,1925,42.2906,-71.15803
1702334000,499900,166.25,3007,Conventional,4850,2.5,5,2,0,2,0,R2,N,CV,G,12,1900,42.29878,-71.07107
1605260000,499500,180.46,2331,Conventional,3702,2,5,2,0,2,0,R2,Y,CV,G,11,1928,42.28246,-71.05969
600834000,499000,330.03,1512,Conventional,2066,3,6,2,0,2,0,R1,Y,CV,F,12,1890,42.33461,-71.05182
1602444000,499000,271.2,1840,Colonial,3106,2,2,2,1,1,0,R1,N,CL,G,6,1920,42.28685,-71.04462
1704267000,499000,151.81,3326,Conventional,5804,2,4,2,0,2,2,R2,N,CV,G,12,1928,42.28089,-71.0694
1404532000,499000,125.25,3984,Decker,5825,3,8,3,0,3,0,R3,N,DK,F,15,1920,42.28764,-71.0936
1404564000,499000,117.14,4248,Decker,6252,3,6,3,0,3,0,R3,N,DK,F,15,1905,42.28675,-71.0933
1001929000,495000,372.46,1329,Colonial,2276,2,4,1,0,1,0,R1,N,CL,G,6,1910,42.32453,-71.10696
2001766001,495000,336.51,1471,Cape,2660,1.5,3,1,1,1,1,R1,N,CP,G,7,1951,42.28262,-71.14974
2000119000,495000,298.73,1618,Colonial,2855,2,3,1,0,1,0,R1,N,CL,G,6,1890,42.2845,-71.13254
700622000,495000,253.46,1953,Row_Middle,2820,3,3,2,0,1,0,R1,Y,RM,F,6,1890,42.33003,-71.05441
1700862000,495000,206.42,2398,Colonial,4354,2,6,4,0,1,0,R1,Y,CL,G,9,1898,42.29474,-71.06394
1701059000,495000,125.7,3938,Two_Fam_Stack,6486,2,6,2,0,2,0,R2,Y,TF,H,14,1900,42.296728,-71.066813
1904976000,494750,321.68,1503,Colonial,2302,2,4,1,1,1,1,R1,Y,CL,L,8,1926,42.29139,-71.11547
1601666000,494500,216.22,2307,Conventional,4225,2,4,2,0,2,1,R2,N,CV,G,9,1915,42.28996,-71.06247
1201855000,493500,154.75,3189,Semi_Det,4603,3,6,3,0,3,0,R3,N,SD,F,15,1905,42.31954,-71.08826
1701172000,492000,109.77,4485,Decker,6876,3,9,3,0,3,0,R3,N,DK,F,18,1910,42.29635,-71.07022
2008615000,491500,412.33,1192,Cape,2749,1,3,2,0,1,1,R1,Y,CP,G,8,1955,42.2833,-71.16854
2009484000,491000,285.47,1720,Colonial,3172,2,3,2,0,1,0,R1,Y,CL,H,7,1915,42.27697,-71.162
1808246000,491000,209.83,2340,Two_Fam_Stack,3930,2,5,2,0,2,0,R2,Y,TF,G,11,1929,42.266665,-71.124757
2006298001,490000,324.93,1508,Cape,2998,1.5,3,2,0,1,1,R1,Y,CP,G,9,1962,42.28995,-71.15539
2010689042,490000,309.34,1584,Other,2106,1,3,2,0,1,0,R1,Y,OH,G,7,1950,42.26952,-71.1673
1904796000,490000,305.68,1603,Cape,2965,1.5,3,1,1,1,0,R1,N,CP,G,6,1959,42.29323,-71.11372
2010784004,490000,286.21,1712,Cape,3045,1.5,1,1,0,1,1,R1,Y,CP,G,8,1943,42.26165,-71.16145
2001056000,490000,277.15,1768,Colonial,3249,2,3,1,1,1,1,R1,N,CL,G,7,1900,42.28246,-71.13853
1604877000,490000,267.91,1560,Colonial,2405,2,4,1,0,1,1,R1,Y,CL,G,7,1900,42.28144,-71.06416
1704084000,490000,239.84,2043,Colonial,3293,2,3,2,1,1,1,R1,Y,CL,G,7,2008,42.277355,-71.067346
1801736000,490000,213.88,2291,Two_Fam_Stack,3922,2,4,2,0,2,0,R2,N,TF,H,10,1915,42.26739,-71.09846
1202858000,490000,188.24,2523,Conventional,3868,2.5,5,2,0,2,0,R2,N,CV,G,10,1880,42.31545,-71.08163
100257000,490000,168.73,2640,Decker,3520,3,6,3,0,3,0,R3,N,DK,F,15,1890,42.3812,-71.02769
1700337000,490000,155.8,3145,Conventional,5726,2,6,2,0,2,0,R2,N,CV,G,14,1910,42.29308,-71.0774
1800790000,490000,140.44,3489,Conventional,5916,2,5,2,0,2,0,R2,Y,CV,H,11,1920,42.27643,-71.09229
1701429000,490000,136.99,3577,Decker,4905,3,9,3,0,3,0,R3,N,DK,F,16,1905,42.29021,-71.07392
1500481000,490000,134.65,3599,Decker,4818,3,8,3,0,3,0,R3,N,DK,F,14,1905,42.30507,-71.05989
1502765000,490000,124.87,3924,Decker,5779,3,9,3,0,3,0,R3,N,DK,F,18,1905,42.31105,-71.0664
1808521003,489000,332.65,1470,Colonial,2286,2,4,1,1,1,1,R1,Y,CL,G,6,1965,42.27066,-71.12858
1903743000,489000,306.01,1360,Cape,2578,1.5,3,2,0,1,1,R1,Y,CP,G,6,1959,42.28303,-71.12222
1805742000,487500,363.26,1342,Other,2956,1,3,1,0,1,0,R1,Y,OH,G,6,1935,42.27354,-71.12481
2005089000,487000,281.34,1731,Conventional,3230,1.5,3,1,1,1,0,R1,Y,CV,G,9,1940,42.29139,-71.13302
2006698001,485700,478.99,1014,Other,2148,1,2,1,0,1,1,R1,Y,OH,G,5,1960,42.28839,-71.16358
1806261000,485000,275.88,1758,Conventional,3225,2,4,2,1,2,0,R2,Y,CV,G,8,1900,42.28272,-71.1173
2000685000,485000,257.43,1884,Colonial,2910,2,4,2,0,1,1,R1,Y,CL,H,9,1926,42.28361,-71.1457
1600318000,485000,253.13,1916,Colonial,2494,2,4,1,1,1,0,R1,Y,CL,G,9,1900,42.29418,-71.05109
102195000,485000,200.75,1772,Conventional,3851,1.5,3,2,0,1,1,R1,N,CV,G,6,1950,42.39263,-71.00534
1700326000,485000,196.28,2471,Conventional,4018,2,6,2,1,2,0,R2,N,CV,G,10,1915,42.29327,-71.07795
1808042000,485000,182.06,2664,Conventional,4323,2,4,2,1,2,0,R2,Y,CV,G,10,1900,42.26342,-71.12118
106194000,485000,160.81,1400,Decker,1400,3,5,3,0,3,0,R3,N,DK,F,15,1900,42.37513,-71.03463
1700516000,485000,121.37,3996,Conventional,6430,2.5,8,2,1,2,0,R2,N,CV,H,14,1900,42.29321,-71.07379
1301466000,485000,119.4,4062,Decker,6052,3,6,3,0,3,0,R3,Y,DK,F,15,1905,42.31332,-71.06108
1808255000,482500,215.79,2236,Two_Fam_Stack,3718,2,4,4,0,2,0,R2,N,TF,G,10,1927,42.26549,-71.12522
1403655000,482500,193.15,2498,Conventional,4050,2.5,6,3,0,3,0,R3,N,CV,G,12,1905,42.28671,-71.08534
1200256000,482000,142.81,3375,Conventional,5055,2.5,7,3,0,3,0,R3,N,CV,G,15,1900,42.32335,-71.08056
1801619000,482000,132.13,3648,Decker,6584,3,6,3,0,3,0,R3,N,DK,F,18,1905,42.26526,-71.09962
2006504000,480000,365.58,1313,Other,2828,1,2,2,0,1,1,R1,Y,OH,G,5,1940,42.28836,-71.15755
104307000,480000,359.28,1336,Colonial,2147,2,2,1,1,1,0,R1,Y,CL,F,6,1912,42.38125,-71.01318
2000730000,480000,329.67,1456,Colonial,2527,2,3,2,0,1,1,R1,N,CL,L,8,1935,42.28217,-71.14478
2008671000,480000,313.73,1530,Cape,2592,1.5,3,1,0,1,1,R1,Y,CP,G,7,1950,42.28154,-71.16517
1903751000,480000,227.38,2111,Colonial,3753,2,6,2,0,1,1,R1,N,CL,G,11,1934,42.28411,-71.12171
1200168010,480000,223.46,2148,Semi_Det,2896,3,6,3,0,3,0,R3,N,SD,G,12,1910,42.3249,-71.08223
1200170000,480000,223.46,2148,Semi_Det,2896,3,6,3,0,3,0,R3,N,SD,G,12,1910,42.32495,-71.08218
102687000,480000,196.56,2442,Decker,3256,3,6,3,0,3,0,R3,N,DK,F,12,1880,42.37931,-71.03853
1604304000,480000,193.94,2475,Two_Fam_Stack,3918,2,4,2,0,2,0,R2,N,TF,G,11,1929,42.28037,-71.04876
1402318000,480000,172.48,2483,Conventional,4408,2,8,3,0,2,0,R2,N,CV,G,13,1900,42.29609,-71.07966
1601748000,480000,167.13,2872,Conventional,5199,2,6,2,0,2,0,R2,Y,CV,G,14,1920,42.28979,-71.06076
1701426000,480000,163.21,2672,Two_Fam_Stack,4372,2,6,2,0,2,0,R2,N,TF,G,10,1885,42.29013,-71.0744
1812949000,480000,157.17,3054,Conventional,5183,2.5,6,2,0,2,0,R2,Y,CV,G,12,1900,42.23948,-71.14036
1201919000,480000,144.75,3316,Conventional,5944,2,4,3,0,3,0,R3,Y,CV,H,17,1946,42.3173,-71.08325
1405196330,478472,223.17,0,Colonial,0,0,0,0,0,0,0,RL,N,CL,U,0,0,42.289772,-71.09293
1601582000,478000,161.76,2955,Conventional,4949,2,4,2,0,2,0,R2,N,CV,G,10,1895,42.29208,-71.06079
1400023000,477500,171.45,2785,Conventional,4428,2,7,3,0,3,0,R3,N,CV,G,14,1900,42.30663,-71.0717
1502117000,477500,112.86,4231,Conventional,6569,2.5,9,3,0,3,2,R3,N,CV,G,18,1900,42.30598,-71.06811
1810429000,477000,302.47,1577,Other,2892,1,3,2,1,1,1,R1,Y,OH,G,8,1984,42.24675,-71.11317
2009940000,476000,338.31,1407,Conventional,2634,1.5,3,1,1,1,0,R1,Y,CV,G,6,1940,42.26785,-71.16528
2007791000,475000,357.68,1328,Colonial,1952,2,3,1,1,1,1,R1,Y,CL,G,8,1920,42.2853,-71.16285
2006303000,475000,333.8,1423,Conventional,2226,1.5,2,1,0,1,0,R1,Y,CV,G,6,1925,42.290361,-71.155964
1810807000,475000,328.04,1448,Colonial,2336,2,3,1,1,1,1,R1,Y,CL,L,7,1930,42.24826,-71.11222
2001947000,475000,315.82,1504,Colonial,2386,2,3,2,1,1,0,R1,Y,CL,G,7,1935,42.27626,-71.14584
1604822000,475000,304.49,1747,Colonial,3522,2,3,1,1,1,1,R1,Y,CL,G,7,1940,42.28166,-71.06262
1810035003,475000,233.76,2032,Two_Fam_Stack,3080,2,6,2,0,2,0,R2,N,TF,H,12,1945,42.24542,-71.12366
1602522000,475000,189.55,2506,Colonial,4140,2,4,1,1,1,0,R1,Y,CL,G,10,1912,42.29009,-71.04813
106119000,475000,188.49,2520,Semi_Det,3360,3,6,3,0,3,0,R3,Y,SD,F,12,1900,42.3753,-71.03571
1202041000,475000,144.73,3282,Conventional,5334,2.5,6,2,1,2,0,R2,Y,CV,H,12,1910,42.31471,-71.08596
1403058000,475000,118.69,4002,Conventional,6187,2.5,6,3,0,2,0,R2,Y,CV,G,14,1930,42.28901,-71.08652
1404943000,474900,154.59,3072,Two_Fam_Stack,4920,2,6,2,0,2,0,R2,N,TF,H,12,1930,42.28376,-71.09479
1602728000,474000,183.37,2311,Other,4050,2,4,2,0,2,0,R2,N,OH,G,9,1910,42.287163,-71.041628
1903027000,472000,276.02,1710,Colonial,3096,2,3,1,0,1,0,R1,Y,CL,G,6,1910,42.2922,-71.12393
1405196670,472000,235.29,2006,Colonial,2584,2,3,2,1,1,0,R1,Y,CL,G,6,2012,42.29162,-71.091863
2009892000,471000,346.32,1360,Cape,2400,1.5,3,2,0,1,1,R1,Y,CP,G,6,1960,42.26785,-71.16405
105035000,471000,261.67,1980,Semi_Det,2739,3,3,3,0,3,0,R3,N,SD,F,8,1899,42.3673,-71.03539
2004636000,471000,165.5,2846,Two_Fam_Stack,4665,2,6,2,0,2,0,R2,N,TF,H,12,1915,42.28979,-71.14118
102779000,471000,158.27,2976,Conventional,4192,3,5,2,0,2,0,R2,Y,CV,F,12,1880,42.37992,-71.03729
703564000,470000,217.9,2157,Row_Middle,2878,3,3,2,0,2,0,R2,Y,RM,F,7,1883,42.32163,-71.06155
1602077000,470000,191.06,2928,Two_Fam_Stack,5504,2,5,2,0,2,0,R2,N,TF,G,11,1900,42.28862,-71.05469
1700674000,470000,124.5,3775,Conventional,5880,2.5,8,3,0,3,1,R3,N,CV,G,15,1910,42.29142,-71.07327
1404870000,470000,116.92,4020,Decker,5370,3,6,4,0,3,0,R3,N,DK,F,18,1905,42.28404,-71.09326
2007853000,469000,346.89,1352,Colonial,2107,2,3,1,1,1,0,R1,N,CL,G,6,1925,42.28921,-71.1696
1808886000,469000,180.11,2604,Victorian,4499,2,4,2,2,3,1,R1,Y,VT,G,9,1920,42.26063,-71.1231
1704444000,468000,294.34,1372,Colonial,2294,2,4,1,1,1,0,R1,Y,CL,G,7,1935,42.28093,-71.06804
1401697000,467500,123.38,3789,Decker,5874,3,6,3,0,3,0,R3,N,DK,F,15,1905,42.29791,-71.07942
1805729000,465000,361.02,1288,Other,2576,1,3,1,1,1,2,R1,Y,OH,G,7,1950,42.27449,-71.12534
1905008000,465000,341.66,1361,Row_Middle,2063,2,2,1,0,1,1,R1,N,RM,G,6,1916,42.2908,-71.11575
2008666000,465000,309.38,1503,Cape,2820,1.5,4,2,0,1,1,R1,Y,CP,G,7,1955,42.28241,-71.16747
1302656000,465000,284.93,1360,Colonial,2112,2,3,1,0,1,0,R1,Y,CL,G,6,1900,42.31371,-71.05331
1805618000,465000,269.1,1440,Colonial,2340,2,3,1,0,1,0,R1,Y,CL,G,7,1900,42.27873,-71.13107
1800117010,465000,263.61,1764,Two_Fam_Stack,2836,2,6,2,0,2,0,R2,N,TF,G,12,1950,42.27147,-71.08792
2003366000,465000,261.53,1778,Other,2742,1,4,2,0,1,0,R1,Y,OH,H,8,1965,42.26665,-71.15338
106974000,465000,249.2,1866,Row_Middle,2812,3,3,3,0,3,0,R3,N,RM,F,9,1900,42.37825,-71.03156
1810152000,465000,242.19,1920,Two_Fam_Stack,2880,2,4,2,0,2,0,R2,Y,TF,H,10,1948,42.24426,-71.12292
103826000,465000,211.17,2202,Row_Middle,3575,3,7,3,1,3,0,R3,N,RM,F,14,1910,42.37157,-71.0365
2008386000,465000,203.77,2282,Colonial,3898,2,4,1,0,1,0,R1,Y,CL,G,7,1880,42.28333,-71.16511
1810551001,465000,180.16,2581,Conventional,4080,2.5,5,3,0,3,0,R3,Y,CV,G,12,1920,42.25103,-71.12033
103825000,465000,174.29,2785,Row_Middle,4059,3,5,4,0,3,0,R3,N,RM,F,14,1900,42.37153,-71.03654
1402745000,465000,121.76,3819,Conventional,6392,2.5,8,3,0,3,0,R3,N,CV,G,16,1910,42.29992,-71.08447
1809426000,464900,125.21,3713,Other,6472,2,6,2,2,2,0,R2,Y,OH,G,12,1900,42.246954,-71.128484
1202290000,464000,109.38,4202,Conventional,7886,2,6,2,1,2,2,R2,N,CV,H,15,1900,42.31059,-71.08937
105307000,463000,200.61,2308,Semi_Det,2888,3,6,3,0,3,0,R3,N,SD,F,12,1900,42.36903,-71.03704
1703274000,461000,314.89,1464,Colonial,2424,2,4,1,0,1,0,R1,Y,CL,H,7,1935,42.27753,-71.07242
1805092000,461000,212.25,2172,Two_Fam_Stack,3618,2,6,2,0,2,0,R2,N,TF,G,12,1924,42.27958,-71.13384
104914000,460000,391.16,1176,Row_Middle,1776,2,3,1,0,1,0,R1,Y,RM,G,5,1910,42.367801,-71.036877
1904968000,460000,358.81,1282,Other,3150,1,2,1,1,1,0,R1,Y,OH,G,5,1934,42.29153,-71.11581
2008134000,460000,306.67,1500,Colonial,2484,2,4,1,1,1,0,R1,Y,CL,G,7,1910,42.28279,-71.16119
2007805000,460000,296.2,1553,Colonial,2749,2,4,1,1,1,0,R1,Y,CL,G,8,1920,42.28203,-71.16009
1604562000,460000,294.68,1561,Conventional,3002,1.5,3,1,0,1,1,R1,Y,CV,G,7,1928,42.28173,-71.04968
2008521000,460000,284.13,1664,Other,2980,1.5,2,1,0,1,0,R1,N,OH,G,5,1920,42.286115,-71.169677
100452000,460000,232.32,1980,Row_Middle,3004,3,4,3,1,3,0,R3,Y,RM,F,9,1900,42.38061,-71.02604
1806139000,460000,221.15,2080,Two_Fam_Stack,3372,2,4,2,0,2,1,R2,N,TF,H,10,1935,42.28295,-71.1117
1302055000,460000,206.19,2010,Colonial,3783,2,5,1,0,1,0,R1,Y,CL,G,8,1880,42.31582,-71.05791
1903422000,460000,189.38,2429,Other,5352,2,5,2,0,2,0,R2,Y,OH,G,11,1910,42.29179,-71.12115
1801966000,460000,186.39,2468,Two_Fam_Stack,4096,2,6,3,0,2,0,R2,N,TF,H,13,1928,42.2691,-71.10124
1811162000,460000,165.11,2322,Two_Fam_Stack,3827,2,4,2,0,2,0,R2,Y,TF,H,10,1920,42.25998,-71.1257
1702082000,460000,152.82,3217,Conventional,4497,2,4,3,0,3,0,R3,N,CV,G,9,1925,42.28362,-71.08113
1701100000,460000,143.17,3213,Conventional,5409,2.5,6,2,1,2,0,R2,Y,CV,L,13,1920,42.29614,-71.06816
2006285000,459500,336.88,1364,Colonial,2064,2,3,1,0,1,1,R1,Y,CL,G,7,1925,42.28939,-71.15497
2003966000,459000,327.62,1651,Colonial,2917,2,3,1,1,1,1,R1,Y,CL,L,7,1930,42.295,-71.14897
2008476000,458000,318.94,1436,Other,3398,1,4,2,0,1,0,R1,N,OH,G,7,1934,42.28677,-71.17004
1810459000,458000,192.44,2380,Conventional,4374,2,4,2,0,2,0,R2,Y,CV,G,9,1905,42.24801,-71.1162
1604959000,457500,301.18,1519,Colonial,2403,2,3,2,1,1,2,R1,N,CL,G,6,1964,42.27969,-71.06009
1405196430,456760,213.04,0,Colonial,0,0,0,0,0,0,0,RL,N,CL,U,0,0,42.2912,-71.091657
2005005000,456000,215.81,2113,Colonial,3664,2,4,2,0,1,1,R1,Y,CL,H,7,1910,42.29109,-71.13486
700886000,455000,436.66,1042,Conventional,1728,1.5,4,1,1,1,0,R1,N,CV,G,7,1900,42.335112,-71.048082
2007752000,455000,428.84,1061,Cape,1994,1.5,2,1,1,1,1,R1,Y,CP,G,8,1930,42.28368,-71.15947
2006963000,455000,345.74,1218,Other,2630,1,2,1,0,1,1,R1,Y,OH,H,6,1932,42.29172,-71.15661
1604557000,455000,337.04,1350,Colonial,2297,2,4,1,1,1,0,R1,Y,CL,H,8,1940,42.2824,-71.04975
1809628000,455000,297.39,1530,Cape,2826,1.5,4,2,0,1,1,R1,Y,CP,G,7,1955,42.23413,-71.12913
1703273014,455000,282.26,1612,Colonial,2538,2,4,1,1,1,1,R1,Y,CL,G,7,1945,42.27775,-71.07098
102906000,455000,231.55,1965,Row_End,2632,3,5,3,0,3,0,R3,N,RE,M,11,1880,42.3782,-71.03658
1702592000,455000,168.52,2700,Two_Fam_Stack,4290,2,6,2,0,2,0,R2,N,TF,H,12,1924,42.279276,-71.079959
1502991000,455000,167.28,2720,Decker,3632,3,6,3,0,3,0,R3,N,DK,F,12,1900,42.30854,-71.05897
1700882000,454000,250.14,1815,Colonial,3210,2,5,1,1,1,2,R1,Y,CL,G,8,1880,42.294,-71.06731
1810693000,452500,269.35,1952,Colonial,3344,2,4,1,1,1,1,R1,Y,CL,L,7,1920,42.25083,-71.11204
1605354000,452000,283.56,1168,Other,2656,1,3,1,1,1,1,R1,Y,OH,G,7,1950,42.28621,-71.06224
1701680000,452000,164.24,2592,Conventional,4336,2,7,3,0,2,0,R2,N,CV,G,12,1885,42.28816,-71.0757
2009770000,451000,322.14,1400,Colonial,2254,2,4,1,0,1,0,R1,N,CL,H,7,1935,42.26912,-71.16332
1402598000,450500,105.93,4253,Conventional,6584,2.5,6,3,0,2,0,R2,N,CV,G,14,1915,42.29883,-71.07999
2001244000,450450,232.31,1939,Conventional,3752,2,4,2,0,2,0,R2,Y,CV,G,8,1910,42.28523,-71.13999
2008557000,450000,431.86,1042,Cape,2568,1,3,1,1,1,1,R1,Y,CP,G,7,1953,42.2844,-71.16861
2005124000,450000,417.44,1098,Colonial,1764,2,3,1,1,1,1,R1,N,CL,G,6,1960,42.29428,-71.13532
2008438000,450000,408.35,1102,Cape,2117,1.5,3,1,0,1,1,R1,Y,CP,G,6,1920,42.28458,-71.1665
2004945000,450000,330.88,1360,Cape,2527,1.5,2,1,1,1,1,R1,Y,CP,G,5,1935,42.29193,-71.13617
1904133450,450000,321.43,1400,Other,3190,1,3,1,1,1,1,R1,N,OH,G,6,1925,42.28168,-71.12506
2012179000,450000,302.62,1487,Other,2051,1,2,1,1,1,0,R1,N,OH,G,6,1960,42.26209,-71.15124
104295004,450000,265.33,1944,Two_Fam_Stack,3076,2,2,2,0,2,0,R2,Y,TF,F,8,1910,42.38095,-71.01485
2005190000,450000,231.84,1941,Colonial,3723,2,4,2,0,1,0,R1,Y,CL,G,6,1920,42.29257,-71.13072
1503187000,450000,229.94,1644,Colonial,2573,2,2,1,0,1,0,R1,Y,CL,G,6,1910,42.31243,-71.0555
1804890000,450000,229.59,1960,Two_Fam_Stack,3015,2,6,2,0,2,0,R2,Y,TF,H,10,1964,42.27666,-71.12622
100032000,450000,228.89,1966,Conventional,3111,2,4,2,0,2,0,R2,Y,CV,H,10,1900,42.37963,-71.03076
2007185000,450000,215.21,1341,Colonial,2075,2,3,1,0,1,2,R1,Y,CL,G,7,1933,42.29416,-71.15465
104908000,450000,203.25,2214,Row_End,3168,3,7,3,0,3,0,R3,N,RE,G,15,1899,42.367626,-71.036449
1903906000,450000,202.16,2226,Two_Fam_Stack,3989,2,5,2,0,2,0,R2,N,TF,H,11,1920,42.28716,-71.121
1800114019,450000,200.53,2244,Two_Fam_Stack,3396,2,6,2,0,2,0,R2,N,TF,H,12,1945,42.27213,-71.08528
103216000,450000,200.36,2158,Colonial,2284,2,3,2,1,1,0,R1,N,CL,G,6,1905,42.38091,-71.03319
1808935000,450000,199.12,2260,Conventional,3884,2,4,2,0,2,0,R2,Y,CV,G,8,1885,42.25908,-71.123
1101015000,450000,197.2,2282,Semi_Det,3811,2,6,2,0,2,0,R2,N,SD,H,12,1905,42.31611,-71.09871
1202043000,450000,164.84,2730,Conventional,5104,2,6,2,0,2,1,R2,N,CV,H,10,1897,42.31481,-71.08633
1702321000,450000,162.4,2771,Colonial,4417,2.5,6,3,1,1,1,R1,Y,CL,G,10,1890,42.29899,-71.06918
103062000,450000,151.21,2976,Row_End,3992,3,8,3,0,3,0,R3,Y,RE,F,14,1880,42.37894,-71.03464
1402454000,450000,147.83,3044,Conventional,4488,3,6,3,0,2,0,R2,N,CV,F,11,2006,42.301695,-71.083048
1702228000,450000,145.77,3087,Decker,4767,3,6,3,0,3,0,R3,N,DK,F,15,1905,42.28068,-71.08207
106214000,450000,144.88,2902,Decker,3847,3,5,3,0,3,0,R3,N,DK,F,14,1910,42.37397,-71.03604
101173000,450000,141.78,3174,Decker,4256,3,3,3,0,3,0,R3,N,DK,F,12,1910,42.38089,-71.01708
1203137000,450000,138.29,3254,Conventional,5300,2.5,5,3,0,3,0,R3,Y,CV,G,13,1900,42.31279,-71.09061
1404871000,450000,127.99,0,Decker,0,3,0,0,0,0,0,CM,N,DK,U,0,1905,42.28397,-71.09313
103500000,450000,126.69,3552,Conventional,5976,2,8,2,0,2,0,R2,Y,CV,G,16,1910,42.38187,-71.03906
703751000,450000,123.56,3642,Decker,5044,3,8,3,0,3,0,R3,N,DK,F,15,1905,42.31999,-71.06353
1502730000,450000,120.68,3705,Colonial,5900,2.5,6,3,0,1,1,R1,Y,CL,G,12,1915,42.31169,-71.06618
100073000,450000,105.98,4246,Decker,6010,3,9,3,0,3,0,R3,Y,DK,F,20,1910,42.379395,-71.02846
2007010010,447500,263.24,1700,Other,3816,1,3,1,1,1,1,R1,N,OH,G,8,1953,42.29495,-71.16301
2000132000,447500,248.75,1799,Colonial,3103,2,3,1,0,1,0,R1,Y,CL,G,7,1890,42.28588,-71.13092
1804884000,447000,556.66,835,Other,1820,1,2,1,0,1,0,R1,N,OH,H,4,1920,42.27593,-71.12431
101861000,447000,256.6,1742,Colonial,2873,2,4,2,0,1,0,R1,Y,CL,G,8,1900,42.38876,-71.00304
1501854000,446000,110.62,4032,Decker,5964,3,9,3,0,3,0,R3,N,DK,F,18,1905,42.30907,-71.06763
1903580000,445000,303.96,1464,Colonial,2426,2,3,1,0,1,0,R1,Y,CL,G,6,1900,42.28472,-71.12458
2010085000,445000,303.96,1464,Colonial,2276,2,4,1,1,1,1,R1,N,CL,G,7,1964,42.26497,-71.16563
103193000,445000,208.92,2148,Row_Middle,3124,3,6,3,0,3,0,R3,N,RM,M,18,1900,42.37971,-71.03255
1701558000,445000,190.17,2340,Conventional,3280,3,5,3,0,2,0,R2,Y,CV,F,9,2003,42.290763,-71.076019
1501045000,445000,185.8,2395,Colonial,3733,2.5,5,1,0,1,0,R1,N,CL,G,9,1900,42.30226,-71.06913
1811880000,445000,179.65,2477,Conventional,3944,2.5,5,2,0,2,1,R2,N,CV,G,9,1920,42.25268,-71.12984
1203163000,445000,176.59,2520,Conventional,4294,2.5,3,3,1,2,0,R2,Y,CV,G,9,1905,42.31327,-71.09087
1404763000,445000,157.8,2820,Two_Fam_Stack,4518,2,6,2,0,2,0,R2,Y,TF,H,12,1920,42.28435,-71.09684
1500242001,445000,132.44,3360,Semi_Det,4464,3,9,3,0,3,0,R3,N,SD,F,18,1905,42.30441,-71.05647
1809679000,444000,336.87,1318,Cape,2325,1.5,2,1,0,1,0,R1,N,CP,S,4,1960,42.23489,-71.12863
2003828000,443000,279.85,1583,Cape,3521,1,3,2,0,1,1,R1,Y,CP,G,6,1945,42.29374,-71.14266
2006988000,442000,333.58,1325,Colonial,2059,2,3,1,1,1,1,R1,Y,CL,G,7,1950,42.29399,-71.15961
105291000,442000,230.21,1920,Semi_Det,2776,3,3,3,0,3,0,R3,N,SD,F,11,1900,42.3682,-71.03602
1801289000,442000,216.24,2044,Two_Fam_Stack,3486,2,4,2,0,2,0,R2,N,TF,H,10,1910,42.26391,-71.10011
1400388003,442000,126.98,3481,Row_End,5068,3,8,3,0,3,0,R3,N,RE,F,14,1890,42.30953,-71.07524
2006371000,441000,417.61,1056,Other,2456,1,3,2,0,1,1,R1,Y,OH,G,7,1950,42.28871,-71.15562
2007371000,440000,345.91,1248,Colonial,2020,2,3,1,1,1,1,R1,Y,CL,G,6,1936,42.29331,-71.16052
2007975000,440000,329.84,1334,Colonial,1994,2,3,1,0,1,1,R1,Y,CL,G,6,1935,42.28741,-71.1686
2004043000,440000,325.44,1352,Colonial,2280,2,3,1,1,1,1,R1,Y,CL,G,7,1940,42.29525,-71.15048
2009426000,440000,322.11,1366,Cape,2633,1.5,2,2,0,1,1,R1,Y,CP,G,6,1954,42.27476,-71.16342
2010170000,440000,297.3,1480,Conventional,1748,1,4,2,0,2,0,R2,N,CV,G,9,1960,42.26434,-71.16458
1812029000,440000,282.05,1816,Conventional,3328,2,4,1,0,1,1,R1,N,CV,G,7,1910,42.24848,-71.13247
101441000,440000,272.11,1582,Colonial,2430,2,3,2,0,1,0,R1,Y,CL,G,6,1940,42.38561,-71.00611
1806238004,440000,267.8,1643,Colonial,3005,2,4,1,1,1,1,R1,Y,CL,G,8,1962,42.28323,-71.11731
2001429000,440000,266.67,1650,Two_Fam_Stack,2690,2,3,2,0,2,0,R2,N,TF,F,8,1910,42.28592,-71.14284
1703463000,440000,242.02,1678,Colonial,3002,2,3,1,1,1,1,R1,Y,CL,G,7,1930,42.2774,-71.07709
1809031000,440000,221.11,1990,Colonial,3400,2,4,2,1,1,0,R1,N,CL,G,8,2013,42.2555,-71.119385
2001771000,440000,200.73,2192,Two_Fam_Stack,3635,2,6,2,0,2,0,R2,N,TF,M,11,1890,42.28159,-71.14938
106859000,440000,198.56,2216,Decker,3326,3,3,3,0,3,0,R3,N,DK,F,11,1900,42.37625,-71.03111
1702310000,440000,177.56,2508,Colonial,4146,2,4,1,1,1,0,R1,N,CL,L,10,1925,42.29953,-71.06736
1200069000,440000,176.49,2493,Colonial,3267,2,5,1,1,1,0,R1,N,CL,G,8,1890,42.32677,-71.08222
1402666000,439000,180.36,0,Conventional,0,0,0,0,0,0,0,E,N,CV,U,0,0,42.297492,-71.082492
1402680000,439000,180.36,0,Conventional,0,0,0,0,0,0,0,E,N,CV,U,0,0,42.297829,-71.082222
1805228000,438000,354.37,1236,Cape,2282,1,3,2,0,1,1,R1,N,CP,G,6,1957,42.2762,-71.13267
1602107000,438000,334.35,1310,Colonial,2047,2,3,1,0,1,0,R1,N,CL,H,6,1912,42.28941,-71.05302
1200792000,438000,168.46,2600,Row_Middle,3853,3,5,2,1,2,0,R2,N,RM,M,10,1899,42.319451,-71.079347
1404868000,438000,102.24,4284,Decker,6314,3,9,3,0,3,0,R3,N,DK,F,18,1905,42.28415,-71.0935
1808356000,437000,357.03,1224,Cape,2222,1.5,3,1,1,1,1,R1,Y,CP,G,6,1958,42.27225,-71.12472
1302415000,437000,263.89,1656,Colonial,2928,2,4,1,0,1,0,R1,N,CL,G,7,1872,42.31326,-71.05109
1403006000,436000,220.54,1779,Conventional,3255,2,4,2,0,2,0,R2,N,CV,G,10,1920,42.28777,-71.08304
2007942000,435000,328.05,1326,Colonial,2193,2,3,1,1,1,1,R1,Y,CL,G,8,1963,42.28797,-71.16886
2009557000,435000,317.98,1264,Other,2296,1,3,1,0,1,0,R1,Y,OH,H,6,1956,42.27441,-71.16095
2010143000,435000,317.06,1372,Cape,3031,1,3,1,1,1,0,R1,Y,CP,G,6,1960,42.26525,-71.1649
2004068000,435000,273.41,1591,Colonial,2481,2,3,1,1,1,0,R1,Y,CL,H,7,1936,42.29345,-71.15029
1703273017,435000,269.85,1612,Colonial,2410,2,3,1,1,1,1,R1,Y,CL,G,7,1945,42.27764,-71.07155
2003212000,435000,267.2,1628,Colonial,2602,2,3,1,1,1,0,R1,Y,CL,G,8,1951,42.27223,-71.15905
1810382000,435000,258.93,1680,Colonial,2949,2,3,1,1,1,1,R1,Y,CL,H,6,1985,42.24687,-71.1175
103170000,435000,202.51,2148,Semi_Det,3112,3,5,3,0,3,1,R3,N,SD,M,11,1900,42.380597,-71.03106
102786000,435000,188.8,2304,Conventional,3498,3,6,3,0,3,0,R3,N,CV,F,15,1880,42.38015,-71.03673
1800252000,435000,173.17,2512,Other,4221,2,6,2,0,2,0,R2,N,OH,G,13,1905,42.27897,-71.08135
1401090000,435000,141.88,3066,Conventional,4950,2.5,6,2,0,2,0,R2,N,CV,G,12,1905,42.30466,-71.07862
1503042000,435000,134.63,3231,Decker,4905,3,6,3,0,3,0,R3,N,DK,F,15,1920,42.31002,-71.06166
2000418000,434000,282.92,1534,Colonial,2444,2,4,1,0,1,0,R1,N,CL,H,8,1922,42.28217,-71.13444
1400705080,434000,153.9,2820,Conventional,4118,3,6,3,0,2,1,R2,N,CV,G,10,2006,42.308748,-71.080384
2002609000,433500,308.76,1404,Colonial,2288,2,3,1,0,1,0,R1,Y,CL,H,6,1924,42.27397,-71.14809
2009193000,433500,238.19,1820,Colonial,2770,2,4,1,1,1,0,R1,Y,CL,G,8,1988,42.2781,-71.16793
701382000,433000,359.04,1206,Row_Middle,1344,2,2,1,1,1,0,R1,N,RM,F,6,1890,42.33139,-71.04642
1806714000,433000,253.22,1710,Colonial,2912,2,4,1,1,1,0,R1,Y,CL,G,7,1890,42.27702,-71.11758
1602425000,430000,424.06,1162,Colonial,1881,2,3,1,0,1,0,R1,Y,CL,G,6,1905,42.28931,-71.04612
1601964000,430000,279.95,1536,Colonial,2472,2,3,1,1,1,0,R1,N,CL,H,8,1920,42.28955,-71.05356
1808687000,430000,206.93,2078,Two_Fam_Stack,3237,2,4,2,0,2,2,R2,Y,TF,G,10,1963,42.26622,-71.12921
1200230000,430000,174.87,2459,Conventional,4210,2,4,2,0,2,0,R2,N,CV,G,12,1890,42.32433,-71.08039
1801905000,430000,162.14,2652,Two_Fam_Stack,4278,2,5,2,0,2,0,R2,Y,TF,H,10,1915,42.27209,-71.09889
1402661000,430000,130.07,3030,Conventional,5369,2,6,2,0,2,2,R2,N,CV,G,13,1890,42.29654,-71.08217
800322000,430000,112.86,3810,Decker,5528,3,9,3,0,3,0,R3,N,DK,F,15,1885,42.32207,-71.0702
1202391000,430000,111.92,3842,Two_Fam_Stack,6195,2,4,2,0,2,0,R2,Y,TF,H,14,1922,42.306096,-71.085049
2010389000,429900,305.33,1159,Cape,2571,1,3,2,0,1,0,R1,Y,CP,G,6,1950,42.27375,-71.16548
1808715010,429000,231.39,1854,Colonial,2988,2,3,1,1,1,0,R1,Y,CL,G,6,1995,42.26709,-71.12808
1701049000,429000,185.23,2606,Colonial,4459,2.5,6,1,0,1,1,R1,N,CL,G,9,1900,42.29589,-71.06802
1812470000,428500,324.62,1320,Colonial,2004,2,3,2,1,1,0,R1,Y,CL,G,6,1970,42.24229,-71.14092
2008654000,428000,318.45,1344,Other,3082,1,2,1,1,1,1,R1,Y,OH,G,5,1925,42.28117,-71.16599
1402354000,428000,134.04,2678,Two_Fam_Stack,4255,2,6,2,0,2,0,R2,Y,TF,H,12,1900,42.29897,-71.0784
1810762000,427800,323.36,1323,Colonial,1971,2,3,1,1,1,0,R1,Y,CL,G,6,1945,42.24808,-71.11335
1808123000,427500,208.74,2048,Two_Fam_Stack,3134,2,4,2,0,2,0,R2,N,TF,H,8,1905,42.26238,-71.119
1805472000,427000,402.45,1061,Cape,2096,1.5,3,1,0,1,1,R1,Y,CP,G,6,1910,42.27899,-71.13216
2008323000,426000,396.28,1075,Cape,2376,1,3,1,1,1,1,R1,N,CP,G,7,1955,42.28271,-71.16286
1809607000,426000,280.45,1519,Conventional,2839,2,3,1,0,1,0,R1,Y,CV,G,7,1929,42.23395,-71.13035
802764000,426000,190.86,2232,Row_Middle,2976,3,6,3,0,2,0,R2,Y,RM,M,9,1890,42.32566,-71.07762
1801442000,426000,126.71,3618,Conventional,4798,2,6,3,0,2,0,R2,N,CV,G,13,1925,42.26127,-71.10212
800078000,425532,111.22,3826,Decker,5191,3,6,3,0,3,0,R3,Y,DK,F,15,1890,42.32034,-71.07007
2007348000,425000,360.78,1178,Colonial,2008,2,3,1,1,1,1,R1,Y,CL,G,6,1923,42.29269,-71.16097
2011848000,425000,325.92,1304,Other,2608,1,2,2,0,1,1,R1,Y,OH,H,6,1934,42.25929,-71.15225
2008757002,425000,325.42,1306,Cape,2329,1.5,3,1,1,1,1,R1,N,CP,G,6,1950,42.27946,-71.16448
1904971000,425000,312.5,1360,Colonial,2198,2,3,1,0,1,0,R1,Y,CL,G,6,1929,42.29172,-71.1152
101683000,425000,264.63,1606,Two_Fam_Stack,3228,2,6,2,0,2,0,R2,N,TF,F,12,1900,42.388388,-71.004731
1903132000,425000,237.43,1790,Other,2130,1,4,1,1,1,0,R1,Y,OH,H,7,1950,42.28741,-71.1254
2010358000,425000,230.23,1846,Colonial,2917,2,4,1,0,1,0,R1,Y,CL,H,8,1928,42.27512,-71.16684
1303147000,425000,218.62,1944,Colonial,2895,2,4,1,0,1,0,R1,N,CL,M,8,1900,42.3178,-71.05347
1300273000,425000,188.64,2253,Conventional,3972,2,5,3,0,2,0,R3,N,CV,G,12,1905,42.31848,-71.07517
103392000,425000,164.35,2586,Two_Fam_Stack,3879,2,5,2,0,2,0,R2,Y,TF,F,11,1900,42.38182,-71.03523
1401598000,425000,163.78,2595,Row_Middle,3460,3,8,3,0,3,0,R3,N,RM,F,14,1890,42.30179,-71.0781
1701684000,425000,160.92,2641,Conventional,4310,2.5,6,3,0,3,0,R3,N,CV,G,12,1896,42.28791,-71.07588
1403172000,425000,104.83,3625,Conventional,6396,2,7,3,0,3,0,R3,N,CV,G,12,1935,42.28799,-71.08661
2001172000,424100,261.31,1242,Colonial,2101,2,3,1,0,1,0,R1,Y,CL,G,6,1910,42.28416,-71.13728
2000404000,423000,292.73,1445,Colonial,2656,1.5,2,2,0,1,0,R1,Y,CL,G,6,1915,42.2831,-71.13331
2011677000,421500,275.49,1530,Colonial,2370,2,3,2,1,1,1,R1,N,CL,G,7,1996,42.256947,-71.158574
1804581000,421000,273.02,1542,Colonial,2367,2,3,1,1,1,1,R1,N,CL,G,5,1905,42.28187,-71.13173
1703157000,421000,214.47,1963,Colonial,3392,2,4,1,1,1,0,R1,N,CL,G,7,1920,42.27826,-71.07264
1703015000,420800,188.19,2236,Two_Fam_Stack,4899,2,5,2,0,2,0,R2,Y,TF,H,12,1945,42.28046,-71.07177
1804861002,420000,343.14,1224,Cape,2190,1.5,4,2,0,1,0,R1,N,CP,G,6,1986,42.27362,-71.12169
1808523002,420000,343.14,1224,Colonial,2072,2,2,1,0,1,1,R1,N,CL,L,5,1926,42.27175,-71.12783
2005132000,420000,327.36,1283,Cape,2828,1,3,1,0,1,1,R1,Y,CP,G,6,1954,42.29229,-71.13299
1601879000,420000,290.66,1483,Cape,2892,1.5,3,1,0,1,1,R1,Y,CP,G,8,1930,42.29278,-71.05644
105193000,420000,263.82,1592,Row_End,2564,2,3,1,0,1,0,R1,N,RE,F,6,1969,42.366489,-71.032023
2011344000,420000,208.96,2010,Conventional,2209,1,5,2,0,2,0,R2,N,CV,G,9,1973,42.26615,-71.16071
103389000,420000,185.68,2262,Two_Fam_Stack,3421,2,6,2,0,2,0,R2,N,TF,H,10,1900,42.38182,-71.03552
1300024000,420000,151.41,2774,Conventional,4425,2,4,3,0,3,0,R3,Y,CV,G,11,1900,42.32058,-71.07293
1101470000,419000,252.71,1658,Colonial,2923,2,4,1,0,1,0,R1,N,CL,G,10,1900,42.31371,-71.09897
1811612000,419000,238.88,1754,Colonial,2960,2,3,2,0,1,0,R1,Y,CL,G,7,1880,42.25682,-71.12893
1800813000,419000,128.13,3270,Decker,5290,3,6,3,0,3,0,R3,N,DK,F,15,1905,42.27636,-71.09173
1806282002,417500,377.15,1107,Other,2326,1,5,1,1,1,2,R1,N,OH,H,10,1960,42.28127,-71.11685
1811300000,417000,238.29,1750,Colonial,2443,2,3,1,1,1,1,R1,Y,CL,G,9,1940,42.26318,-71.12693
2009210000,415000,371.2,1118,Cape,2539,1,3,1,1,1,0,R1,Y,CP,G,6,1835,42.27765,-71.17115
2010230000,415000,315.11,1317,Cape,2400,1.5,2,1,1,1,1,R1,Y,CP,G,6,1958,42.26556,-71.16309
1601068000,415000,303.36,1368,Colonial,2181,2,3,1,0,1,0,R1,Y,CL,G,6,1920,42.29329,-71.06118
1810100000,415000,183.47,2183,Conventional,3838,2,4,2,1,2,0,R2,N,CV,G,11,1910,42.24683,-71.12246
1101058000,415000,156.72,2648,Two_Fam_Stack,4348,2,4,2,0,2,0,R2,Y,TF,G,12,1915,42.31752,-71.0995
1701870000,415000,153.25,2730,Conventional,4418,2,8,2,0,2,0,R2,N,CV,G,13,1920,42.28809,-71.07657
1702145000,415000,126.22,3288,Decker,5314,3,6,3,0,3,0,R3,Y,DK,F,15,1905,42.28269,-71.08208
1402560000,415000,121.81,3407,Conventional,5571,2.5,6,3,0,3,0,R3,Y,CV,G,14,1900,42.2999,-71.0833
1402761000,415000,120.89,3433,Conventional,5481,2.5,6,3,0,3,0,R3,N,CV,G,13,1910,42.29844,-71.08451
1812009000,414500,252.13,1644,Colonial,2570,2,3,1,1,1,0,R1,Y,CL,G,6,1920,42.25074,-71.13434
1600786000,413500,176.56,2342,Colonial,3844,2,5,1,1,1,0,R1,Y,CL,G,9,1935,42.298233,-71.065071
1810448000,412500,348.1,1185,Cape,2524,1,3,2,0,1,1,R1,Y,CP,G,7,1948,42.2465,-71.11438
1400242000,412500,141.03,2507,Semi_Det,4003,2.5,5,2,0,2,0,R2,N,SD,H,10,1900,42.31327,-71.07868
1904474002,412382,425.57,969,Semi_Det,1621,2,2,1,1,1,0,R1,Y,SD,G,4,1964,42.290403,-71.114794
101157000,412000,183.27,2248,Two_Fam_Stack,3372,2,4,2,0,2,0,R2,Y,TF,F,10,1900,42.38231,-71.01649
2003092000,412000,154.25,2671,Two_Fam_Stack,4120,2,7,2,1,2,0,R2,Y,TF,G,15,1912,42.26516,-71.15811
1810824000,411000,281.89,1458,Cape,3202,1,2,2,0,1,0,R1,Y,CP,G,5,1959,42.24946,-71.11107
2008613000,410000,377.88,1085,Cape,2374,1,3,1,1,1,1,R1,N,CP,G,6,1953,42.28311,-71.1683
1601988000,410000,284.13,1443,Cape,2629,1.5,3,1,1,1,0,R1,Y,CP,G,9,1940,42.29026,-71.05551
1703836000,410000,241.18,850,Other,1695,1.5,2,1,0,1,0,R1,Y,OH,G,4,1910,42.27324,-71.07538
2010442000,410000,230.34,1780,Two_Fam_Stack,3042,2,6,2,0,2,0,R2,N,TF,G,12,1920,42.27442,-71.16854
2009071000,410000,227.15,1805,Colonial,3138,2,4,1,1,1,0,R1,N,CL,H,8,1915,42.28443,-71.17001
1811594000,410000,215.56,1626,Colonial,2774,2,3,1,0,2,0,R1,N,CL,G,6,1900,42.25639,-71.12752
1801802031,410000,214.1,0,Colonial,0,0,0,0,0,0,0,RL,N,CL,U,0,0,42.268138,-71.09872
802736000,410000,202.17,2028,Conventional,3457,2,3,2,0,2,0,R2,N,CV,G,9,1890,42.32625,-71.07667
102027000,410000,196.83,1330,Conventional,3831,2,2,3,0,2,0,R2,Y,CV,G,8,1906,42.389399,-71.007819
102298000,410000,196.17,1588,Colonial,2264,2,4,1,0,1,0,R1,Y,CL,G,10,1937,42.39177,-71.00413
1700536000,410000,184.44,2567,Colonial,4222,2.5,5,2,1,1,1,R1,Y,CL,L,8,1900,42.29243,-71.0738
103055000,410000,148.17,2767,Conventional,4134,2.5,4,2,1,2,0,R2,Y,CV,G,11,1880,42.37914,-71.03416
1702628000,410000,142.36,2880,Two_Fam_Stack,4724,2,6,2,0,2,0,R2,N,TF,H,14,1905,42.27976,-71.07806
1809053000,410000,130.53,3141,Conventional,4146,3,5,4,0,3,0,R3,Y,CV,M,12,1899,42.25412,-71.12055
1405061000,410000,127.21,3223,Conventional,5263,2.5,4,2,0,2,0,R2,N,CV,G,10,1910,42.28172,-71.09628
2009543000,408000,421.49,968,Cape,2235,1,2,1,0,1,1,R1,Y,CP,G,5,1945,42.27378,-71.16235
2010161000,408000,369.57,1104,Colonial,1669,2,3,1,1,1,0,R1,Y,CL,G,5,1962,42.26333,-71.16548
1603160000,407500,200.34,2034,Colonial,3600,2,5,1,1,1,0,R1,N,CL,G,9,1915,42.28795,-71.05957
2009120000,407000,446.27,912,Other,1954,1,2,1,0,1,0,R1,Y,OH,H,5,1925,42.28291,-71.17065
2006259001,407000,411.94,988,Other,1976,1,2,1,0,1,1,R1,Y,OH,G,5,1950,42.28806,-71.15401
1808518001,407000,282.64,1440,Colonial,2424,2,3,1,1,1,0,R1,Y,CL,G,6,1960,42.26817,-71.12612
2011650000,407000,278.77,1460,Colonial,2496,2,3,1,1,1,0,R1,Y,CL,G,7,1910,42.25723,-71.1594
1602520000,406500,300,1355,Colonial,2522,1.5,3,1,1,1,0,R1,Y,CL,G,8,1890,42.28984,-71.0479
1302366000,405500,310.49,1306,Cape,2528,1.5,2,1,1,1,1,R1,Y,CP,G,5,1953,42.31232,-71.04702
1702285000,405000,267.86,1512,Colonial,2436,2,3,1,1,1,0,R1,Y,CL,G,6,1999,42.29878,-71.06869
2010148000,405000,263.67,1306,Cape,2548,1.5,3,2,0,1,1,R1,Y,CP,G,7,1960,42.26453,-71.16491
1812661000,405000,181.94,2226,Other,2948,1,3,2,1,1,0,R1,Y,OH,G,9,1990,42.2432,-71.13717
1810300000,405000,161.03,2515,Conventional,3654,3,5,3,0,3,0,R3,N,CV,M,12,1895,42.24976,-71.12182
1202136000,405000,138.84,2917,Conventional,4673,2.5,6,3,0,3,2,R3,Y,CV,G,13,1900,42.31281,-71.08494
2012051005,402500,233.2,1726,Other,2608,1,3,1,1,1,0,R1,N,OH,G,8,1960,42.26232,-71.14982
1300794000,402100,134.17,2997,Colonial,4695,2.5,7,2,1,1,0,R1,N,CL,G,10,1920,42.31532,-71.07565
2000442006,402000,483.17,832,Other,1968,1,2,2,0,1,2,R1,Y,OH,G,4,1957,42.28191,-71.13497
2012060007,402000,231.43,1737,Other,2600,1,3,2,0,1,1,R1,Y,OH,G,8,1967,42.26375,-71.14717
2009529000,401000,357.72,1121,Conventional,2296,1.5,3,1,0,1,0,R1,Y,CV,G,6,1905,42.27301,-71.16321
1403498000,401000,186.51,2150,Conventional,4074,2,5,3,0,3,0,R3,Y,CV,G,11,1910,42.28611,-71.08675
1301889000,401000,100.96,3972,Conventional,6106,2.5,4,2,0,2,0,R2,Y,CV,H,13,1890,42.31778,-71.0598
2003148000,400000,360.69,1109,Cape,2480,1,2,1,0,1,1,R1,Y,CP,G,7,1945,42.27121,-71.16155
2003299000,400000,346.32,1155,Cape,2643,1,2,1,1,1,1,R1,Y,CP,L,6,1961,42.27256,-71.15036
700370000,400000,337.84,1184,Colonial,1856,2,3,1,0,1,0,R1,Y,CL,G,5,1900,42.33362,-71.05344
2003802000,400000,336.7,1188,Colonial,1960,2,2,1,1,1,0,R1,Y,CL,G,7,1924,42.29429,-71.14256
1603268000,400000,316.46,1355,Colonial,2238,2,3,1,1,1,0,R1,Y,CL,H,8,1925,42.28602,-71.0571
1808682000,400000,313.97,1274,Colonial,2080,2,3,1,1,1,1,R1,Y,CL,G,7,1964,42.26582,-71.12839
2009043000,400000,295.86,1352,Colonial,2063,2,3,1,0,1,0,R1,Y,CL,G,6,1920,42.28579,-71.17084
1804882000,400000,264.9,1510,Cape,2724,1.5,3,2,0,1,1,R1,Y,CP,G,6,1950,42.27617,-71.12457
1703345000,400000,263.33,1519,Colonial,2669,1.5,3,2,0,1,0,R1,Y,CL,G,6,1925,42.27425,-71.07175
2003901000,400000,255.1,1568,Other,2159,1,2,1,1,1,0,R1,Y,OH,G,5,1960,42.29769,-71.14528
1603672000,400000,235.71,1697,Colonial,3019,2,6,1,0,1,1,R1,Y,CL,G,9,1903,42.28438,-71.05454
1703253000,400000,231.48,1728,Other,2682,2,4,2,0,2,0,R2,Y,OH,H,8,1925,42.27885,-71.07816
101740000,400000,222.1,1342,Two_Fam_Stack,2236,2,3,2,0,2,0,R2,Y,TF,F,7,1906,42.38857,-71.00964
1800385005,400000,205.34,1948,Two_Fam_Stack,3030,2,4,2,0,2,0,R2,Y,TF,H,10,1950,42.27065,-71.08906
1601691000,400000,198.22,2018,Colonial,3480,2,3,1,1,1,1,R1,N,CL,G,9,1910,42.29014,-71.06075
1302701000,400000,196.85,2032,Two_Fam_Stack,3344,2,4,2,0,2,0,R2,N,TF,H,10,1890,42.31362,-71.05411
1500454020,400000,161.29,2480,Conventional,4144,2.5,6,3,0,2,2,R2,N,CV,G,11,1920,42.305672,-71.061074
1601079000,400000,147.17,2718,Conventional,4810,2,5,2,0,2,0,R2,Y,CV,G,9,1915,42.29353,-71.05944
102870000,400000,129.28,2986,Row_Middle,4124,3,6,3,0,3,0,R3,N,RM,M,12,1900,42.37832,-71.03717
2009519000,399900,400.7,998,Cape,2243,1,2,1,0,1,1,R1,Y,CP,G,6,1950,42.27326,-71.16343
1810987000,399900,164.03,2438,Colonial,4280,2,4,1,1,1,1,R1,N,CL,G,9,1890,42.25488,-71.11511
1808517004,399000,325.98,1224,Cape,2359,1.5,3,2,0,1,0,R1,N,CP,G,7,1960,42.27173,-71.12574
1701832000,399000,191.73,2318,Colonial,3876,2.5,6,1,0,1,0,R1,Y,CL,G,11,1900,42.28658,-71.0767
1809417000,399000,159.86,2496,Conventional,4336,2,4,2,0,2,0,R2,N,CV,G,11,1900,42.24782,-71.12819
703704000,399000,151.25,2638,Two_Fam_Stack,4157,2,6,2,0,2,0,R2,Y,TF,H,12,1910,42.32087,-71.06361
106769000,397000,110.03,3442,Semi_Det,4900,3,8,3,0,3,0,R3,Y,SD,F,17,1900,42.376706,-71.033182
104457000,396000,312.3,1268,Row_End,2193,2,2,2,0,1,0,R1,Y,RE,G,5,1900,42.36664,-71.03813
2011508000,395000,409.33,938,Cape,2027,1.5,2,1,0,1,0,R1,Y,CP,G,5,1920,42.26124,-71.15963
1812932006,395000,364.06,1089,Cape,2334,1,3,1,1,1,1,R1,Y,CP,G,6,1960,42.24024,-71.14243
1805095000,395000,342.88,1152,Other,2374,1,2,1,0,1,1,R1,Y,OH,G,5,1915,42.27987,-71.1336
1805296000,395000,300.15,1316,Colonial,2132,2,3,1,0,1,0,R1,Y,CL,G,6,1920,42.277001,-71.132057
106535000,395000,191.01,1512,Row_Middle,2620,3,4,2,0,1,0,R1,Y,RM,M,7,1880,42.37671,-71.035667
1808900000,395000,148.16,2666,Colonial,4554,2,6,1,1,1,0,R1,Y,CL,H,13,1895,42.26022,-71.12153
1202040000,395000,135.46,2916,Colonial,4820,2.5,4,1,1,1,0,R1,N,CL,H,9,1900,42.31466,-71.08579
2008041000,394000,321.9,1224,Other,2772,1,2,1,0,1,0,R1,Y,OH,G,5,1925,42.28774,-71.16666
1809930012,394000,169.24,2328,Other,3812,2,6,2,1,2,0,R2,N,OH,H,14,1950,42.24163,-71.12214
1101326000,393500,214.56,1834,Colonial,2886,2,4,1,0,1,0,R1,N,CL,G,9,1900,42.31529,-71.09939
1605155000,393000,288.55,1362,Conventional,2348,1.5,3,1,1,1,0,R1,Y,CV,G,8,1900,42.28188,-71.0557
1809736000,392800,344.56,1140,Other,2400,1,3,2,0,1,2,R1,Y,OH,G,6,1960,42.23515,-71.13107
1704015000,391000,224.84,1671,Colonial,3066,1.5,3,2,0,1,0,R1,Y,CL,G,7,1874,42.2741,-71.07541
2010608002,390000,421.62,925,Other,945,1,3,1,0,1,0,R1,Y,OH,G,5,1950,42.26945,-71.16689
1810837000,390000,400.41,974,Cape,2472,1,3,1,1,1,1,R1,Y,CP,G,6,1940,42.25113,-71.11078
2010307000,390000,344.22,1133,Colonial,1808,2,3,1,0,1,0,R1,Y,CL,H,7,1925,42.26312,-71.16672
1703262000,390000,312,1250,Colonial,2175,2,2,2,0,1,0,R1,N,CL,H,6,1920,42.27925,-71.07649
1806717000,390000,285.71,1365,Other,3176,1,4,3,0,1,0,R1,N,OH,G,7,1920,42.27662,-71.11753
1807258000,390000,240.74,1600,Colonial,2524,2,4,2,1,1,1,R1,Y,CL,G,7,2003,42.27224,-71.11225
2012129000,390000,215.71,1808,Other,2240,1,3,1,1,1,0,R1,Y,OH,G,6,1963,42.26256,-71.15297
1404848000,390000,159.57,2444,Two_Fam_Stack,3854,2,4,2,0,2,0,R2,Y,TF,H,10,1960,42.28422,-71.09644
1500452001,390000,133.88,2913,Decker,4082,3,9,3,0,3,0,R3,N,DK,F,15,1905,42.30596,-71.06028
1202640000,390000,104,3750,Conventional,5358,3,8,3,0,1,0,R1,N,CV,M,12,1900,42.31141,-71.08275
103301000,389000,151.95,2560,Conventional,3134,2,6,3,0,3,0,R3,N,CV,F,13,1910,42.3821,-71.03235
2000406000,388500,408.95,950,Other,2106,1,2,1,0,1,1,R1,Y,OH,H,4,1929,42.28295,-71.13305
2003150000,388500,277.5,1400,Other,3118,1,4,1,1,1,1,R1,Y,OH,H,7,1925,42.27143,-71.16148
2008502000,388000,431.11,900,Other,1870,1,2,1,0,1,0,R1,Y,OH,H,5,1920,42.2856,-71.1698
1603198000,387500,312,1242,Colonial,2157,2,3,2,0,1,0,R1,Y,CL,L,6,1920,42.28682,-71.05528
100227000,387500,222.32,1182,Row_Middle,1773,2,3,3,0,3,0,R3,N,RM,F,7,1900,42.38122,-71.02902
2000588000,387000,315.4,1227,Cape,2399,1.5,3,1,1,1,1,R1,Y,CP,G,7,1930,42.27848,-71.13753
600579000,386400,564.91,684,Row_End,826,2,2,1,0,1,0,R1,N,RE,G,3,1895,42.33695,-71.05084
1808751000,386000,264.75,1458,Conventional,2619,1.5,3,1,0,1,0,R1,Y,CV,G,7,1920,42.25666,-71.11748
2000563000,385000,405.26,950,Other,2050,1,2,1,0,1,0,R1,Y,OH,H,5,1930,42.2794,-71.13771
2009917000,385000,368.77,1044,Cape,2232,1,2,1,0,1,1,R1,Y,CP,G,6,1960,42.26757,-71.16493
2003589000,385000,346.22,1112,Other,2415,1,3,2,1,2,1,R1,N,OH,G,7,1950,42.27473,-71.15066
2009105000,385000,334.2,1152,Colonial,1864,2,2,1,0,1,1,R1,Y,CL,G,5,1929,42.28382,-71.17005
2008777000,385000,286.46,1344,Two_Fam_Stack,2124,2,2,2,0,2,0,R2,N,TF,G,7,1890,42.28154,-71.16853
2008523000,385000,276.18,1394,Other,3218,1,2,1,0,1,0,R1,N,OH,G,6,1920,42.28593,-71.16993
2011676000,385000,269.42,1429,Cape,2488,1.5,2,2,0,1,0,R1,N,CP,G,5,1896,42.25681,-71.15837
2000893000,385000,251.96,1528,Colonial,2362,2,4,1,0,1,0,R1,Y,CL,L,7,1940,42.28048,-71.13977
1703135000,385000,235.04,1638,Two_Fam_Stack,2490,2,4,2,0,2,0,R2,Y,TF,G,8,1953,42.27968,-71.07069
2012057013,385000,193.18,1993,Other,2328,1,3,1,1,2,0,R1,Y,OH,G,7,1965,42.26443,-71.14887
105180000,385000,188.63,1376,Row_End,2195,2,2,2,0,1,0,R1,N,RE,F,5,1875,42.36607,-71.03111
1809002000,385000,168.27,2288,Two_Fam_Stack,3692,2,5,2,0,2,0,R2,N,TF,G,11,1928,42.256046,-71.119958
1502848000,385000,138.44,2826,Decker,4067,3,6,3,0,3,0,R3,N,DK,F,12,1905,42.30987,-71.06418
1801808000,385000,114.79,3354,Decker,5018,3,6,3,0,3,0,R3,N,DK,F,15,1910,42.26927,-71.09812
1403310000,385000,99.92,3853,Conventional,6074,2.5,8,3,0,3,0,R3,N,CV,G,15,1890,42.2868,-71.08636
1808776000,383000,286.46,1337,Conventional,2781,1.5,3,2,0,1,0,R1,Y,CV,G,6,1920,42.25673,-71.11829
700598000,382500,369.57,1035,Conventional,2400,1.5,2,1,0,1,0,R1,Y,CV,G,5,1905,42.33002,-71.05303
1809869000,382000,378.97,1008,Cape,2160,1,2,1,0,1,0,R1,N,CP,G,6,1950,42.24195,-71.1251
2000442001,382000,207.61,2038,Colonial,3441,1.5,3,1,0,1,0,R1,Y,CL,G,7,1900,42.2825,-71.13572
1809497000,381000,224.12,1700,Colonial,2906,2,3,1,1,1,1,R1,Y,CL,G,9,1910,42.23572,-71.13284
1900039000,380000,470.3,808,Conventional,1516,1.5,2,1,0,1,0,R1,Y,CV,G,5,1905,42.31726,-71.10536
102901000,380000,409.48,904,Cape,1596,1.5,3,1,1,1,0,R1,N,CP,G,8,1910,42.37835,-71.03623
1811933000,380000,248.69,1528,Conventional,2802,1.5,3,1,0,1,0,R1,N,CV,G,6,1910,42.25376,-71.13255
1701623000,380000,192.7,1972,Two_Fam_Stack,2904,2,5,2,0,2,0,R2,N,TF,G,7,1880,42.28631,-71.07988
1402269000,380000,191.92,1650,Colonial,2566,2,4,1,0,1,0,R1,N,CL,G,9,1890,42.29308,-71.07867
1502328000,380000,155.17,2449,Conventional,4228,2.5,6,3,0,2,0,R2,N,CV,G,11,1890,42.30648,-71.07053
1808575000,378000,237.89,1589,Cape,2390,1.5,3,2,1,1,0,R1,Y,CP,G,6,1958,42.27044,-71.12834
2005938000,377500,156.51,2412,Other,4312,2,4,2,0,2,0,R2,Y,OH,G,10,1920,42.28952,-71.15192
1812932004,377000,269.09,1401,Cape,3140,1,3,1,0,1,1,R1,Y,CP,G,6,1960,42.24034,-71.14279
100657000,377000,252.01,1496,Two_Fam_Stack,2244,2,2,2,0,2,0,R2,N,TF,F,8,1900,42.38493,-71.01812
103563000,377000,146.81,2548,Decker,3444,3,6,3,0,3,0,R3,N,DK,F,11,1900,42.38245,-71.03798
2007723000,375000,396.83,945,Other,1989,1,2,1,0,1,1,R1,Y,OH,H,5,1915,42.28691,-71.16453
1812890001,375000,387.4,968,Other,2036,1,3,1,0,1,1,R1,Y,OH,G,5,1955,42.23983,-71.13901
2007156000,375000,370.92,1011,Other,2102,1,2,1,0,1,1,R1,Y,OH,G,5,1946,42.29159,-71.16094
1805793000,375000,363.72,1031,Other,2102,1,2,1,1,1,1,R1,Y,OH,G,7,1961,42.27217,-71.13145
1805376001,375000,360.58,1040,Other,1884,1,2,1,0,1,0,R1,Y,OH,G,5,1950,42.27663,-71.12988
1810435000,375000,348.84,1075,Cape,2424,1,2,1,0,1,1,R1,Y,CP,G,5,1950,42.24693,-71.11397
1804831000,375000,306.37,1224,Cape,2288,1.5,3,1,0,1,0,R1,Y,CP,G,6,1955,42.2737,-71.12301
1809872021,375000,306.37,1224,Cape,2342,1.5,3,1,1,1,1,R1,Y,CP,G,6,1950,42.2398,-71.1255
2003577001,375000,262.61,1564,Colonial,2428,2,4,1,1,1,1,R1,N,CL,G,7,1964,42.27998,-71.15799
1809241000,375000,255.8,1466,Conventional,2793,2,4,2,0,2,0,R2,N,CV,G,9,1900,42.24995,-71.12372
2012052003,375000,252.19,1487,Other,2016,1,3,1,1,1,0,R1,N,OH,G,7,1960,42.26273,-71.14868
1703301000,375000,233.5,1398,Colonial,2044,2,3,1,0,1,0,R1,N,CL,G,6,1935,42.27554,-71.07029
100933000,375000,193.5,1938,Colonial,3255,2,3,2,0,1,0,R1,Y,CL,F,8,1900,42.383237,-71.017332
1403866000,375000,102.35,3257,Conventional,5918,2,7,2,1,2,0,R2,Y,CV,H,13,1920,42.28208,-71.08611
1301293000,375000,94.77,3957,Victorian,6049,2.5,4,1,1,1,3,R1,Y,VT,G,10,1890,42.31698,-71.06745
2007696000,374000,378.54,988,Other,2053,1,2,1,0,1,0,R1,Y,OH,G,5,1915,42.28692,-71.16397
2010227000,372000,413.33,900,Other,1856,1,3,1,0,1,1,R1,N,OH,G,5,1961,42.26579,-71.16378
1809496000,372000,369.05,1008,Cape,2256,1,3,1,0,1,1,R1,Y,CP,G,6,1950,42.23584,-71.13276
2008430000,372000,268.79,1384,Colonial,2370,2,3,1,0,1,0,R1,N,CL,H,6,1920,42.28542,-71.16749
1807878000,371500,327.6,1134,Other,2268,1,3,1,0,1,0,R1,N,OH,H,7,1920,42.26817,-71.11663
1202805000,371000,89.2,4159,Conventional,6566,2.5,9,4,0,3,0,R3,Y,CV,G,20,1900,42.31504,-71.083
2009796000,370000,405.7,912,Other,1988,1,2,1,0,1,0,R1,Y,OH,H,5,1925,42.27054,-71.16363
1605001000,370000,395.3,936,Other,1912,1,3,1,1,1,0,R1,Y,OH,G,5,1950,42.27838,-71.06185
1103260000,370000,388.66,986,Row_Middle,1482,2,3,1,0,1,0,R1,N,RM,G,6,1960,42.30437,-71.11289
2003298000,370000,338.83,1092,Other,2283,1,2,1,0,1,1,R1,N,OH,H,5,1960,42.27269,-71.15046
1600120000,370000,282.44,1310,Cape,2836,1,4,1,0,1,0,R1,Y,CP,G,6,1950,42.29763,-71.05097
2009341000,370000,273.67,1352,Colonial,2248,2,2,1,0,1,1,R1,Y,CL,G,6,1920,42.27606,-71.16061
1703139003,370000,263.91,1372,Colonial,2170,2,3,1,1,1,1,R1,Y,CL,G,8,1948,42.27865,-71.0709
103094000,370000,251.36,1346,Semi_Det,2332,2,6,2,0,2,0,R2,N,SD,M,12,1900,42.38042,-71.03363
2012176020,370000,221.56,1670,Other,2356,1,3,2,0,1,2,R1,Y,OH,G,7,1994,42.263869,-71.153252
2012234000,370000,214.37,1726,Other,2052,1,3,2,0,1,0,R1,Y,OH,G,5,1964,42.26372,-71.15163
1811744000,370000,210.23,1760,Two_Fam_Stack,3040,2,4,2,0,2,0,R2,N,TF,H,10,1920,42.25454,-71.13127
1601696000,370000,199.46,2078,Colonial,3246,2.5,5,2,1,1,1,R1,N,CL,G,8,1920,42.28994,-71.06146
100194000,370000,193.11,1916,Two_Fam_Stack,3318,2,2,2,0,2,0,R2,Y,TF,F,9,1900,42.380141,-71.029458
2009714005,369900,350.28,1056,Colonial,1584,2,3,1,0,1,0,R1,N,CL,L,6,1940,42.26968,-71.16402
1812063000,369300,222.07,1663,Cape,3096,1.5,3,1,1,1,1,R1,Y,CP,G,6,1962,42.249391,-71.134017
1704473000,369000,171.79,1812,Colonial,3025,2,4,1,1,1,0,R1,Y,CL,G,7,1920,42.28326,-71.06872
2008471000,368000,358.67,1026,Other,2140,1,2,1,0,1,0,R1,Y,OH,G,5,1928,42.28717,-71.16951
1811716000,368000,324.51,1134,Colonial,1824,2,2,2,0,1,0,R1,Y,CL,G,6,1925,42.25448,-71.13253
1809895000,368000,300.65,1224,Cape,2160,1.5,3,1,0,1,1,R1,Y,CP,G,6,1953,42.24213,-71.12381
2008060000,368000,288.85,1274,Colonial,1964,2,3,1,1,1,1,R1,Y,CL,G,6,1956,42.28764,-71.16572
1800138000,368000,163.63,2249,Colonial,3538,2,3,1,1,1,0,R1,N,CL,G,8,1940,42.27306,-71.08957
1811067000,367500,238.17,1313,Colonial,2251,2,3,2,0,1,0,R1,N,CL,G,6,1930,42.25675,-71.11358
1202772000,367000,141.97,2585,Semi_Det,4048,2.5,7,2,0,1,0,R1,N,SD,G,10,1900,42.3146,-71.08135
1812325067,366000,173.71,2107,Other,2461,1,3,1,1,1,0,R1,Y,OH,G,7,1955,42.2504,-71.14504
1400351000,365500,169.21,2160,Two_Fam_Stack,3544,2,5,2,0,2,0,R2,N,TF,H,10,1905,42.31022,-71.07564
1806132000,365000,392.9,929,Cape,2014,1,3,1,0,1,1,R1,N,CP,G,5,1930,42.26904,-71.13208
1808511000,365000,279.48,1306,Cape,2894,1.5,3,1,1,1,1,R1,Y,CP,G,5,1955,42.26775,-71.12831
1807172000,365000,266.03,1372,Colonial,2280,2,4,1,1,1,1,R1,Y,CL,G,7,1935,42.26833,-71.11239
1808430000,365000,240.92,1515,Cape,3053,1.5,3,2,0,1,0,R1,Y,CP,G,6,1957,42.26617,-71.12716
1404518000,365000,86.66,4204,Conventional,6646,2.5,9,4,0,3,0,R2,N,CV,H,16,1925,42.286896,-71.091374
1806090000,364000,338.6,1075,Cape,2430,1,3,1,0,1,1,R1,Y,CP,G,7,1955,42.27438,-71.13294
100189000,363000,306.59,892,Row_End,1658,2,2,1,0,1,0,R1,N,RE,G,4,1900,42.38034,-71.0291
100518000,363000,217.37,1670,Conventional,2402,2,2,2,0,2,0,R2,Y,CV,G,8,1910,42.38124,-71.02271
1806502000,362000,359.13,1008,Other,2226,1,3,2,0,1,1,R1,Y,OH,G,7,1970,42.28566,-71.11481
1808683001,360000,318.02,1132,Other,2560,1,3,1,1,1,2,R1,Y,OH,G,8,1964,42.26563,-71.12864
1800067000,360000,267.86,1344,Colonial,2080,2,4,2,1,1,0,R1,Y,CL,G,8,1930,42.27056,-71.08034
1803989000,360000,257.14,1400,Cape,3066,1,5,2,1,1,0,R1,Y,CP,G,8,1925,42.26933,-71.10978
1808079000,360000,253.88,1418,Colonial,2350,2,3,2,0,1,0,R1,Y,CL,M,9,1900,42.26188,-71.12171
1804171004,360000,219.51,1640,Colonial,2976,2,3,1,2,1,1,R1,Y,CL,G,7,1949,42.265592,-71.109993
1701930000,360000,199.34,1806,Colonial,3047,2,5,1,0,1,0,R1,N,CL,G,9,1885,42.28421,-71.07715
100978000,360000,174.42,2064,Conventional,3726,2,4,3,0,2,0,R2,N,CV,G,12,1910,42.38409,-71.01372
1701810000,360000,150.38,2394,Conventional,3892,2,5,1,0,1,0,R1,N,CV,G,9,1900,42.28739,-71.07785
800464000,360000,131.15,2745,Decker,3948,3,5,3,0,3,0,R3,Y,DK,F,11,1905,42.32524,-71.06916
1203115000,360000,100.33,3588,Two_Fam_Stack,5678,2,6,3,1,2,0,R2,N,TF,H,16,1900,42.31146,-71.09135
1809872011,359000,356.15,1008,Cape,2160,1,3,1,0,1,1,R1,Y,CP,G,6,1950,42.2409,-71.12413
1808547000,359000,274.89,1306,Cape,2344,1.5,2,1,0,1,1,R1,N,CP,G,5,1956,42.26763,-71.12923
2010335000,358000,261.7,1368,Colonial,2040,2,4,1,1,1,1,R1,N,CL,G,7,1965,42.26198,-71.1643
1812325026,358000,214.76,1667,Other,2040,1,3,1,1,1,0,R1,Y,OH,G,6,1955,42.25302,-71.1426
1701392000,357000,171.14,2086,Colonial,3205,2,4,2,0,1,0,R1,Y,CL,G,9,1870,42.28817,-71.07523
1500900000,356350,174.08,1990,Colonial,3518,2,4,1,1,1,1,R1,N,CL,G,8,1910,42.30157,-71.07178
1703273004,355000,239.22,1484,Colonial,2476,2,3,1,1,1,1,R1,Y,CL,G,7,1940,42.2783,-71.0704
100138000,355000,190.96,1859,Conventional,2198,1.5,3,3,0,2,0,R2,N,CV,G,8,1905,42.379534,-71.028949
1200386000,355000,164.2,2162,Semi_Det,3170,3,4,3,0,3,0,R3,N,SD,M,8,1890,42.3223,-71.07732
1202449000,355000,163.44,2172,Two_Fam_Stack,3688,2,4,2,0,2,0,R2,N,TF,G,10,1935,42.3085,-71.08458
1401406000,355000,145.49,2440,Conventional,3757,2.5,6,2,1,2,0,R2,Y,CV,G,14,1920,42.30156,-71.07225
1801671000,355000,144.07,2464,Two_Fam_Stack,4068,2,5,2,0,2,0,R2,N,TF,H,11,1905,42.2675,-71.09718
100181000,355000,120.54,2904,Decker,3892,3,6,3,0,3,0,E,N,DK,F,14,1890,42.38051,-71.02837
106767000,355000,116.32,2800,Decker,3704,3,6,3,0,3,0,R3,Y,DK,F,12,1900,42.37662,-71.03304
1800267000,354000,258.39,1370,Cape,2648,1.5,3,2,0,1,0,R1,N,CP,G,7,1958,42.2763,-71.07824
2008479000,353500,387.61,912,Other,1899,1,2,1,1,1,0,R1,Y,OH,G,5,1930,42.28732,-71.17106
1800385015,353000,268.85,1313,Cape,2963,1,3,1,1,1,0,R1,Y,CP,G,7,1950,42.27211,-71.08935
2010549000,351500,209.23,1680,Other,3203,1.5,4,2,0,1,0,R1,Y,OH,G,8,1925,42.2718,-71.16969
1812058000,351000,254.16,1381,Cape,2950,1,3,1,0,1,1,R1,Y,CP,G,7,1950,42.25169,-71.13238
105713000,350100,248.3,1346,Row_End,2156,2,4,2,0,2,0,R2,N,RE,F,6,1910,42.371156,-71.038159
1808577000,350000,406.5,861,Other,1542,1,3,1,1,1,0,R1,Y,OH,H,5,1940,42.27016,-71.12836
701275000,350000,367.65,972,Colonial,1458,2,2,1,0,1,0,R1,Y,CL,G,5,1905,42.33133,-71.04844
1811983000,350000,354.25,988,Other,2263,1,2,2,0,1,2,R1,N,OH,G,6,1955,42.25092,-71.13536
1811306000,350000,347.22,1008,Colonial,1698,2,3,1,0,1,1,R1,Y,CL,G,6,1940,42.26368,-71.12662
1812325051,350000,336.54,1040,Other,2224,1,3,1,1,1,0,R1,Y,OH,G,7,1955,42.2501,-71.14409
1805211000,350000,296.61,1180,Other,2360,1,2,2,0,1,2,R1,Y,OH,G,5,1962,42.27797,-71.13378
1602935000,350000,262.96,1331,Colonial,2598,1.5,3,1,1,1,1,R1,Y,CL,G,7,1880,42.28941,-71.05763
1804450000,350000,261.39,1339,Colonial,2398,1.5,3,1,1,1,0,R1,Y,CL,G,7,1910,42.2585,-71.1174
1704518000,350000,258.88,1352,Colonial,1586,2,4,1,0,1,0,R1,N,CL,M,7,1900,42.28418,-71.06699
1501550000,350000,231.18,1152,Colonial,1967,2,3,1,1,1,0,R1,N,CL,G,6,1890,42.30053,-71.06272
1800114016,350000,204.08,1715,Two_Fam_Stack,2555,2,4,2,0,2,0,R2,Y,TF,G,8,1945,42.27164,-71.08548
1810118000,350000,187.77,1864,Two_Fam_Stack,2963,2,4,2,0,2,0,R2,Y,TF,G,8,1925,42.24799,-71.12281
1812325070,350000,179.58,1949,Other,2458,1,3,1,0,1,1,R1,Y,OH,G,7,1957,42.25102,-71.14514
1808016000,350000,113.34,3088,Conventional,5231,2,6,2,0,2,1,R2,Y,CV,G,14,1910,42.26314,-71.12199
1401749000,350000,102.13,3427,Conventional,5420,2.5,8,2,0,2,0,R2,N,CV,G,14,1910,42.30047,-71.08218
1800930000,350000,90.72,3858,Conventional,5796,3,9,3,0,3,0,R3,N,CV,H,18,1905,42.2778,-71.09246
1903242000,349900,251.36,1392,Colonial,2064,2,3,1,1,1,1,R1,N,CL,G,6,1963,42.29009,-71.12125
1807310009,349000,215.43,1620,Colonial,2400,2,3,1,1,1,1,R1,Y,CL,G,6,1961,42.26944,-71.11661
1811244000,348000,157.04,2216,Two_Fam_Stack,4316,2,5,2,0,2,0,R2,N,TF,G,12,1935,42.25891,-71.12626
1402211000,348000,95.47,3645,Conventional,5594,2.5,6,2,0,2,0,R2,N,CV,G,18,1900,42.29364,-71.08022
1807413000,345000,497.12,694,Cape,1344,1.5,2,1,0,1,0,R1,Y,CP,G,4,1915,42.27365,-71.11071
1805858000,345000,285.36,1209,Cape,2233,1.5,3,1,0,1,0,R1,Y,CP,G,6,1941,42.26945,-71.13123
104295008,345000,255.18,1352,Colonial,2291,2,2,2,0,1,0,R1,Y,CL,G,7,1900,42.38078,-71.01535
1804794003,345000,220.03,1568,Colonial,2416,2,3,1,1,1,0,R1,Y,CL,G,8,1958,42.27394,-71.12181
104808000,345000,176.47,1597,Semi_Det,2178,2,2,2,0,2,0,R2,N,SD,G,6,1910,42.36663,-71.03555
102521000,344000,216.62,1285,Cape,2496,1.5,2,1,0,1,0,R1,Y,CP,S,7,1940,42.39053,-70.99884
1805531000,344000,181.91,1891,Other,3413,1,2,2,0,1,0,R1,Y,OH,H,6,1925,42.27755,-71.13063
1800385017,342500,370.67,969,Cape,2140,1,3,1,1,1,0,R1,N,CP,G,6,1956,42.27272,-71.08899
1812590000,342500,273.56,1252,Other,2909,1,3,1,0,1,1,R1,Y,OH,G,6,1963,42.24477,-71.13622
2010078000,342000,283.82,1205,Cape,2667,1,2,1,0,1,0,R1,Y,CP,G,6,1940,42.26567,-71.16582
1403092000,342000,87.47,3258,Two_Fam_Stack,5395,2,6,2,0,2,0,R2,Y,TF,H,12,1900,42.28867,-71.08653
1803436000,340250,380.59,894,Cape,1888,1,3,1,1,1,1,R1,Y,CP,G,7,1950,42.2726,-71.10883
1801427000,340000,319.85,1063,Cape,2255,1.5,3,1,0,1,0,R1,N,CP,G,6,1925,42.26143,-71.10346
1704002000,340000,303.57,1120,Colonial,1744,2,3,1,0,1,1,R1,Y,CL,G,7,1940,42.27407,-71.07688
1807311002,340000,257.97,1318,Cape,2358,1.5,3,1,1,1,0,R1,Y,CP,G,6,1963,42.27023,-71.1173
101737000,340000,196.99,1720,Two_Fam_Stack,2935,2,4,2,0,2,0,R2,N,TF,F,8,1910,42.38839,-71.00936
1404997000,340000,161.14,2110,Cape,4713,1,4,1,0,1,0,R1,Y,CP,G,8,1945,42.28141,-71.09412
1703330000,339900,277.7,1224,Cape,2746,1.5,2,1,1,1,1,R1,N,CP,G,6,1935,42.27557,-71.0719
102824000,338500,280.45,1188,Row_Middle,1848,2,3,2,1,1,0,R1,Y,RM,G,6,1880,42.37897,-71.03766
1806067000,336000,305.45,1100,Other,2277,1,3,1,1,1,0,R1,Y,OH,G,7,1964,42.27525,-71.13364
2009700000,335000,353.38,948,Other,2062,1,2,1,0,1,0,R1,N,OH,H,5,1929,42.27023,-71.16517
1806873000,335000,279.63,1198,Cape,2612,1,2,1,0,1,1,R1,N,CP,G,4,1963,42.27502,-71.11768
105565000,335000,242.75,1512,Two_Fam_Stack,2268,2,2,2,0,2,0,R2,N,TF,G,7,1900,42.37187,-71.041
102220000,335000,241.53,1387,Cape,2689,1.5,2,1,1,1,1,R1,Y,CP,G,7,1951,42.39134,-71.00147
1802217000,335000,194.65,1721,Other,2472,1,3,1,1,1,1,R1,Y,OH,G,6,1957,42.27392,-71.09997
1808582000,334000,315.09,1060,Cape,1882,1.5,4,1,0,1,0,R1,Y,CP,G,6,1941,42.26981,-71.1293
101783000,332500,239.38,1387,Cape,1642,1.5,3,1,1,1,0,R1,N,CP,G,6,1920,42.38896,-71.00945
1500906000,331000,161.31,2052,Colonial,3541,2,4,1,1,1,1,R1,Y,CL,H,8,1925,42.30189,-71.07079
1903319000,330000,310.15,1064,Colonial,1634,2,2,1,1,1,0,R1,Y,CL,G,5,1928,42.289218,-71.121149
1807332000,330000,306.98,1075,Cape,2322,1,3,2,0,1,0,R1,N,CP,G,7,1949,42.27435,-71.11756
1903353000,330000,237.07,1392,Colonial,2171,2,4,1,1,1,1,R1,Y,CL,G,7,1950,42.28995,-71.12176
2012205000,330000,191.19,1726,Other,2196,1,3,1,1,1,0,R1,Y,OH,G,6,1960,42.26411,-71.15162
1807510000,330000,165,2000,Conventional,3537,2,4,2,0,2,0,R2,N,CV,G,9,1900,42.26226,-71.11128
1804333000,329000,174.63,1884,Two_Fam_Stack,2892,2,3,2,0,2,0,R2,N,TF,H,11,1930,42.26471,-71.10637
1401398000,327000,151.39,2160,Colonial,3882,2,4,2,0,1,0,R1,N,CL,H,8,1910,42.30221,-71.07237
102844000,325000,329.61,986,Row_End,1664,2,4,2,0,1,0,R1,N,RE,G,6,1900,42.37947,-71.03565
106516000,325000,316.76,1082,Row_Middle,1614,2,2,2,0,1,0,R1,Y,RM,F,5,1900,42.376341,-71.034702
1804717000,325000,245.84,1322,Colonial,2127,2,3,1,1,1,0,R1,N,CL,G,6,1860,42.28022,-71.12548
106062000,325000,206.35,1785,Row_End,2635,3,3,1,2,1,0,R1,N,RE,M,6,1900,42.375288,-71.036939
1401504000,325000,170.34,1908,Colonial,3263,2,3,1,1,1,0,R1,Y,CL,G,7,1900,42.29895,-71.07669
1808902000,325000,148.2,2193,Colonial,4134,2,4,1,0,1,0,R1,Y,CL,G,10,1910,42.25997,-71.12113
1501808000,325000,87.15,3729,Decker,5505,3,8,3,0,3,0,R3,N,DK,F,20,1905,42.30814,-71.06735
1808921000,325000,75.23,4320,Conventional,6464,3,6,3,0,3,0,R3,N,CV,M,12,1910,42.25869,-71.12115
1800660000,324000,249.23,1300,Colonial,1924,2,3,1,1,1,0,R1,N,CL,G,6,1950,42.27584,-71.08821
1808437000,322000,329.92,976,Other,1977,1,3,1,0,1,1,R1,Y,OH,G,5,1955,42.26579,-71.12602
1503055000,322000,165.13,1950,Semi_Det,3007,3,5,1,1,1,0,R1,Y,SD,M,8,1900,42.310189,-71.061119
100195010,321000,197.78,1623,Conventional,2386,1.5,4,2,0,2,0,R2,N,CV,G,7,1900,42.38012,-71.02953
1808629000,320000,402.01,796,Other,1672,1,2,1,0,1,0,R1,Y,OH,H,4,1940,42.26836,-71.13
106624000,320000,278.26,1112,Row_End,1868,2,4,1,1,1,0,R1,N,RE,F,6,1900,42.37741,-71.03465
1809806000,320000,256.41,1248,Colonial,2218,2,3,1,0,1,1,R1,Y,CL,G,8,1935,42.23642,-71.12843
1904388000,320000,256.41,1248,Colonial,2048,2,3,1,1,1,0,R1,Y,CL,G,6,1920,42.28772,-71.11292
1503184010,320000,248.45,1288,Semi_Det,1932,2,3,1,1,1,1,R1,N,SD,G,6,1989,42.312599,-71.055788
1807310013,320000,242.79,1318,Cape,2367,1.5,3,2,1,1,0,R1,Y,CP,G,6,1963,42.26969,-71.11696
1806336000,320000,188.68,1696,Other,3927,1,3,1,1,1,0,R1,Y,OH,H,7,1915,42.28057,-71.118
1812465000,320000,171.49,1854,Other,2144,1,3,1,1,1,1,R1,Y,OH,G,7,1955,42.24215,-71.14185
106676000,320000,137.1,2047,Conventional,3306,2,2,2,0,2,0,R2,Y,CV,G,8,1900,42.378228,-71.032407
1402427000,319000,145.73,1956,Colonial,3358,2,4,2,1,1,0,R1,Y,CL,H,11,1900,42.29938,-71.07723
1801481000,315000,325.41,968,Other,2008,1,4,2,0,1,1,R1,N,OH,G,8,1963,42.26238,-71.1045
1809685003,315000,293.02,1075,Cape,2304,1,3,1,1,1,2,R1,Y,CP,G,8,1960,42.23503,-71.12792
2008485000,312500,333.87,936,Other,2068,1,2,1,0,1,1,R1,Y,OH,G,5,1930,42.28789,-71.17054
1812269024,312000,235.29,1326,Cape,2760,1.5,3,1,0,1,1,R1,Y,CP,G,6,1948,42.25261,-71.1396
1803520000,310000,313.77,988,Other,1976,1,2,1,0,1,0,R1,Y,OH,G,6,1950,42.27108,-71.108
1812471000,310000,307.54,1008,Other,2107,1,3,2,0,1,0,R1,N,OH,G,6,1970,42.24232,-71.14071
1402397000,309800,125.68,2218,Colonial,3780,2,4,1,1,1,0,R1,Y,CL,G,9,1900,42.29883,-71.0777
2011684000,307000,292.94,1048,Conventional,1994,1.5,3,1,0,1,0,R1,Y,CV,G,6,1896,42.2569,-71.1582
2010338000,307000,194.55,1578,Other,2140,1,3,1,0,1,1,R1,N,OH,G,5,1960,42.2621,-71.16376
800653000,305000,217.39,1403,Colonial,1949,2,3,2,0,1,0,R1,N,CL,M,6,1900,42.3251,-71.07217
1812268061,302000,169.57,1781,Other,2240,1,3,1,0,1,0,R1,N,OH,G,7,1954,42.24969,-71.14266
1903668000,301500,314.06,960,Other,1920,1,3,1,0,1,0,R1,Y,OH,G,5,1969,42.28639,-71.12157
106134000,300000,357.14,612,Conventional,1088,2,2,1,0,1,0,R1,N,CV,F,5,1890,42.37446,-71.03666
100231000,300000,227.27,1244,Row_Middle,1866,2,3,1,0,1,0,R1,Y,RM,F,5,1911,42.38117,-71.02873
1804634000,300000,206.9,1450,Colonial,2306,2,3,1,0,1,0,R1,Y,CL,G,6,1900,42.28123,-71.1292
1500236000,300000,205.2,1462,Colonial,2532,2,4,2,0,1,0,R1,Y,CL,G,6,1910,42.30437,-71.05746
106494000,300000,179,1676,Row_End,2640,2,2,2,0,2,0,R2,Y,RE,F,9,1900,42.37597,-71.03492
1802173000,300000,161.03,2122,Other,2316,1,3,1,1,1,1,R1,Y,OH,G,5,1950,42.27342,-71.09915
1303266000,300000,158.98,1887,Conventional,3207,2,6,2,0,2,0,R2,Y,CV,G,12,1900,42.32072,-71.0546
102728000,300000,146.7,1953,Colonial,1974,2,4,2,0,1,0,R1,N,CL,G,7,1880,42.380045,-71.038378
1501529000,300000,117.32,2557,Colonial,3978,2.5,8,1,1,1,0,R1,N,CL,H,11,1896,42.30163,-71.06345
1802258000,299000,222.47,1344,Colonial,2108,2,3,1,1,1,1,R1,Y,CL,G,6,1925,42.27108,-71.10106
2010153002,296000,273.82,1081,Cape,2564,1,2,1,0,1,0,R1,Y,CP,G,6,1935,42.26389,-71.16506
1802975000,295000,265.29,1112,Other,2396,1,3,1,1,2,1,R1,N,OH,G,6,1950,42.27679,-71.09888
102941000,295000,213.15,1416,Row_End,2043,2,3,1,0,1,0,R1,N,RE,G,6,1900,42.378232,-71.034815
1300932000,295000,203.17,1452,Colonial,2402,2,3,1,1,1,0,R1,N,CL,M,8,1900,42.31333,-71.07324
1810203000,294000,246.64,1152,Colonial,1904,2,2,1,0,1,0,R1,N,CL,G,5,1900,42.24644,-71.11958
1804204000,292000,278.89,1047,Cape,1878,1.5,3,1,0,1,1,R1,N,CP,S,7,1940,42.26715,-71.11003
1806174000,291000,285.85,1018,Cape,1838,1.5,3,1,0,1,0,R1,Y,CP,G,7,1910,42.27948,-71.11385
100501000,290000,183.08,1584,Conventional,2992,2,3,1,0,2,0,R2,N,CV,G,7,1880,42.38046,-71.02476
106492000,289000,277.88,1040,Row_Middle,1622,2,3,1,1,1,0,R1,Y,RM,F,5,1910,42.37604,-71.03481
1800531007,288000,213.97,1346,Cape,2472,1.5,3,1,1,1,0,R1,N,CP,G,6,1950,42.27301,-71.09013
1401127000,287860,176.93,1627,Colonial,2922,2,4,2,0,1,0,R1,N,CL,G,8,1900,42.30448,-71.07523
1808072000,285000,207.73,1372,Colonial,2293,1.5,4,1,1,1,0,R1,Y,CL,G,9,1920,42.2613,-71.12114
1808169000,285000,135.91,2097,Colonial,3713,2,3,1,0,1,0,R1,Y,CL,G,10,1910,42.26072,-71.11767
1809248000,280000,248.67,1126,Colonial,2052,2,4,1,0,1,0,R1,Y,CL,G,6,1905,42.24982,-71.12351
1802798001,280000,194.71,1438,Colonial,2626,2,3,1,1,1,1,R1,N,CL,G,7,1950,42.2756,-71.10055
1812622002,279000,267.75,1042,Conventional,2232,1,3,1,0,1,0,R1,Y,CV,G,6,1920,42.24288,-71.13499
1812501000,278000,336.56,826,Colonial,1482,1.5,3,1,0,1,0,R1,N,CL,G,6,1880,42.24326,-71.13948
1803237000,276550,207.62,1332,Colonial,2121,2,3,1,1,1,0,R1,N,CL,G,6,1930,42.2798,-71.09808
1806193001,276000,284.83,969,Semi_Det,1518,2,2,1,0,1,0,R1,N,SD,G,4,1965,42.280154,-71.113808
1808362000,269000,311.34,864,Other,1728,1,2,1,0,1,0,R1,Y,OH,G,5,1961,42.27156,-71.12484
1802049000,265000,212.34,1248,Semi_Det,1872,2,3,1,1,1,0,R1,N,SD,G,5,1987,42.2693,-71.10323
100137000,260000,217.21,1197,Colonial,1785,2,2,1,1,1,0,R1,N,CL,F,5,1860,42.37967,-71.02903
1500126000,260000,189.37,1373,Row_End,1962,2,3,2,0,1,0,R1,N,RE,F,8,1890,42.30227,-71.05669
1803374000,258000,223.96,1152,Cape,2536,1,4,1,1,1,1,R1,N,CP,G,6,1950,42.27393,-71.10847
1300304010,256000,177.65,1428,Two_Fam_Stack,2180,2,4,2,0,2,0,R2,Y,TF,F,10,1896,42.31912,-71.07602
102332000,255000,445.03,573,Cape,1166,1,3,1,0,1,0,R1,N,CP,G,6,1900,42.39076,-71.00286
100712000,250000,153.19,1488,Colonial,1488,2,2,1,0,1,0,R1,Y,CL,F,6,1910,42.38454,-71.01953
1301184000,250000,86.96,2162,Conventional,4123,2,6,2,0,2,0,R2,Y,CV,G,11,1910,42.3127,-71.07174
1802751060,245000,225.81,1085,Other,2170,1,3,1,0,1,0,R1,Y,OH,G,6,1956,42.27131,-71.10192
106721000,245000,217.2,1214,Conventional,2020,1.5,3,1,0,1,0,R1,Y,CV,G,6,1910,42.3779,-71.03251
1803558000,245000,212.31,1154,Cape,2598,1,2,1,0,1,0,R1,N,CP,G,6,1950,42.27071,-71.1073
800059000,245000,106.43,2302,Conventional,3780,2,6,2,0,2,0,R2,N,CV,G,12,1883,42.32037,-71.06967
1801318000,240000,329.22,729,Cape,1736,1,1,1,0,1,1,R1,Y,CP,G,4,1947,42.26312,-71.10049
1800090000,240000,320,750,Cape,2000,1,2,1,0,1,0,R1,Y,CP,G,4,1950,42.272676,-71.078405
100236000,240000,202.02,1168,Row_End,1752,2,3,1,1,1,0,R1,Y,RE,F,5,1900,42.38101,-71.02903
1502471000,235000,213.25,1102,Colonial,2374,1.5,2,1,0,1,0,R1,Y,CL,G,6,1905,42.31419,-71.06968
1800589000,234000,124.53,1879,Other,2676,1,3,1,1,1,0,R1,N,OH,G,5,1960,42.27434,-71.09057
1200104000,230000,111.43,2064,Row_Middle,3060,2,3,2,0,1,0,R1,N,RM,F,8,1890,42.32596,-71.08261
1700277038,219000,238.56,918,Row_Middle,1383,2,2,1,0,1,0,R1,Y,RM,G,4,1984,42.29639,-71.07409
1803912000,218704,148.88,1469,Cape,2672,1.5,3,2,0,1,1,R1,N,CP,G,6,1950,42.2662,-71.10697
1201371000,200000,186.57,1072,Colonial,1615,2,2,1,1,1,0,R1,N,CL,F,4,1905,42.32534,-71.08556
1800045001,826,0,826,Unknown,1702,1,3,2,0,1,0,R1,Y,UN,G,7,1998,42.2712,-71.07629
1803455000,0,0,1977,Unknown,3294,2,4,1,1,1,1,R1,Y,UN,G,7,1991,42.2718,-71.1087
