id,name,host_id,host_profile_id,host_name,neighbourhood_group,neighbourhood,latitude,longitude,room_type,price,minimum_nights,number_of_reviews,last_review,reviews_per_month,calculated_host_listings_count,availability_365,number_of_reviews_ltm,license
1513909061895084083,Premium plus queen room,,,,,South Boston Waterfront,42.35232,-71.04685,Private room,269,1,7,2026-07-01,3.62,,122,7,
1650777631739075411,1 King bed executive,,,,,Beacon Hill,42.36058,-71.07131,Private room,529,1,0,,,,320,0,
1132565660790734612,Club room,,,,,Downtown,42.3564,-71.05731,Private room,221,1,0,,,,360,0,
1674570506864454087,"The Verb Hotel, Stadium queen",,,,,Fenway,42.34508,-71.09674,Private room,242,1,0,,,,218,0,
1448020069042823191,Back bay king,,,,,South End,42.34692,-71.07065,Private room,243,1,85,2026-06-18,7.89,,361,85,
1096275433310259386,Accessible queen bed plus bath down the hall room,,,,,South End,42.346155,-71.070907,Private room,179,1,27,2026-06-13,0.94,,253,14,
1101474534813491613,Accessible standard king,,,,,Downtown,42.36079,-71.05584,Private room,337,1,27,2026-06-29,6.14,,354,27,
1081878885561334396,Premium queen room,,,,,South Boston Waterfront,42.352323,-71.0468488,Private room,269,1,87,2026-06-25,3.00,,243,40,
1674813620215712100,Premier king room,,,,,Allston,42.36367,-71.12162,Private room,415,1,0,,,,354,0,
1674813621045250787,Atlas suite ADA shower,,,,,Allston,42.36367,-71.12162,Private room,484,1,0,,,,335,0,
1674570250474818464,"The Verb Hotel, Stadium king",,,,,Fenway,42.34508,-71.09674,Private room,269,1,0,,,,216,0,
1132565369385985939,Standard room,,,,,Downtown,42.3564,-71.05731,Private room,221,1,24,2026-06-03,0.89,,360,21,
1650777632116148794,1 King bed hearing accessible classic,,,,,Beacon Hill,42.36058,-71.07131,Private room,749,1,0,,,,318,0,
1039836988066158736,Two queen room,,,,,Longwood Medical Area,42.3383407,-71.1066156,Private room,349,1,12,2025-10-14,0.48,,353,8,
1628291019285301117,Harbor view room king bed,,,,,South Boston Waterfront,42.34925,-71.04144,Private room,254,1,1,2026-04-29,0.43,,362,1,
1096276285946258499,Revolution loft junior suite,,,,,South End,42.346155,-71.070907,Private room,574,1,0,,,,170,0,
1101474911521710374,Studio suite,,,,,Downtown,42.36079,-71.05584,Private room,337,1,4,2026-04-19,0.16,,362,2,
1513908407487220663,Premium queen partial harbor view room,,,,,South Boston Waterfront,42.35232,-71.04685,Private room,269,1,1,2026-03-22,0.28,,147,1,
1674813761048247077,Premier king room ADA tub,,,,,Allston,42.36367,-71.12162,Private room,319,1,0,,,,345,0,
1650777632061391868,1 King bed beacon hill city view,,,,,Beacon Hill,42.36058,-71.07131,Private room,799,1,0,,,,306,0,
1091446719007763396,Superior room two queen beds,,,,,Bay Village,42.3506,-71.0679,Private room,284,1,68,2026-05-31,2.35,,326,32,
1039812151743974091,Superior king,,,,,Longwood Medical Area,42.3383407,-71.1066156,Private room,349,1,0,,,,354,0,
1674570251438982030,Accessible backstage trailer,,,,,Fenway,42.34508,-71.09674,Private room,314,1,0,,,,214,0,
1105790235269473095,Deluxe queen,,,,,North End,42.366842,-71.05097,Private room,229,1,33,2026-07-01,1.19,,357,31,
1658848668157986253,Standard 2 queens room,,,,,Brighton,42.36361,-71.13637,Private room,233,1,10,2026-07-01,4.55,,330,10,
1092880112831338032,Standard King,,,,,Downtown,42.3575,-71.05286,Private room,269,1,29,2026-06-21,1.05,,358,17,
1674813620979960460,King corner room,,,,,Allston,42.36367,-71.12162,Private room,415,1,2,2026-06-24,2,,354,2,
1685621972141570601,Queen room,,,,,Downtown,42.34997,-71.06644,Private room,179,1,14,2026-07-02,14,,358,14,
1092880598028706685,Superior King,,,,,Downtown,42.3575,-71.05286,Private room,310,1,6,2026-06-01,0.21,,359,2,
1115968488431554437,Deluxe room king bed,,,,,South Boston Waterfront,42.349248,-71.041437,Private room,254,1,36,2026-06-14,1.30,,341,31,
1650859628574001642,Commonwealth Suite,,,,,Fenway,42.34854,-71.09526,Private room,499,1,1,2026-06-05,0.94,,348,1,
1674813756538867054,King room hearing impaired,,,,,Allston,42.36367,-71.12162,Private room,415,1,1,2026-06-14,1,,350,1,
1092882504913426047,Deluxe Double Queen,,,,,Downtown,42.3575,-71.05286,Private room,269,1,0,,,,353,0,
1658848668129534658,Standard king room,,,,,Brighton,42.36361,-71.13637,Private room,233,1,3,2026-06-13,1.53,,325,3,
1039150810936346820,Premium king room,,,,,Longwood Medical Area,42.3383407,-71.1066156,Private room,359,1,2,2024-07-05,0.07,,341,0,
1105789621429505418,Premier king water view,,,,,North End,42.366842,-71.05097,Private room,229,1,13,2026-06-21,4.94,,359,13,
52113003,King Bed Loft in the Heart of Downtown Boston,20828559,1463139729719365769,Lu,,Downtown,42.35437,-71.06206,Entire home/apt,347,1,276,2026-05-27,4.77,1,185,48,STR-516048
695542274861997846,Super 2 Bedroom apt in Beacon Hill Boston,373675137,1463554206153655871,Lilith,,Beacon Hill,42.35979,-71.06535,Entire home/apt,146,29,4,2024-12-09,0.11,117,123,0,
9110708,Cozy & sunny apartment BU/Allston,32018716,1465470416241322641,Linh,,Allston,42.35157,-71.12524,Entire home/apt,,91,0,,,1,0,0,
197972,Serene Studio in a Perfect Location,965697,1462534483105275808,Kristina,,Jamaica Plain,42.31533,-71.11025,Entire home/apt,204,1,594,2026-06-06,3.33,2,95,37,STR-409453
706445990952752456,Spacious 1br In Boston FIDI | Close to T!,382451810,1469783251184910688,Healing Homes,,Downtown,42.35884,-71.05493,Entire home/apt,351,1,194,2026-05-21,4.21,43,158,22,STR-489695
1095769201154960182,Exquisite 3Bedroom Apt with in Beacon Hill,373675137,1463554206153655871,Lilith,,Beacon Hill,42.359985869810735,-71.06730585445456,Entire home/apt,167,29,2,2024-10-27,0.09,117,109,0,
1623259699152654776,Modern Apt walk to Airport - 5 min from Downtown,699041704,1470739825185749122,NomadiQ,,East Boston,42.37627356714671,-71.03182843592882,Entire home/apt,296,1,18,2026-06-07,4.54,6,365,18,STR-616733
1092881747623246005,Deluxe Double Queen Accessible,555865871,1470482196499250152,,,Downtown,42.3575,-71.05286,Private room,269,1,1,2026-05-08,0.50,2,354,1,
1039074135360483624,Back Bay Ultra Luxury Studio at Raffles Boston,220832609,1469166258936655709,Daniel,,Back Bay,42.34866623399031,-71.07508631534422,Entire home/apt,323,29,6,2025-11-02,0.22,1,365,2,
666183298864581824,Nice 1 bed apt with extra bed @living room boston,373675137,1463554206153655871,Lilith,,Beacon Hill,42.3583,-71.0693,Entire home/apt,172,29,11,2025-12-05,0.30,117,269,4,
686979963987322682,Top 3 bedroom apt with 3 beds in downtown Boston,373675137,1463554206153655871,Lilith,,Downtown,42.36164,-71.06365,Entire home/apt,247,29,12,2026-04-30,0.27,117,214,3,
1132565541252964814,Mobility accessible standard room,571767922,1470549551541175751,"Club Quarters Hotel Faneuil Hall, Boston",,Downtown,42.3564,-71.05731,Private room,,1,0,,,4,0,0,
1257320426446048732,"Bright, modern 1BR/1BA in South Boston",30052454,1465442638902108294,Megan,,South Boston,42.33347,-71.03959,Entire home/apt,119,29,0,,,1,310,0,Exempt: This listing is a unit used for furnished institutional or business stays
1040078061842520496,Boston Queen Suite 1.3,272001812,1469436028643712686,Antonio,,Dorchester,42.31171,-71.06432,Private room,97,1,114,2026-06-07,5.07,7,318,76,STR-541489
1575628521190816482,Roslindale GB2 queen bed laundry pet ok lock a.c,69267172,1466856298175151977,Lynda,,Roslindale,42.2754185627803,-71.13506587510648,Private room,73,9,0,,,20,339,0,STR-416449
42239298,New England Victorian Oasis,44581223,1465661874907416120,Andre,,Hyde Park,42.25082,-71.11571,Private room,164,29,45,2025-10-20,0.59,6,364,1,STR-522834
1028623429000193719,Sunny and Spacious in Boston,547315892,1470449085146014991,Jackie,,Brighton,42.34431,-71.13784,Entire home/apt,,3,0,,,1,0,0,STR-532114
1096274679291474984,Triple bed plus bath down the hall room,545223253,,The Revolution Hotel,,South End,42.346155,-71.070907,Private room,179,1,33,2026-06-30,1.15,12,322,28,
1096276680845931239,Studio Suite,545223253,,The Revolution Hotel,,South End,42.346155,-71.070907,Private room,377,1,0,,,12,169,0,
1614024917190794930,Bright Room Close to Campus and Hospitals,735408832,1582112772058517662,July,,Mission Hill,42.3295719,-71.1040886,Private room,19,91,0,,,4,310,0,
1689325521095638932,Convenient 1Bedroom in Beacon Hill Boston,373675137,1463554206153655871,Lilith,,Beacon Hill,42.3601029,-71.0660874,Private room,94,29,0,,,117,53,0,
11240774,"New, furnished 1 bedroom apt w gym",10258834,1462835749677886353,Jared,,Fenway,42.34734,-71.10248,Entire home/apt,,91,14,2017-03-05,0.11,1,0,0,
1578535883852596633,Deluxe Room at Brighton Overlook,131222424,1468313821823781567,Raymond,,Brighton,42.3473731,-71.1459656,Private room,21,91,0,,,3,365,0,
4257929,Two Bedroom Apartment in Kenmore Sq,21926328,1463167272047973699,Hayden,,Fenway,42.34852,-71.09411,Entire home/apt,,91,0,,,1,0,0,
1492867757875232091,Modern 5B3B in Boston | Steps to the T,693887137,1470729168101061446,Ivy,,South Boston,42.334239167421416,-71.05486540379715,Entire home/apt,710,1,25,2026-05-25,2.80,1,312,25,STR-584923
28036142,Bina’s Home away from home 6,153568352,1468504461009133167,Frederick & Sabina,,Mattapan,42.27726,-71.08517,Private room,183,1,83,2026-04-20,0.90,5,176,5,STR-445640
1593952375944300138,1 - Triple Room Near Fields Corner Station,351582312,1469681432539414292,Daniel,,Dorchester,42.30336,-71.0638,Private room,165,1,0,,,15,121,0,STR-612980
24633212,Clean room near Longwood,80570686,1466981632072977782,Siena,,Mission Hill,42.33097,-71.10023,Private room,148,1,225,2026-05-29,2.29,4,117,30,STR-434886
1335154514688752656,Large Family Friendly 3BD Apt Close to Boston,459522450,1470069017438103624,Anthony,,Dorchester,42.28731161963524,-71.06793240025394,Entire home/apt,158,30,0,,,3,165,0,STR-545168
1131327213997029481,Fully Furnished LUX House,502043395,1468163786770865383,Jessica,,South Boston,42.3301,-71.05538,Entire home/apt,876,29,1,2025-06-21,0.08,23,269,1,STR-535908
1445064,Bright sunlit BR near DT/MGH labs/SRH,4724006,1462537018662612131,Rosalia,,Charlestown,42.3800475,-71.062315,Private room,72,29,124,2026-05-31,0.80,1,296,4,
853391813264548119,"Blueground | Fenway, roof & gym, nr fenway park",107434423,1462889176402806013,Blueground,,Fenway,42.3475057,-71.1010258,Entire home/apt,,30,0,,,227,47,0,
1572028238328401762,"4 Beds House. Near HBS, BU, and MIT",657106909,1470650875580806809,Sab's Haus,,Allston,42.36167,-71.13324,Entire home/apt,431,1,21,2026-05-27,4.20,8,171,21,STR-531830
1655098582818423328,North End 2-Story Penthouse | Prime Location,542598434,1470430844451909429,Marina,,North End,42.367577663188655,-71.05411326892988,Entire home/apt,664,1,10,2026-06-12,4.29,4,243,10,STR-621751
10749312,"Welcome, JP Boston! Parking, Piano, Patio + near T",55571157,1465910328961427551,Steve,,Jamaica Plain,42.31659,-71.10565,Entire home/apt,378,1,58,2026-05-10,0.47,1,48,8,STR447709
377474,Cozy Room in Beautiful Victorian House /E,119019,1462510028211654672,Hermina,,Dorchester,42.29871,-71.05954,Private room,111,1,138,2026-06-10,0.82,6,230,35,STR-594613
1038975292518190921,Boston Queen Room 1.1,272001812,1469436028643712686,Antonio,,Dorchester,42.31148060660728,-71.06386004943863,Private room,150,2,160,2026-06-14,6.39,7,324,73,STR-541489
1040128300431492066,Boston King Room 1.2 - New Renovation,272001812,1469436028643712686,Antonio,,Dorchester,42.31155,-71.06296,Private room,97,1,128,2026-06-13,5.11,7,264,74,STR-541489
973772259586587633,Modern Apt in Boston|Near Subway|Free Parking|Safe,522128667,1470349305732500598,Thanh,,Dorchester,42.2904444,-71.06052729999999,Entire home/apt,367,2,99,2026-05-24,2.94,3,308,25,Str-539606
1542221242040298455,Bold & Spacious Studio | Back Bay,717946252,1505867861207707885,Healing Homes,,Back Bay,42.34319,-71.08392,Entire home/apt,325,1,13,2026-05-25,2.00,35,122,13,Exempt: This listing is a hotel or motel
706455594639449523,Bright FIDI 1br | Centrally Located,382451810,1469783251184910688,Healing Homes,,Downtown,42.35832,-71.05316,Entire home/apt,415,1,221,2026-05-29,4.80,43,106,31,STR-489705
35579707,The blue room,191449187,1468994796888667509,Fehr,,East Boston,42.36906,-71.04004,Private room,39,91,3,2019-10-19,0.03,1,365,0,
1313210490211671825,Wonderful 1Bedroom in Beacon Hill,373675137,1463554206153655871,Lilith,,Beacon Hill,42.3589686893354,-71.06873892869748,Private room,90,29,1,2025-05-01,0.07,117,40,0,
958060371889188296,"(476-5) Roof Deck, 2beds, Cozy, Comfy, Location!",563246552,1470512703190615862,Together We Rise,,South End,42.3423474596366,-71.07732179238533,Entire home/apt,327,1,79,2026-05-31,2.34,50,279,26,STR-599891
779815225467352018,Boston Beacon Hill Studio Double bed,373675137,1463554206153655871,Lilith,,Beacon Hill,42.36024,-71.06741,Entire home/apt,163,29,8,2026-05-29,0.22,117,258,4,
1685720499505714180,Habitación Tranquila en Boston,1671931541613423686,1672963217711250919,Delcy,,Jamaica Plain,42.32489,-71.10379,Private room,82,29,0,,,5,353,0,STR-626043
8483020,Country Cottage in the City,44676705,1462697672979634057,Mark,,West Roxbury,42.25481,-71.14593,Entire home/apt,230,4,210,2026-06-14,1.62,1,38,14,
1542116861569940967,2bd/2ba in Savin Hill Boston 1926,212359760,1469109115483128123,Evonify Corporate & Medical Housing,,Dorchester,42.31067068938379,-71.05415698313091,Entire home/apt,324,2,4,2026-06-05,2.73,65,323,4,STR-520848
1285471199476897741,Cozy 2-Bedroom Apartment Near Dedham Legacy,153436558,1468503383520029677,Long,,West Roxbury,42.2581,-71.16128,Entire home/apt,228,1,102,2026-06-15,5.25,3,282,66,
1467394342803144174,2 Double Beds | Ramada Boston | near DT | 2 Units,699580194,1468054017685724850,Ramada By Wyndham,,Dorchester,42.2949563,-71.0467594,Hotel room,484,1,0,,,14,346,0,Exempt: This listing is a hotel or motel
1462323275898695439,Close to Fenway Park + Free Breakfast & Gym,565835592,1470520497936243126,Studio Allston Hotel,,Brighton,42.36343,-71.13539,Private room,314,1,69,2026-05-31,6.72,19,301,69,Exempt: This listing is a hotel or motel
1644403341825909056,Luxury 2bd/2ba near Harvard fs6q,657483974,1470651798436237535,E Stays,,Allston,42.36243,-71.1349,Entire home/apt,403,2,13,2026-06-11,4.59,18,326,13,STR-585115
24598387,"Beautiful, spacious South Boston Condo, Near T",1788949,1462520374420796143,Greg,,South Boston,42.33068,-71.05393,Entire home/apt,500,1,320,2026-06-14,3.23,1,169,37,STR-618415
1340604084008162960,nice and cozy room A,15154687,1462593006369650043,Taskin,,Brighton,42.357576776394865,-71.15691548109525,Private room,88,1,110,2026-06-12,6.79,34,365,71,str-544976
53893204,Peaceful bedroom in upscale apartment,433688210,1469962820319699046,Blanca,,East Boston,42.3798,-71.03361,Private room,59,29,11,2026-06-03,0.23,5,198,3,
41415978,Spacious & Beautiful Entire Apt in Boston,45694133,1465681337414512894,Dawn-Marie,,Dorchester,42.30015,-71.07738,Entire home/apt,216,4,60,2026-06-06,0.78,2,246,15,STR-526268
49364638,"(F21)  Cozy Retreat in Fenway, Guests Favorite!",563246552,1470512703190615862,Together We Rise,,Fenway,42.34246,-71.10145,Entire home/apt,392,1,264,2026-05-28,4.23,50,258,40,STR-606611
1538426962479283266,North End Entire House,542598434,1470430844451909429,Marina,,North End,42.365967,-71.05794999999999,Entire home/apt,389,1,39,2026-06-14,5.20,4,280,39,STR-610543
1701586227272273838,Luxury 2b2b apt in the heart of Boston.,392028251,1469812550183770489,Omar,,Downtown,42.36494133997296,-71.06286434069499,Entire home/apt,528,2,0,,,3,342,0,STR-856715
1664806860159370508,Private Room near Andrew Station (Red Line) - H12,20271586,1616380969775469772,Seçkin,,Dorchester,42.324328823022945,-71.05892166332589,Private room,101,4,1,2026-05-17,1,8,362,1,STR-623531
1642812127012731589,H1_Triple Room Near South Boston Area,541813300,1470427724054736466,Boston,,Dorchester,42.32388659218439,-71.05866423501847,Private room,136,1,1,2026-04-26,0.58,32,157,1,STR-410134
1297834069283436302,(F22) Charming Boho-Inspired Studio in Fenway!,381199996,1469779768196268457,Airbnb,,Fenway,42.341419451052424,-71.10165757313948,Entire home/apt,251,1,59,2026-06-10,3.30,1,255,40,STR-597829
1022693760006872584,"1BR TDGarden, Celtics/Bruins, Lil Italy, North End",37907846,1465567199260055273,Boston,,North End,42.36572,-71.05739,Entire home/apt,443,1,146,2026-05-27,4.64,13,193,60,Exempt: This listing is a unit used for furnished institutional or business stays
1016119071461080309,Calm Queen Bedr Shared Bathroom,13819661,1462923807412610119,Jennifer,,Dorchester,42.29847,-71.07686,Private room,58,31,7,2026-01-09,0.26,4,179,3,STR-540680
1128919343538976347,Fenway condo bedroom 2 bath,163848078,1463027460596198880,Adam,,Longwood Medical Area,42.33966,-71.10409,Entire home/apt,869,4,0,,,18,269,0,STR-466119
1478389550031987014,The Cushing: Lofty Ceilings • Historic Property,416027128,1463648115903378942,Our House,,Brighton,42.34619,-71.14523,Entire home/apt,356,1,47,2026-05-31,4.52,41,244,47,STR-604679
1662634882891073144,Private Room near Andrew Station (Red Line) - H11,20271586,1616380969775469772,Seçkin,,Dorchester,42.32655,-71.05765,Private room,143,3,0,,,8,244,0,STR-623531
912836898939477727,"Happy Green House, Boston Landing, BU, BC, Harvard",412792920,1469880957626301541,Sheila,,Allston,42.3556715,-71.1375296,Entire home/apt,491,1,69,2026-05-31,1.91,2,156,12,STR-520260
21238858,Boston/Brookline Private 1 BR/Bath w/ Free Parking,147418936,1468445657730501632,Dana And Andrew,,Allston,42.34745,-71.14036,Entire home/apt,193,1,503,2026-06-14,4.75,1,328,31,STR-446839
36291586,Luxury Back Bay studio on Prestigious Marlborough,155595193,1468519790552298186,Michelle,,Back Bay,42.35,-71.08718,Entire home/apt,164,32,0,,,7,330,0,
53115918,"Adorable private suite with a private entrance and bathroom close to Downtown, Seaport District and The BCEC",237078658,1463253579348930151,Lindsay,,South Boston,42.3381,-71.04014,Entire home/apt,638,29,233,2023-12-10,4.18,3,365,0,STR-399339
1654803546829049277,FIFA! Direct Train to Gillette | Heart of Boston,732149685,1649524899463092882,Keva,,Dorchester,42.30927,-71.07686,Entire home/apt,287,30,0,,,2,182,0,STR-621461
1420409787744651374,(BB-2F) Gorgeous 1Bedroom w/Pull Out! BACK BAY!,693817137,1470728992129206298,Foster's Homes,,Back Bay,42.35003,-71.08723,Entire home/apt,389,1,50,2026-06-13,4.01,7,260,47,STR-604735
1341574644376553949,Beautiful 2 bedrooms in Southend 5336,212359760,1469109115483128123,Evonify Corporate & Medical Housing,,South End,42.3363,-71.06776,Entire home/apt,198,29,1,2025-04-22,0.07,65,348,0,str-526502
21679902,"Back Bay studio- Close to Northeastern, colleges..",155595193,1468519790552298186,Michelle,,Back Bay,42.35144,-71.08725,Entire home/apt,166,32,5,2024-08-07,0.05,7,331,0,
886120883825067654,"New Boston 1bed/living, close T",151248865,1468485898701942347,Yao,,Dorchester,42.3194004182431,-71.05758102174532,Entire home/apt,126,29,1,2023-10-01,0.03,7,320,0,
1131367389722109983,One Bedroom in Luxury Seaport Apartment Building,22541573,1463182329140437053,Furnished Quarters,,South Boston Waterfront,42.35169,-71.04626,Entire home/apt,296,32,1,2025-12-10,0.16,42,343,1,
1613943122500862918,"(Mlb4) NEW! Studio, Close to MGH, Boston Commons",563246552,1470512703190615862,Together We Rise,,Back Bay,42.352147254681555,-71.0759448629635,Entire home/apt,524,1,17,2026-06-11,5.43,50,246,17,STR-619775
1278286022017303753,Modern East Boston 1BR | Full Gym & Airport Access,30283594,1465445680495565156,Global Luxury Suites I,,East Boston,42.36732,-71.04101,Entire home/apt,271,29,1,2025-05-05,0.07,31,341,0,Exempt: This listing is a hotel or motel
1485505469367537396,2BR Loft unit in Boston Southend 9534,212359760,1469109115483128123,Evonify Corporate & Medical Housing,,South End,42.34427273713445,-71.06551374220301,Entire home/apt,347,1,47,2026-06-09,4.70,65,292,47,STR-523178
1305087523327994284,Gorgeous Apt with Kitchen,20857768,1463140474528738801,Compass,,Fenway,42.34291,-71.09904,Entire home/apt,441,10,10,2026-05-20,0.69,77,326,8,STR-590289
7475215,Copley Square & Historic Landmarks on Newbury St#2,22348222,1462620857010380237,Maverick,,Back Bay,42.34982,-71.08264,Entire home/apt,378,1,266,2026-06-10,2.04,87,216,32,STR-445393
1700858774515729153,Near Boston Common | Adults-Only Stay,575016942,1470570540427304604,Hotel Ivy Boston Common,,Bay Village,42.34857,-71.07039,Private room,,1,0,,,3,0,0,Exempt: This listing is a hotel or motel
21486679,Newbury St Vibes - The Best of Boston Right Here#9,22348222,1462620857010380237,Maverick,,Back Bay,42.34979,-71.08262,Entire home/apt,318,1,204,2026-06-13,2.00,87,305,21,STR-445401
1688443989229227455,Stylish 1BR | Newbury St Boston,1683540234995321877,1683540365202786410,Linden,,Back Bay,42.3496398,-71.08155599999999,Entire home/apt,297,1,0,,,18,305,0,Exempt: This listing is a hotel or motel
960648691532644103,AL/R1 Convenient Sunny Room Boston,412452734,1469879852987758528,Patrick,,Allston,42.35012,-71.13541,Private room,201,29,10,2024-10-27,0.29,4,359,0,Exempt: This listing is a unit that has contracts with hospitals
26750505,#201 Boston Private small room Female 全楼禁烟,105851798,1467284104225807245,Anne,,Dorchester,42.30959,-71.0643,Private room,53,29,30,2025-10-01,0.31,18,267,2,
10575430,Cozy 4BD apartment with AirBeds,16186589,1462980594089558530,Marie,,Dorchester,42.30027,-71.06324,Entire home/apt,181,30,3,2018-12-23,0.03,27,359,0,
1213853437263095035,Make this new apartment home!,76787967,1466941180024390919,Helen,,Brighton,42.351851719619454,-71.14476543787319,Entire home/apt,208,29,1,2026-05-24,1,1,258,1,
50661496,"Entire 3 story Brownstone building, Walk to Fenway",409350031,1469869221717865813,Tadeusz,,Fenway,42.345726,-71.105835,Entire home/apt,1330,29,84,2023-11-18,1.41,1,365,0,Str-544821
944175844067011459,"Boston studio, 7 minutes to T",151248865,1468485898701942347,Yao,,Dorchester,42.32155,-71.05724,Entire home/apt,106,31,2,2025-11-01,0.12,7,361,1,
1145750495561922282,"Premier King Skyline, Revere Hotel, Near Fenway",501999278,1468058277289999419,RoomPicks,,Bay Village,42.35042,-71.06731,Hotel room,685,1,0,,,51,354,0,Exempt: This listing is a hotel or motel
1461577368098848830,Fenway Park View + Free Breakfast. Pool. Dining.,566705299,1470523161067874396,The Verb Hotel,,Downtown,42.35124827600992,-71.06835694257046,Private room,383,1,1,2025-07-31,0.09,6,125,1,Exempt: This listing is a hotel or motel
4461613,Perfectly Located Rental Near MGH & TD Garden #13,22348222,1462620857010380237,Maverick,,Beacon Hill,42.36017,-71.06346,Entire home/apt,272,1,256,2026-06-09,1.90,87,347,24,STR-415631
52615785,Downtown Xing | Lots of Light | Monthly Discounts,275849638,1469454850382219508,Healing Homes,,Downtown,42.35567,-71.06129,Entire home/apt,632,1,227,2026-05-31,3.99,53,126,40,STR-460530
45542821,Centrally Located Luxurious Loft | Walk Anywhere!,365116307,1469734785463392741,Brian & Heather,,Downtown,42.357308874194494,-71.06218277856146,Entire home/apt,551,1,286,2026-05-20,4.12,35,21,33,STR-438658
53125115,"(N3F) Beautiful View, Back Bay, Brownstone Newbury",563246552,1470512703190615862,Together We Rise,,Back Bay,42.34754,-71.08574,Entire home/apt,377,1,242,2026-06-10,4.44,50,276,47,STR-571657
565026020916948591,Beacon Hills Studio next to State house 3,162705378,1468583466857347272,Huanan,,Beacon Hill,42.35989,-71.06651,Entire home/apt,267,1,413,2026-05-31,8.15,2,228,85,STR-465433
1421363918459951410,"(3-42) Charming 1Bed, Back Bay, Newbury, Fenway!",693757423,1470728882327599253,Together We Rise,,Back Bay,42.34807,-71.09071,Entire home/apt,361,1,27,2026-05-31,2.15,5,238,26,STR-571671
1656704860467491118,Large 3.5 BR|2 BA Penthouse Duplex,9410008,1462813405226616143,Jason,,Beacon Hill,42.3597092,-71.07096179999999,Entire home/apt,1579,2,2,2026-05-19,1.25,19,239,2,STR-624351
685905667259735098,"Blueground | N. Station, w/d & gym, nr td garden",107434423,1462889176402806013,Blueground,,Downtown,42.365947,-71.063473,Entire home/apt,,30,0,,,227,365,0,
1462376637790292006,Urban Escape | Freedom Trail. Fitness Center,566734323,1470523225276682417,The Newbury Boston,,Back Bay,42.35172,-71.07085,Private room,973,1,1,2026-04-20,0.52,10,166,1,Exempt: This listing is a hotel or motel
1022632138884104441,"(MGH9-2) MGH, Dining, Shopping, Beacon Hill!",563246552,1470512703190615862,Together We Rise,,Beacon Hill,42.36059691812873,-71.06669379762403,Entire home/apt,394,1,87,2026-06-05,2.77,50,145,26,STR-543851
1178933965841931292,"(MGH7-1)Prime Location, Shopping, Hospitals, Cafés",563246552,1470512703190615862,Together We Rise,,Beacon Hill,42.35891,-71.06544,Entire home/apt,357,1,69,2026-06-04,2.83,50,151,29,str-543851
1115779190379009220,2Beds Sleep 4 w Private Bathroom | Walk to Subway,502043395,1468163786770865383,Jessica,,South Boston,42.33102,-71.05694,Private room,,29,1,2024-04-15,0.04,23,0,0,STR-535908
52085163,"Stay Tonight & Enjoy Boston, Simple Studio 401",331132678,1469637039536524107,Premier Suites,,Downtown,42.3553,-71.06309,Entire home/apt,413,1,142,2026-05-27,2.45,3,215,16,STR-605717
1523141501396153167,"Blueground | West End, rooftop, nr Boston Common",107434423,1462889176402806013,Blueground,,Downtown,42.3659167,-71.0634338,Entire home/apt,,30,0,,,227,339,0,
1102329743250735792,"Boston Medical & Landmarks, public transportation",31340713,1465460976217419594,Kama,,South End,42.33842,-71.07143,Entire home/apt,180,30,4,2024-05-12,0.15,19,299,0,Exempt: This listing is a unit used for furnished institutional or business stays
15985435,Charming Charlestown Condo (Dog Friendly)!,23692234,1465277350555409226,Whitney,,Charlestown,42.37294,-71.06478,Entire home/apt,108,31,54,2026-03-09,0.48,1,122,2,
1132565673977011474,Deluxe room,571767922,,"Club Quarters Hotel Faneuil Hall, Boston",,Downtown,42.3564,-71.05731,Private room,221,1,1,2026-06-06,1,4,1,1,
52895996,Great Location | 4bed Loft | Parking Optional,365116307,1469734785463392741,Brian & Heather,,Downtown,42.35530607874658,-71.06086875999847,Entire home/apt,803,1,161,2026-05-30,4.16,35,27,44,STR-466835
1408892116135983893,Spacious 2BR in the heart of Boston 5981,212359760,1469109115483128123,Evonify Corporate & Medical Housing,,Downtown,42.35083,-71.06392,Entire home/apt,279,1,24,2026-05-24,1.87,65,314,21,STR-520842
1558056426517412806,Prime Boston Fidi L-Shaped Studio,717946252,1505867861207707885,Healing Homes,,Downtown,42.35566,-71.05984,Entire home/apt,268,1,19,2026-05-28,3.10,35,173,19,STR-466822
914621320278053102,"(W4)South End, Blackout Curtains, Safe &Convenient",371640674,1469752814550739834,Boston,,South End,42.3397,-71.0766,Entire home/apt,393,1,79,2026-05-12,2.18,11,247,36,STR-628632
6758482,"Explore Newbury St, Fenway & South End Nearby #1",22348222,1462620857010380237,Maverick,,South End,42.34447,-71.07644,Entire home/apt,399,1,169,2026-02-16,1.50,87,302,5,STR-589702
52422690,Studio King - Copley Square Hotel,423875908,1469922849044617913,Copley Square Hotel,,Back Bay,42.34724,-71.07954,Private room,549,1,4,2026-01-04,0.10,6,319,1,Exempt: This listing is a hotel or motel
5088560,Stunning SouthEnd/BackBay Penthouse,21609039,1463159476302585584,Susan,,Roxbury,42.34041,-71.08384,Entire home/apt,464,29,100,2020-12-27,0.76,3,210,0,Exempt: This listing is a unit used for furnished institutional or business stays
1503768284438933716,Moonlight Beacon Hill Sonata,505202449,1470271047431864686,Joseph,,Beacon Hill,42.3597441,-71.06426789999999,Entire home/apt,532,1,24,2026-06-01,2.59,11,332,24,LB-128070
1566909910461954707,Charming Studio in Historic Brownstone,409684302,1469870389347785678,Justin And Mandy,,South End,42.34062637443608,-71.08077940694054,Entire home/apt,479,1,3,2026-04-03,0.79,18,335,3,LB-434068
937705785049200966,Raffles Pied-A-Tier Studio,144179185,1468419634417420631,Evan,,Back Bay,42.34957526552142,-71.07428161896075,Entire home/apt,555,29,4,2025-11-13,0.16,1,75,2,
1010659519692433211,"Blueground | Back Bay, basketball, 2 blocks to t",107434423,1462889176402806013,Blueground,,Bay Village,42.34992,-71.06943,Entire home/apt,,30,0,,,227,303,0,
1699303801883161107,The Chester: Boutique Garden Studio,586870169,1470604736184387893,Andrew,,Roxbury,42.33992,-71.08147,Entire home/apt,580,1,0,,,14,260,0,STR-625477
774890533736849094,Heart of Boston 1 bed 1 sofa bed,373675137,1463554206153655871,Lilith,,Beacon Hill,42.360798857003445,-71.06740890836511,Entire home/apt,174,29,14,2026-05-09,0.44,117,226,5,
1227312811801343971,1Bed/1BA+Office in the South End,6391028,1462705270824386723,Ghita,,South End,42.3374263,-71.0750942,Entire home/apt,217,29,7,2026-05-30,0.34,1,259,3,
1553803493320523393,3 Bed in the Heart of North End | Peapod Rentals,130680380,1468309000716951437,Jodie,,North End,42.3673,-71.05871,Entire home/apt,287,29,0,,,18,315,0,
25576444,SouthEnd Penthouse,34719298,1465512177160936771,Michael,,South End,42.34226,-71.07881,Entire home/apt,342,2,250,2026-05-25,2.56,1,6,21,STR-405587
53307896,"Blueground | Downtown, amenities & rooftop views",107434423,1462889176402806013,Blueground,,Downtown,42.35119,-71.06402,Entire home/apt,,30,0,,,227,301,0,
765006355721890182,"Blueground | Chinatown/Theater Dist, gym, nr t",107434423,1462889176402806013,Blueground,,Downtown,42.3511858,-71.06401699999999,Entire home/apt,,30,0,,,227,314,0,
580339548657084895,"Blueground | Downtown, gym & w/d, nr sth station",107434423,1462889176402806013,Blueground,,Chinatown,42.35229,-71.05911,Entire home/apt,,30,0,,,227,312,0,
41785374,"Blueground | Downtown, gym, doorman, nr station",107434423,1462889176402806013,Blueground,,Chinatown,42.35229,-71.05911,Entire home/apt,,30,0,,,227,337,0,
8381472,Beautiful brown stone in South End,44169062,1465656080635656049,Nick,,South End,42.34166,-71.07976,Entire home/apt,,91,0,,,1,0,0,
24644312,Convenient Transportation Suburb Boston Room,186235436,1463087850548727958,Yanlin,,West Roxbury,42.27394,-71.16822,Shared room,,29,11,2019-10-06,0.11,2,0,0,STR-398131
13242393,Renovated House near Subway/Rail Everything New,18517776,1463055670185507901,Huggy,,Dorchester,42.30536,-71.07221,Private room,13,91,3,2017-06-29,0.02,31,365,0,
9166393,Spacious room close to T-Station,20224115,1463101956094730702,Ricardo,,Roxbury,42.32693,-71.09604,Private room,,91,1,2015-11-16,0.01,1,0,0,
23089618,Allston central private room,30489899,1462651743684773518,Home On Blaine,,Brighton,42.35634,-71.13849,Private room,,91,0,,,3,365,0,
1023694299133895541,Nice one bedroom appartment,32134510,1465472073431917347,Paul,,Downtown,42.35325,-71.05937,Entire home/apt,,99,0,,,1,0,0,
10811,Bostons Best Rentals -Studio Prestigious Back Bay,38997,1462507326675374812,Michelle,,Back Bay,42.34971,-71.08612,Entire home/apt,52,91,9,2019-07-22,0.07,12,364,0,
1551205,2 bed/2 bath in the heart of Boston,8261931,1462753281869869465,Hamed,,Back Bay,42.34305,-71.08318,Entire home/apt,157,91,40,2016-10-21,0.26,1,364,0,
3965313,Minutes to Boston-Near Beach 69-1,20551003,1463121898450307374,May,,East Boston,42.38584,-71.00287,Private room,,91,90,2019-11-11,0.79,1,90,0,
6690605,Renovated Boston Apartment,35018472,1465516862594660314,Jennifer,,Charlestown,42.37717,-71.06213,Entire home/apt,,91,24,2019-08-13,0.18,1,0,0,
7018497,2 Bedroom in the heart of Boston,25960013,1465352934404991779,George,,North End,42.36653,-71.0572,Entire home/apt,,91,6,2015-10-07,0.05,1,0,0,
585232346497472151,"Blueground | N Station, gym & w/d, nr td garden",107434423,1462889176402806013,Blueground,,Downtown,42.365947,-71.063473,Entire home/apt,,30,1,2023-04-11,0.03,227,335,0,
619253446291935967,"Blueground | Theatre District, gym, nr boylston t",107434423,1462889176402806013,Blueground,,Downtown,42.3511858,-71.06401699999999,Entire home/apt,,30,0,,,227,341,0,
1531534895718294549,Cozy and spacious colonial home in West Roxbury,23247068,1465270617699891620,Rigels / Isabel,,West Roxbury,42.26301,-71.16436,Entire home/apt,512,2,2,2026-03-29,0.47,1,176,2,STR-609717
1024608597171696469,Chic Modern 2 bed Apartment W/ Exposed Brick,365116307,1469734785463392741,Brian & Heather,,Downtown,42.35664,-71.0608,Entire home/apt,,29,4,2025-02-20,0.22,35,11,0,Exempt: This listing is a unit that has contracts with hospitals
1105789612700998498,Deluxe king ADA,565526469,,,,North End,42.366842,-71.05097,Private room,229,1,0,,,7,360,0,
1688019636571339843,Central Near Harvard 1BR w/ Workspace & Library,489222662,1535110320514432360,New England Stays,,Allston,42.36406,-71.12077,Entire home/apt,366,29,0,,,6,270,0,Exempt: This listing is a hotel or motel
1323979327060565188,Luxury 2 bedroom Apt!,365116307,1469734785463392741,Brian & Heather,,Downtown,42.35698,-71.06048,Entire home/apt,,29,2,2025-08-07,0.11,35,5,1,Exempt: This listing is a unit that has contracts with hospitals
1384709478583626722,Shelly's Turkish Room,139072570,1468379223274505765,Shelly,,East Boston,42.3814113,-71.0229951,Private room,,29,7,2025-07-19,0.47,4,0,2,STR-398249
1049558996179766154,Peacefully Safe and unique,301580171,1469546571812784286,Donald,,Hyde Park,42.2591,-71.12067,Entire home/apt,458,29,0,,,3,360,0,STR-144818
556665854357343371,Beacon Hill boston best 3 bed apt,373675137,1463554206153655871,Lilith,,West End,42.36140769684224,-71.06710131495097,Entire home/apt,213,29,10,2026-05-31,0.29,117,240,4,
1613201862031275553,Boston Beacon Hill Historic Charm 1BD/1BA (#4),663373999,1470664938065114887,Al,,Beacon Hill,42.3598,-71.07145,Entire home/apt,310,29,0,,,3,29,0,
634887497676129670,"(W5) Spacious Studio, Location! Dining & Shopping+",371640674,1469752814550739834,Boston,,South End,42.33849,-71.07591,Entire home/apt,330,1,105,2026-05-29,2.17,11,201,35,STR-628634
724685819767873194,Lovely 2 bedroom apt Beacon Hill Boston downtown,373675137,1463554206153655871,Lilith,,Beacon Hill,42.35945,-71.06521,Entire home/apt,179,29,5,2025-11-01,0.19,117,225,2,
705014843735903932,"The Ellie House 11, Back Bay, 2 bed!",454031378,1470042747790842420,⁨Airbnb Queen (Ellie House)⁩,,Back Bay,42.34236,-71.08233,Entire home/apt,291,1,101,2026-05-03,2.25,4,279,12,STR-595609
706418652437318875,Wonderful FIDI 2br | Keyless Entry,382451810,1469783251184910688,Healing Homes,,Downtown,42.35661866605673,-71.05438096977204,Entire home/apt,453,1,178,2026-05-19,3.87,43,142,30,STR-489687
1700102365025443721,Stylish Studio | South End,1683540234995321877,1683540365202786410,Linden,,Back Bay,42.3429186,-71.08294049999999,Entire home/apt,202,1,0,,,18,215,0,STR-627341
44014524,MODERN DOWNTOWN STUDIO,56359408,1465922611132469243,Billy,,Downtown,42.35093,-71.06375,Entire home/apt,,91,1,2023-09-17,0.03,3,50,0,
29513275,Back Bay studio on Marlborough St (91 night min),180283497,1468740504050487740,Michelle,,Back Bay,42.35358,-71.07765,Entire home/apt,51,91,1,2021-01-31,0.02,7,339,0,
577559184783487910,Thatch Quarters | Pvt. Room in Southie | 203,814298,1462514414319387899,Stay Thatch,,South Boston,42.34181,-71.05633,Private room,174,1,19,2026-04-19,0.38,57,178,6,Exempt: This listing is a hotel or motel
891562382876519272,Nature x City in Boston,5616611,1462685134628020510,Andrea,,Jamaica Plain,42.3101345,-71.0990554,Entire home/apt,,91,0,,,1,358,0,
1293893215384766423,Entire house.,663084521,1470664048529061809,Meek,,Brighton,42.3567282,-71.1574074,Entire home/apt,83,91,0,,,1,365,0,
29256695,Artistic charm in hip J.P.,220420185,1469163492758208293,Andrea,,Jamaica Plain,42.31883,-71.10693,Entire home/apt,254,1,208,2026-06-14,2.25,1,16,25,STR-547448
1685930839289449308,Habitación privada en Boston,1671931541613423686,1672963217711250919,Delcy,,Jamaica Plain,42.3259486,-71.1049506,Private room,89,29,0,,,5,352,0,STR-626044
1638403843910586882,Near Cambridge | Restaurant. Gym + On-Site Bar,429638778,1469946374439086544,The Atlas Hotel,,Allston,42.363722110566,-71.12150787141083,Private room,503,1,0,,,8,172,0,Exempt: This listing is a hotel or motel
2495047,"The Tremont - The Upton Boston, South End",5430185,1462540588451882153,Laura,,South End,42.34309,-71.07316,Entire home/apt,377,2,102,2026-04-09,0.71,7,124,8,Exempt: This listing is a hotel or motel
1342339919743525478,Amazing 1Bedroom in Beacon Hill,373675137,1463554206153655871,Lilith,,Dorchester,42.3142862787359,-71.0651156052942,Private room,70,29,0,,,117,34,0,
35405830,Quiet Room in Boston,81492503,1466990595677896594,Mark,,West Roxbury,42.26449,-71.16451,Private room,281,91,0,,,3,270,0,
1336500193308341093,Wonderful 1Bedroom in Beacon Hill,373675137,1463554206153655871,Lilith,,Beacon Hill,42.35825,-71.07028,Private room,,29,1,2026-01-02,0.16,117,18,1,
564514494379318685,City Studio Suite,70199947,1462791867126615782,Jenelle,,North End,42.36657,-71.05294,Entire home/apt,362,120,0,,,1,268,0,
1314048204772720842,Cozy 1BR suite in Boston's Roslindale Village,74646031,1466918529611663622,Enrique A,,Roslindale,42.28169342248051,-71.13406768401022,Entire home/apt,240,2,37,2026-06-08,2.10,2,226,36,STR-584689
48960619,#3 CLEAN COMFY & COZY GLORY GUEST SUITE,229143484,1463231525631778465,Maria,,Dorchester,42.28096,-71.07093,Private room,280,1,29,2023-01-06,0.46,3,365,0,STR-468600
1590707398798589307,Spacious 3-Bedroom Home Near Convention Center,26917979,1465384982772065522,Jim,,South Boston,42.33141,-71.05353,Entire home/apt,1560,3,4,2026-04-27,1.33,2,109,4,STR-615810
1602406349010885763,Close to Fenway Park + Free Breakfast & Gym,565835592,1470520497936243126,Studio Allston Hotel,,Brighton,42.36347596022479,-71.13567041222984,Private room,314,1,0,,,19,297,0,Exempt: This listing is a hotel or motel
838773011153595044,Bed:Triple + Bath:Down The Hall,228911273,1469219730072440820,The Revolution Hotel,,South End,42.34475,-71.07062,Private room,,1,313,2024-01-16,3.91,15,0,0,Exempt: This listing is a hotel or motel
1342993136863408440,Luxury 2BR Next to the Airport 6330,212359760,1469109115483128123,Evonify Corporate & Medical Housing,,East Boston,42.37658,-71.03067,Entire home/apt,551,1,37,2026-05-24,2.39,65,353,33,STR-584748
1632146319253038146,Luxury 3BR | Free Parking | Harvard/BU | ROKU TV,578741487,1470581791435581826,Michael,,Allston,42.35327,-71.14079,Entire home/apt,673,1,17,2026-06-06,5.20,15,331,17,STR-616754
12901078,Mahar family room,27871799,1462642600337662151,Althea,,Mattapan,42.27644,-71.07681,Private room,100,29,42,2020-02-17,0.34,6,258,0,STR-415845
676660060521076230,South Bos. W. Broadway - 1 BR 1 BA #301,814298,1462514414319387899,Stay Thatch,,South Boston,42.34268369999999,-71.05653339999999,Entire home/apt,376,1,112,2026-05-23,2.37,57,87,29,Exempt: This listing is a hotel or motel
1705191383097751507,"Charming 2BR, In-Unit Laundry, On-Site Parking",150150201,1468477371156751878,Nova,,Brighton,42.3472348,-71.14180499999999,Entire home/apt,160,29,0,,,7,40,0,
1175347900508935656,Stunning Family Oasis in JP Center,984499,1462535052128156575,Milo,,Jamaica Plain,42.316722952701724,-71.11642094726638,Entire home/apt,597,2,2,2025-08-04,0.09,2,22,1,STR-565749
1115255354647356649,Temple Place Suites: Stay Tonight!,205269848,1463151654282309832,Temple Place,,Downtown,42.3550474,-71.0622106,Private room,227,1,139,2026-06-01,5.10,8,276,34,STR-605702
52635273,Serene Suite near Logan Intl/MBTA Airport station,14043189,1462929194494456232,Cynthia,,East Boston,42.37737274169922,-71.03465270996094,Entire home/apt,331,1,162,2026-05-29,4.88,2,102,62,STR-526923
27990313,Bina’s Home Away from Home Cozy Master Suite,153568352,1468504461009133167,Frederick & Sabina,,Mattapan,42.27844,-71.08499,Private room,200,1,74,2025-11-02,0.78,5,173,6,STR-445640
1171368799931255911,A Central & Comfortable Apartment,388302612,1469801194770451517,Humayun,,Dorchester,42.29508188401479,-71.07113307301636,Entire home/apt,260,1,45,2026-05-31,2.12,1,123,35,STR-551076
1087670417619905142,Rusty’s Attic Atelier + Double,19197577,1463071679947199436,Ken,,Roslindale,42.2847052,-71.1289068,Private room,419,2,1,2025-05-18,0.08,4,157,0,STR-476406
50463949,2 Bedroom by Longwood Medical Hospitals,15782998,1462595389135635541,Christian,,Mission Hill,42.33172,-71.11141,Entire home/apt,571,1,121,2026-06-07,2.00,3,309,30,STR-545283
1201423221609705644,Convenient 1BR close to Airport,54140849,1465880794655796319,Oliver,,East Boston,42.37116262024412,-71.03627927357255,Entire home/apt,,29,0,,,1,364,0,
1673214097685926560,Classic 1 Bedroom Penthouse near Fenway Park,142499525,1673214098462908010,Larissa,,Fenway,42.34317,-71.09922,Entire home/apt,312,30,0,,,1,342,0,
1297251352761574897,Excellent 1Bedroom in Beacon Hill,373675137,1463554206153655871,Lilith,,Dorchester,42.314515526365646,-71.06540692214676,Private room,72,29,0,,,117,82,0,
35061366,studio next to E line,264109435,1469397068635387375,Christopher,,Jamaica Plain,42.32968,-71.11265,Entire home/apt,,91,0,,,1,0,0,
45726239,Luxury 2 bedroom on top floor with roof deck,77993870,1466955678904783716,Greg,,South End,42.34057,-71.0673,Entire home/apt,,91,0,,,1,0,0,
20849944,My Home,149629129,1468462671763091111,Nadia,,Roxbury,42.3097,-71.08815,Private room,,91,0,,,1,0,0,
992859316058972051,"Cozy Dorchester Apartment, Room 1",539671081,1470419343267551032,Kam,,Dorchester,42.284916510428,-71.0858133108561,Private room,149,1,3,2023-10-18,0.09,2,282,0,STR-537942
1685904591816413910,Habitación individual,1671931541613423686,1672963217711250919,Delcy,,Jamaica Plain,42.3259636,-71.1049535,Private room,98,29,0,,,5,352,0,STR-626044
586392192229220498,Boston’s Historic South End!,34584706,1465508852447367564,George,,South End,42.34009427549511,-71.07131623063711,Entire home/apt,313,1,21,2026-05-29,1.56,1,346,16,STR-594040
1343664377151473156,Best 1Bedroom in Beacon Hill,373675137,1463554206153655871,Lilith,,Dorchester,42.31571,-71.06487,Private room,,29,0,,,117,0,0,
1345166311257605113,Top 1Bedroom in Beacon Hill,373675137,1463554206153655871,Lilith,,Dorchester,42.31485,-71.06563,Private room,,29,0,,,117,22,0,
819799525356493666,West Roxbury Pet friendly a.c furnished,69267172,1466856298175151977,Lynda,,West Roxbury,42.27818334565676,-71.16146609349464,Entire home/apt,514,1,4,2026-05-17,0.10,20,272,1,STR-513970
1040026800850553728,New Build XL Modern Home/UMass/Walk2TeneanBeach,463230496,1463762956144967446,Trang,,Dorchester,42.28921,-71.04161,Entire home/apt,1282,2,87,2026-04-04,2.97,1,330,21,STR-545955
1698245580956290986,"A New 3 bedroom 4 beds 2 Bath, Apt 3",31070527,1462653788004243910,Daryl,,Hyde Park,42.2497886,-71.1319206,Entire home/apt,425,1,1,2026-06-12,1,16,337,1,STR-491593
650580862318364555,Lovely - 1 bed room  Penthouse Suite free parking,44581223,1465661874907416120,Andre,,Hyde Park,42.25279,-71.11463,Private room,94,29,53,2025-10-15,1.10,6,304,1,STR-522834
1186474333732167489,Blossom sunshine ensuite,74813314,1466920471890007123,Alice,,Hyde Park,42.26849,-71.11867,Private room,238,1,0,,,4,358,0,STR-550744
1602406942566111846,Close to Fenway Park + Free Breakfast & Gym,565835592,1470520497936243126,Studio Allston Hotel,,Brighton,42.36368,-71.1354,Private room,377,1,1,2026-04-26,0.59,19,297,1,Exempt: This listing is a hotel or motel
1420324989398549595,Apt next to Airport/Downtown,439013531,1469983098572512612,Peter,,East Boston,42.38236,-71.01793,Entire home/apt,165,1,83,2026-06-07,6.73,4,346,81,STR-546284
1633034439268707015,Luxury 3BR | Free Parking | Harvard/BU | ROKU TV,578741487,1470581791435581826,Michael,,Brighton,42.36407,-71.13863,Entire home/apt,686,1,21,2026-06-12,7.41,15,318,21,STR-618307
44711393,Sunlit open plan European one bedroom apartment,7723912,1462739549427207663,Fj,,Roslindale,42.28574,-71.13203,Entire home/apt,98,7,0,,,4,342,0,STR-607966
831961056951139768,Comfortable quiet 2 bedroom 1bath,403434847,1469848591164960371,Dennize,,Mattapan,42.27294408892755,-71.0991840898128,Entire home/apt,173,29,39,2024-11-03,0.99,1,339,0,STR-586958
1499358835886666068,Boston Urban Nests Unit 1: Long Term 1 Month +,7303930,1462728521383701252,Lawrence,,Mattapan,42.27855,-71.09326,Entire home/apt,122,29,2,2026-06-13,1.28,4,267,2,Exempt: This listing is a unit used for furnished institutional or business stays
925488947884632143,Amazing spacious city view 2bed 2 bath unit fenway,518882444,1470334797382667032,Greg,,Fenway,42.34677,-71.0999,Entire home/apt,738,2,2,2026-04-23,0.10,14,7,1,Exempt: This listing is a unit used for furnished institutional or business stays
1600940372128266976,Luxury 2bd/2ba near Harvard ej9o,212359760,1469109115483128123,Evonify Corporate & Medical Housing,,Allston,42.36340771749499,-71.1352973037951,Entire home/apt,272,29,24,2026-04-04,5.58,65,325,24,STR-585115
1654383273769330616,Cozy Studio in Faneuil Hall/Quincy Market,57673810,1653919447397633405,Kama,,Downtown,42.36202,-71.05586,Entire home/apt,120,30,0,,,15,206,0,Exempt: This listing is a unit that has contracts with hospitals
1648603724307116260,Kasa Boston at Fenway | Studio Queen,88566861,1462844731192258239,Kasa,,Fenway,42.3437913,-71.1019092,Entire home/apt,589,1,4,2026-06-14,2.11,6,297,4,STR-622450
1138377453380978562,Centrally Located | King Bedroom,501889213,1463849225445308817,J Lucky,,Roxbury,42.32775904493979,-71.08533088683889,Private room,120,1,279,2026-06-11,10.77,7,197,122,STR-571341
783392236156546737,Harbor View - Harbor View,92691757,1467120183003734786,Melissa,,Charlestown,42.37175,-71.05956,Private room,350,1,20,2026-06-12,0.79,8,124,10,STR-545898
1078986729021964518,Near Harvard Business 1-1,15154687,1462593006369650043,Taskin,,Allston,42.35953,-71.13205,Private room,88,1,121,2026-05-24,4.21,34,365,39,STR-544976
1698639804240242198,cozy room D,15154687,1462593006369650043,Taskin,,Brighton,42.3460828129562,-71.15114699408036,Private room,88,1,1,2026-06-07,1,34,356,1,str-613765
620904371533127502,"Full 1 BDR Apt W/ Harbor Front, Skyline Views",395014290,1469821825883005245,Brian,,East Boston,42.37155,-71.04287,Private room,282,4,25,2022-10-11,0.50,1,157,0,Exempt: This listing is a hotel or motel
990560533488615867,Newly renovated penthouse 1 bed,26988,1462507068700680197,Anne,,Mission Hill,42.32983,-71.10444,Entire home/apt,39,91,1,2026-05-03,0.46,4,248,1,
1062585348445365680,Spacious North End 1 BR | 1BA,9410008,1462813405226616143,Jason,,North End,42.36507,-71.05154,Entire home/apt,453,4,62,2026-05-27,2.10,19,241,23,STR-544881
1684403607630952589,"Roxbury Gem: 5Bed3Bath, 2 Kitchens, Endless Space",431779715,1469954773765080811,Khalifa,,Roxbury,42.32027,-71.07759,Entire home/apt,1417,1,0,,,5,254,0,STR-604626
970253217998897434,"Stay in the Heart of Fenway & Berklee, #203",22348222,1462620857010380237,Maverick,,Fenway,42.341502139596166,-71.09552725688755,Entire home/apt,317,1,49,2026-06-01,1.48,87,337,14,STR-540402
1351861976902505816,The Salk: Spacious • Historic Property,416027128,1463648115903378942,Our House,,Brighton,42.3468434149444,-71.14504157434386,Entire home/apt,406,1,64,2026-05-29,3.95,41,267,47,STR-587348
1638406449516403901,Near Boston Landing | Fitness + On-Site Dining,429638778,1469946374439086544,The Atlas Hotel,,Allston,42.363976,-71.119664,Private room,897,1,0,,,8,169,0,Exempt: This listing is a hotel or motel
16678094,"Charming, Quiet Fort Hill One-Bedroom",13544760,1462913737977434832,Scott,,Roxbury,42.324315539246854,-71.09195369415323,Private room,204,2,143,2026-06-07,1.26,1,321,24,STR-470759
996601078601747795,"Luxurious 2BR | Spacious, Private Garage, Balcony",57323581,1465937538285517912,Jesus,,Roxbury,42.3267057,-71.08678370000001,Entire home/apt,238,29,1,2024-09-08,0.05,2,266,0,
1623570265539482992,Charming 2BR in Boston,578741487,1470581791435581826,Michael,,Allston,42.35019,-71.13115,Entire home/apt,418,1,16,2026-05-23,4.66,15,287,16,STR-613734
1677833521057450621,Central Boston 2BR Retreat near Harvard & Transit,489222662,1535110320514432360,New England Stays,,Allston,42.36311,-71.12062,Entire home/apt,530,29,1,2026-05-29,1,6,171,1,STR-000002
1109381063652926721,Near Harvard Business 2/4,15154687,1462593006369650043,Taskin,,Allston,42.36024,-71.1299,Private room,97,1,202,2026-06-09,7.60,34,354,84,STR-544976
1389766111683842408,"Blueground | Seaport, gym, nr shops & dining",107434423,1462889176402806013,Blueground,,South Boston Waterfront,42.3490612,-71.04471360000002,Entire home/apt,,30,1,2025-11-19,0.14,227,320,1,
53123543,"(N2F) Bay Windows, Newbury, Prime Location!",563246552,1470512703190615862,Together We Rise,,Back Bay,42.34974,-71.08624,Entire home/apt,403,1,264,2026-06-06,4.78,50,275,32,STR-571648
1357379278307447716,The Sumner Redline ~ Private Suite | W/D!,71783,1462508362719740106,Swank Properties Boston,,Dorchester,42.318266,-71.0620106,Private room,135,28,1,2025-09-11,0.11,52,319,1,Exempt: This listing is a unit used for furnished institutional or business stays
1546859801461463673,5 Bed 3 bath family friendly 29 days min stay,712561017,1484224426423189866,UrbanAxis,,Dorchester,42.32259,-71.05884,Entire home/apt,474,29,0,,,5,76,0,STR-523615
1070298141105686622,The Grand View ~ Rose Bedroom | 5BR 2B w/AC & WD,71783,1462508362719740106,Swank Properties Boston,,Dorchester,42.314873629657555,-71.06099776279504,Private room,65,29,0,,,52,288,0,
1654383215766456604,Spacious 1B in Faneuil Hall/Quincy Market,57673810,1653919447397633405,Kama,,Downtown,42.36019716012233,-71.05552829313643,Entire home/apt,226,30,1,2026-06-06,1,15,241,1,
1648906933277155721,"Private room, private bath.
No cleaning fee",161141007,1468567894559525279,Eder,,South End,42.34379,-71.07182,Private room,171,1,9,2026-05-25,4.58,1,312,9,STR-622638
1341369710220475173,Spacious 2bd/2ba in Southend 7495,212359760,1469109115483128123,Evonify Corporate & Medical Housing,,South End,42.33804548286451,-71.06756111386947,Entire home/apt,390,1,9,2026-05-11,0.77,65,300,9,str-526502
1415949659682506525,"Stunning Penthouse, Private Deck & River Views",693817137,1470728992129206298,Foster's Homes,,Back Bay,42.35092,-71.08682,Entire home/apt,923,1,52,2026-06-06,4.07,7,139,50,STR-595531
1304733288107455055,"12-25min to HMS/Longwood, NEU, Back Bay, Downtown",169207412,1468636394536253644,Vald,,Jamaica Plain,42.31557734664719,-71.10683950680728,Private room,43,29,0,,,6,225,0,
1031483909607392893,Welcoming Private Studio for One!,244600805,1469297947330247362,Bay Village,,South End,42.34756,-71.07024,Private room,188,1,21,2026-05-30,0.76,21,243,6,STR-619262
776171132229801192,109S3 | The Strathmore 3 w/AC | 2BR 2BA | Bi-Level,71783,1462508362719740106,Swank Properties Boston,,Brighton,42.33939,-71.15124,Entire home/apt,338,29,4,2025-12-20,0.18,52,46,2,
32309630,109S8 | The Strathmore 8 w/AC | 1BR 1BA | Private,71783,1462508362719740106,Swank Properties Boston,,Brighton,42.33931,-71.15122,Entire home/apt,235,29,16,2025-11-16,0.18,52,255,3,
47536459,Top level great views mins to MBTA!,39266840,1462680987103187453,Maria And Kevin,,Dorchester,42.30043,-71.06091,Entire home/apt,644,29,86,2023-12-10,1.32,4,173,0,STR-463794
1342960188234492269,Affordable 1Bedrom in Beacon Hill,373675137,1463554206153655871,Lilith,,Dorchester,42.31614397503099,-71.0649943685242,Private room,69,29,0,,,117,34,0,
1343034545365192723,Best 1Bedroom in Beacon Hill,373675137,1463554206153655871,Lilith,,Dorchester,42.31471,-71.0666,Private room,69,29,0,,,117,43,0,
1341577898634106828,Studio in Theatre District 8193,212359760,1469109115483128123,Evonify Corporate & Medical Housing,,Downtown,42.353422545721386,-71.06369663962187,Entire home/apt,310,1,41,2026-06-04,2.69,65,349,28,STR-544951
1426972549039692517,Bright Apt Downtown with Gym,20857768,1463140474528738801,Compass,,South Boston Waterfront,42.35276,-71.04651,Entire home/apt,322,30,0,,,77,351,0,
51711675,(412) Beacon Hill Studio w/ Private Patio,563246552,1470512703190615862,Together We Rise,,Beacon Hill,42.35871,-71.06831,Entire home/apt,196,2,97,2026-06-07,1.74,50,51,30,STR-543851
1462378964338645877,Serene Sanctuary | Freedom Trail. Library,566734323,1470523225276682417,The Newbury Boston,,Back Bay,42.35206,-71.07226,Private room,1311,1,3,2025-12-04,0.29,10,159,3,Exempt: This listing is a hotel or motel
1400866797645344194,South End 2BD Luxury Apartment,690415293,1470722044971430842,Jasmine,,South End,42.34427829612404,-71.06435086464,Entire home/apt,407,29,2,2025-05-25,0.15,1,89,0,STR-571341
549048342007595380,"Blueground | Back Bay, w/d & gym, nr copley sq",107434423,1462889176402806013,Blueground,,Back Bay,42.348633,-71.074088,Entire home/apt,,30,1,2023-08-04,0.03,227,167,0,
49042690,"LTR *NEW Listing* A True GEM in South End, Boston!",159978864,1468556567575835144,Santo,,South End,42.34486,-71.07142,Entire home/apt,295,29,0,,,2,317,0,
29704910,Bright & Spacious Loft Steps to the Freedom Trail,771785,1462514114708174721,Aaron,,Downtown,42.3544,-71.06039,Entire home/apt,317,1,385,2026-05-31,4.29,1,195,60,STR-443083
1699470393827551116,"The Concord, Garden Level Studio, South End",586870169,1470604736184387893,Andrew,,South End,42.33874,-71.07767,Entire home/apt,318,1,1,2026-06-11,1,14,286,1,STR-626519
933341527778815745,Quaint Studio Apt! | Steps from Back Bay,523515799,1470355309937485363,Healing Homes,,Back Bay,42.34353,-71.08219,Entire home/apt,265,1,28,2025-11-14,0.79,43,171,7,Exempt: This listing is a hotel or motel
1699469623281786088,Stylish South End Stay,586870169,1470604736184387893,Andrew,,South End,42.339430982311995,-71.07768156719506,Entire home/apt,318,1,0,,,14,290,0,STR-626527
934078929279630077,Serene Studio with Cozy Atmosphere!,523515799,1470355309937485363,Healing Homes,,Fenway,42.342049610623654,-71.08451058659904,Entire home/apt,236,1,36,2026-05-16,1.02,43,185,22,Exempt: This listing is a hotel or motel
608359192793639653,"Blueground | Back Bay, w/d & gym, walk to t",107434423,1462889176402806013,Blueground,,Bay Village,42.34992,-71.06943,Entire home/apt,,30,0,,,227,303,0,
50563127,"Blueground | Back Bay, gym, nr the common",107434423,1462889176402806013,Blueground,,Bay Village,42.34992,-71.06943,Entire home/apt,,30,0,,,227,308,0,
685264683899873589,Most Wonderful 3 Bedroom apt in downtown Boston,373675137,1463554206153655871,Lilith,,Beacon Hill,42.36031,-71.06319,Entire home/apt,263,29,14,2026-05-31,0.36,117,168,5,
641962500819403476,Wonderful 2-bedroom apt in Boston Beacon Hill,380623623,1469777961228449083,Stella,,Beacon Hill,42.35884,-71.06953,Entire home/apt,189,29,6,2026-05-01,0.16,9,219,2,
1023806123297654893,Beacon Hill Room. Walk to MGH and MIT,95634275,1462860602231093532,Sophia,,Beacon Hill,42.35999371449257,-71.06390804699828,Private room,,29,0,,,6,19,0,
1297979376490128424,Sweet 1Bedroom in Beacon Hill Area,373675137,1463554206153655871,Lilith,,Beacon Hill,42.3601102,-71.0660903,Private room,91,29,0,,,117,83,0,
1462931289725494635,"Blueground | Fenway–Kenmore, WiFi, nr Fenway Park",107434423,1462889176402806013,Blueground,,Fenway,42.3437753,-71.0863087,Entire home/apt,,30,0,,,227,196,0,
1093638657460893334,Excellent 3 Bedroom Apt in Boston,380623623,1469777961228449083,Stella,,Beacon Hill,42.36045,-71.0696,Entire home/apt,151,29,2,2024-05-05,0.07,9,109,0,
671271554310520439,One Bedroom By Boston Common,316148588,1469597349305578876,TemplePlace,,Downtown,42.3550474,-71.0622106,Entire home/apt,206,1,161,2026-05-27,3.40,6,197,46,STR-605723
686659102449877793,"Blueground | Back Bay, gym & roof, nr copley sq",107434423,1462889176402806013,Blueground,,Back Bay,42.348633,-71.074088,Entire home/apt,,30,0,,,227,292,0,
1246543361357219840,Light filled 2-level home,23036330,1465267738087752864,Debra,,South End,42.33974,-71.07784,Entire home/apt,119,91,0,,,1,178,0,
580342069798808551,"Blueground | Downtown, gym & w/d, nr sth station",107434423,1462889176402806013,Blueground,,Chinatown,42.35229,-71.05911,Entire home/apt,320,30,0,,,227,365,0,
23483066,Private room close to public transportation,14211557,1462933156510451514,Joshua,,East Boston,42.38123,-71.0331,Private room,,32,1,2018-04-01,0.01,1,0,0,
9030478,Modern/chic one-bedroom in eco Smart Home -Room #1,15975701,1462975174120747723,Taylor,,Roxbury,42.31438,-71.07585,Private room,177,1,55,2025-06-18,1.37,1,5,0,STR-520018
42937960,Cozy Room in the Heart of Boston (MGH/Downtown),341885174,1469671685893229615,Sophia,,Beacon Hill,42.35991,-71.06419,Private room,,91,0,,,1,0,0,
43205956,The Bostonian Victorian,238705380,1469270067136153608,Osman,,Dorchester,42.2924,-71.06892,Entire home/apt,78,91,4,2025-09-01,0.08,1,365,1,
2108738,Back Bay Studio,10750832,1462848757268028350,Tom,,Back Bay,42.34846,-71.09056,Entire home/apt,,91,32,2016-08-14,0.21,1,0,0,
1297245397517766021,Comfortable 1Bedroom in Beacon Hill,373675137,1463554206153655871,Lilith,,Dorchester,42.31481,-71.0662,Private room,,29,0,,,117,0,0,
496022,"Private Floor, Private Bath, City Location",1956464,1462582731242592616,Maria,,Jamaica Plain,42.31005,-71.11781,Private room,,91,16,2016-06-26,0.10,1,0,0,
1303261,Historic Beacon Hill,2120816,1462586901641161317,Larry,,Beacon Hill,42.3588,-71.07085,Entire home/apt,113,91,23,2018-10-25,0.15,1,358,0,
15453527,"Renovated Clean house, Orange Line, EZ to Longwood",18517776,1463055670185507901,Huggy,,Roxbury,42.31313,-71.09335,Private room,14,91,5,2018-01-28,0.04,31,365,0,
15296865,"Spectacular 1 Bedroom Condo, Walkable  to Anywhere",1012005,1462535755221657154,Josh,,Bay Village,42.34887,-71.06924,Entire home/apt,679,3,0,,,1,28,0,STR-629133
2526773,Charming comfort 1 BR / Studio,12165186,1462881543336885640,Masha,,Brighton,42.34374,-71.15497,Entire home/apt,25,91,20,2026-05-31,0.14,3,216,1,
4148586,Back Bay Charmer,3588191,1462633250159585280,Kelly,,Back Bay,42.35395,-71.073,Entire home/apt,,91,15,2015-10-27,0.11,1,0,0,
1295071400509459259,Sweet 1 Bedroom Beacon Hill Area,373675137,1463554206153655871,Lilith,,Dorchester,42.31614,-71.06535,Private room,,29,0,,,117,0,0,
39772695,"Boston Homestel, Double Bed",305274008,1468936842893777281,Boston,,Dorchester,42.31907,-71.05448,Private room,,1,12,2020-08-02,0.15,1,0,0,STR-383164
673911068470916090,The Hideaway in Charlestown,406987220,1469860659361540951,Alexander,,Charlestown,42.37658,-71.06232,Entire home/apt,,90,1,2022-12-01,0.02,1,0,0,
829776703962057224,Stunning and Stylish Home tucked on Cul De Sac,100307715,1467204487350873667,Juli,,West Roxbury,42.25741,-71.16034,Entire home/apt,73,91,0,,,1,217,0,
1544900431045948317,"1BR Condo w/ Balcony, Garage, & City Views",5522398,1544900431884711477,Daniel,,Downtown,42.3544996,-71.0633802,Entire home/apt,,91,0,,,1,247,0,
974824924367110722,Modern/chic one-bedroom in eco Smart Home -Room #2,77476995,1466949615939633231,Christian,,Roxbury,42.31498,-71.0773,Private room,,1,20,2024-11-01,0.59,1,0,0,STR-520018
984131313023329638,Queen Bedroom in North End,130680380,1468309000716951437,Jodie,,North End,42.36711,-71.05864,Private room,,29,0,,,18,0,0,STR-461702
1024599387208752597,Charming 1 Bedroom Apt | Laundry in Unit,365116307,1469734785463392741,Brian & Heather,,Downtown,42.35519,-71.06181,Entire home/apt,,29,8,2025-11-03,0.44,35,8,2,Exempt: This listing is a unit that has contracts with hospitals
1586458070719483880,"Room+ Private Bath. Near Harvard, MIT, HBS",657106909,1470650875580806809,Sab's Haus,,Allston,42.36244,-71.13113,Private room,,2,0,,,8,0,0,STR-531830
1099410611017726027,Roslindale penthouse,227889113,1463227805139311816,Lee,,Roslindale,42.28749,-71.12076,Entire home/apt,58,92,0,,,5,364,0,
1106853866809072696,Renovated Home in Boston,238931345,1463258635310189465,Asha,,Hyde Park,42.25861,-71.11723,Entire home/apt,40,91,1,2026-01-12,0.17,2,122,1,
1448020068720436658,South end corner king,702491717,,,,South End,42.34692,-71.07065,Private room,209,1,34,2026-02-15,0.42,1,352,5,
1306724522090437792,Convenient 1Bedroom in Beacon Hill,373675137,1463554206153655871,Lilith,,Beacon Hill,42.3601102,-71.0660903,Private room,,29,0,,,117,33,0,
43994299,Cozy Bedroom for you!,887148,1462514927454911252,Dawn,,Charlestown,42.38318,-71.07211,Private room,97,29,1,2022-06-18,0.02,3,365,0,STR-431107
41963580,Amazing 3 Bed Close To Boston With Parking & Yard,5618949,1462541500925995654,Alan Edwards,,Roslindale,42.27954,-71.1179,Entire home/apt,246,29,15,2025-07-21,0.27,9,232,1,STR-419049
6758443,"Stylish Downtown Studio in the SouthEnd, C.Ave# 45",22348222,1462620857010380237,Maverick,,South End,42.34441,-71.07633,Entire home/apt,234,1,281,2026-05-24,2.10,87,297,21,STR-441260
23289378,Upscale FIDI Studio | Prime Boston Location,30283594,1465445680495565156,Global Luxury Suites I,,Chinatown,42.352093,-71.06081,Entire home/apt,222,30,53,2024-02-11,0.63,31,357,0,Exempt: This listing is a unit that has contracts with hospitals
1341367579797751706,2BR in Theatre District 7167,212359760,1469109115483128123,Evonify Corporate & Medical Housing,,Downtown,42.35277165631186,-71.06279281590119,Entire home/apt,371,29,2,2025-04-24,0.14,65,335,0,STR-511551
934125986312399656,Bright & Cozy Studio Apartment,523515799,1470355309937485363,Healing Homes,,Back Bay,42.34350157600517,-71.08454095429711,Entire home/apt,376,1,26,2026-05-15,0.77,43,167,13,Exempt: This listing is a hotel or motel
53428804,"Blueground | Downtown, amenities & rooftop views",107434423,1462889176402806013,Blueground,,Downtown,42.35119,-71.06402,Entire home/apt,,30,1,2023-03-13,0.03,227,274,0,
1135749343278420929,King Bed | 3rd Floor | Sunny,501889213,1463849225445308817,J Lucky,,Roxbury,42.326168884510594,-71.08676646723976,Private room,99,1,274,2026-06-13,10.46,7,26,127,STR-571341
1037802536304412236,Cozy Basement Studio - Longwood/Fenway,406353986,1469858479969261658,Cassandra And Mike,,Mission Hill,42.332554675033116,-71.10698955510713,Entire home/apt,188,2,68,2026-05-19,2.30,19,278,23,STR-545178
706390127263498796,Beautiful 2BR In FIDI Boston | Self Check-in,382451810,1469783251184910688,Healing Homes,,Downtown,42.356589950524445,-71.05380253226004,Entire home/apt,405,1,228,2026-05-31,4.95,43,245,39,STR-489682
575336189867925920,Thatch Quarters™ | Pvt. Room in Southie | #202,814298,1462514414319387899,Stay Thatch,,South Boston,42.34201,-71.05557,Private room,212,1,20,2026-06-06,0.39,57,179,11,Exempt: This listing is a hotel or motel
1111395809254291289,"Blueground | South End, gym, nr groceries & shops",107434423,1462889176402806013,Blueground,,South End,42.3439382,-71.0638329,Entire home/apt,,30,0,,,227,325,0,
1541319704408710232,"Blueground | Shawmut, pool, nr Boston Common",107434423,1462889176402806013,Blueground,,South End,42.3438825,-71.0639425,Entire home/apt,,30,0,,,227,335,0,
1146116903149678333,"Blueground | South End, gym, w/d, nr groceries",107434423,1462889176402806013,Blueground,,South End,42.3439382,-71.0638329,Entire home/apt,,30,1,2024-11-07,0.05,227,349,0,
706427301781468018,Warm 1BR in Boston FIDI | Close to Everything!,382451810,1469783251184910688,Healing Homes,,Downtown,42.35724,-71.053,Entire home/apt,345,1,181,2026-05-21,3.93,43,214,30,STR-489689
578997260391302435,WB Quarters by Thatch | Room 304 | Shared BA,814298,1462514414319387899,Stay Thatch,,South Boston,42.343045986777604,-71.05572826729508,Entire home/apt,155,1,30,2025-11-14,0.59,57,175,4,Exempt: This listing is a hotel or motel
849335827776494057,Pet Friendly - Laundry in Bldg - FIDI,275849638,1469454850382219508,Healing Homes,,Downtown,42.35918176984304,-71.05380096814993,Entire home/apt,360,1,111,2026-06-01,2.87,53,238,21,STR-424130
1681130586259892670,Seaport Boston | King Suite | Seaport District,757286044,1681130513808136896,Seaport Hotel Boston,,South Boston Waterfront,42.34899,-71.04121,Hotel room,833,1,0,,,10,356,0,Exempt: This listing is a hotel or motel
48103622,Fully Furnished 2br/2ba Loft in Downtown Boston,275849638,1469454850382219508,Healing Homes,,Downtown,42.35727,-71.0551,Entire home/apt,422,1,253,2026-05-26,3.98,53,156,28,STR-424139
48601192,Lux Downtown Flat - Large Open Layout - Fast Wifi,275849638,1469454850382219508,Healing Homes,,Downtown,42.357088972678284,-71.05350906465866,Entire home/apt,311,1,301,2026-06-01,4.74,53,109,31,STR-424131
855178163713767837,Private room in Boston Neighborhood (1st Fl),29500286,1465434259332797968,Noelani,,Mattapan,42.28312,-71.09187,Private room,103,1,76,2026-05-29,2.12,1,77,16,STR-524356
1023475844472913426,Spacious 2BR 2BA Condo |Boston Downtown,163848078,1463027460596198880,Adam,,Downtown,42.35078,-71.06499,Entire home/apt,767,2,28,2026-05-09,1.32,18,192,25,str-678299
38407434,1863 House Bed and  Breakfast M307 Room 2,32532791,1465477386459707846,Marie,,South End,42.34364,-71.07599,Private room,254,2,79,2026-05-31,0.96,6,104,8,STR-447997
707412419280652756,Most attractive 2 bed 2 bath apt in downtownBoston,373675137,1463554206153655871,Lilith,,Beacon Hill,42.35958,-71.06504,Entire home/apt,197,29,3,2024-08-27,0.07,117,219,0,
670091950992430240,Newly Renovated oversized Studio unit,79864748,1466974787771434297,Karolina,,Mattapan,42.27173,-71.07147,Entire home/apt,313,2,60,2026-06-09,1.26,3,356,9,STR-599897
909739326283898244,Stunning Luxury Oasis ~Brownstone @Heart of Boston,443587558,1470000542470956785,Tiffany,,Bay Village,42.349815,-71.068324,Entire home/apt,1796,9,3,2025-07-18,0.11,2,323,1,STR-593564
8170181,Gorgeous Beacon Hill Apartment,26303242,1465360949119722674,Mark,,Beacon Hill,42.36105,-71.06645,Entire home/apt,105,29,217,2025-12-21,1.66,1,224,2,
1542163294558959675,Unique South End Studio,717946252,1505867861207707885,Healing Homes,,Back Bay,42.34379,-71.08239,Entire home/apt,325,1,4,2026-05-31,1.45,35,113,4,Exempt: This listing is a hotel or motel
1341363970787211670,Cozy 2BR in downtown crossing Boston 7131,212359760,1469109115483128123,Evonify Corporate & Medical Housing,,Downtown,42.355170965192045,-71.06253649840936,Entire home/apt,330,1,94,2026-06-01,5.89,65,327,80,STR-557147
1552343022032530281,Studio in Beacon Hill area,380623623,1469777961228449083,Stella,,Beacon Hill,42.359636883181224,-71.06779604565908,Entire home/apt,103,29,0,,,9,68,0,
676714196426024227,South Bos. W Broadway - 1 BR 1 BA #201,814298,1462514414319387899,Stay Thatch,,South Boston,42.34268369999999,-71.05653339999999,Entire home/apt,365,1,66,2026-06-11,1.44,57,80,16,Exempt: This listing is a hotel or motel
49563625,"1st floor, free parking off street, 3 min to train",399827239,1469836504764231764,Glenn,,Dorchester,42.313251,-71.054817,Entire home/apt,362,3,159,2026-05-19,2.74,1,200,19,STR-458124
1200265943555917966,Private Parking! 4BR Family Home in South Boston,2027428,1462584513073535474,Alessandra,,South Boston,42.33387,-71.05094,Entire home/apt,1274,2,33,2026-05-31,1.50,1,181,19,STR-563283
686824424550769622,Marvelous 1 bed room with nice living room 2 beds,373675137,1463554206153655871,Lilith,,Beacon Hill,42.36038,-71.06824,Entire home/apt,166,29,9,2026-05-24,0.21,117,195,2,
52065756,Right Near Convention Center and Train Station,421556719,1469913365092323499,Hawraa,,South Boston,42.34057,-71.05512,Entire home/apt,775,1,151,2026-05-29,2.60,2,201,15,STR-588927
1239228125728851508,Private Bedroom in Modern Southie Home,57329784,1465937574318098205,David,,South Boston,42.33097060767341,-71.04129226934899,Private room,161,1,31,2026-06-15,1.44,4,355,18,STR-594043
589755108125958939,I_Cozy room easy commute to Boston Downtown.,89328922,1462846423058861810,Ehab,,Dorchester,42.32062,-71.0568,Private room,78,29,106,2024-11-25,2.08,11,364,0,STR-455882
1469629522592385952,Studio in Theatre District 2389,212359760,1469109115483128123,Evonify Corporate & Medical Housing,,Downtown,42.35135,-71.0636,Entire home/apt,305,1,20,2026-05-24,1.89,65,347,20,STR-521842
1399936167825660844,"Blueground | Prudential, pool & w/d, nr plaza",107434423,1462889176402806013,Blueground,,Back Bay,42.3444878,-71.0823684,Entire home/apt,,30,0,,,227,327,0,
23912131,Quite 1 Bd Apt by Massachusetts General Hospital,20079643,1463098884216487275,Boston Corporate Housing,,West End,42.36322,-71.06849,Entire home/apt,,29,21,2024-11-21,0.21,7,236,0,STR-595460
9393163,Charming Bedroom in Kenmore,47487818,1465716437758007845,Kayla,,Fenway,42.34955,-71.09487,Private room,,91,0,,,1,0,0,
24809758,"Brighton, MA Guesthouse for rent, Unit 2 (2nd Fl)",166004722,1468610383084939359,Wang,,Brighton,42.35634,-71.15705,Private room,17,91,7,2020-05-21,0.07,2,201,0,
583490014198341479,Thatch Quarters™ | Pvt. Room in Southie | 104 DOT,814298,1462514414319387899,Stay Thatch,,South Boston,42.33683,-71.04604,Private room,155,1,30,2026-05-28,0.58,57,163,6,Exempt: This listing is a hotel or motel
26013456,A_Spacious room easy commute to Boston Downtown.,89328922,1462846423058861810,Ehab,,Dorchester,42.32243,-71.05676,Private room,57,29,118,2024-11-10,1.26,11,336,0,STR-484164
16909100,Spacious 2BR w/ Free Parking • Steps to Train,68078375,1462786674234827603,George,,Jamaica Plain,42.32036,-71.10403,Entire home/apt,348,1,255,2026-06-08,2.28,1,334,51,STR-544846
1629066406489667355,Charming Brownstone Retreat Near Fenway & T,72298155,1466893111479233531,Rebecca,,Roxbury,42.330027200805176,-71.09555673229488,Entire home/apt,307,1,13,2026-06-05,3.61,2,33,13,STR-619329
52285741,Newly renovated 3 bedroom 10 mins from downtown,61191055,1466753276074529430,Jonathan,,Roxbury,42.3226,-71.09566,Entire home/apt,309,2,208,2026-06-04,3.73,1,258,45,STR-491852
49715280,"Fort Hill Inn, Excellent  Mid Modern nice details!",8229,1462506610204730632,Terry,,Roxbury,42.32856,-71.09569,Entire home/apt,324,1,91,2026-05-14,1.47,11,106,15,STR-446651
49716208,Fort Hill Inn Private Guest room/ private Bath #3,8229,1462506610204730632,Terry,,Roxbury,42.3297,-71.09593,Entire home/apt,214,1,93,2026-06-12,1.53,11,108,21,STR-490093
689144548056876223,Spacious Family Friendly Single-Family Home in JP,3033456,1462615477710756403,Adam,,Jamaica Plain,42.3124907,-71.1023494,Entire home/apt,425,5,15,2026-04-25,0.36,1,23,5,STR-489403
24944930,Shelly's Place Cozy,139072570,1468379223274505765,Shelly,,East Boston,42.38136,-71.0231,Private room,,29,926,2025-08-03,9.36,4,0,14,STR-398249
7910223,"Charming home Away from Home, close to parks",30490577,1462651747385287620,Lori,,Jamaica Plain,42.31689,-71.1004,Entire home/apt,328,2,343,2025-09-27,2.61,3,133,11,STR-398358
1384914909626718093,"3BR Near Train, Hospitals & Wh Foods | Free Parkin",421133258,1469911832080210558,Chisom,,Jamaica Plain,42.32024719451044,-71.10367320477962,Entire home/apt,523,3,15,2026-05-03,1.12,1,355,13,STR-591610
14682931,"Charming room, in hip JP near The T  #2",30490577,1462651747385287620,Lori,,Jamaica Plain,42.31765,-71.10049,Private room,188,3,354,2026-05-31,2.97,3,123,24,STR-398358
5506,** Fort Hill Inn Private! Minutes to center!**,8229,1462506610204730632,Terry,,Roxbury,42.32844,-71.09581,Entire home/apt,216,3,143,2026-05-05,0.68,11,108,7,STR-490093
1886037,Beautiful Penthouse in Beacon Hill,1587128,1462562434379113890,Daniel,,Beacon Hill,42.36106,-71.06987,Entire home/apt,,91,1,2015-07-24,0.01,1,0,0,
5932402,South End Condo,2221632,1462589456858651486,Tad,,South End,42.3449,-71.07079,Private room,,91,0,,,1,0,0,
19969497,*Modern City Triplex!! *Close to Center,28662210,1465422961172674984,Terry,,Roxbury,42.33016,-71.09527,Entire home/apt,679,2,192,2026-05-25,1.78,5,103,19,STR-446660
1681130575786311957,King Harborview Suite | Seaport Boston | Pets,757286044,1681130513808136896,Seaport Hotel Boston,,South Boston Waterfront,42.3489863,-71.041212,Hotel room,783,1,0,,,10,352,0,Exempt: This listing is a hotel or motel
447826,"Sweet Little House in JP, Boston",2053557,1462585186080780861,Hilary,,Jamaica Plain,42.31658,-71.11012,Private room,91,5,447,2026-06-09,2.63,1,192,23,STR-459697
1452380814092470490,Charming bedroom near beach,26898626,1462639070005423991,Arkay,,South Boston,42.32929,-71.05608,Private room,,92,0,,,1,365,0,
1414129295960794314,The Ellie House 7- Budget Friendly Back Bay Apt.,693722844,1470728770948190062,Airbnb Queen- Ellie House,,Back Bay,42.34437782816584,-71.08183972555128,Entire home/apt,293,1,37,2026-05-24,2.80,5,266,34,STR-595608
874694577253994413,Private Town house minutes to downtown,131944063,1468320200004735201,Kathleen,,Dorchester,42.3174128778811,-71.05315949767828,Entire home/apt,346,2,47,2024-10-06,1.26,1,70,0,STR-524854
901693942583530629,Large Private Room (Orchid Room),133457702,1468333096613367408,Selim,,Jamaica Plain,42.32367209126128,-71.10681704647588,Private room,217,3,7,2026-04-04,0.19,10,84,4,STR-552508
683914639091241468,Spacious 2br FIDI District | Centrally Located!,382451810,1469783251184910688,Healing Homes,,Downtown,42.35851418690993,-71.0531663803597,Entire home/apt,388,1,266,2026-06-01,5.77,43,162,63,STR-489677
706439237549118033,Boston Financial District 1BR | Walk to anything!,382451810,1469783251184910688,Healing Homes,,Downtown,42.358049519419495,-71.05293951860236,Entire home/apt,300,1,196,2026-05-25,4.25,43,199,14,STR-489694
1266619578689248665,Small In-law apartment,8015347,1462747033415280964,Edwin,,West Roxbury,42.2727392,-71.1635905,Entire home/apt,34,91,0,,,3,279,0,
1692289700572920871,Luxury Zen Oasis in South Boston,55434744,1465908552706637498,Tamanna,,South Boston,42.33593,-71.05481,Entire home/apt,739,4,0,,,1,46,0,STR-626761
999917182225322201,Cozy Bedroom + Private Bath 1C,16612533,1462990857401466263,Matt,,Dorchester,42.28229899028369,-71.0733387619257,Private room,86,30,9,2026-05-07,0.33,16,227,5,
840519456002071221,"Nxt to ocean, 5 min dntwn by T",189235334,1468981102923655880,Albena,,East Boston,42.3651757086422,-71.03671754053205,Entire home/apt,464,1,197,2026-06-03,5.02,2,224,43,STR-555372
1638403644442371252,Steps to Charles River | Bar & Restaurant + Gym,429638778,1469946374439086544,The Atlas Hotel,,Allston,42.363976,-71.119664,Private room,401,1,2,2026-05-03,0.80,8,167,2,Exempt: This listing is a hotel or motel
27370560,Hola Joy  2,148305529,1462980047826778251,Clara M,,Brighton,42.36044,-71.14057,Private room,86,1,116,2026-06-03,1.21,3,335,53,STR-409596
807831116103142653,Cozy Apartment in Dorchester.,494658101,1470226683138858164,Patrick,,Dorchester,42.28358,-71.07115,Entire home/apt,161,29,10,2023-11-19,0.27,3,163,0,STR-528025
7611271,Spacious 3BR | 2.5 BA + Office Single-Family Home,953185,1462515333231825504,Katie,,South Boston,42.333,-71.03544,Entire home/apt,421,29,124,2026-03-17,0.94,1,299,1,STR-399169
861745537838627043,Heart of Southie - Hot Tub + Walk to Top Bars,487591231,1470194385148985482,Alexander,,South Boston,42.3349257,-71.0449714,Entire home/apt,2245,2,111,2026-06-07,3.03,1,324,28,STR-401897
706391605702679581,FIDI Boston Lovely 2BR | Close to the T!,382451810,1469783251184910688,Healing Homes,,Downtown,42.357279815258956,-71.05497914089749,Entire home/apt,463,1,223,2026-05-21,4.86,43,260,45,STR-489683
3521944,"Beautiful, Quiet, and Safe!",17735272,1463027737378213498,David,,West Roxbury,42.29584,-71.15689,Entire home/apt,,91,3,2014-09-14,0.02,1,0,0,
879147136417316325,Cute Studio in Longwood/Fenway,406353986,1469858479969261658,Cassandra And Mike,,Mission Hill,42.333891348395305,-71.1064474663934,Entire home/apt,243,1,65,2026-05-29,2.17,19,230,24,STR-545176
1211205279244923331,JP Studio - As Seen on Apartment Therapy,13852368,1462924765308293765,Sharde And Jens,,Jamaica Plain,42.31609,-71.10077,Entire home/apt,244,2,94,2026-06-10,4.17,1,46,51,STR-566477
1341642559233278734,Studio in downtown crossing Boston 3937,212359760,1469109115483128123,Evonify Corporate & Medical Housing,,Downtown,42.354578934158525,-71.06222496787875,Entire home/apt,324,1,89,2026-05-24,5.53,65,352,66,str-557147
579012272657499009,Thatch Quarters™ | Pvt. Room in Southie | 306,814298,1462514414319387899,Stay Thatch,,South Boston,42.34151,-71.05573,Private room,187,1,32,2026-05-06,0.65,57,189,6,Exempt: This listing is a hotel or motel
689792415355732136,Spacious FIDI 2br/1br | Close to Everything!,382451810,1469783251184910688,Healing Homes,,Downtown,42.35742713365388,-71.05498999345882,Entire home/apt,417,1,163,2026-04-15,3.54,43,224,25,STR-489707
1298734489572777884,Perfect 1Bedroom in Beacon Hill,373675137,1463554206153655871,Lilith,,Beacon Hill,42.36106236034709,-71.06474768431183,Private room,84,29,0,,,117,74,0,
1412507278451224828,"1 Room+bath in East Boston, right near waterfront",83328300,1467009149544731398,Charvi,,East Boston,42.37775,-71.03872,Private room,27,91,0,,,1,364,0,
35407404,Quiet Room in Boston #2,81492503,1466990595677896594,Mark,,West Roxbury,42.28058,-71.16239,Private room,281,91,1,2019-06-26,0.01,3,270,0,
711426239388775679,Cute Efficiency Unit in Longwood/Fenway,406353986,1469858479969261658,Cassandra And Mike,,Mission Hill,42.33331,-71.10498,Entire home/apt,257,1,123,2026-05-29,2.84,19,280,36,STR-545178
5478135,City living near the beach!,13595892,1462914878569107130,Elizabeth,,East Boston,42.38299,-71.00053,Entire home/apt,,91,26,2016-11-13,0.21,1,0,0,
1548748122967146064,Wonderful three story apartment,8898973,1462789820330998349,Gianni,,Roxbury,42.3228436,-71.09427629999999,Entire home/apt,48,90,0,,,5,154,0,Exempt: This listing is a unit used for furnished institutional or business stays
1681130533151880706,Seaport Boston | King Harborview | Waterfront,757286044,1681130513808136896,Seaport Hotel Boston,,South Boston Waterfront,42.3489863,-71.041212,Hotel room,694,1,0,,,10,358,0,Exempt: This listing is a hotel or motel
53185790,Luxury 4 bed Boston home near beach w/roof deck,49996671,1462714878195811219,Eelam,,South Boston,42.33483,-71.02683,Entire home/apt,1273,2,87,2026-05-29,1.69,1,212,20,STR-418682
1313296930035720520,Comfortable 1Bedroom in Beacon Hill,373675137,1463554206153655871,Lilith,,Beacon Hill,42.35905,-71.06642,Private room,,29,1,2025-05-31,0.07,117,21,0,
50009924,Comfy renovated room in spacious apartment!,15583990,1462965825217431486,Natalia,,Dorchester,42.29063,-71.06357,Private room,204,1,31,2026-05-16,0.53,7,247,3,STR-453623
1524142289115674072,Luxury 1BR Sleeps 4 • Sky Lounge • Gym & Yoga,468451834,1469715874911946539,Platinum Stays Corporate And Medical Housing,,East Boston,42.37737572569705,-71.02975090221342,Entire home/apt,420,1,18,2026-06-07,2.24,2,120,18,STR-008063
45501019,Tribeca chic | 2 BR w/private patio,188309953,1463092693549093834,Philip,,East Boston,42.37714,-71.03994,Entire home/apt,381,2,257,2026-06-06,3.74,2,40,34,STR-434812
22768569,1 spacious bedroom in a new house/Condo in Boston,27477868,1465405541334868225,Natasha,,Jamaica Plain,42.28641,-71.11942,Private room,30,91,0,,,1,270,0,
1681130570995586285,Seaport Boston | King Harborview Suite,757286044,1681130513808136896,Seaport Hotel Boston,,South Boston Waterfront,42.3489863,-71.041212,Hotel room,783,1,0,,,10,352,0,Exempt: This listing is a hotel or motel
48601455,Beautiful 1BR on Top Floor in Downtown Boston,275849638,1469454850382219508,Healing Homes,,Downtown,42.35875,-71.05361,Entire home/apt,275,1,238,2026-04-04,3.86,53,106,13,STR-424138
14704252,Modern 3.5 BR Single Family Home,24358957,1465287063302718789,Bill,,South Boston,42.33339,-71.05317,Entire home/apt,893,29,17,2019-09-06,0.15,1,359,0,STR-416496
1190069375419093149,Private Floor w/Bed/Bath/LivingR,10197317,1462834088491872469,Shannon,,South Boston,42.334237670743775,-71.04871273040771,Private room,192,29,1,2024-08-11,0.04,8,179,0,STR-461452
1695817475695436214,Top Floor Studio available for World Cup,26291119,1462636823664132252,Shane,,Brighton,42.34866,-71.15305,Entire home/apt,174,29,0,,,2,45,0,
1672963216845018285,Habitación tranquila cerca de la estación,1671931541613423686,1672963217711250919,Delcy,,Jamaica Plain,42.32537522230647,-71.10598471887234,Private room,76,29,2,2026-05-30,2,5,356,2,STR-626043
1527659328006183067,Bright 1 Bedroom | Downtown Boston,717946252,1505867861207707885,Healing Homes,,Downtown,42.35083,-71.06524,Entire home/apt,172,29,5,2026-01-13,0.66,35,293,5,Exempt: This listing is a unit that has contracts with hospitals
1355031590067440550,Cozy nest getaway near Boston!,678435930,1470697196297726876,Samuel,,Roslindale,42.27626619999999,-71.13413349999999,Entire home/apt,231,2,44,2026-05-17,2.84,1,268,27,STR-588301
1653112809681353352,2BR in Savin Hill Boston 4e7d,212359760,1469109115483128123,Evonify Corporate & Medical Housing,,Dorchester,42.30921,-71.05346,Entire home/apt,292,2,4,2026-05-11,1.85,65,355,4,STR-520842
1054609177423006832,Quiet Suite in Boston,552618288,1470469799702361812,Hugh,,Hyde Park,42.24991,-71.14139,Private room,221,29,0,,,1,269,0,STR-580418
1699553763946069905,"A New 3 Bedroom 4 Beds 2 Bath, Apt 1",31070527,1462653788004243910,Daryl,,Hyde Park,42.2497886,-71.1319206,Entire home/apt,429,1,1,2026-06-06,1,16,305,1,STR-491593
1700398658213903037,Highly residential neighborhood in Jamaica Plain,33667719,1657649837895004750,Ravi,,Jamaica Plain,42.30945,-71.12863,Private room,154,1,0,,,1,352,0,STR-623139
1399430348540122832,Cozy 5BR Jamaica Plain | Walk to T & Downtown,279124542,1469469687522005164,Angela,,Jamaica Plain,42.2941351,-71.11708569999999,Entire home/apt,533,2,73,2026-06-05,5.54,5,341,70,STR-590061
28915006,Special and Breathtaking East Boston studio,92025425,1467111509530928588,Rohn,,East Boston,42.38793,-71.00376,Private room,141,1,160,2026-06-04,1.72,2,25,26,STR-479029
1246434133047334997,Renovated 2nd Floor Apartment,238931345,1463258635310189465,Asha,,Hyde Park,42.25876,-71.11842,Entire home/apt,217,30,4,2025-11-01,0.20,2,318,3,
6131224,Hidden Gem in Boston Hyde Park,7303930,1462728521383701252,Lawrence,,Hyde Park,42.2619,-71.11315,Entire home/apt,120,29,29,2025-03-31,0.22,4,313,0,
1571090251089413677,"""Top of the Hub"" - SecretAgent Room",4375564,1462655298586932507,Ruben,,Roslindale,42.28402,-71.12216,Private room,168,1,26,2026-06-13,4.56,5,355,26,STR-570381
1681130513112065123,Deluxe King | Seaport Boston | Waterfront Hotel,757286044,1681130513808136896,Seaport Hotel Boston,,South Boston Waterfront,42.3489863,-71.041212,Hotel room,634,1,0,,,10,344,0,Exempt: This listing is a hotel or motel
50197218,CITY APARTMENT NEAR AIRPORT,49457294,1465755033834485636,Jorge,,East Boston,42.37533,-71.03139,Entire home/apt,386,1,301,2026-06-11,4.93,1,83,50,STR-544884
961842882149732560,"Cozy Queen Bd, 7mn to Aiport, 3 mn walk to Train",44837494,1465665662718570667,Nemrac,,East Boston,42.371037880662804,-71.04006197628438,Private room,162,1,140,2026-06-14,5.06,2,196,58,STR-546789
1037711493098913889,Compact Studio - Longwood/Fenway,406353986,1469858479969261658,Cassandra And Mike,,Mission Hill,42.33406,-71.10538,Entire home/apt,265,2,80,2026-05-17,2.64,19,273,33,STR-545178
29390698,Paul Revere Suite PVT Entry/BATH QN Bed History,52881930,1462724335651642097,Bill,,South Boston,42.33451,-71.02733,Entire home/apt,212,2,452,2026-06-14,4.85,3,85,42,STR-398624
48641606,Comfy Oasis,329370033,1469631510135861529,Evon,,Mattapan,42.27941,-71.09465,Entire home/apt,761,1,70,2026-05-31,1.11,5,334,6,STR-445570
1086224944992628260,Getaway Serenity Suite next to Logan Intl Airport,14043189,1462929194494456232,Cynthia,,East Boston,42.37804,-71.03541,Entire home/apt,349,1,24,2025-11-12,0.91,2,102,9,STR-526923
1515593210996533518,5BR for Families & Group Near Hospitals & Downtown,712561017,1484224426423189866,UrbanAxis,,Dorchester,42.32485,-71.05897,Entire home/apt,625,1,14,2026-05-29,1.59,5,98,14,STR-523615
1661195669004633092,Charming 2 bedroom apartment in Dorchester/parking,397154199,1661195669797741152,Israel,,Roxbury,42.31964,-71.07661,Entire home/apt,366,1,8,2026-06-11,5.33,1,254,8,STR-621131
948028016752441970,*New* Modern Rooftop Retreat | Boston,75493943,1466927625374070188,Brandy,,Roxbury,42.31833,-71.08885,Private room,,29,34,2024-07-01,0.98,2,0,0,STR-536323
37968480,Boston Queen Bedroom 204,272001812,1469436028643712686,Antonio,,Dorchester,42.3129,-71.06285,Private room,93,1,141,2026-06-04,1.70,7,141,36,STR-541492
593275481351424048,Eagle's Landing - Logan Airport,65906832,1466814873537265495,David,,East Boston,42.38032,-71.02937,Entire home/apt,158,1,279,2026-05-14,7.78,2,300,73,STR-519465
7279874,One Bedroom right by Fenway Park,2800145,1462608939820626306,Pragya,,Fenway,42.34687,-71.09105,Entire home/apt,,91,15,2018-06-24,0.11,1,0,0,
39966579,201C monthly rental room with private bath BU Med,41932249,1465624270207521062,Ann,,Roxbury,42.32603,-71.08257,Private room,,91,0,,,4,90,0,
8067585,Friendly Resting Spot/Great Transit,27756951,1465409733774038313,Hannah & Philip,,Jamaica Plain,42.30633,-71.11228,Private room,,91,32,2019-05-26,0.25,1,88,0,
52740721,Stunning Nubian Sq Victorian | Mins to Downtown,7362903,1462729995248596690,Karim,,Roxbury,42.32572,-71.08672,Entire home/apt,,2,39,2026-06-18,0.68,3,2,13,STR-547613
42975758,Comfy Spacious Room Near Harvard BS,194167208,1469011238475209081,Reina,,Allston,42.36283,-71.13054,Private room,104,1,161,2026-05-31,2.61,2,17,25,STR-383875
18875451,The Sunset Room at TPH - Boston,16441460,1462597924170059148,Charles,,Brighton,42.35418,-71.16776,Private room,189,1,247,2026-05-13,2.25,6,334,7,STR-453972
1198522402224297139,"Two Queen Room, Inn at Longwood, Near BU - 2 Units",501999278,1468058277289999419,RoomPicks,,Longwood Medical Area,42.33832,-71.10647,Hotel room,837,1,1,2026-03-15,0.32,51,358,1,Exempt: This listing is a hotel or motel
1473994910847089891,The Osler: Spacious • Full Kitchen • Gym • W/D,416027128,1463648115903378942,Our House,,Brighton,42.34619,-71.14422,Entire home/apt,344,1,45,2026-05-20,4.19,41,236,45,STR-604678
1598174912145017017,Bright & Spacious Brighton Center Room,701107955,1470743780541210457,Mert,,Brighton,42.34931479790133,-71.15740422159433,Private room,100,1,5,2026-05-19,1.01,3,349,5,STR-616395
1637148593563927464,cozy room 2,15154687,1462593006369650043,Taskin,,Brighton,42.34605053911882,-71.1509629544908,Private room,149,1,5,2026-05-16,2.50,34,363,5,str-613765
1262437718792022765,Condo in Boston’s North End,432501641,1469957981807035381,Anthony,,North End,42.36478267691053,-71.05356506730251,Entire home/apt,628,3,7,2026-04-22,0.80,1,57,7,STR-577911
38377602,Natural Woods Luxury Condo sound prf/Fitness HEPA.,392970,1462511581286734650,Holly,,Roxbury,42.32400894165039,-71.09172821044922,Entire home/apt,1255,1,38,2025-10-27,0.59,1,352,3,STR-559197
1121260509804808938,The Wilkins : Elevated Luxury • Historic Property,416027128,1463648115903378942,Our House,,Brighton,42.348,-71.14659,Entire home/apt,736,1,98,2026-04-18,3.68,41,273,36,STR-569351
1362548552994048904,Luxury 3BR | Free Parking | Harvard/BU | ROKU TV,578741487,1470581791435581826,Michael,,Brighton,42.36089801887835,-71.14381052423239,Entire home/apt,618,1,65,2026-06-11,4.18,15,330,46,STR-584645
1637137822062054246,cozy room 1,15154687,1462593006369650043,Taskin,,Brighton,42.34758746712123,-71.1507150474058,Private room,88,1,5,2026-05-16,1.83,34,365,5,str-613765
1164012463181519950,Bright Brownstone Condo - Terrace+ParkView,62983081,1466777447301475991,Viktoria,,Roxbury,42.32423627823077,-71.09105080649816,Entire home/apt,513,2,119,2026-06-12,4.83,1,279,55,STR-563909
1437707957071908386,5-story Luxury Boston Brownstone,480310,1462512091358983932,Michael,,Roxbury,42.3283,-71.09362,Entire home/apt,1526,1,45,2026-06-11,3.75,2,296,45,STR-597747
923065544622564210,Alaska Street R22,188939923,1468979307082740201,Mort,,Roxbury,42.32125,-71.07801,Private room,135,2,35,2026-05-16,0.98,7,324,4,STR-415018
1090688462032389296,Capricornus: Oceanside Vacation,560883922,1470505490333828194,Boston Harbor WaterFront Rentals,,North End,42.363277751801824,-71.05108931394656,Entire home/apt,439,1,68,2026-05-29,2.58,6,45,23,STR-589942
826176959727340048,Modern North End Studio,2006852,1462521630116987053,Jay,,North End,42.36726277067371,-71.05232351801394,Entire home/apt,356,1,173,2026-05-08,4.28,25,342,30,STR-520558
600757629932957907,1-bd apt in Jamaica Plain w/ parking near Longwood,27867762,1465411209333679552,Kristen,,Jamaica Plain,42.32558,-71.10717,Entire home/apt,,29,14,2025-05-31,0.29,1,0,0,STR-562671
1491267532724611877,Stylish | mins from airport | Modern | Clean,1173834,1462538882223356535,Charles,,East Boston,42.38217,-71.025,Entire home/apt,,4,26,2026-07-01,3.51,1,16,26,STR-611863
768249035945598810,"*NEW, No sofa beds, Private, King bed, free parkin",489130124,1470201522176690989,La Toia,,Dorchester,42.2978,-71.08064,Entire home/apt,,2,5,2023-04-29,0.12,1,0,0,STR-519163
1298734305858026080,Comfortable 1Bedroom in downtown Boston,373675137,1463554206153655871,Lilith,,Beacon Hill,42.36027,-71.0647,Private room,,29,0,,,117,0,0,
838761294692886820,Accessible Bed: King Bath: in-room,228911273,1469219730072440820,The Revolution Hotel,,South End,42.34547,-71.07063,Private room,,1,20,2023-05-14,0.25,15,0,0,Exempt: This listing is a hotel or motel
1522644831992848150,"Modern 2BR 2Bath, Office Setup & Parking",308835997,1469574306298592182,Rupamathi,,Roxbury,42.3148186,-71.07371049999999,Entire home/apt,56,91,0,,,1,312,0,
1221827752483809198,Modern 2BR w/ Office | Monthly Stays Available,595793521,1470626221949531660,Cerese,,Roxbury,42.32595,-71.0803,Entire home/apt,162,29,4,2026-05-02,0.20,1,152,2,
997693577040984732,Near Harvard Business 2-2,15154687,1462593006369650043,Taskin,,Allston,42.36105925775997,-71.13071205801292,Private room,148,1,150,2026-06-09,4.60,34,357,43,Str-544976
1341508207478800889,Luxury Studio Next to Broadway 4835,212359760,1469109115483128123,Evonify Corporate & Medical Housing,,South Boston Waterfront,42.34418261583651,-71.05590200657764,Entire home/apt,217,29,2,2025-03-27,0.13,65,339,0,STR-585063
21596829,Super Convenient 3BR 2Bath Renovated Sleeps 8,226220,1462510559347144742,Sevil,,Brighton,42.35532,-71.16481,Entire home/apt,442,29,32,2025-10-26,0.31,2,317,1,
579138346910121164,Thatch Quarters™ | Pvt. Room in Southie | 403,814298,1462514414319387899,Stay Thatch,,South Boston,42.3431,-71.05742,Private room,155,1,21,2026-03-29,0.41,57,185,4,Exempt: This listing is a hotel or motel
40512451,"Perfect Spot, Affordable Studio!",285344759,1469492597719438987,Bv,,Bay Village,42.34858322143555,-71.0696029663086,Private room,215,1,107,2026-05-17,1.35,18,345,3,STR-619377
1628388198773093097,"Warm, Welcoming Studio nestled in South End",491301398,1470212149774216478,Leah,,South End,42.3426382,-71.074685,Entire home/apt,248,1,3,2026-06-12,3,11,357,3,LB-605609
1341332615124058224,2B TDGarden Celtics/Bruins/Lil Italy/Historic,3637081,1462531041766010189,Anthony,,North End,42.36741022062671,-71.05479930631226,Entire home/apt,256,1,65,2026-05-18,4.30,11,241,50,STR-582252
1026608436659640687,"Bay VIllage Suite, Ready To Host!",285344759,1469492597719438987,Bv,,Bay Village,42.3485831,-71.0696013,Entire home/apt,307,1,13,2025-10-05,0.45,18,330,3,STR-619370
733385517056774942,Beautiful  and Cozy Apartment!,482782720,1470173967452298088,Luz,,East Boston,42.37815119660565,-71.03183518957874,Entire home/apt,234,2,152,2026-06-14,3.94,1,294,35,STR-494373
1396576968015878073,Modern Coastal City Stay | Waterfront & Airport,104683790,1467258163481314597,Francesco,,East Boston,42.36593932939428,-71.03729216137695,Entire home/apt,433,2,49,2026-06-14,3.69,2,170,47,STR-593109
924596250686285360,Alaska Street R24,188939923,1468979307082740201,Mort,,Roxbury,42.32164,-71.0781,Private room,107,2,45,2026-06-23,1.23,7,41,13,STR-415018
937613962940474640,Small Studio in quiet area,8015347,1462747033415280964,Edwin,,West Roxbury,42.27275820000001,-71.1636271,Entire home/apt,32,91,2,2025-08-26,0.15,3,365,1,
844267526849669236,Wonderful Fenway 3br/2ba | Steps from Fenway Park!,275849638,1469454850382219508,Healing Homes,,Fenway,42.34950701821771,-71.09329788049406,Entire home/apt,321,1,179,2026-05-29,4.59,53,116,55,STR-489711
18354570,Newly Remodeled Studio in Back Bay - River View,66334205,1462771541479758657,Zachary Lee,,Back Bay,42.35318,-71.07904,Entire home/apt,232,18,149,2026-05-27,1.34,1,158,5,STR-398563
1518476628393967252,Brand New Luxury Retreat w/ Pool & Fitness Center,434750240,1469967053543352501,Hyatus Corporate & Medical Housing,,Dorchester,42.32505,-71.0616,Entire home/apt,314,29,12,2026-02-13,1.42,2,263,12,STR-621072
1382905790603263803,Spacious 2bd/2ba in Southend 6209,212359760,1469109115483128123,Evonify Corporate & Medical Housing,,South End,42.33809851541237,-71.06910346625794,Entire home/apt,373,1,71,2026-06-06,4.92,65,309,62,STR-586070
1688594172100129950,Light-Filled Back Bay 1 Bedroom Apartment,1683540234995321877,1683540365202786410,Linden,,Back Bay,42.3496398,-71.08155599999999,Entire home/apt,380,1,0,,,18,312,0,Exempt: This listing is a hotel or motel
948523625428103861,Luxury Apt Seaport with Gym and Pool,20857768,1463140474528738801,Compass,,South Boston Waterfront,42.35357005019778,-71.04748256441803,Entire home/apt,,30,0,,,77,11,0,
965769862121915466,Beautiful Two Bedroom Apartment,8898973,1462789820330998349,Gianni,,Roxbury,42.3240913,-71.0907016,Entire home/apt,46,91,1,2024-06-15,0.04,5,171,0,Exempt: This listing is a unit used for furnished institutional or business stays
1003348159314232275,Stunning 2B luxury condominium on Emerald Necklace,382316683,1469782886656059437,Rohan,,Mission Hill,42.33223,-71.11146,Entire home/apt,80,91,0,,,1,357,0,
1068959354784291874,25A1 | The Alameda 1 | 2BR 1B w/AC & W/D | Private,71783,1462508362719740106,Swank Properties Boston,,West Roxbury,42.2919472,-71.1540823,Entire home/apt,68,29,2,2026-05-25,0.19,52,204,2,
1091446994766123854,Superior accessible room king bed,543706658,,Revere Hotel,,Bay Village,42.3506,-71.0679,Private room,284,1,3,2026-05-24,0.11,3,316,2,
1096278530228976063,Revolution loft one bedroom suite,545223253,,The Revolution Hotel,,South End,42.346155,-71.070907,Private room,186,1,0,,,12,182,0,
1096277404223650585,Revolution loft two double beds room,545223253,,The Revolution Hotel,,South End,42.346155,-71.070907,Private room,186,1,3,2026-06-17,1.14,12,238,3,
1096275859021594492,Revolution loft queen bed room,545223253,,The Revolution Hotel,,South End,42.346155,-71.070907,Private room,399,1,0,,,12,341,0,
1673754869589889787,Boutique 2BR 2BA Tower Suite | Heart of Boston,543604484,1470434829630767211,Kareem,,Downtown,42.35263,-71.06284,Entire home/apt,915,1,0,,,4,359,0,STR-923445
1281208126849535524,Fenway studio,5341214,1462678528182909881,Rebecca,,Fenway,42.34689,-71.10208,Entire home/apt,75,91,0,,,1,365,0,
1303718598138194063,Nice 1 bedroom place in Boston.,373675137,1463554206153655871,Lilith,,Beacon Hill,42.3595002,-71.06847379999999,Private room,,29,0,,,117,0,0,
1101475742784207289,Superior two doubles,563226634,,,,Downtown,42.36079,-71.05584,Private room,745,1,21,2026-06-27,0.90,3,333,17,
26333739,"Classy, Cozy South End Unit",119265681,1468216253313729211,Maude,,South End,42.34207,-71.069,Entire home/apt,160,29,59,2025-11-30,0.62,2,188,1,
1387092226699350581,1BR Apt steps away from Boston Commons 8931,657483974,1470651798436237535,E Stays,,Downtown,42.35086,-71.06506,Entire home/apt,469,1,32,2026-06-04,2.20,18,355,27,STR-520842
1401779364778771706,Cozy Studio in Downtown Boston 7740,212359760,1469109115483128123,Evonify Corporate & Medical Housing,,Downtown,42.350903921514984,-71.06407230440463,Entire home/apt,210,1,42,2026-05-30,3.01,65,349,38,STR-521178
1461576014995818420,Across Fenway Park + Free Breakfast. Pool. Dining.,566705299,1470523161067874396,The Verb Hotel,,Beacon Hill,42.35342,-71.06805,Private room,210,1,40,2026-06-14,4.10,6,99,40,Exempt: This listing is a hotel or motel
875621630800624958,Private Bedroom in Beacon Hill (Bedroom #1),80104460,1462826007402404117,Peter,,Beacon Hill,42.360031641533844,-71.06746991939835,Private room,137,2,215,2026-05-25,5.70,3,248,66,STR-519747
970253528209468566,"Stay Close to Fenway Park & Berklee College, #208",22348222,1462620857010380237,Maverick,,Fenway,42.344704861725305,-71.09044872306895,Entire home/apt,323,1,65,2026-05-30,1.98,87,349,18,STR-540407
1425295257935215060,"Blueground | Fenway, gym, nr Fenway Park",107434423,1462889176402806013,Blueground,,Fenway,42.34449130000001,-71.086708,Entire home/apt,,30,0,,,227,317,0,
1105789386769733509,Deluxe king,565526469,,,,North End,42.366842,-71.05097,Private room,229,1,43,2026-06-18,1.60,7,349,22,
1101473413005838959,Deluxe king,563226634,,,,Downtown,42.36079,-71.05584,Private room,337,1,15,2026-06-29,0.68,3,358,8,
554348528269020772,"Beacon Hill, J. Miller Flats -Studio Apt #3",814298,1462514414319387899,Stay Thatch,,Beacon Hill,42.35938,-71.0701,Entire home/apt,474,1,85,2026-05-24,1.68,57,164,15,Exempt: This listing is a hotel or motel
1468400661045483411,"South End Luxe Apartment: Pool, Gym & Downtown! Ya",62211530,1466766917676045571,Marina,,South End,42.3461643,-71.0629436,Entire home/apt,971,29,6,2026-03-08,0.65,1,342,6,STR-002389
1388487693921468196,2BR in Downtown Boston 1628,657483974,1470651798436237535,E Stays,,Downtown,42.35132060689401,-71.06333868429304,Entire home/apt,248,1,49,2026-06-11,3.53,18,331,42,STR-520842
39390476,Evon | SouthEnd | Luxury Apt | Boston Medical,212359760,1469109115483128123,Evonify Corporate & Medical Housing,,South End,42.33708,-71.07495,Entire home/apt,284,29,14,2020-05-31,0.17,65,121,0,Exempt: This listing is a unit used for furnished institutional or business stays
35467463,Beacon Hill House | MGH/MIT/Freedom Trail,258974203,1469368239929085934,Sophia,,Beacon Hill,42.35987,-71.06598,Entire home/apt,148,29,22,2026-02-28,0.26,2,41,2,Exempt: This listing is a unit used for furnished institutional or business stays
670516883910999694,Super Lovely beacon hill one bed apt with two beds,373675137,1463554206153655871,Lilith,,Beacon Hill,42.36029,-71.06609,Entire home/apt,152,29,3,2023-12-16,0.07,117,214,0,
52421929,Cozy Double - Copley Square Hotel,423875908,1469922849044617913,Copley Square Hotel,,Back Bay,42.34898,-71.07794,Private room,169,1,34,2026-02-15,0.83,6,312,20,Exempt: This listing is a hotel or motel
43833357,Romantic Boston Harbor Houseboat -Waterfront Suite,306011239,1469565672258574875,Karen,,Charlestown,42.3755827,-71.0494657,Entire home/apt,463,1,73,2026-05-28,1.02,3,320,4,STR-427698
1046003084909321850,Perfetto North End 1brm,2006852,1462521630116987053,Jay,,North End,42.3677763751764,-71.05398494483002,Entire home/apt,425,1,93,2026-05-31,3.20,25,287,39,STR-546550
804299037876795981,Updated South Boston Unit with Deck,10197317,1462834088491872469,Shannon,,South Boston,42.33319799852546,-71.0478741472269,Private room,192,29,5,2024-06-03,0.13,8,364,0,STR-461452
1466557152825642693,"Entire condo in Boston, MA",707690155,1470755562602409797,Darriana,,Dorchester,42.2952,-71.07512,Entire home/apt,114,91,0,,,1,364,0,
2021483,Spacious Updated 2 Bed Boston Condo w/ Deck,10197317,1462834088491872469,Shannon,,South Boston,42.3358,-71.04948,Entire home/apt,282,29,22,2024-07-21,0.18,8,155,0,STR-461452
1190055706860360489,Spacious South Boston 2Bed wDeck,10197317,1462834088491872469,Shannon,,South Boston,42.33424485793947,-71.0487063601613,Entire home/apt,480,29,2,2024-08-18,0.09,8,364,0,STR-461452
1221046068654269453,"Walk to T, Jamaica Pond, Dining & Whole Foods",586870169,1470604736184387893,Andrew,,Jamaica Plain,42.31925,-71.11408,Entire home/apt,378,2,21,2026-05-30,0.95,14,266,13,STR-609709
13393418,BostonPrimeArprt*TD*NrthEd*ConvCtr*Faneuil*T*Fenwy,76181684,1462817047511646221,Sandra,,East Boston,42.37611,-71.03578,Entire home/apt,217,1,996,2026-06-14,8.26,1,229,84,STR-476125
7575052,Great views from top floor #7,9653086,1462819743474271426,Glenn,,South End,42.34128,-71.07607,Entire home/apt,226,31,92,2024-12-15,0.70,5,350,0,
1563148275373821496,South End Studio Close to Hospitals!,717946252,1505867861207707885,Healing Homes,,Back Bay,42.34272,-71.08426,Entire home/apt,293,29,2,2026-01-02,0.34,35,158,2,Exempt: This listing is a hotel or motel
1693039273129006632,Spacious 2BR2BA overlooking Boston common Downtown,518882444,1470334797382667032,Greg,,Downtown,42.3511915,-71.0640258,Entire home/apt,1211,4,0,,,14,266,0,STR-244905
1414090299063832462,"The Ellie House 4- 1st Floor, Efficient, Back Bay!",693722844,1470728770948190062,Airbnb Queen- Ellie House,,Back Bay,42.34395998701708,-71.0819640459429,Entire home/apt,461,1,36,2026-05-17,2.90,5,270,34,STR-595613
46964831,Spacious 4bed Loft | Downtown Boston | Beacon Hill,365116307,1469734785463392741,Brian & Heather,,Downtown,42.35702565661529,-71.06194776110382,Entire home/apt,672,1,339,2026-05-25,5.16,35,38,57,STR-466837
742760728038883935,Sunny room with private en suite bathroom,165017579,1463029873959114046,Rich,,East Boston,42.37859,-71.03479,Private room,314,1,313,2026-06-01,7.44,1,268,57,STR-515160
1370807490484628218,2BR in Theatre District 1782,212359760,1469109115483128123,Evonify Corporate & Medical Housing,,Downtown,42.35178435995328,-71.06282330454127,Entire home/apt,388,1,53,2026-06-09,3.43,65,340,45,STR-586070
1342304608634971842,Cozy 1Bedroom in Beacon Hill,373675137,1463554206153655871,Lilith,,Beacon Hill,42.35860812543862,-71.06902656202529,Private room,89,29,5,2026-03-24,0.39,117,86,4,
687244854981913174,Best 1- bedroom w cozy living room w 2 beds /view,373675137,1463554206153655871,Lilith,,Beacon Hill,42.36006,-71.06725,Entire home/apt,171,29,7,2026-06-11,0.17,117,236,2,
566450430168033283,Amazing one bed apt in beacon hill with backyard,373675137,1463554206153655871,Lilith,,Beacon Hill,42.36017,-71.06484,Entire home/apt,135,29,3,2024-10-01,0.09,117,193,0,
1353178918224480534,Convenient 1Beroom in Beacon Hill,373675137,1463554206153655871,Lilith,,West End,42.36123379709145,-71.06488558271883,Private room,70,29,0,,,117,41,0,
1314550372287722356,Premium Loft 3BR/2BA in Heart of Downtown Boston,100148225,1462870738491829964,Amy,,Downtown,42.35488,-71.05997,Entire home/apt,1055,1,56,2026-06-14,4.96,2,268,56,STR-598797
1547883175600855164,Private room / Steps to train / 2 Min from Airport,468507596,1501784164060713614,Imanol,,East Boston,42.38175,-71.02235,Private room,143,1,20,2026-06-15,2.75,4,6,20,STR-609287
1077315771213267440,"Blueground | Back Bay, gym & w/d, nr shopping",107434423,1462889176402806013,Blueground,,Back Bay,42.348645,-71.0793489,Entire home/apt,,30,0,,,227,320,0,
810755335955230893,"Blueground | Chinatown/Theater Dist, gym, nr t",107434423,1462889176402806013,Blueground,,Downtown,42.3511858,-71.06401699999999,Entire home/apt,,30,0,,,227,56,0,
19727919,Shelly's Bunk Room,139072570,1468379223274505765,Shelly,,East Boston,42.38138,-71.02312,Private room,115,1,937,2026-06-10,8.64,4,220,109,STR-601369
731581616930727750,"Blueground | Chinatown/Theater Dist, gym, nr t",107434423,1462889176402806013,Blueground,,Downtown,42.3511858,-71.06401699999999,Entire home/apt,,30,1,2023-08-07,0.03,227,298,0,
1281878156930731368,"East Boston, 5 Min to Airport, Parking Available",403065422,1469847381390667492,Josh,,East Boston,42.38213395509568,-71.0313219577074,Entire home/apt,275,1,70,2026-06-08,4.09,1,286,49,STR-584188
1219702182254581166,"(DR54) Roof Deck 6Bedrooms,W/D, Parking, Baby Crib",261436898,1469381823054867298,Boston Properties,,Dorchester,42.28705,-71.04096,Entire home/apt,636,2,52,2026-05-25,2.49,4,120,28,str-526502
23272728,"Clean, cozy, and conveniently located!",156565411,1468527464584981184,Carolina,,Longwood Medical Area,42.33873,-71.10751,Private room,,91,13,2019-01-10,0.13,2,0,0,
23822858,Evolve Wharf,18202088,1463038550988947246,Luxurious,,Downtown,42.35302,-71.05195,Entire home/apt,,91,9,2019-07-25,0.09,12,0,0,
24356120,Comfortable Place in Roslindale,183787878,1468949858844874602,Leo,,Roslindale,42.27916,-71.13036,Entire home/apt,,29,1,2019-06-25,0.01,1,0,0,
12344142,Top Rated Apartment! Exceptional Location!,10619687,1462845357313059230,Mechaal Belkacem,,East Boston,42.36843,-71.0401,Entire home/apt,36,91,126,2026-05-16,1.24,1,226,2,
12950332,Clean Large Room near Redline/Rail Peaceful Area,18517776,1463055670185507901,Huggy,,Dorchester,42.30536,-71.07221,Private room,15,91,9,2018-02-18,0.07,31,365,0,
26207713,Spacious room in beautiful apartment,80595835,1466981831257761247,Liviu,,Jamaica Plain,42.32031,-71.11659,Private room,15,91,4,2018-10-01,0.04,1,167,0,
28071995,Lower Mills Guest Suite,18465514,1463054791722529496,Robert E,,Mattapan,42.27417,-71.07624,Entire home/apt,285,2,131,2026-06-24,1.44,1,3,6,STR-445592
31636229,1 bedroom basement unit,237183549,1469262177633726944,Stephanie,,Hyde Park,42.26324,-71.12666,Entire home/apt,,29,60,2020-11-13,0.70,1,0,0,STR-408276
1956275,"Beautiful 3 bd- 1.5 bath with parking, in Boston.",9622924,1462818952153394012,Emmanuel,,Jamaica Plain,42.30789,-71.12215,Entire home/apt,,91,105,2019-05-20,0.69,1,0,0,
17609053,⍟ Lofty South End Penthouse w/Street Parking! ⍟,12452436,1462888066729686654,Drew,,South End,42.33888,-71.07525,Entire home/apt,,29,31,2023-04-19,0.28,2,0,0,STR-453957
35084086,"3D south end, sunny room near T/BU Medical",41932249,1465624270207521062,Ann,,South End,42.33864,-71.06943,Private room,,91,8,2019-08-26,0.09,4,0,0,
35165584,3A BU Medical/NEU sunny cozy room,41932249,1465624270207521062,Ann,,South End,42.33841,-71.07159,Private room,,91,4,2019-08-19,0.05,4,0,0,
21597670,Entire 1-bedroom Apartment Near Downtown/Longwood,60155656,1462744563723036593,Chaletta,,Roxbury,42.32177,-71.09169,Private room,,29,119,2026-05-16,1.13,1,42,3,
642574460409151369,Beautiful single family home in Jamaica Plain,2006852,1462521630116987053,Jay,,Jamaica Plain,42.32349,-71.11157,Entire home/apt,,2,27,2026-04-20,0.55,25,0,9,STR-558231
1556437748143476356,Townsend Executive Suite| Furnished 3BR Boston,661545756,1470660770578854120,Shaqueira,,Roxbury,42.31902,-71.09092,Entire home/apt,69,91,0,,,1,346,0,Exempt: This listing is a unit used for furnished institutional or business stays
1582112771376635821,Furnished master room near Boston Logan airport!,735408832,1582112772058517662,July,,East Boston,42.3856216,-71.0143037,Private room,23,91,0,,,4,365,0,
1092879717017769944,Superior Double Queen,555865871,,,,Downtown,42.3575,-71.05286,Private room,269,1,28,2026-06-13,1.07,2,321,23,
1611091474001452159,1Bed/1Bath Fenway/Kenmore Sq Newly Renovated Condo,67229120,1466830784747849826,Michael,,Fenway,42.34907,-71.09205,Entire home/apt,46,91,0,,,2,198,0,
1090665383118165783,Endless Summer: Oceanside Views,560883922,1470505490333828194,Boston Harbor WaterFront Rentals,,North End,42.36321,-71.04947,Entire home/apt,482,1,53,2026-05-26,2.04,6,163,25,STR-589942
609993404493501490,Prime Central 1brm in North End Boston,2006852,1462521630116987053,Jay,,North End,42.36495,-71.05249,Entire home/apt,437,1,194,2026-05-29,4.15,25,328,38,STR-472277
1269906183728450902,X11 Spacious Room Near HMS/Longwood Hospitals,229497500,1469223095210756024,Evan,,Mission Hill,42.33278,-71.1107,Private room,74,7,5,2025-11-01,0.25,12,115,3,STR-534970
584121613432884934,Thatch Quarters™ | Pvt. Room in Southie | 202 DOT,814298,1462514414319387899,Stay Thatch,,South Boston,42.33668,-71.04592,Private room,165,1,39,2026-06-03,0.76,57,182,11,Exempt: This listing is a hotel or motel
1147895129154593068,Beautiful Greater Boston Rental,575442727,1470571870430246773,Ryan,,Brighton,42.35063,-71.15459,Entire home/apt,,1,2,2024-08-23,0.09,1,0,0,STR-566365
1192752550867373980,Easy Commute South Boston 4BR/1BTH Apartment,2356643,1462523722549277069,StayNue,,South Boston,42.33339,-71.05261,Entire home/apt,,29,3,2024-11-16,0.14,31,0,0,STR-522998
1323517222066681789,Sunny Beacon Hill Tree-Top Oasis,23129174,1465269045472842941,Candice,,Beacon Hill,42.36018,-71.06699,Entire home/apt,,29,2,2025-06-01,0.14,1,0,0,
1345130474317860363,Wonderful 1Bedroom in Beacon Hill,373675137,1463554206153655871,Lilith,,Dorchester,42.31422,-71.06547,Private room,,29,0,,,117,0,0,
1410396657230251057,Amazing Downtown Boston CityView,692164752,1470725664395545668,Nadine,,Roxbury,42.32608,-71.09116,Private room,34,91,0,,,2,365,0,
1270281307573876990,Boston 3 BR Patio Full Kitchen,656025446,1470648519403853933,Heidi,,South End,42.33795,-71.07647,Entire home/apt,448,2,42,2026-05-31,2.99,2,314,40,STR-573028
43957080,Prime Boston 2BR w/ Balcony | Near T & Tufts,95459395,1467150338424544118,Bluebird Suites,,Chinatown,42.352093,-71.060806,Entire home/apt,,29,6,2023-10-22,0.09,3,341,0,Approved by government
1700129375063304695,Bright Studio | Steps from the Best of Boston,1683540234995321877,1683540365202786410,Linden,,Back Bay,42.3429186,-71.08294049999999,Entire home/apt,201,1,0,,,18,188,0,STR-627352
1152936040635578826,"(476-3) Bright Studio, Outdoor Space, A+ Location!",563246552,1470512703190615862,Together We Rise,,South End,42.34383977780176,-71.07942220915876,Entire home/apt,261,1,91,2026-05-31,3.68,50,260,47,STR-599890
831837934769463043,Beautiful Mission Hill 1Br/Ba!,275849638,1469454850382219508,Healing Homes,,Mission Hill,42.33287,-71.09857,Entire home/apt,440,1,24,2026-04-06,0.66,53,162,17,STR-521770
1656826985463669926,Historic Fort Hill view-parking +minutes to center,4819064,1656826986246344317,Kaija,,Roxbury,42.3256597,-71.0958698,Entire home/apt,311,1,1,2026-06-15,1,1,29,1,STR-623529
933905514748344789,Beaut private close univ+hospital,49565531,1465757072578202280,Maria,,Jamaica Plain,42.3203345,-71.10534799999999,Entire home/apt,354,1,115,2026-06-07,3.24,1,96,31,STR-619722
807100249723439013,"Bright Private Room Near Beaches, Public Transit",2356643,1462523722549277069,StayNue,,South Boston,42.33356815198421,-71.03459422733098,Private room,73,30,7,2026-04-03,0.18,31,72,5,STR-522656
1681130518084750837,Seaport Boston | Deluxe King | Seaport District,757286044,1681130513808136896,Seaport Hotel Boston,,South Boston Waterfront,42.34899,-71.04121,Hotel room,634,1,0,,,10,344,0,Exempt: This listing is a hotel or motel
1681130522760362380,Seaport Boston | Deluxe 2 Double | Seaport Dist,757286044,1681130513808136896,Seaport Hotel Boston,,South Boston Waterfront,42.3489863,-71.041212,Hotel room,634,1,0,,,10,354,0,Exempt: This listing is a hotel or motel
729658576548339540,"Southie Living by Seaport, Red Line, Beach & Bars",2356643,1462523722549277069,StayNue,,South Boston,42.33339,-71.0519,Private room,74,29,15,2026-02-08,0.33,31,42,2,STR-522998
831914165597361101,Wonderful 1BR in Mission Hill!,275849638,1469454850382219508,Healing Homes,,Mission Hill,42.331554054259264,-71.09869749195016,Entire home/apt,423,1,38,2026-05-04,0.97,53,210,23,STR-521769
1305173829552703456,Fabulous 1 Bedroom in Beacon Hill,373675137,1463554206153655871,Lilith,,Beacon Hill,42.3594256,-71.069931,Private room,78,29,2,2026-05-31,0.23,117,74,2,
1074082304093368546,"Clean, Modern & Great Location",485239542,1470184410744804673,Lop-Nilz LLC,,Mattapan,42.2854383313153,-71.0930408048361,Entire home/apt,685,1,37,2026-06-11,1.31,1,125,8,STR-587416
740400290363696561,Beautiful South End 2BR apartment,346249638,1469685556036577932,Jennifer,,South End,42.34369,-71.07534,Entire home/apt,1149,3,12,2026-06-28,0.31,1,183,3,STR-522463
579155637396199837,Thatch Quarters™ | Pvt. Room in Southie | 404,814298,1462514414319387899,Stay Thatch,,South Boston,42.34177,-71.05555,Private room,155,1,25,2026-03-29,0.50,57,181,4,Exempt: This listing is a hotel or motel
1360621482451813370,Tiny Home Haven,34781821,1465513141485424838,Jhanev,,Mattapan,42.27326,-71.10755,Entire home/apt,124,29,1,2025-06-17,0.08,1,270,1,STR-603610
53511250,"Close to Downtown, pets friendly, Free Parking!",433310778,1469961412145410195,David,,Dorchester,42.280727,-71.074799,Entire home/apt,186,29,7,2022-07-17,0.13,1,137,0,STR-520523
14868157,"Charming room, in hip JP near The T  #1",30490577,1462651747385287620,Lori,,Jamaica Plain,42.31689,-71.10005,Private room,121,4,411,2025-08-31,3.45,3,101,8,STR-398358
828194448965037333,Financial District Charm | Walk anywhere!,275849638,1469454850382219508,Healing Homes,,Downtown,42.35730177094459,-71.05326282459265,Entire home/apt,312,1,113,2026-03-29,2.89,53,106,18,STR-461939
1435978958008578610,Modern apt in E Boston/Walk to Airport,699041704,1470739825185749122,NomadiQ,,East Boston,42.37632275450519,-71.03096816288726,Entire home/apt,285,1,93,2026-06-02,7.50,6,343,91,STR-546284
1551686516076403577,Bright Furnished Room Near Downtown Boston,712188886,1482748761625297615,Heidi,,Roxbury,42.31768,-71.07641,Private room,24,91,0,,,2,365,0,
866647856795580011,Lovely Brighton Apartment!,77086857,1466944238678520092,Youcef,,Brighton,42.34582,-71.14127,Entire home/apt,70,91,0,,,1,364,0,
1526218516631125794,"Boston Getaway, Close to Airport",448777247,1470021151805545389,Raffaele,,East Boston,42.37361,-71.03701,Entire home/apt,571,1,11,2026-06-02,2.43,1,227,11,STR-609341
908411131253611399,Flex Plus - Addison Residence,406915877,1469860338811300594,Harrington,,East Boston,42.3848,-71.00158,Private room,11,150,0,,,3,364,0,
1284138728001445574,Private bedroom/shared bathroom,266108658,1469407353998185436,Hieu,,Dorchester,42.30491365800796,-71.08013782650232,Private room,177,2,3,2025-10-26,0.35,1,175,3,Str-576284
1502560477744552138,Family Escape 3BR w/Parking Near Downtown 558/1,671166370,1470682179631262135,Tan,,Dorchester,42.29563,-71.07512,Entire home/apt,365,1,17,2026-06-08,2.02,4,307,17,STR-595347
1481870586251993631,Feel At Home,100816655,1467210346930930899,Liora,,Brighton,42.34482,-71.15031,Entire home/apt,470,2,10,2026-06-07,1.06,1,115,10,STR-597290
1642783801001713794,R7_Double Room In Fields Corner Area,541813300,1470427724054736466,Boston,,Dorchester,42.30297,-71.06594,Private room,75,1,3,2026-05-31,1.03,32,358,3,STR-612980
1673708229724277064,Stylish Seaport 3BR Apartment Heart of Seaport,9931361,1462827313924361786,Amr,,South Boston Waterfront,42.35255,-71.04703,Entire home/apt,1700,1,0,,,1,365,0,STR-987245
6080461,Fort Hill Inn- Cozy Studio ApT 1.5 miles to Center,28662210,1465422961172674984,Terry,,Roxbury,42.32966,-71.09597,Entire home/apt,307,1,165,2026-05-21,1.22,5,110,15,STR-446654
1335595238690814348,Great central location in Downtown Boston,673390380,1470686785611445829,Residence Inn Boston Downtown South End,,Roxbury,42.3336376,-71.081672,Private room,329,1,189,2026-05-24,11.76,1,84,116,Exempt: This listing is a hotel or motel
1655892308489655109,Breathtaking Boston Penthouse Near Newbury St/MBTA,452792381,1655892309361788652,James,,South End,42.34451,-71.07146,Entire home/apt,1420,1,0,,,1,358,0,STR-623119
1252530932195640249,X23 Near HMS/Longwood Hospitals,229497500,1469223095210756024,Evan,,Mission Hill,42.33074439410338,-71.10950966961504,Private room,60,29,2,2025-11-18,0.10,12,54,1,STR-534970
19885345,#202 Boston private AC Queen BR 全楼禁烟 female,105851798,1467284104225807245,Anne,,Dorchester,42.30792,-71.06513,Private room,92,30,32,2025-09-09,0.30,18,359,2,
1472034845827407833,Central 4BR Penthouse Boston Common MGH & TUFTS,463475392,1469699457630744455,Jonah Magno,,Chinatown,42.35154466228414,-71.06057570793456,Entire home/apt,1034,29,1,2026-04-20,0.52,8,173,1,STR-845865
50017182,"Blueground | Back Bay, near prudential center",107434423,1462889176402806013,Blueground,,Back Bay,42.34449,-71.08237,Entire home/apt,,30,0,,,227,319,0,
1305231835105946549,Affordable 1Bedroom in Beacon Hill area,373675137,1463554206153655871,Lilith,,Beacon Hill,42.36008360858385,-71.0688305366434,Private room,68,29,0,,,117,44,0,
53184370,Lovely 420 friendly home,41645684,1465619375898584310,Kensley,,Dorchester,42.28701,-71.06957,Private room,16,91,0,,,2,365,0,
915095328814606476,"(W9) Studio in South End Boston, Prime Location",371640674,1469752814550739834,Boston,,South End,42.33972579036294,-71.07632251950251,Entire home/apt,360,1,91,2026-05-10,2.52,11,246,35,STR-628637
49941156,All included. Comfy quiet room.,67103816,1466829193913695209,Firlian,,Roxbury,42.31649,-71.09199,Private room,56,30,18,2026-05-31,0.30,8,134,6,
1603086414660562034,Elegant 1Bedroom Apt in Beacon Hill,373675137,1463554206153655871,Lilith,,Beacon Hill,42.360062749111,-71.06594354888668,Entire home/apt,216,29,1,2026-04-01,0.39,117,235,1,
15521407,Large Private room in Savin Hill,72139831,1466891400796042757,Robin,,Dorchester,42.30918,-71.04643,Private room,156,1,345,2026-06-09,2.95,4,249,43,STR-383505
20723594,Lower level private room and bath in Savin Hill,72139831,1466891400796042757,Robin,,Dorchester,42.31016,-71.05332,Private room,168,1,335,2026-06-06,3.13,4,250,35,STR-383474
1507266978081571655,Comfy Bedroom with Workspace and Lounge 1A,16612533,1462990857401466263,Matt,,Dorchester,42.28215,-71.05279,Private room,,90,2,2026-04-14,0.34,16,0,2,
45652898,Modern JP Townhouse w Parking - quiet & convenient,310450960,1469579806326613745,Cindy,,Jamaica Plain,42.30912,-71.11833,Entire home/apt,359,1,118,2026-05-18,1.75,1,48,24,STR-493571
48768462,Luxury pet-friendly 2 bed by beautiful park!,2006852,1462521630116987053,Jay,,Jamaica Plain,42.31086,-71.09849,Entire home/apt,299,1,42,2026-05-14,0.66,25,249,19,STR-445529
823053074553097627,Charming & bright 3bedroom Apt,282505012,1469482608075307294,Maria,,Jamaica Plain,42.297686,-71.113484,Entire home/apt,317,3,88,2026-05-18,2.23,2,248,28,STR-518539
1614676295515107265,El Nido,186871511,1614676296292701823,Sarah,,East Boston,42.38025,-71.01793,Entire home/apt,250,1,0,,,1,171,0,STR-618831
4119345,Airy new apt for 2-6. Near subway. Free parking.,1414385,1462545170386015656,Woodruff,,Jamaica Plain,42.31063344940129,-71.10855891982172,Entire home/apt,714,1,76,2026-06-02,0.55,1,278,14,STR-522672
798533622805798105,Studio in East Boston #2,193540040,1463105138896048732,Luciano,,East Boston,42.390197149246475,-71.00069295197193,Entire home/apt,240,1,129,2026-06-03,3.17,2,41,41,STR-566522
6603827,Cozy private room near bus stop,34552909,1465508052287463139,Barrie,,Roslindale,42.28411,-71.11693,Private room,39,29,20,2026-01-31,0.15,3,286,3,
1462324789512874415,Near Harvard University + Free Breakfast & Gym,565835592,1470520497936243126,Studio Allston Hotel,,Brighton,42.36313068852783,-71.13599724234237,Private room,466,1,3,2025-11-10,0.36,19,290,3,Exempt: This listing is a hotel or motel
48960486,#2 CLEAN COMFY & COZY GLORY GUEST SUITE,229143484,1463231525631778465,Maria,,Dorchester,42.28085,-71.07316,Private room,280,1,53,2025-10-19,0.88,3,365,1,STR-468600
49067845,"Sparkling Clean, HOME away from home!",90419082,1467093860616092679,Camille,,Mattapan,42.27679,-71.06871,Entire home/apt,497,3,24,2026-05-17,0.47,3,340,4,STR-544843
46170478,Boston Maison near JFK/UMASS,374049727,1463555032624838335,Taibou,,Dorchester,42.31687,-71.05668,Private room,92,30,6,2025-12-20,0.23,1,359,2,
1134851081914162750,"Modern Luxury | Free Parking, Near T | Home Cinema",229108752,1469220924018395117,Emmanuel,,East Boston,42.3673067,-71.0378328,Entire home/apt,600,1,136,2026-06-07,5.28,1,301,66,STR-557014
5054601,Large Room- Red Line- Easy Access Downtown,26098645,1462636100614352818,Manuela,,South Boston,42.33034,-71.05802,Private room,96,5,209,2026-04-21,1.52,4,252,8,STR-524662
1334040298984901725,"Z Beacon Hill MGH Mins to Acorn St, Outdoor space",37907846,1465567199260055273,Boston,,West End,42.3617282211065,-71.07097755368703,Entire home/apt,396,1,45,2026-05-22,2.66,13,228,27,Exempt: This listing is a unit that has contracts with hospitals
1638402759040048322,Near Harvard Square | Fitness. Restaurant + Bar,429638778,1469946374439086544,The Atlas Hotel,,Allston,42.363976,-71.119664,Private room,451,1,5,2026-05-16,1.60,8,171,5,Exempt: This listing is a hotel or motel
653014464547095412,Newly renovated -2 Bedroom Condo,382384906,1463573119664257322,Allan,,South Boston,42.32917,-71.0533,Entire home/apt,242,29,12,2023-10-22,0.26,1,317,0,STR-485180
1698618528988085922,cozy room B,15154687,1462593006369650043,Taskin,,Brighton,42.34664555625843,-71.15075675692947,Private room,88,1,0,,,34,361,0,str-613765
37145151,Luxury Boston Condo,63009899,1466777748116373708,Joseph,,East Boston,42.36843,-71.03664,Entire home/apt,333,3,35,2026-06-14,0.42,1,106,14,STR-528817
1679912447638177135,Private Room Near BMC & Downtown Boston,255315967,1469349377687750420,Burhan,,Roxbury,42.3344141,-71.0761069,Private room,150,1,1,2026-05-15,0.91,3,63,1,STR-564657
1553651771699777518,Charming 2 Bedroom Apt w/ Patio & Street Parking,505603593,1470272971624431414,Petronella,,Roxbury,42.31606,-71.08168,Entire home/apt,337,1,3,2026-05-23,3,1,148,3,STR-622146
52389631,"1 bed, 2 rooms, 4 guests Cute&new. Free parking",92721057,1467120504791990091,Ewa,,Dorchester,42.31432104753411,-71.0591618919991,Entire home/apt,262,1,185,2026-05-31,4.73,2,205,65,STR-520772
1045665874129381877,"(F35) Fenway Park, Renovated, 2 beds.",233908696,1463245100596399025,Together We,,Longwood Medical Area,42.34066,-71.10179,Entire home/apt,372,1,110,2026-06-06,3.76,7,246,33,STR-571664
944890720188725579,"Designer 3-BR Apt in Historic Charlestown, Boston",148198110,1468451878819574086,Rebecca,,Charlestown,42.38045,-71.07001,Entire home/apt,905,1,87,2026-05-25,2.67,1,117,37,STR-538419
1241943733329656931,Beautiful room / First floor / Washer-Dryer,47584294,1465718059935171405,Jessy And Diego,,Brighton,42.34287892242128,-71.15064968043978,Private room,124,1,54,2026-05-30,2.52,33,173,31,STR-598227
1497512131660791715,Charming 2BR Apt | ROKU HDTV | Sleeps 8,578741487,1470581791435581826,Michael,,Allston,42.35126,-71.14101,Entire home/apt,303,1,44,2026-06-05,5.06,15,352,44,STR-599118
5974886,Close to it all-private parking & red MBTA station,23856705,1465279591678944422,Christina,,Dorchester,42.32431720644971,-71.0586656980579,Entire home/apt,388,2,40,2026-04-21,0.30,1,202,7,STR-455594
13173203,"Walk to MGH-Subway, stay in Boston's Little Italy",38997,1462507326675374812,Michelle,,North End,42.3665,-71.05428,Entire home/apt,155,32,40,2023-05-18,0.33,12,350,0,
1598186542728873925,Cozy Brighton Nook | Workspace & Comfy Bed,701107955,1470743780541210457,Mert,,Brighton,42.349393583947524,-71.15741025656462,Private room,104,1,1,2026-03-28,0.37,3,346,1,STR-616395
1618481820287682399,Luxury 2BR | Free Parking | Harvard/BU | ROKU TV,578741487,1470581791435581826,Michael,,Allston,42.35341,-71.13867,Entire home/apt,529,1,23,2026-06-08,6.27,15,354,23,STR-616756
51417227,1 Free parking spot - Large bed/1 bath - Location,47584294,1465718059935171405,Jessy And Diego,,Allston,42.35281,-71.13735,Entire home/apt,244,1,256,2026-06-02,4.43,33,255,63,STR-454272
33549373,Cozy & comfy in-law suite with Boston skyline view,90419082,1467093860616092679,Camille,,Roxbury,42.31638006841045,-71.07288882136345,Entire home/apt,419,3,87,2025-07-20,1.00,3,336,1,STR-479670
52672205,Modern apartment in the city.,426371846,1463672365649808219,Janet,,Dorchester,42.313129823797276,-71.06575318370699,Entire home/apt,616,3,204,2026-06-06,3.64,1,316,30,STR-545001
28640732,Hola Joy 1,148305529,1462980047826778251,Clara M,,Brighton,42.35843,-71.14083,Private room,109,1,124,2026-06-05,1.32,3,325,75,STR-409596
691815665072110894,1 Free parking spot - Small & Cozy studio - Clean,47584294,1465718059935171405,Jessy And Diego,,Allston,42.35345,-71.13951,Entire home/apt,253,1,178,2026-05-30,3.86,33,267,47,STR-482962
1034827760518338192,Private 1st flr Charlestown Apt,22289025,1463176132414341972,Jeff,,Charlestown,42.37770359665365,-71.06133808177343,Entire home/apt,440,1,7,2026-06-14,0.27,1,267,5,STR-544674
870900443792498664,"New 3 bedroom, 2 bath unit, meadow view!",72023864,1466890187749360536,Simon,,Allston,42.3509,-71.14514,Entire home/apt,705,1,132,2026-06-13,3.53,1,251,41,STR-522682
4560053,Fort Hill Inn Historic Beauty! Minutes to Center!,8229,1462506610204730632,Terry,,Roxbury,42.32397,-71.09085,Entire home/apt,426,2,133,2026-05-29,0.95,11,123,14,STR-446652
53508014,Stylish Spacious Guests House,137810727,1462957088543770497,Lisa,,Roxbury,42.31848,-71.0729,Entire home/apt,591,1,213,2026-06-07,3.86,1,286,40,STR-460774
1666941012761955653,Close to the Subway-Free Parking-First Floor,142306305,1468405360190238290,Alejandro And Jessy,,Allston,42.35295374146119,-71.12800598858578,Entire home/apt,337,1,3,2026-05-31,2.09,13,352,3,STR-615815
36114933,1)Harvard/BU/MIT/prvtebath&entrnce/Freeprkng/Qnbed,18409308,1463053666634689259,Marlene,,Allston,42.36079,-71.12684,Private room,200,1,309,2026-06-05,3.71,3,179,36,STR-545307
1442983943246340720,Monthly Academic Retreat | Steps to Harvard,434750240,1469967053543352501,Hyatus Corporate & Medical Housing,,Allston,42.36459,-71.12227,Entire home/apt,271,29,28,2026-05-08,2.39,2,269,28,STR-624713
1439327316183508166,Back Bay Studio and Private Patio,693817137,1470728992129206298,Foster's Homes,,Back Bay,42.3507,-71.08883,Entire home/apt,331,1,49,2026-06-11,4.45,7,123,49,STR-604732
1267350935450387948,"The Annabel 3 ~ Bedroom #2, Pvt Bath | w/AC & W/D",71783,1462508362719740106,Swank Properties Boston,,Dorchester,42.31824049999999,-71.061993,Private room,157,29,2,2025-11-05,0.23,52,320,2,
867583816590061099,Boston 1 bedrm/livingrm close T,40995423,1465610092642600562,Bonnie,,Dorchester,42.32136235398295,-71.05950816707173,Entire home/apt,124,31,2,2025-05-03,0.07,9,290,0,
1578532457509793425,Ensuite Private Room with Own Bath,131222424,1468313821823781567,Raymond,,Brighton,42.3473731,-71.1459656,Private room,23,91,0,,,3,365,0,
1810397,3Bed/2.5Bath Luxury Condo South End's Union Park,9485021,1462815401547353460,Stacy,,South End,42.34279,-71.0711,Entire home/apt,1472,5,63,2026-04-21,0.43,1,242,6,STR-520680
771713680617274753,Luxurious & Spacious Townhome,3340035,1462626229003029793,Monica,,Bay Village,42.34822,-71.0692,Entire home/apt,2339,2,31,2026-05-29,1.14,2,249,13,STR-516061
1081821154340094229,Boston Delight,462388177,1470083244883552495,Turana,,Dorchester,42.31697,-71.06885,Private room,214,29,2,2024-05-20,0.08,6,295,0,STR-233334
578946346482183711,(37-2) Stylish Monthly Gray Street Apartment,563246552,1470512703190615862,Together We Rise,,South End,42.3452,-71.0728,Entire home/apt,321,1,78,2026-05-31,1.54,50,79,20,STR-607146
4566095,"The Upton South End, The Copley Suite",5430185,1462540588451882153,Laura,,South End,42.34301,-71.07304,Entire home/apt,301,4,44,2026-06-07,0.32,7,326,9,Exempt: This listing is a hotel or motel
6882615,"Prime Newbury St Location, Walk Everywhere #4",22348222,1462620857010380237,Maverick,,Back Bay,42.34979,-71.08262,Entire home/apt,400,1,344,2026-06-11,2.67,87,324,30,STR-445396
6879036,Live in the Heart of Newbury Street #3,22348222,1462620857010380237,Maverick,,Back Bay,42.34982,-71.08264,Entire home/apt,328,1,281,2026-05-03,2.18,87,307,16,STR-445394
1238436869941666600,2Bed/2Bath in Brownstone in Historic South End,362155598,1469727016653332134,Cole,,South End,42.3428146,-71.0709449,Entire home/apt,742,5,14,2026-05-31,0.67,1,194,8,STR-568349
1561937005546947390,Furnished 2-Bed - Near South Bay and UMass,102144111,1561937006255203422,Ganesh,,Roxbury,42.3263,-71.07311,Entire home/apt,117,29,0,,,1,274,0,
7222349,M&R - Front Bedroom Bathroom Parking - Walk to T!,7988017,1462563298804000615,Polly M,,Dorchester,42.29325,-71.05707,Private room,59,29,154,2023-09-30,1.19,3,164,0,STR-397983
12175961,"""Short Steps to Shawmut Red Line Stop!""",16186589,1462980594089558530,Marie,,Dorchester,42.28793,-71.06812,Private room,47,30,16,2025-11-03,0.13,27,304,2,
11258721,Sizeable Private Room w/ Air Bed & Convenient to T,16186589,1462980594089558530,Marie,,Dorchester,42.303,-71.07109,Private room,45,30,20,2026-05-31,0.16,27,289,2,
1352341560801397928,109S2.2 | The Strathmore 2 | 3BR 2B w/AC | Room #2,71783,1462508362719740106,Swank Properties Boston,,Brighton,42.34011818848683,-71.15058080975946,Private room,120,28,0,,,52,285,0,Exempt: This listing is a unit used for furnished institutional or business stays
179244,Beautiful room with private bath/#2,119019,1462510028211654672,Hermina,,Dorchester,42.29871,-71.05954,Private room,71,29,110,2024-01-01,0.61,6,166,0,STR-457920
1701742004566287673,"X35, Private Room Near HMS/Longwood Hospitals",229497500,1469223095210756024,Evan,,Mission Hill,42.33271,-71.10881,Private room,68,29,0,,,12,310,0,
1632678730579893897,Monthly Academic Retreat | Steps to Harvard,363501271,1590820702279314573,Mike & Tatenda,,Allston,42.36072350147443,-71.12214881346296,Entire home/apt,271,29,9,2026-06-04,3.70,3,269,9,STR-000000
1656683347280457209,Private Room | 5-min Walk from Harvard & HBS,34761565,1465512808901420514,Francis,,Allston,42.36164,-71.12542,Private room,77,29,0,,,10,107,0,
1495784757943807844,Gorgeous Apt with Kitchen and Gym,20857768,1463140474528738801,Compass,,Fenway,42.3429115,-71.0990346,Entire home/apt,416,30,0,,,77,328,0,
1612404174761143702,Luxury 1BR near Harvard 9873,657483974,1470651798436237535,E Stays,,Allston,42.3619,-71.13297,Entire home/apt,,29,1,2026-03-21,0.28,18,0,1,STR-585115
1105790082167528266,Deluxe ADA queen,565526469,,,,North End,42.366842,-71.05097,Private room,229,1,1,2026-06-29,1,7,319,1,
1542890050757850104,"Blueground | Shawmut, pool, nr Boston Common",107434423,1462889176402806013,Blueground,,South End,42.3438825,-71.0639425,Entire home/apt,,30,0,,,227,337,0,
620559519758727382,Lovely 2 bed 2 bath beacon hill downtown boston,373675137,1463554206153655871,Lilith,,West End,42.36182,-71.0654,Entire home/apt,197,29,4,2025-05-02,0.10,117,149,0,
1628291185912819475,Executive suite,567910107,,,,South Boston Waterfront,42.34925,-71.04144,Private room,254,1,0,,,1,360,0,
40348580,Spacious Sunlit 3BR in Center of Downtown Boston,100148225,1462870738491829964,Amy,,Downtown,42.35471,-71.06173,Entire home/apt,1065,1,205,2026-06-14,4.04,2,280,45,STR-592908
934144267413593178,Artisan Brick South End Loft,523515799,1470355309937485363,Healing Homes,,Back Bay,42.343982363776675,-71.08253819066451,Entire home/apt,354,1,39,2025-11-28,1.11,43,183,22,Exempt: This listing is a hotel or motel
1206709818169463281,World Cup Shuttle Steps Away-Quiet Back Bay Suite,19604526,1463083664497620555,Irene,,Back Bay,42.3441748,-71.0810797,Entire home/apt,285,3,0,,,3,268,0,STR-398748
1374925972210702414,"Boston Marathon 5 mins 
Copley Sq./Prudential Ctr",19604526,1463083664497620555,Irene,,Back Bay,42.3441748,-71.0810797,Private room,263,1,8,2026-06-14,0.72,3,353,8,STR-570345
48764211,2BR Apartment | Patio | Boston Medical Center,43217109,1465641756944677573,Javier,,South End,42.33745,-71.07676,Entire home/apt,427,29,53,2024-09-28,0.84,3,319,0,STR-572302
1566831786113424986,Prudential Area Elegant Studio Apt,717946252,1505867861207707885,Healing Homes,,Back Bay,42.34393,-71.08242,Entire home/apt,340,1,8,2026-05-31,1.88,35,189,8,Exempt: This listing is a hotel or motel
1650859628491360733,Rathskeller Suite,753808252,,,,Fenway,42.34854,-71.09526,Private room,749,1,0,,,1,339,0,
685485399501366239,Top Newest 4 bed apt Beacon Hill Boston downtown,373675137,1463554206153655871,Lilith,,Beacon Hill,42.35916,-71.06713,Entire home/apt,171,29,9,2026-05-27,0.26,117,106,4,
1681984313988475911,Stylish Downtown 2BR/2BA Location Boston common,518882444,1470334797382667032,Greg,,Downtown,42.352,-71.06314,Entire home/apt,1097,4,0,,,14,277,0,STR-623762
1663413802363000256,307M Downtown Boston 1BR | Steps to Boston Common,38005935,1624641620926033115,The Edit Collection,,Downtown,42.35733140972879,-71.06105231964341,Entire home/apt,272,29,3,2026-06-08,1.58,14,353,3,STR-842271
620531678272781158,Cozy 2-bedroom apartment in downtown Boston,380623623,1469777961228449083,Stella,,West End,42.3613,-71.06494,Entire home/apt,196,29,5,2024-03-01,0.11,9,256,0,
1297312358276500230,Comfortable 1Bedroom in Beacon Hill,373675137,1463554206153655871,Lilith,,Beacon Hill,42.35826134918305,-71.06887160461713,Private room,73,29,1,2026-03-06,0.29,117,75,1,
1223490248738213750,Fully renovated clean cozy 3bed1bath Allston,70796747,1466876241573503677,Lillian,,Allston,42.35283,-71.1279,Entire home/apt,75,91,0,,,2,242,0,
1243100926775425869,Deluxe double room Whit Sea view( shared house),457840267,1470061274294470752,Ediana And Daniele,,East Boston,42.36703,-71.03825,Private room,,1,0,,,2,0,0,STR-548558
23918171,Adorable South End/Back Bay Basement Apartment,108741752,1467317220195035503,Cassandra,,South End,42.33921,-71.07531,Entire home/apt,,29,86,2020-08-15,0.86,1,0,0,Exempt: This listing is a unit that has contracts with hospitals
11760822,"Boston ШkolarFlat - safe space, nice view #BC/BU",50437930,1462716398234958409,Misha,,Brighton,42.34091,-71.15012,Entire home/apt,,31,133,2025-12-05,1.07,2,0,4,STR-587989
26108847,Cozy Studio Apartment at East Pier EB117,18202088,1463038550988947246,Luxurious,,East Boston,42.36736,-71.03934,Entire home/apt,,91,4,2019-08-17,0.05,12,0,0,
13062783,Boston bedroom near Fenway,44620221,1465662479994566898,Michael,,Mission Hill,42.33199,-71.10475,Private room,,91,4,2016-09-01,0.03,1,0,0,
982228917912272857,Newly Renovated Large Room,537486605,1470410971623778376,Benjamin,,Brighton,42.35982,-71.14032,Private room,29,91,0,,,1,269,0,
2381143,Sunny 1 Bedroom,12165186,1462881543336885640,Masha,,Brighton,42.34347,-71.15438,Entire home/apt,,91,13,2026-05-10,0.09,3,42,2,
2672058,"Modern loft, walk to subway",13565868,1462914190199213695,Christie,,Allston,42.3532,-71.13222,Private room,,91,12,2016-09-09,0.08,1,0,0,
16779363,Luxury Treetop Jamaica Plain Arboretum Townhouse,8924550,1462790473578813586,Jonathan,,Jamaica Plain,42.30453,-71.11766,Entire home/apt,,29,10,2019-12-01,0.09,1,0,0,STR-402182
5358934,"Renovated, Quiet, Free Parking",18517776,1463055670185507901,Huggy,,Roxbury,42.31681,-71.08001,Private room,13,91,6,2019-11-01,0.05,31,365,0,
6819620,Renovated Parking EZ to downtown,18517776,1463055670185507901,Huggy,,Roxbury,42.31676,-71.08,Private room,13,91,5,2017-11-23,0.04,31,365,0,
7281884,Charming urban studio,25742899,1465349762110423073,Tyree,,Roxbury,42.31209,-71.08292,Entire home/apt,,91,103,2017-08-22,0.77,1,0,0,STR-564649
39250599,Furnished Bedroom in Modern Brighton Townhouse!,127078529,1462932860490311586,Adina,,Brighton,42.3509,-71.14977,Private room,,29,1,2022-04-01,0.02,1,0,0,Exempt: This listing is a unit that has contracts with hospitals
53898789,Piano 1 bed facing Beacon St,26988,1462507068700680197,Anne,,Beacon Hill,42.35726,-71.06321,Entire home/apt,53,91,2,2025-05-17,0.09,4,322,0,
644670109338778596,Lovely 4 Bedroom in Boston Beacon Hill,373675137,1463554206153655871,Lilith,,Beacon Hill,42.36025,-71.0648,Entire home/apt,213,29,7,2025-12-20,0.18,117,241,2,
718799886240086989,Lovely 1-Bedroom close to public transportation.,437204027,1463699637796894133,Raja Jennings,,Dorchester,42.29482,-71.08172,Private room,17,91,2,2026-03-31,0.07,2,365,1,
838767832826243346,Bed:King + Bath:In-Room,228911273,1469219730072440820,The Revolution Hotel,,South End,42.34678,-71.0699,Private room,,1,153,2023-05-21,1.93,15,0,0,Exempt: This listing is a hotel or motel
838792904210420562,Studio Suite,228911273,1469219730072440820,The Revolution Hotel,,South End,42.34611,-71.07204,Private room,,1,7,2022-12-04,0.10,15,0,0,Exempt: This listing is a hotel or motel
1296682320986586213,Beautiful Room in Downtown Boston,373675137,1463554206153655871,Lilith,,Dorchester,42.315685416502184,-71.06655545532703,Private room,,29,0,,,117,0,0,
1039110361836526533,Premium two queen room,544558363,,,,Longwood Medical Area,42.3383407,-71.1066156,Private room,,1,2,2026-05-25,0.92,3,0,2,
1039842736500477617,King kitchenette studio suite,544558363,,,,Longwood Medical Area,42.3383407,-71.1066156,Private room,,1,0,,,3,0,0,
1091446719005171039,Superior accessible room two queen beds,543706658,1470435224645624250,Revere Hotel,,Bay Village,42.3506,-71.0679,Private room,284,1,8,2026-05-31,0.32,3,315,6,
1091446996935704791,Superior room king bed,543706658,1470435224645624250,Revere Hotel,,Bay Village,42.3506,-71.0679,Private room,331,1,0,,,3,250,0,
1088262902650324483,"Quiet spacious home, near train",560398446,1470503908989878196,K,,Dorchester,42.28292,-71.07396,Entire home/apt,,91,0,,,1,0,0,
1267997668140600989,Charles Regatta Luxury Home,181779942,1468754271218211377,Shiki,,Allston,42.3587162,-71.12962670000002,Entire home/apt,242,91,0,,,2,365,0,
1417682930044694121,"Ashmont Station, 2 bedroom Unit",27842033,1465410891983561891,Bernard,,Dorchester,42.28595,-71.06974,Entire home/apt,27,91,1,2026-06-12,1,7,265,1,
1662411630882386729,"FIFA: Enjoy You Stay, While They Play",512622336,1662411631657516550,Adba,,West Roxbury,42.27956565852873,-71.17151224976845,Entire home/apt,742,1,0,,,1,365,0,Exempt: This listing is a hotel or motel
53471426,"Blueground | Downtown, amenities & rooftop views",107434423,1462889176402806013,Blueground,,Downtown,42.3511858,-71.06401699999999,Entire home/apt,,30,1,2022-08-27,0.02,227,346,0,
685511413725942222,Stunning South End 1BR - private roof deck,76943756,1466942768582877066,Karina,,South End,42.34216,-71.08169,Entire home/apt,487,1,181,2026-05-16,4.05,1,293,35,STR-491733
50210809,Premium 1BR Near Boston Common,30283594,1465445680495565156,Global Luxury Suites I,,Chinatown,42.352093,-71.06081,Entire home/apt,263,30,8,2023-10-15,0.15,31,362,0,Exempt: This listing is a unit that has contracts with hospitals
1298665305463578654,Sweet 1Bedroom in Beacon Hill Area,373675137,1463554206153655871,Lilith,,Beacon Hill,42.36102,-71.06692,Private room,133,29,8,2026-05-29,0.48,117,135,6,
1424605870753938410,Luxury Apt in the Heart of Seaport,20857768,1463140474528738801,Compass,,South Boston Waterfront,42.3535161,-71.0474239,Entire home/apt,,30,0,,,77,0,0,
1517532122877172531,"In-Unit Laundry, Gym, City Views",150150201,1468477371156751878,Nova,,Brighton,42.34638,-71.14077,Entire home/apt,,29,1,2026-05-16,0.58,7,11,1,
257588,BOSTON LUXURY FOR LESS!! NEAR BCEC,1355344,1462543579909933012,Meri,,South Boston,42.33255,-71.04125,Entire home/apt,501,2,557,2026-05-27,3.29,1,291,33,STR-411297
929790777252631206,Southie Condo-By Subway-Bring Pets-Pool Table,256527182,1469355423790035044,Bridget,,South Boston,42.3313364,-71.0548846,Entire home/apt,615,1,145,2026-06-10,4.11,1,334,41,STR-525163
20137039,Beautiful condo with city benefits,32755249,1465480194043828960,Dennis,,Dorchester,42.31947,-71.05538,Entire home/apt,604,2,113,2026-05-25,1.06,1,77,9,STR-422449
548424627632198069,Thatch™ Newbury Street | One-Bedroom Apt. #5,814298,1462514414319387899,Stay Thatch,,Back Bay,42.34798,-71.08406,Entire home/apt,546,1,70,2026-05-15,1.38,57,129,27,Exempt: This listing is a hotel or motel
1700070189621775340,Exposed Brick Artisan Studio,1683540234995321877,1683540365202786410,Linden,,Back Bay,42.3429045,-71.0828696,Entire home/apt,294,1,0,,,18,340,0,STR-627299
1699304191873771401,The Chester: Elevated Urban Garden Suite,586870169,1470604736184387893,Andrew,,Roxbury,42.3382,-71.07973,Entire home/apt,371,1,0,,,14,287,0,STR-625478
1673839372546746116,3BR-1BA Central & Cozy Retreat/ Near T w Parking,456219260,1470053042469876164,Quoc B,,Dorchester,42.31525,-71.05625,Entire home/apt,493,2,1,2026-05-24,1,4,333,1,STR-621955
1435774527121956842,3BR | 3.5BA Single Family | Workspace | Playroom,25797445,1465350490841819200,Bennett,,South Boston,42.33396279999999,-71.03944299999999,Entire home/apt,660,2,3,2025-08-07,0.28,1,31,3,STR-597515
42830725,"Cute Boston Condo, Near T",161724560,1468574106056846127,David,,Dorchester,42.320438,-71.056023,Entire home/apt,1121,30,7,2026-03-16,0.09,1,308,2,STR-597082
27158560,Southie Escape: Private Room/Bath Near Seaport,42530911,1465632113016803241,Eda,,South Boston,42.332897,-71.039543,Private room,169,1,316,2026-06-07,3.30,1,192,41,STR-540793
1318257334162679912,In The Heart of Boston’s Seaport + Rooftop Bar,667031830,1470673681091737078,"The Envoy Hotel, Autograph Collection",,South Boston Waterfront,42.35371,-71.04829,Private room,379,1,59,2026-06-14,3.64,3,138,55,Exempt: This listing is a hotel or motel
671063039866440797,Lovely 3 Bedroom In Boston,469508099,1470117174072248939,Solange,,Mattapan,42.27282,-71.07049,Entire home/apt,543,1,23,2026-05-18,0.84,1,298,6,STR-525549
804990982383837603,The Heart of Southie (Garage + Roof Deck),421556719,1469913365092323499,Hawraa,,South Boston,42.33223777815882,-71.04815687609519,Entire home/apt,867,1,74,2026-05-02,1.96,2,277,4,STR-608882
1078302888402400777,Cozy suite in the city!,237078658,1463253579348930151,Lindsay,,South Boston,42.3376382,-71.03912129999999,Entire home/apt,221,1,192,2026-06-11,6.78,3,227,72,STR-399339
1491393679532449521,Luxury 2BD/2Bath in South Boston,437249260,1469976719985481939,Blerina,,South Boston,42.33795433132988,-71.05274777656716,Entire home/apt,416,1,21,2026-06-04,2.18,2,152,21,STR-570735
939132795410563678,Beautiful Southie Single Family,526726176,1470368688753502323,Charles,,South Boston,42.33248448718322,-71.03141129766878,Entire home/apt,814,3,93,2026-06-09,2.77,1,200,31,STR-512153
1644031,Large Private Bedroom & Bathroom by the Seaport,79583794,1462824844046463959,Joshua,,South Boston,42.33835,-71.0472,Private room,224,1,672,2026-06-13,5.36,1,49,67,STR-401177
702081197320972498,Lavish FIDI 2br/2ba | Close to everything!,382451810,1469783251184910688,Healing Homes,,Downtown,42.35701237566666,-71.05481246796076,Entire home/apt,533,1,191,2026-05-29,4.15,43,173,44,STR-489679
1690060533372051795,Full-Floor Luxury 3BR Boston Loft FREE Parking TD,38116079,1465570489642791455,Hank & Christina,,Downtown,42.3569442,-71.0502453,Entire home/apt,,6,0,,,1,257,0,STR-248922
1479286339373968910,South Boston 3bdr BCEC & Seaport,423277942,1479286340018728773,Mateo,,South Boston,42.33893,-71.037,Entire home/apt,520,1,41,2026-05-31,4.14,1,113,41,STR-595543
755533469713682355,Boston Townhouse - 3BR/2.5BA - Seaport BCEC,19573245,1463081796182932468,Veronica,,South Boston,42.33769997569087,-71.04779206216335,Entire home/apt,949,2,122,2026-05-25,3.62,1,145,33,STR-512389
706378208295989224,Airy 2BR | Fidi Boston | Walk anywhere!,382451810,1469783251184910688,Healing Homes,,Downtown,42.35878332685929,-71.05506999156788,Entire home/apt,338,1,212,2026-05-28,4.62,43,158,39,STR-489676
1014835004620996772,2 BDR/2b- walk to Seaport & BCEC,83935110,1467015134217263954,Lucio,,South Boston,42.33951,-71.04908,Entire home/apt,606,1,189,2026-05-31,6.07,1,216,58,STR-541462
48739565,GREAT LOCATION! Modern 2 BD and 2 BA w/Parking!,10393465,1462839416683021177,Gary,,South Boston Waterfront,42.34309,-71.05313,Entire home/apt,795,2,132,2026-06-05,2.09,1,274,11,STR-613205
583390764682581251,Thatch Quarters™ | Pvt. Room in Southie | 103 DOT,814298,1462514414319387899,Stay Thatch,,South Boston,42.33654,-71.04408,Private room,155,1,77,2026-05-26,1.49,57,172,20,Exempt: This listing is a hotel or motel
1279046388499770585,New Listing! | Top Floor | 3 BR condo | Southie,74901394,1466921395496837038,Chris,,South Boston,42.3348975,-71.0534291,Entire home/apt,1313,1,63,2026-05-30,3.26,1,30,49,STR-578148
1476288802020573063,Southie condo with Hot tub,56853205,1476288802747595424,Debora,,South Boston,42.33680993966673,-71.03867197301635,Entire home/apt,1091,1,22,2026-06-12,2.62,1,331,22,STR-604323
15256830,Savin Hill by the Sea with Private Bath,72139831,1466891400796042757,Robin,,Dorchester,42.3094,-71.04672,Private room,194,1,442,2026-06-09,3.76,4,232,41,STR-383505
539376906593556470,the comfort of comforts,382740300,1463573937577447884,Neita,,Roxbury,42.31971,-71.07657,Private room,56,92,0,,,1,365,0,
1497144696514647403,(Southie4) Sunny 2BR Near Seaport & Downtown,693719965,1470728766562064563,Foster Love,,South Boston,42.33148570064327,-71.05081892059998,Entire home/apt,311,1,26,2026-06-05,2.73,4,164,26,STR-604740
584814729815184984,Thatch Quarters™ | Pvt. Room in Southie | 302 DOT,814298,1462514414319387899,Stay Thatch,,South Boston,42.33462,-71.04459,Private room,157,1,43,2026-05-28,0.83,57,178,8,Exempt: This listing is a hotel or motel
587069521753451150,Thatch Quarters| Pvt. Bunk Room in Southie | 304,814298,1462514414319387899,Stay Thatch,,South Boston,42.33528074215172,-71.04608726246296,Entire home/apt,155,1,33,2026-05-04,0.65,57,184,9,Exempt: This listing is a hotel or motel
1418284472565757077,Single House 2BR - Backyard+Walk to BCEC & Seaport,506331310,1470276059981996089,Melisa,,South Boston,42.3368622,-71.0466005,Entire home/apt,798,1,43,2026-06-14,3.55,2,122,43,STR-595614
1440135327437250033,Room 3 Queen bed,329370033,1469631510135861529,Evon,,Mattapan,42.28078475749195,-71.09469371938248,Private room,189,2,0,,,5,339,0,STR-445570
1179939389451658473,Beautiful Vintage Oval Room with Greenery Views,541993082,1470428366531447395,Anna And Samuel,,West Roxbury,42.278168833698516,-71.14712801052458,Private room,133,1,36,2026-06-13,1.49,4,352,13,STR-542608
1512377946113889715,The Grand Haven Retreat – Spacious 3BR | Parking,196631266,1469025236559217210,Nakeisha,,Dorchester,42.28751390685546,-71.07787968307602,Entire home/apt,434,2,0,,,2,347,0,STR-420519
14242888,Blue Family  bedroom,27871799,1462642600337662151,Althea,,Mattapan,42.27441,-71.0772,Private room,314,1,88,2026-05-16,0.73,6,365,1,STR-415974
963739180827526692,Daybed floor 3,69267172,1466856298175151977,Lynda,,West Roxbury,42.27766134878588,-71.15948971067154,Shared room,157,1,21,2024-10-30,0.62,20,365,0,STR-513970
1415618609783724574,W.R. 2 connected rooms w/ 3 beds sleeps 5 a.c,69267172,1466856298175151977,Lynda,,West Roxbury,42.27994,-71.16109,Private room,334,1,3,2026-05-05,0.24,20,90,2,STR-513970
1478267198182445569,Lorenzo Inn,662449434,1478267198889736983,Marie,,Dorchester,42.28743,-71.04217,Entire home/apt,322,1,10,2025-10-26,0.97,1,315,10,STR-604663
37461678,Private basement guest room in a cozy home,82861960,1462832207563870471,Lelia,,Roslindale,42.27507,-71.13524,Private room,55,29,67,2025-09-30,0.80,1,109,2,STR446549
1215173498798034378,Luxury home in West Roxbury,11722054,1462871533375652484,Nina,,West Roxbury,42.26947239987608,-71.15062563902589,Entire home/apt,1170,4,1,2024-08-24,0.05,1,11,0,STR-571219
5434353,Quiet  Beauty in Boston,9658771,1462819882861619106,Anthony,,Roslindale,42.28629,-71.13839,Entire home/apt,143,29,25,2021-04-30,0.19,2,339,0,STR-445527
1277809841918057355,Large 2BD Family Friendly Condo w/ Washer Dryer,459522450,1470069017438103624,Anthony,,Dorchester,42.28659,-71.06742,Entire home/apt,228,5,1,2025-10-11,0.12,3,165,1,STR-545168
20634420,Friendly family single room,27871799,1462642600337662151,Althea,,Mattapan,42.2765,-71.07733,Private room,137,1,54,2025-09-14,0.50,6,43,1,STR-415974
937827866847224707,Boston - Spacious Victorian,63248058,1466780755982249001,Gary,,West Roxbury,42.28961167045093,-71.15869374127011,Entire home/apt,202,29,0,,,1,287,0,STR-533116
706395724644588632,Gorgeous Boston 2BR | Financial District,382451810,1469783251184910688,Healing Homes,,Downtown,42.35681644219281,-71.05324444850807,Entire home/apt,401,1,219,2026-05-29,4.77,43,241,39,STR-489684
24186330,"Rusty's 1st Floor Queen Bedroom, Private Bath",19197577,1463071679947199436,Ken,,Roslindale,42.28471,-71.12891,Private room,171,1,74,2026-05-25,0.74,4,75,8,STR-476406
627992010565840410,Lovely Two Bedroom Condo in South Boston,257439917,1463316759257371417,Waze,,South Boston,42.33391,-71.05338,Entire home/apt,512,1,39,2026-05-17,0.79,2,362,4,STR-468136
1416155714491469991,"Top-floor, 2-Bedroom + Balcony near Red Line",96961013,1467167978592417763,Ronah,,Dorchester,42.31134658407479,-71.04724038003373,Entire home/apt,353,2,6,2025-11-01,0.50,4,328,6,Exempt: This listing is a hotel or motel
24193805,"Rusty's 2nd Floor Double Bedroom, Shared Bath",19197577,1463071679947199436,Ken,,Roslindale,42.28471,-71.12891,Private room,153,2,42,2026-04-19,0.43,4,115,2,STR-476406
1457333268686600599,"Bright & Spacious Boston Home, near T",276892829,1468117954483514942,Heirloom,,Dorchester,42.32046,-71.05602,Entire home/apt,526,2,29,2026-06-05,2.59,1,323,29,STR-597082
50051655,Bright 4BR Home | 2 Kitchens | Walk to Seaport,9056166,1462793796285486221,Andrea,,South Boston,42.33655,-71.04533,Entire home/apt,1391,2,79,2026-06-07,1.42,3,311,7,STR-589954
741919382755118639,Cheerful 2-bedroom house,3717713,1462637836598962610,Ashley,,Charlestown,42.37572,-71.0581,Entire home/apt,,29,0,,,1,0,0,STR-511544
1247821027960236061,Modern Cozy 3BR-2BA Apt Near T,473301884,1470134541479088895,Mylinh,,Dorchester,42.31345,-71.0558,Entire home/apt,569,1,19,2026-06-01,0.95,9,226,15,STR-538232
1694172538282366664,Luxury 3BR Townhouse + office | Seaport Area,721792757,1694172539229447198,Thomas,,South Boston,42.3357155,-71.04821679999999,Entire home/apt,1113,1,0,,,1,350,0,STR-626838
5781926,City Sanctuary Private Terrace and Ocean Views,29573894,1465435245046898245,Amy,,South Boston,42.33286,-71.04506,Entire home/apt,533,3,113,2026-05-25,1.05,1,254,11,STR-398153
584864243418353113,Thatch Quarters™ | Pvt. Room in Southie | 303 DOT,814298,1462514414319387899,Stay Thatch,,South Boston,42.33512,-71.04409,Private room,155,1,37,2025-11-09,0.73,57,160,11,Exempt: This listing is a hotel or motel
1671405615797556796,Your FIFA 2026 Home Base – Beach + City 2BR Oasis,10419205,1671405616519919268,Melissa,,South Boston,42.33236,-71.03583,Entire home/apt,1295,1,0,,,1,90,0,STR-624405
1247943385870811031,Modern Home-like 3BR2BA Retreat/Near T,473301884,1470134541479088895,Mylinh,,Dorchester,42.31384,-71.05528,Entire home/apt,567,1,36,2026-05-29,1.76,9,235,21,STR-537762
1389864013316168659,Clean contemporary Boston duplex,312045025,1469585606610908218,Sidney,,Dorchester,42.3155339,-71.0561512,Entire home/apt,927,2,39,2026-06-07,3.08,3,287,38,STR-589306
1645749868998966988,Luxury Studio near Harvard lzx9,657483974,1470651798436237535,E Stays,,Allston,42.36259953637622,-71.1349679528751,Entire home/apt,265,1,12,2026-06-04,5.29,18,356,12,STR-585115
24598890,Yellow Quiet room,27871799,1462642600337662151,Althea,,Mattapan,42.27555,-71.07597,Private room,137,1,27,2025-10-26,0.27,6,287,1,STR-415974
1091360372802795552,Private room and bath by the beach in South Boston,15538049,1462964753354234689,Brendan,,South Boston,42.33187,-71.0435,Private room,377,2,6,2024-08-25,0.24,1,87,0,STR-551316
1386495628281324466,Modern home-like 3BR2BA Retreat/Minutes to T,473301884,1470134541479088895,Mylinh,,Dorchester,42.313855835558236,-71.05586602456293,Entire home/apt,595,1,20,2026-05-24,1.46,9,304,16,STR-539407
1282619065462187880,Your own cottage in the city,6457159,1462706903731109124,Charlie,,Roslindale,42.27894059807429,-71.1235079783811,Entire home/apt,217,2,8,2026-06-07,4.29,1,297,8,STR-606144
1013856506204054751,Home-Like 3BR-2BA Apt Near T,473301884,1470134541479088895,Mylinh,,Dorchester,42.31346,-71.05544,Entire home/apt,418,2,84,2026-05-28,2.81,9,255,24,STR-540362
21799918,Large apartment for up to 8 ppl/1st floor,127718668,1468283632936067249,Muny,,Dorchester,42.31345,-71.05631,Entire home/apt,385,1,73,2026-05-09,0.71,4,279,8,STR-423861
821892789188869675,"Cozy, comfortable and convenient",391569847,1469811049328401177,Steve,,South Boston,42.335234,-71.054872,Entire home/apt,656,3,78,2026-06-11,2.07,1,234,25,str-519800
1096471827996965009,Private Room in the Heart of South Boston!,25998904,1465353622820453246,Gabi,,South Boston,42.33679415089076,-71.0487385064877,Private room,942,1,71,2025-10-28,2.59,1,27,16,STR-552010
54105912,Chic Renovated Suite w/ King Bed & Private Porch,2186786,1462588573229511059,Hilary,,Roslindale,42.29047,-71.13168,Entire home/apt,197,29,44,2023-11-26,0.87,1,88,0,STR-544910
1136990443584154360,Home in Boston/Milton,569487447,1470531800721046899,Victoria,,Mattapan,42.27246293303935,-71.09133045658012,Entire home/apt,478,1,40,2026-05-24,1.59,1,306,11,STR-617119
1561017525937192456,2BR in Boston near Ashmont 2itu,212359760,1469109115483128123,Evonify Corporate & Medical Housing,,Dorchester,42.283486089104976,-71.07026144757286,Entire home/apt,260,1,44,2026-06-07,6.63,65,361,44,STR-581770
847997915913073765,Best Place To Rest,505588339,1470272802643654158,Maudrey,,Mattapan,42.279007146693225,-71.09426341045074,Entire home/apt,674,2,38,2026-06-14,1.08,1,257,11,STR-522459
825808784280558930,Centrally located 2b in Boston,16052189,1462596404243949425,Jonathan,,Jamaica Plain,42.31065,-71.10629,Entire home/apt,48,90,0,,,12,302,0,
584134090423125812,Thatch Quarters™ | Pvt. Room in Southie | 201 DOT,814298,1462514414319387899,Stay Thatch,,South Boston,42.33465,-71.04447,Private room,155,1,34,2026-05-29,0.67,57,186,6,
21800425,Large apartment for up to 8 ppl/2nd floor,127718668,1468283632936067249,Muny,,Dorchester,42.31345,-71.05631,Entire home/apt,394,1,57,2025-09-20,0.55,4,307,4,STR-423861
684051493911175079,Luxury South Boston 1 bedroom,4225663,1462650898176918619,Sean,,South Boston,42.3349726,-71.03981770000001,Entire home/apt,628,2,4,2026-05-17,0.46,1,364,4,STR-605137
21190750,Two by Sea BCEC Cruise History Pvt Bath/Entry King,52881930,1462724335651642097,Bill,,South Boston,42.33451,-71.02731,Entire home/apt,329,2,545,2026-06-15,5.29,3,92,37,STR-398624
1062606889644674362,Brand New 2 BR | 1 BA in So. BOS #3,9410008,1462813405226616143,Jason,,South Boston,42.335650488641726,-71.04625129340066,Entire home/apt,637,3,31,2026-05-07,1.10,19,259,10,STR-544883
1703445558973683788,World Cup | Near Boston | 2 Park | Subway (14b),594041047,1463894974456341817,Jenny,,Dorchester,42.3134088,-71.05534279999999,Entire home/apt,452,1,0,,,6,349,0,STR-627733
53010917,Private bedroom located in family-owned apartment,52562048,1465850988663254134,Zipporah,,Dorchester,42.31656,-71.05445,Private room,132,2,84,2026-06-03,1.63,1,348,11,STR-553034
1050117306360743232,Brand New 2 BR | 1 BA in So. BOS #2,9410008,1462813405226616143,Jason,,South Boston,42.33412,-71.04619,Entire home/apt,717,5,20,2026-05-18,0.70,19,243,6,STR-544883
1164607570865561615,Convenient 2 br near Bus/Train,579619676,1470584403805232526,Thinh,,Dorchester,42.31695371700309,-71.05492891181542,Entire home/apt,253,1,88,2026-05-22,3.76,1,282,40,STR-564145
1484459904840247443,Luxe Duplex nr Beach Seaport/Convention Cntr BCEC,132084149,1468321497268883449,Serene,,South Boston,42.33172,-71.03917,Entire home/apt,750,1,16,2026-06-12,1.75,1,345,16,STR-605140
26252951,Southie Home | Walk to Beach | with Patio,110658696,1467338049606533604,Victoria,,South Boston,42.33175,-71.04824,Private room,314,1,93,2025-06-01,0.96,1,83,0,STR-519059
297994,Your cozy stay in South Boston,1536237,1462518735772908380,Albert,,South Boston,42.33583,-71.05271,Entire home/apt,550,1,80,2026-05-18,0.46,1,58,9,STR-601528
14186170,Cozy Condo in Center of Southie,8985714,1462567546967076622,Tj,,South Boston,42.33194,-71.04729,Entire home/apt,599,3,69,2026-05-31,0.57,1,365,4,STR-446085
584157763155247644,Thatch Quarters™ | Pvt. Room in Southie | 203 DOT,814298,1462514414319387899,Stay Thatch,,South Boston,42.33476,-71.04544,Private room,163,1,25,2026-05-07,0.51,57,190,6,Exempt: This listing is a hotel or motel
1420435173826898240,(Southie3) South Boston Gem w/ AC + LaundryW/D,693719965,1470728766562064563,Foster Love,,South Boston,42.33172768882871,-71.05128974073936,Entire home/apt,483,1,38,2026-06-04,3.02,4,151,37,STR-604738
1622607449418067665,Lux 4BR Home•Parking•easy subway & Gillette Access,191412541,1622607450072548287,Andrea And Gary,,Dorchester,42.28695889999999,-71.0666128,Entire home/apt,799,4,0,,,1,104,0,STR-619355
1420421684879766604,(Southie1) Bright 2BR Stay Near Seaport & Downtown,693719965,1470728766562064563,Foster Love,,South Boston,42.33152200604616,-71.05106528829211,Entire home/apt,485,1,30,2026-04-26,2.39,4,159,27,STR-604734
1653113283225291226,Beautiful 2BR in Boston t1vf,212359760,1469109115483128123,Evonify Corporate & Medical Housing,,Dorchester,42.29756330487052,-71.08292673852591,Entire home/apt,292,1,5,2026-06-07,2.17,65,351,5,STR-520842
1536528045132079515,Bright + Airy South End Brownstone Apartment,459545,1462518946712776899,Tiffany,,Roxbury,42.34010549680437,-71.08171050370483,Entire home/apt,,91,0,,,1,186,0,
1343009546231327423,Luxury Studio Next to Broadway 3433,212359760,1469109115483128123,Evonify Corporate & Medical Housing,,South Boston Waterfront,42.34412,-71.05523,Entire home/apt,244,1,39,2026-05-29,2.40,65,339,31,STR-585063
683914608777399176,Sleek FIDI Studio | Close to Public Transit!,382451810,1469783251184910688,Healing Homes,,Downtown,42.358187082017196,-71.05292292238751,Entire home/apt,327,1,201,2026-06-01,4.37,43,72,25,STR-489692
573888797577982081,Thatch Quarters™ | Pvt. Room in Southie | 101 DOT,814298,1462514414319387899,Stay Thatch,,South Boston,42.33672,-71.04591,Private room,169,1,30,2026-05-09,0.59,57,182,5,Exempt: This listing is a hotel or motel
1334940100079511737,5BR3B By Subway Downtown,502043395,1468163786770865383,Jessica,,South Boston,42.33082191308409,-71.05558133639138,Entire home/apt,1758,1,12,2026-05-11,0.84,23,289,8,STR-525163
1542818149116658576,Ensuite Room in Modern APT | Subway Downtown,502043395,1468163786770865383,Jessica,,South Boston,42.329762708890854,-71.05585302727611,Private room,377,1,0,,,23,308,0,STR-525163
50032574,Cozy 2-Bedroom in Heart of Southie,9056166,1462793796285486221,Andrea,,South Boston,42.33701,-71.04517,Entire home/apt,530,1,129,2026-06-05,2.25,3,239,37,STR-589956
702086929630286306,2br/2ba FIDI Apt | Keyless Entry | Walk anywhere!,382451810,1469783251184910688,Healing Homes,,Downtown,42.356952467586254,-71.05509589038489,Entire home/apt,387,1,217,2026-05-24,4.73,43,166,48,STR-489680
893355181778189037,Luxury Loft | W/D in Unit | Pet Friendly,382451810,1469783251184910688,Healing Homes,,Downtown,42.35758,-71.0556,Entire home/apt,662,1,148,2026-05-26,4.00,43,188,52,STR-489710
702072857749096679,Cozy 2br in Boston FIDI District,382451810,1469783251184910688,Healing Homes,,Downtown,42.35675344797994,-71.05471005204328,Entire home/apt,581,1,223,2026-05-14,4.84,43,152,36,STR-489678
1542798099435900238,Stylish Room in LUX APT | South Boston Downtown T,502043395,1468163786770865383,Jessica,,South Boston,42.329352466305195,-71.05562229533145,Private room,320,1,0,,,23,289,0,STR-525163
1208811539468350325,Two bedrooms by the beach with private bathroom!,11766878,1462872567031142176,Jillian,,South Boston,42.33529,-71.0286,Private room,565,1,1,2024-09-17,0.05,2,69,0,str-537705
1542789869412352084,Private Room | Subway Downtown Boston,502043395,1468163786770865383,Jessica,,South Boston,42.33123,-71.05592,Private room,320,1,0,,,23,308,0,STR-525163
1542763353589568739,Room in South Boston | Subway Downtown,502043395,1468163786770865383,Jessica,,South Boston,42.33081,-71.05547,Private room,320,1,0,,,23,289,0,STR-525163
749934515407659019,Ideal North End 1brm Central To Everything,2006852,1462521630116987053,Jay,,North End,42.36536,-71.05187,Entire home/apt,518,1,125,2026-05-27,2.90,25,319,18,STR-511468
33090908,Beautiful home (5 minutes away from the Train.),230435215,1463235642546873707,Ellena,,Jamaica Plain,42.31997,-71.10617,Entire home/apt,276,1,218,2026-06-14,2.50,1,181,65,STR-536289
7287822,Light and airy separate apt in funky Jamaica Plain,17844905,1462603934385820321,Susan,,Jamaica Plain,42.31572,-71.10847,Entire home/apt,284,1,404,2026-05-30,3.06,2,30,34,STR-460147
1360226519569896326,Charming Private Room Close to Red Line and Beach,667479162,1470674745714433717,StayNue,,South Boston,42.33207,-71.05332,Private room,199,1,2,2026-05-17,0.14,4,32,1,STR-522998
24845439,Boston Home Great Location,187813188,1468972771094456554,Booker,,Jamaica Plain,42.31508,-71.10125,Private room,137,1,326,2026-06-04,3.31,2,342,25,STR-545181
16971718,A Victorian Secret AMAZING apt.  in Historic Home,113533375,1462903277087047487,Devora,,Roxbury,42.3237,-71.09514,Entire home/apt,396,2,378,2026-06-12,3.62,2,253,51,STR-545299
6238463,Pvt tree top suite in great location,31691830,1465465702879453541,Penny,,Jamaica Plain,42.31583,-71.11448,Private room,189,2,432,2026-06-14,3.30,1,92,47,STR-411564
1417390723964995431,Thatch Quarters | Pvt. Room in Southie | 102 DOT,814298,1462514414319387899,Stay Thatch,,South Boston,42.3357334,-71.04497839999999,Private room,157,1,3,2025-11-11,0.23,57,185,2,Exempt: This listing is a hotel or motel
13829133,Sunny studio in JP!,45771009,1462701214605642887,Riyo,,Jamaica Plain,42.31642,-71.10672,Entire home/apt,228,1,592,2026-06-07,5.05,2,137,80,STR-383177
1388722684732233093,Airy 2BR: A Blend of East & West,138056381,1468371222103886564,Xin,,Jamaica Plain,42.316246000675456,-71.11247284876006,Entire home/apt,327,1,35,2026-06-12,2.44,1,239,26,STR-584218
1258724063390806406,Sunlit Efficiency Unit-Longwood/Fenway,406353986,1469858479969261658,Cassandra And Mike,,Mission Hill,42.33421214680135,-71.10553634445374,Entire home/apt,208,2,53,2026-05-26,2.69,19,284,36,STR-545178
36551230,Boston Rooftop Retreat,2964887,1462613671217151245,Chandra,,Roxbury,42.32899,-71.09594,Entire home/apt,337,2,350,2026-06-08,4.24,1,188,40,STR-480856
1666998764160031126,In front of the T - Longwood Medical Area - Walk!,47584294,1465718059935171405,Jessy And Diego,,Mission Hill,42.33407,-71.10566,Entire home/apt,181,1,14,2026-06-14,7.92,33,275,14,STR-545178
19484144,Quirky studio in Jamaica Plain,17844905,1462603934385820321,Susan,,Jamaica Plain,42.31387,-71.10864,Entire home/apt,211,2,154,2026-02-16,1.42,2,25,11,str-460147
782675110910637353,JP Artist Loft Apartment,101548273,1467218277264620656,Ben,,Jamaica Plain,42.31948,-71.10599,Entire home/apt,431,2,167,2026-06-09,4.13,1,294,40,STR-518597
27339519,Sunny & Cozy 2 BR Apt in Boston. 15 min to DWTN,202862511,1469058548522765766,Frank,,Roxbury,42.32685,-71.09683,Entire home/apt,277,2,486,2026-06-07,5.09,1,104,58,STR-544885
24647800,Sunny large room with views and private bath,80570686,1466981632072977782,Siena,,Mission Hill,42.33206,-71.10185,Private room,216,1,159,2026-05-18,1.62,4,124,23,STR-434886
838770795516125230,Bed:Quad + Bath:Down The Hall,228911273,1469219730072440820,The Revolution Hotel,,South End,42.34493,-71.07061,Private room,,1,300,2024-01-14,3.73,15,0,0,Exempt: This listing is a hotel or motel
1634771617294683086,New Lux Boston Stay | Fenway|Longwood|Downtown|Gym,655975621,1463905813627508144,Becca,,Mission Hill,42.32708,-71.09901,Entire home/apt,882,1,10,2026-06-13,3.06,2,313,10,STR-621154
587083293351063385,Thatch Quarters™ | Pvt. Bunk Room in Southie | 305,814298,1462514414319387899,Stay Thatch,,South Boston,42.3348,-71.04473,Private room,163,1,44,2026-05-31,0.88,57,186,11,Exempt: This listing is a hotel or motel
4765070,Studio w/ private entrance and bathroom,24584716,1462629935957412132,Katty,,Jamaica Plain,42.32352198858505,-71.10688328334862,Entire home/apt,131,3,466,2026-06-03,3.34,1,232,33,STR-545228
50338863,Cozy Boston Studio - Longwood/Fenway,406353986,1469858479969261658,Cassandra And Mike,,Mission Hill,42.33422,-71.10495,Entire home/apt,200,1,218,2026-05-13,3.63,19,274,32,STR-545176
5526514,"Fresh! City Loft Apartment,  Minutes to Center!",28662210,1465422961172674984,Terry,,Roxbury,42.3285,-71.09608,Entire home/apt,248,3,136,2026-05-30,0.99,5,80,4,STR-446656
1647895896599160968,A peaceful home in the heart of South Boston,95564346,1467151495130347173,Rachel,,South Boston,42.33254,-71.04464,Entire home/apt,290,32,0,,,1,239,0,STR-624401
14566386,Fully-Equipped 2nd Floor 1-Bed 1-Bath Apt,25938192,1465352531861951266,Elena,,Jamaica Plain,42.317012786865234,-71.10931396484375,Entire home/apt,218,3,291,2026-06-12,2.47,2,255,27,STR-544850
706409928494970624,FIDI 2br | Keyless Entry | Fully Furnished,382451810,1469783251184910688,Healing Homes,,Downtown,42.3580831477226,-71.05316686351354,Entire home/apt,360,1,215,2026-05-25,4.69,43,247,29,STR-489686
42379429,Bright and comfortable,10692181,1462575396807502733,Francisco,,Jamaica Plain,42.31237,-71.10197,Private room,220,2,55,2025-10-08,0.74,5,197,2,STR-545241
1190698311101407695,Best Location In Boston!,103346817,1467240930004697413,Kaitlin,,East Boston,42.366950699836266,-71.03605703260041,Entire home/apt,320,1,18,2026-06-02,0.91,3,12,12,STR-544991
1493490140561992409,3 Bedroom in Boston,32918127,1462660163078028772,Luke,,Mission Hill,42.33145,-71.09781,Entire home/apt,427,1,28,2026-05-24,3.54,3,7,28,STR-468749
1642784550978387098,R9_Triple Room In Fields Corner Area,541813300,1470427724054736466,Boston,,Dorchester,42.3015,-71.06581,Private room,75,1,8,2026-06-01,3.16,32,346,8,STR-612980
25933888,Boston Loft Farm House-Logan airport/train,9073339,1462567943269116080,Elisangela,,East Boston,42.378841,-71.034821,Entire home/apt,457,1,367,2026-06-12,3.80,3,289,45,STR-398048
1318257514457269840,Award Winning Stay + Rooftop Bar & On Site Dining,667031830,1470673681091737078,"The Envoy Hotel, Autograph Collection",,South Boston Waterfront,42.35371,-71.04829,Private room,517,1,13,2026-06-07,1.12,3,152,13,Exempt: This listing is a hotel or motel
1037760042810968275,Cozy Efficiency Unit - Longwood,406353986,1469858479969261658,Cassandra And Mike,,Mission Hill,42.33418,-71.10523,Entire home/apt,174,2,63,2026-05-24,2.29,19,282,25,STR-545178
1150042157888055992,1-Bedroom Apt (9B1) 20-Minuite To Downtown Boston,31070527,1462653788004243910,Daryl,,Dorchester,42.295919,-71.0809854,Entire home/apt,210,1,101,2026-06-07,3.95,16,326,36,STR-491593
14566378,"Fully-Equipped, Private 1st Floor 1-Bed/1-Bath Apt",25938192,1465352531861951266,Elena,,Jamaica Plain,42.31700134277344,-71.10931396484375,Entire home/apt,231,2,194,2026-06-07,1.95,2,276,28,STR-552336
53631585,2bd/1ba in Boston Dorchester 1553,212359760,1469109115483128123,Evonify Corporate & Medical Housing,,Dorchester,42.29725,-71.08227,Entire home/apt,245,1,125,2026-05-04,2.28,65,351,26,STR-515555
50359377,Longwood/Fenway Basement Studio,406353986,1469858479969261658,Cassandra And Mike,,Mission Hill,42.33207,-71.10713,Entire home/apt,228,1,170,2026-05-29,2.82,19,277,35,STR-545176
52093011,Urban Guest Suite,101348644,1467215967151629610,Emily,,Jamaica Plain,42.31966,-71.10592,Entire home/apt,180,1,156,2026-06-07,3.28,1,152,44,STR-458400
879147142976191744,Stylish Compact Efficiency Unit - Longwood/Fenway,406353986,1469858479969261658,Cassandra And Mike,,Mission Hill,42.33285,-71.10488,Entire home/apt,243,2,131,2026-05-25,3.67,19,276,46,Str-545178
999915504398213197,Comfy Bedroom Suite + Private Attached Bath 1D,16612533,1462990857401466263,Matt,,Dorchester,42.28125937628452,-71.07259021511832,Private room,111,30,5,2025-08-31,0.17,16,274,1,
37709576,"North End- Newly Renovated, Prof. Clean, 1bd Apt",697401,1462526512255198719,Nick,,North End,42.36575,-71.05544,Entire home/apt,148,29,26,2026-04-10,0.33,3,43,5,
1417512831539206046,Sleek Boston Home | Near T,279124542,1469469687522005164,Angela,,Jamaica Plain,42.2941174,-71.11704639999999,Entire home/apt,2164,30,0,,,5,310,0,
51747209,Modern 1BR Downtown Boston-Milk301,275849638,1469454850382219508,Healing Homes,,Downtown,42.35827,-71.05517,Entire home/apt,460,1,256,2026-05-18,4.44,53,112,26,STR-424128
702087071845813431,Bright and Bold 2BR | Minutes from the T!,382451810,1469783251184910688,Healing Homes,,Downtown,42.35883208439192,-71.05460809946901,Entire home/apt,418,1,278,2026-05-29,6.05,43,222,55,STR-489681
1450891839313669848,Bright 1st-Fl 2BR Near Hospitals,15782998,1462595389135635541,Christian,,Mission Hill,42.3316,-71.11115,Entire home/apt,487,2,23,2026-05-24,2.35,3,325,23,STR-599216
658810825479859452,Cheerful 4-bedroom home with backyard and patio,13271600,1462907403291947310,Carol,,Jamaica Plain,42.30711180000001,-71.1121067,Entire home/apt,310,29,11,2023-08-07,0.23,1,319,0,STR-479745
5364137,Studio Condo by Airport and T Station,23777641,1462626605689154292,Gavin,,East Boston,42.38704,-71.00581,Entire home/apt,102,32,90,2026-05-09,0.66,2,219,4,
665822089820131536,Karlie’s Place mini suite,192503522,1469001028443971768,Esther,,Mattapan,42.2751934,-71.094881,Private room,96,29,20,2023-10-28,0.52,2,364,0,STR-518065
1007483714622386487,Comfy Bedroom + Private Attached Bath 2D,16612533,1462990857401466263,Matt,,Dorchester,42.28229899028369,-71.0733387619257,Private room,101,30,6,2026-05-31,0.20,16,302,2,
999910805180604262,Spacious Bedroom + Private Bath 1A,16612533,1462990857401466263,Matt,,Dorchester,42.28131620551634,-71.0724701415106,Private room,135,30,3,2025-08-23,0.10,16,257,1,
1642784115516586710,R6_Triple Room In Fields Corner Area,541813300,1470427724054736466,Boston,,Dorchester,42.30343640925436,-71.06402923477835,Private room,134,1,3,2026-05-02,1.07,32,322,3,STR-612980
48905210,LargeDuplex10Beds w/prkg near Downton,95762630,1462860883697417121,Maria F,,Dorchester,42.3025,-71.06311,Entire home/apt,1558,1,137,2026-05-03,2.16,1,287,21,STR-445614
1421424128783510051,The Serene Hideaway,427961225,1469939428243180079,Renée,,Dorchester,42.29895,-71.07178,Private room,237,1,13,2026-03-30,1.00,4,352,10,STR-595832
1566195549087220120,Stylish Loft Retreat in Trendy Jamaica Plain,719223913,1511203629454871626,Daniel & Vivian,,Jamaica Plain,42.31899,-71.10572,Entire home/apt,468,1,16,2026-06-08,2.57,1,233,16,STR-607651
1673266219782790201,Stylish 2BR Boston Neighborhood Retreat,75990441,1466932776645097831,Idonia,,Jamaica Plain,42.31488,-71.10877,Entire home/apt,424,5,0,,,1,173,0,STR-624463
1546062526650866706,Room W/parking / Steps to train/2 Min from Airport,468507596,1501784164060713614,Imanol,,East Boston,42.38034,-71.02437,Private room,179,1,19,2026-06-13,2.57,4,11,19,STR-609287
49959608,"Swanky Unit w Cntrl air, mins 2 city Modrn Top flr",386040727,1469793945044622039,Evans,,Dorchester,42.30807,-71.06147,Entire home/apt,323,1,215,2026-05-25,4.65,4,53,36,str-545118
1503249460388585849,Boston Escape – Close to Downtown & Airport,69587,1462508314989116048,Boris & Susan,,East Boston,42.38049,-71.02973,Private room,228,1,108,2026-06-13,11.49,7,324,108,str-399362
1410402162430822181,Boston Skyline Stay | 1BR + City Views,104683790,1467258163481314597,Francesco,,East Boston,42.3660186,-71.0371205,Entire home/apt,493,2,44,2026-05-28,3.53,2,160,41,STR-593108
611081,Houseboat in Boston Harbor,3029783,1462615376871125278,Deborah,,Charlestown,42.37579,-71.04981,Entire home/apt,536,1,160,2026-05-29,1.35,3,299,32,STR-416892
36370563,"Charlestown houseboat, walk to Boston attractions",3029783,1462615376871125278,Deborah,,Charlestown,42.37482,-71.05098,Entire home/apt,410,1,49,2026-02-16,0.58,3,323,7,STR-416892
1502605249538152407,Boston Summer 3BR | Walk to Train + Parking 80/3,571689221,1470549405304893175,Quang,,Dorchester,42.29078,-71.06892,Entire home/apt,699,1,11,2026-06-03,1.29,3,320,11,STR-595592
1502603040573309426,Sunny Boston 4BR | Walk to Red Line + Parking 80/2,571689221,1470549405304893175,Quang,,Dorchester,42.29036,-71.0687,Entire home/apt,663,1,22,2026-06-06,2.37,3,281,22,STR-594219
1474206141013095785,World Cup Retreat | 3BR Near Boston 85a,594041047,1463894974456341817,Jenny,,Dorchester,42.30198,-71.06783,Entire home/apt,637,2,13,2026-05-19,1.27,6,349,13,STR-598563
1508906466510621313,Chic 3BR1.5BA City Stay | Near T + Parking,473301884,1470134541479088895,Mylinh,,Dorchester,42.30948,-71.05987,Entire home/apt,497,2,5,2026-05-31,0.57,9,358,5,STR-541629
48210616,Spacious Suite in a quiet Boston neighborhood.,357698265,1469715796465973343,Natalie,,Brighton,42.34388,-71.15633,Private room,262,1,83,2025-09-03,1.32,8,245,2,STR-619448
1677621839747744226,The Eastie Gem | 5 Min to Logan Airport,733951469,1575729718291253107,Brandon,,East Boston,42.38028,-71.02632,Entire home/apt,626,1,1,2026-06-09,1,3,358,1,STR-615793
26828892,Shelly's Swan Room,139072570,1468379223274505765,Shelly,,East Boston,42.38137,-71.02311,Private room,126,1,975,2026-06-10,10.12,4,192,129,STR-601369
1324000957528289484,Brand New Modern Apt |Near T,510712953,1470296359183514676,Rosy,,Dorchester,42.29508939999999,-71.07380289999999,Entire home/apt,556,1,13,2025-08-26,0.86,2,59,6,STR-585057
27503398,Light-Filled Luxury Apartment with View,113533375,1462903277087047487,Devora,,Roxbury,42.32489,-71.09417,Entire home/apt,414,1,416,2026-06-11,4.38,2,208,69,STR-545072
859566125486151685,Location+Comfort+Convenience!,2236975,1462589821294557865,Jonatas,,East Boston,42.36971097877554,-71.04019015026245,Entire home/apt,539,2,74,2026-06-15,2.01,1,76,28,STR-524764
1487371860570165827,5BR|3B • Families & Group • Hospitals • downtown,712561017,1484224426423189866,UrbanAxis,,Dorchester,42.32466695967374,-71.05689921323837,Entire home/apt,619,1,18,2026-05-04,2.06,5,103,18,STR-523615
1558983978185695653,Home in East Boston,29684380,1465436694220835775,Totana,,East Boston,42.3818712,-71.021048,Entire home/apt,399,2,6,2026-06-01,1.01,3,335,6,STR-587413
1090694766738336567,Patriot: Three Story Vessel,560883922,1470505490333828194,Boston Harbor WaterFront Rentals,,North End,42.36303,-71.05102,Entire home/apt,759,2,54,2026-05-31,2.03,6,209,31,STR-589942
552968006314520018,Large 8BR 2 units Steps to Train | Private Parking,39266840,1462680987103187453,Maria And Kevin,,Dorchester,42.29853,-71.06139,Entire home/apt,2108,1,49,2025-11-16,0.94,4,173,9,STR-463794
974130181789175734,1 BR Gem 5min to Train & Airport explore the city,115371501,1468185634632214555,Cecilia,,East Boston,42.37138183463158,-71.0399257294879,Entire home/apt,285,1,136,2026-06-15,4.88,1,121,58,STR-540462
22940115,"Beautiful private place, 4 min fr T, 5 min airport",169902109,1463040592259356893,Endang,,East Boston,42.38383,-71.0346,Private room,283,1,327,2026-05-31,3.22,2,329,20,STR-480732
838791296379971638,Revolution Loft: Two Double Beds,228911273,1469219730072440820,The Revolution Hotel,,South End,42.34653,-71.07053,Private room,,1,15,2022-08-11,0.19,15,0,0,Exempt: This listing is a hotel or motel
1553727697314166944,Two Bedroom Apartment Near Fenway Park!,563246552,1470512703190615862,Together We Rise,,Fenway,42.34269048319792,-71.10133910721864,Entire home/apt,649,1,24,2026-06-11,4.34,50,172,24,STR-614479
1484036661814392478,Boston Lakeside Oasis with Pool,39872069,1484036662541068041,Joshua,,Brighton,42.34242,-71.16682,Entire home/apt,114,14,2,2025-12-16,0.21,1,350,2,STR-605136
19149341,Fun Houseboat,3029783,1462615376871125278,Deborah,,Charlestown,42.37579,-71.04981,Entire home/apt,511,1,114,2026-04-04,1.05,3,324,3,STR-416892
9114896,"Private fl w/2BR, 1B, 1LR w/full kitchen",43777733,1465650263494845212,Marc,,Brighton,42.35475,-71.15875,Entire home/apt,117,29,78,2026-06-07,0.61,1,180,6,
1632089310570673167,Cozy Room DE,15154687,1462593006369650043,Taskin,,Brighton,42.34617,-71.15233,Private room,125,29,13,2026-05-30,3.94,34,365,13,str-613765
1339923159696128877,Bohemian Paradise | Easy Access to All of Boston,310662379,1469580721261286506,Ulrich,,Dorchester,42.30927602668448,-71.06781649331577,Entire home/apt,461,1,13,2026-06-01,0.83,7,104,10,STR-586695
1353147697456314846,Boston modern appartment,522128667,1470349305732500598,Thanh,,Dorchester,42.29077171683692,-71.06155967010712,Entire home/apt,391,2,0,,,3,309,0,str-539606
1518149415726203713,Beautiful 3BR Boston w/Parking | World Cup 2026,594041047,1463894974456341817,Jenny,,Dorchester,42.30197,-71.06791,Entire home/apt,613,2,14,2026-06-07,1.63,6,334,14,STR-608394
1350086372123722436,"Near MBTA Red Line, Fenway & Logan • Comfy 4BR 301",132235026,1468322757400195635,Jenny,,Dorchester,42.3062311,-71.0602314,Entire home/apt,515,1,17,2026-06-05,1.21,9,293,14,STR-588796
1642811798061493135,W4_ Double Room In Andrew Station Area,541813300,1470427724054736466,Boston,,Dorchester,42.30180762714264,-71.06423758051287,Private room,149,1,2,2026-04-17,0.69,32,124,2,STR-410134
1066879803257359794,Cozy Room 15 Minutes to BOS Airport,59651248,1466723001104437471,Anderson,,East Boston,42.375558476816586,-71.03573253428006,Private room,200,1,273,2026-06-15,9.62,1,75,94,STR-548656
1213787809216285952,4 bdrm apartment next to Airport/Downtown,439013531,1469983098572512612,Peter,,East Boston,42.383254998480496,-71.01917370667395,Entire home/apt,341,1,141,2026-05-27,6.27,4,357,65,STR-546284
1440804415467027007,NomadiQ boutique stay,699041704,1470739825185749122,NomadiQ,,East Boston,42.37503,-71.03252,Entire home/apt,205,1,67,2026-06-01,5.43,6,359,66,STR-546064
1642187757758240696,Luxury 1BR near Harvard fd5n,657483974,1470651798436237535,E Stays,,Allston,42.362426102973856,-71.13519759057013,Entire home/apt,275,29,2,2026-03-26,0.66,18,324,2,STR-585115
1198521544478660325,"Superior King Room, Longwood Inn, Close to Museums",501999278,1468058277289999419,RoomPicks,,Longwood Medical Area,42.33832,-71.10647,Hotel room,478,1,7,2026-05-31,0.61,51,360,7,Exempt: This listing is a hotel or motel
1339325892552072294,nice and cozy room 1,15154687,1462593006369650043,Taskin,,Brighton,42.35589,-71.15815,Private room,88,1,68,2026-06-06,4.10,34,365,53,str-544976
18875599,The Pistachio Room at TPH - Boston,16441460,1462597924170059148,Charles,,Brighton,42.35401,-71.16776,Private room,183,1,120,2025-10-19,1.09,6,317,5,STR-453972
50009772,Spacious & newly renovated private room!,15583990,1462965825217431486,Natalia,,Dorchester,42.28918,-71.06166,Private room,202,1,27,2026-05-18,0.46,7,244,3,STR-453623
1544347653759746502,"Blueground | Lower Allston, view, nr Charles River",107434423,1462889176402806013,Blueground,,Brighton,42.3631472,-71.1378921,Entire home/apt,,30,0,,,227,228,0,
838771894893288060,Bed:Queen + Bath:In-Room,228911273,1469219730072440820,The Revolution Hotel,,South End,42.34647,-71.0714,Private room,,1,210,2023-01-15,2.63,15,0,0,Exempt: This listing is a hotel or motel
996896435312647118,Spacious 3 Bed 2.5 Bath Home Top Loc. w/Parking,25146457,1465336914350256346,Nicholas,,Bay Village,42.3507,-71.06702,Entire home/apt,,2,107,2026-05-14,3.27,1,0,41,STR-398230
1642784442583283607,RX_Triple Room In Fields Corner Area,541813300,1470427724054736466,Boston,,Dorchester,42.303371467544935,-71.06521691457205,Private room,127,1,2,2026-05-01,0.67,32,121,2,STR-612980
1595278332036605072,"Sun-filled Unit, Elevator, Pool, Boston College",250399091,1469327367939017586,Nina,,Brighton,42.33826711202484,-71.1549579772771,Entire home/apt,176,30,0,,,9,342,0,Exempt: This listing is a unit that has contracts with hospitals
1642813956164620169,WX_ Double Room In Andrew Station Area,541813300,1470427724054736466,Boston,,Dorchester,42.30284,-71.06577,Private room,80,1,0,,,32,259,0,STR-410134
1385827841028949727,"Large, historic 4 bedroom home",118341734,1468208951048602553,Samantha,,Dorchester,42.30316,-71.07541,Entire home/apt,563,2,1,2026-04-21,0.53,1,100,1,STR-591862
615388600646163891,"2Bedroom - WALK to subway, hospitals, food, & more",15782998,1462595389135635541,Christian,,Mission Hill,42.330807,-71.112587,Entire home/apt,362,3,126,2026-05-26,2.53,3,201,27,STR-544938
22327139,Modern & Bright-Great Location-Mins to Logan,69587,1462508314989116048,Boris & Susan,,East Boston,42.37855,-71.03157,Private room,249,1,896,2026-06-06,8.70,7,347,76,STR-399362
49076097,4BR Steps to Train to Downtown | Parking,39266840,1462680987103187453,Maria And Kevin,,Dorchester,42.29928,-71.0609,Entire home/apt,672,1,82,2026-06-01,1.31,4,173,3,STR-545167
1024462753101370264,Individual bedroom 3,493644675,1463833499390042719,Tasha,,Dorchester,42.29325,-71.07544,Private room,217,1,46,2026-05-29,1.79,3,361,20,STR-544890
1681571953610618090,2BR Near Airport and Public Transit,66649895,1466823414357403940,Jesse,,East Boston,42.36619,-71.03127,Entire home/apt,377,2,0,,,4,350,0,STR-624430
44135040,“Boston Harbor Yacht for 6 Waterfront Stay”,306011239,1469565672258574875,Karen,,Charlestown,42.37603,-71.05034,Entire home/apt,808,1,79,2025-09-18,1.10,3,213,4,STR-427698
15018607,"Cute 1 bedroom in East Boston,  close to airport",94792025,1467143074395567485,Cloe,,East Boston,42.36848,-71.03665,Entire home/apt,263,1,339,2026-06-13,2.86,1,109,1,STR-401058
1638409604242884973,Walk to Harvard | Outdoor Terrace + Restaurant,429638778,1469946374439086544,The Atlas Hotel,,Allston,42.363976,-71.119664,Private room,468,1,0,,,8,148,0,Exempt: This listing is a hotel or motel
45502853,Unique Waterfront Escape - Boston Harbor Houseboat,306011239,1469565672258574875,Karen,,Charlestown,42.37667,-71.05025,Entire home/apt,496,1,16,2025-11-16,0.24,3,326,2,STR-427698
764378872296800230,Studio Getaway,103346817,1467240930004697413,Kaitlin,,East Boston,42.36716,-71.03568,Entire home/apt,291,1,138,2026-06-11,3.57,3,54,28,STR-544991
705104239378951885,5BR 2BTH Bright & Spacious  Apt in Brighton,2356643,1462523722549277069,StayNue,,Brighton,42.36193,-71.14457,Entire home/apt,282,29,26,2025-04-22,0.67,31,190,0,STR-461419
1350071389732690605,Luxury 1BR Next to Airport 8199,212359760,1469109115483128123,Evonify Corporate & Medical Housing,,East Boston,42.37471,-71.03156,Entire home/apt,358,1,39,2026-06-07,2.67,65,357,35,STR-584748
1339122322732605643,Luxury 1BR Next to the Airport 3135,212359760,1469109115483128123,Evonify Corporate & Medical Housing,,East Boston,42.37518068640529,-71.0300895106112,Entire home/apt,259,1,31,2026-06-03,1.85,65,357,22,STR-584748
1619828021228866233,*3 TDGarden Celtics/Bruins/Lil Italy/Historic,3637081,1462531041766010189,Anthony,,North End,42.36811,-71.05602,Entire home/apt,284,1,9,2026-05-03,3.00,11,276,9,Exempt: This listing is a unit used for furnished institutional or business stays
53899025,Best Location in Boston!,103346817,1467240930004697413,Kaitlin,,East Boston,42.36662,-71.03784,Entire home/apt,479,1,66,2026-05-17,1.26,3,47,15,STR-544991
50696705,Pvt. Bedroom & Bath | Co-Live by Thatch™ | 31 #1E,814298,1462514414319387899,Stay Thatch,,Roxbury,42.33026,-71.09193,Private room,96,30,6,2026-05-11,0.11,57,333,3,
1169578723459087401,"Comfy 3-Bundle Rooms, Shared Apt, Brighton",2356643,1462523722549277069,StayNue,,Brighton,42.36191713265722,-71.14313105567548,Private room,399,1,2,2026-04-10,0.21,31,317,2,STR-461419
1333523101554004739,Charming Family Home in Charlestown,3031050,1462527646105753536,Sarah & Drake,,Charlestown,42.3789292403641,-71.06727552236346,Entire home/apt,689,3,0,,,1,202,0,STR-615697
1701334761507430995,Modern 4BR Boston w/Parking - Near Red Line T 2331,132235026,1468322757400195635,Jenny,,Dorchester,42.30751739999999,-71.07542149999999,Entire home/apt,538,1,1,2026-06-12,1,9,307,1,STR-492827
1666791544541916960,*2 TDGarden Celtics/Bruins/Lil Italy/Historic,3637081,1462531041766010189,Anthony,,North End,42.36758,-71.05654919999999,Entire home/apt,258,1,4,2026-05-27,2.40,11,263,4,STR-619446
658109340864436746,Eastie Gem: Taste of local life by the waterfront,52460933,1465849144581611112,Qusai,,East Boston,42.36969,-71.03944,Entire home/apt,495,1,34,2026-06-15,3.17,1,258,34,STR-565585
1591369281306731024,Modern Boston Apartment with Private Roof Deck,491665089,1470213909606615324,Terry,,East Boston,42.37672,-71.03702,Entire home/apt,1250,2,1,2026-02-02,0.22,1,363,1,STR-615872
842083325390113866,Luxury home near downtown,227889113,1463227805139311816,Lee,,Mattapan,42.27382,-71.07947,Entire home/apt,637,29,2,2026-02-09,0.27,5,250,2,STR-558753
1007486142006282338,Large Bedroom + En-suite Bath 2B,16612533,1462990857401466263,Matt,,Dorchester,42.28229899028369,-71.0733387619257,Private room,122,30,6,2026-04-01,0.25,16,288,4,
1577915971154258143,Luxury condo near downtown,227889113,1463227805139311816,Lee,,Mattapan,42.2717,-71.07889,Entire home/apt,877,29,4,2026-05-17,0.72,5,362,4,STR-558753
1590656370134420950,Luxury room,227889113,1463227805139311816,Lee,,Mattapan,42.27298335626985,-71.07912404433864,Private room,444,29,0,,,5,364,0,STR-558753
50731729,ENTIRE 2BR APARTMENT IN A NICE QUIET NEIGHBORHOOD!,293553762,1463400346063801578,Rogger,,Mattapan,42.27186260442167,-71.0838019517025,Entire home/apt,185,29,106,2023-11-12,1.76,1,89,0,STR-550554
14585335,SPACIOUS TOWNHOUSE with Essential Amenities,90419082,1467093860616092679,Camille,,Mattapan,42.27554,-71.07091,Entire home/apt,340,29,41,2020-12-20,0.35,3,344,0,STR-397952
16453657,Quiet & Perfect Location Near The Red Line!,16186589,1462980594089558530,Marie,,Dorchester,42.28732,-71.06625,Private room,51,30,4,2024-11-30,0.04,27,332,0,
53358922,Small Cozy Room walk to Subway Airport,1407005,1462544953572894646,Izzy,,East Boston,42.3764,-71.03553,Private room,103,1,281,2026-05-30,5.12,3,54,67,STR-445805
1257518652957335127,The Princeton Boston - Luxurious Apartment (New!),98396045,1467183480939365445,Brian,,East Boston,42.37670268648397,-71.0351585203212,Entire home/apt,776,1,25,2026-06-13,1.25,1,299,12,STR-573675
905626249213919220,Retro Bungalow| Inquire for Discounts & Questions,503403347,1470263234871131947,Sanaba,,Mattapan,42.28164157543658,-71.09436311898457,Entire home/apt,313,29,4,2023-10-08,0.11,1,364,0,STR-074983
1475611603049769719,Great Stay to Explore Boston - Near Subway & Logan,69587,1462508314989116048,Boris & Susan,,East Boston,42.37645,-71.03727,Private room,258,1,45,2026-05-30,4.25,7,356,45,STR-400320
773990108250892522,A Sweeter Place (C) managed by Andrea,24532370,1465305993184850165,Andrea,,Mattapan,42.27713,-71.08175,Private room,43,30,9,2026-05-24,0.23,2,165,3,STR-515739
48030134,Modern/Luxury | Steps from Zoo & Golf Course,370733465,1463547201999423082,Diana Perez,,Roxbury,42.29916,-71.08675,Entire home/apt,467,2,232,2026-05-03,3.72,1,196,26,STR-443355
37021350,Elegant & Clean Room close to Subway and Downtown,2707695,1462605476680748009,Roman,,Dorchester,42.3138,-71.05331,Private room,78,29,20,2025-10-26,0.24,3,224,1,STR-408019
53527110,2 Mi to Dtwn: Boston Apartment Near Beaches!,122377513,1468126526837796926,Evolve,,South Boston,42.33379,-71.03139,Entire home/apt,137,29,28,2023-02-13,0.51,4,193,0,STR-472278
1694943424411518318,Family friendly apartment right on the Red Line!,1694941059490046933,1694943425159087227,Molly,,Dorchester,42.29876,-71.06585,Entire home/apt,691,1,0,,,1,346,0,STR-623548
1453148984686571977,"Central, Stylish Home in Quiet Boston Neighborhood",650027755,1470635650930817607,Ethan,,Dorchester,42.30726,-71.06078,Entire home/apt,667,2,24,2026-06-09,2.31,1,358,24,STR-582938
1007323651771579048,Cozy Bedroom with En-Suite Bath 2C,16612533,1462990857401466263,Matt,,Dorchester,42.2822991,-71.0733387,Private room,70,30,3,2025-05-20,0.10,16,134,0,
990665291406143357,Cozy Private Room Near Red Line & Old Harbor Beach,2356643,1462523722549277069,StayNue,,South Boston,42.33277002230463,-71.05350248987847,Private room,74,29,4,2026-04-17,0.46,31,42,4,STR-522998
682706928099435560,Master bedroom & bath close to Subway and Downtown,2707695,1462605476680748009,Roman,,Dorchester,42.31344,-71.053,Private room,90,29,8,2025-10-03,0.18,3,292,2,
1597502127187631417,Modern Luxe Condo | Airport & Downtown in Minutes,97810810,1597502127880457162,Christopher,,East Boston,42.36674822528391,-71.03140032023772,Entire home/apt,495,1,15,2026-06-09,4.46,1,288,15,STR-617224
1461804901921357231,"Boston 2BR—Deck, Office, Parking",4544907,1462660140007395001,Mike,,Dorchester,42.2841886,-71.0739505,Entire home/apt,,30,0,,,1,282,0,
710219921415947886,South Boston Best Location!,124868966,1468259730703678473,Joseph,,South Boston,42.33581,-71.03809,Entire home/apt,1116,29,9,2022-11-27,0.20,1,365,0,STR-486358
1624106423668333606,Large Private Suite in Modern Jamaica Plain Home,203439,1462512559713343922,Gary,,Jamaica Plain,42.3153967,-71.1037126,Private room,187,2,6,2026-06-07,4.62,1,90,6,STR-621648
36587216,Private Master Suite & Large Livingroom in Boston,10197317,1462834088491872469,Shannon,,South Boston,42.33487,-71.04956,Private room,184,29,3,2023-09-02,0.08,8,365,0,STR-461452
1341577867324876162,Beautiful 2BR in Southend Boston 2676,212359760,1469109115483128123,Evonify Corporate & Medical Housing,,South End,42.33696147128423,-71.06954386018366,Entire home/apt,308,1,38,2026-04-12,2.79,65,339,35,str-526502
1400112583042551624,"Boston Escape, Near T",312045025,1469585606610908218,Sidney,,Dorchester,42.3155339,-71.0561512,Entire home/apt,675,1,61,2026-06-07,4.47,3,353,54,STR-589305
54391614,"Waterfront with 2 bars/lounges, near Boston Harbor",152483027,1468495861490504738,Zipporia,,South Boston Waterfront,42.351655624836326,-71.04642558091206,Private room,451,2,0,,,1,364,0,Exempt: This listing is a hotel or motel
1668915001982373263,South Boston Townhouse with Yard,14361434,1462936827845263380,Molly,,South Boston,42.33599,-71.04151,Entire home/apt,356,29,0,,,1,52,0,
832114453980214350,"Luxury, 2bed,2 bath, Boston Central, Boston Univ",266312920,1469408339723553005,STARS Of,,Fenway,42.34671938164582,-71.10177411892872,Entire home/apt,338,30,8,2026-04-25,0.21,4,333,1,Exempt: This listing is a unit used for furnished institutional or business stays
1080601954822191114,"Cozy Private Room, Walk to Red Line & Beaches",2356643,1462523722549277069,StayNue,,South Boston,42.331910736652155,-71.05332541426975,Private room,74,30,3,2024-03-18,0.11,31,40,0,STR-522998
7474855,Live in the Center of Newbury St Action! #11,22348222,1462620857010380237,Maverick,,Back Bay,42.34982,-71.08264,Entire home/apt,385,1,309,2026-06-03,2.50,87,316,32,STR-445403
833414952486827839,"Quarters on Broadway, South Boston 406 Bunk",814298,1462514414319387899,Stay Thatch,,South Boston,42.34183,-71.0558,Private room,279,1,33,2026-03-15,0.85,57,183,7,Exempt: This listing is a hotel or motel
48439840,1BR in Downtown Boston| Walk Anywhere!,275849638,1469454850382219508,Healing Homes,,Downtown,42.358980395949175,-71.05393090509003,Entire home/apt,291,1,258,2026-05-19,4.03,53,99,27,STR-424136
39971003,Bay Village Suites: Perfect Studio Ready For You!,285344759,1469492597719438987,Bv,,Bay Village,42.34858322143555,-71.0696029663086,Private room,204,1,75,2026-03-20,0.96,18,342,9,STR-619380
920272636633662094,"Charming Boston Home, Near T",312046089,1469585611645207158,Heirloom Stays,,Dorchester,42.3204372,-71.05602139999999,Entire home/apt,510,2,52,2026-05-31,1.48,1,335,26,STR-597081
1467420901296011810,Loft style 2BR unit in Boston Southend 0029,212359760,1469109115483128123,Evonify Corporate & Medical Housing,,South End,42.34485522333673,-71.0658573474342,Entire home/apt,366,1,16,2026-05-19,1.45,65,328,16,STR-584748
849234104694269714,Luxurious 1BR in FIDI Boston | Close to Everything,382451810,1469783251184910688,Healing Homes,,Downtown,42.35884411390937,-71.05492076260008,Entire home/apt,578,1,147,2026-05-22,3.77,43,92,14,STR-489708
1495782580201959628,Gorgeous Apt with Kitchen,20857768,1463140474528738801,Compass,,Fenway,42.34291,-71.09904,Entire home/apt,427,30,1,2026-05-20,1,77,328,1,
1450012214448155951,Luxury Apt in Seaport with Gym,20857768,1463140474528738801,Compass,,South Boston Waterfront,42.3527874,-71.0464795,Entire home/apt,351,30,0,,,77,348,0,
1618293905002571828,Brand New Luxury Retreat w/ Pool & Fitness Center,363501271,1590820702279314573,Mike & Tatenda,,Dorchester,42.32485,-71.06188,Entire home/apt,313,29,3,2026-06-05,1.64,3,263,3,Exempt: This listing is a unit that has contracts with hospitals
1658052615013347518,(Mlb6) Walkable Back Bay Gem,563246552,1470512703190615862,Together We Rise,,Back Bay,42.35227,-71.07777,Entire home/apt,606,1,5,2026-06-14,3.75,50,166,5,STR-623178
1350072689389181200,Luxury Studio Next to Broadway 5061,212359760,1469109115483128123,Evonify Corporate & Medical Housing,,South Boston,42.342773840046746,-71.05508344295158,Entire home/apt,239,1,44,2026-05-30,2.87,65,348,35,STR-585063
1672090223224090398,"@Orange Line 12-25min HMS, NEU, Back Bay, Downtown",169207412,1468636394536253644,Vald,,Jamaica Plain,42.31643301675633,-71.1066487399995,Private room,42,29,0,,,6,169,0,
579003720446743556,Thatch Quarters™ | Pvt. Room in Southie | 305,814298,1462514414319387899,Stay Thatch,,South Boston,42.34316,-71.0557,Private room,188,1,67,2026-06-12,1.36,57,190,17,Exempt: This listing is a hotel or motel
706370390426147910,"Bold, Spacious 2br in Boston's Financial District",382451810,1469783251184910688,Healing Homes,,Downtown,42.35825,-71.05526,Entire home/apt,569,1,223,2026-05-31,4.86,43,143,34,STR-489674
48601985,Elegant 2BD/2BA furnished apartment in FiDi,275849638,1469454850382219508,Healing Homes,,Downtown,42.35893,-71.0553,Entire home/apt,305,1,286,2026-05-30,4.48,53,154,31,STR-424137
898508242331312550,Tranquil Allston Condo w/ Parking by Harvard/BU/BC,306329570,1463425806556299595,Jonathan,,Allston,42.3515002,-71.1408802,Entire home/apt,269,29,20,2025-12-19,0.61,4,315,2,STR-569381
1632079243343806562,Luxury23.7 - Boston Landing - Allston Yards,757253,1462528464270965620,Lee,,Allston,42.35396790000001,-71.1388308,Entire home/apt,583,29,12,2026-05-28,3.96,12,363,12,Exempt: This listing is a unit that has contracts with hospitals
689804165985101305,Lovely FIDI Studio | Close to Faneuil Hall!,382451810,1469783251184910688,Healing Homes,,Downtown,42.35871,-71.05515,Entire home/apt,361,1,171,2026-05-31,3.71,43,170,19,STR-489691
1341419651911709937,Luxury 1BR Near Broadway Southie 0637,212359760,1469109115483128123,Evonify Corporate & Medical Housing,,South Boston Waterfront,42.3442,-71.05559,Entire home/apt,345,1,45,2026-06-03,2.88,65,352,35,STR-585063
45069092,Stylish 2-bedroom JP Pondside Pad,984499,1462535052128156575,Milo,,Jamaica Plain,42.31677,-71.11427,Entire home/apt,437,2,84,2026-06-03,1.19,2,298,17,STR-488651
29664067,Boston Home Near Downtown,187813188,1468972771094456554,Booker,,Jamaica Plain,42.31455,-71.09906,Private room,137,1,262,2026-06-14,2.83,2,348,26,STR-545181
1375681174270903038,Luxury 3brm/1bath Duplex in JP,2006852,1462521630116987053,Jay,,Jamaica Plain,42.31857643617818,-71.10666144003628,Entire home/apt,487,1,37,2026-06-01,2.45,25,327,28,STR-584174
1342994584624078520,Wonderful 1Bedroom in Beacon Hill Area,373675137,1463554206153655871,Lilith,,Dorchester,42.314565771511475,-71.06487017104712,Private room,70,29,0,,,117,34,0,
50416639,Stylish Boston Studio - Fenway/Longwood,406353986,1469858479969261658,Cassandra And Mike,,Mission Hill,42.33194,-71.10633,Entire home/apt,211,1,192,2026-05-26,3.18,19,280,33,STR-545178
676691058261718660,South Bos. W Broadway - 1 BR 1 BA #401,814298,1462514414319387899,Stay Thatch,,South Boston,42.34268369999999,-71.05653339999999,Entire home/apt,356,1,66,2026-03-30,1.43,57,87,20,Exempt: This listing is a hotel or motel
17523630,Private & serene getaway in beautiful JP,30593609,1462652118785043122,Jennifer,,Jamaica Plain,42.31299,-71.11876,Entire home/apt,265,3,315,2026-05-29,2.80,1,312,22,STR-446068
1258780576616575930,Adorable Apartment-Longwood/Fenway,406353986,1469858479969261658,Cassandra And Mike,,Mission Hill,42.33369,-71.1071,Entire home/apt,271,1,68,2026-05-25,3.48,19,271,40,STR-545178
25429787,2 sunny guest rooms in 1920s flat amid parks+cafés,191880,1462512245295158882,Fabien,,Jamaica Plain,42.31522,-71.11218,Private room,194,4,105,2026-06-06,1.29,1,14,18,STR-511486
1071235,Cozy JP Studio-Great Location!,965697,1462534483105275808,Kristina,,Jamaica Plain,42.31653,-71.11049,Entire home/apt,229,2,451,2026-06-12,2.83,2,116,51,STR-409453
865785974116979767,Stylish Room in South End + Private Patio,36465884,1465541938273558260,Gates,,South End,42.34111233139622,-71.07471588434498,Private room,92,30,15,2026-06-13,0.41,1,91,3,
48103833,Designer Inspired | Keyless Entry | Financial Dist,275849638,1469454850382219508,Healing Homes,,Downtown,42.35835418840674,-71.05321336034264,Entire home/apt,560,1,271,2026-05-20,4.20,53,110,30,STR-424135
1664554389217272135,Brand New Back Bay Studio,9410008,1462813405226616143,Jason,,Back Bay,42.34880436349801,-71.08862978590749,Entire home/apt,403,3,3,2026-05-31,2.57,19,228,3,STR-596358
994161541022326241,Brownstone Townhouse in Fenway,301744764,1469547337431654680,Glenn,,Fenway,42.3426674,-71.0873809,Entire home/apt,1484,1,90,2026-06-03,2.99,1,82,34,STR-546475
1703423061253266253,World Cup Boston 3BR | Large Group | 2 Park( 14A),594041047,1463894974456341817,Jenny,,Dorchester,42.3134088,-71.05534279999999,Entire home/apt,1064,1,0,,,6,352,0,STR-627734
1706946783758252707,"Southie Retreat |Near Broadway, Beach, and Seaport",372979049,1706946784561998853,Alexa,,South Boston,42.33527355276209,-71.03868549969239,Entire home/apt,211,31,0,,,1,319,0,
1659580804401706487,"World Cup rental, beach access, parking So. Boston",756023813,1659580777559206136,Michael,,South Boston,42.331210401723865,-71.04303549975157,Entire home/apt,719,29,0,,,1,154,0,
947323957543072435,L. Sunny room easy commute to Boston Downtown,89328922,1462846423058861810,Ehab,,Dorchester,42.32087406801446,-71.05568976922757,Private room,78,29,40,2024-11-24,1.20,11,364,0,STR-455882
28912741,Simple South Boston Stays (entire place),217940047,1463201195231269276,Kiki,,South Boston,42.336525,-71.054451,Entire home/apt,351,2,71,2026-03-29,0.76,1,83,4,STR-544891
51804426,E_Cozy room easy commute to Boston Downtown.,89328922,1462846423058861810,Ehab,,Dorchester,42.32272,-71.0554,Private room,78,29,126,2025-08-02,2.17,11,364,1,STR-455882
736997125298255038,D_Lovely room easy commute to Boston Downtown.,89328922,1462846423058861810,Ehab,,Dorchester,42.32233,-71.05546,Private room,78,29,98,2024-12-05,2.19,11,364,0,STR-484164
2021489,Spacious Updated Boston Room/Condo,10197317,1462834088491872469,Shannon,,South Boston,42.33375,-71.04767,Private room,155,29,85,2023-08-11,0.69,8,365,0,STR-383155
1462377207025166083,Luxury Hideaway | Museums. Boston Common,566734323,1470523225276682417,The Newbury Boston,,Back Bay,42.35172,-71.07064,Private room,973,1,1,2025-11-23,0.15,10,165,1,Exempt: This listing is a hotel or motel
1115794006242518251,Private Room | MTBA Access | Near Restaurant,502043395,1468163786770865383,Jessica,,South Boston,42.33105,-71.05513,Private room,,29,1,2024-04-14,0.04,23,0,0,Exempt: This listing is a unit used for furnished institutional or business stays
1702182580976786466,In front of the T - Longwood Medical Area - Walk,5599997,1462684696061289786,Jessy,,Mission Hill,42.33399,-71.10709,Entire home/apt,160,1,0,,,1,189,0,STR-545178
32605534,Modern 1BR - Steps to T,18150109,1463037348248195266,Alex,,Roxbury,42.3286575556131,-71.09550790861137,Entire home/apt,213,1,53,2026-05-30,1.92,5,111,29,Str-550179
24645479,Spacious sun-filled room near Longwood,80570686,1466981632072977782,Siena,,Mission Hill,42.33091,-71.10255,Private room,165,1,133,2026-05-30,1.37,4,132,20,STR-434886
15832498,Victorian Treetop Apartment - Close to Everything!,102515900,1467230151619877113,Kenneth,,Jamaica Plain,42.31764,-71.10922,Entire home/apt,576,5,93,2026-05-31,0.93,1,263,13,STR-402110
35080086,*FortHill Special! Clean Comfy & Cozy Guest Suite2,69967323,1462791300442620424,John,,Roxbury,42.32363,-71.0952,Private room,236,2,108,2026-05-28,1.26,4,230,20,STR-545899
45972855,"FIFA 2 bedroom w/ central air, parking & laundry",164826,1462510158562865467,Molly,,Jamaica Plain,42.31631,-71.09878,Entire home/apt,351,2,87,2026-05-29,1.47,1,206,14,STR-570178
19364110,Large clean private room close to downtown,80570686,1466981632072977782,Siena,,Mission Hill,42.33209,-71.1015,Private room,176,1,185,2026-05-29,1.70,4,114,23,STR-434886
8720718,Cozy studio apartment in Jamaica plain!,45771009,1462701214605642887,Riyo,,Jamaica Plain,42.3168,-71.10721,Entire home/apt,253,1,760,2026-06-09,5.86,2,130,65,STR-383174
1506433619359967585,"Bright, Open Studio - Longwood/Fenway",406353986,1469858479969261658,Cassandra And Mike,,Mission Hill,42.331829038642006,-71.10596620037948,Entire home/apt,234,1,22,2026-06-01,2.44,19,222,22,STR-545176
1425287709516774905,"Blueground | Shawmut, pool, nr Boston Common",107434423,1462889176402806013,Blueground,,South End,42.3439382,-71.0638329,Entire home/apt,,30,0,,,227,161,0,
50416070,Sunny Boston Studio - Fenway/Longwood,406353986,1469858479969261658,Cassandra And Mike,,Mission Hill,42.33208,-71.10628,Entire home/apt,194,1,166,2026-06-01,2.75,19,21,27,STR-545176
52835378,Longwood/Fenway Cozy Studio,406353986,1469858479969261658,Cassandra And Mike,,Mission Hill,42.33252,-71.10491,Entire home/apt,186,1,150,2026-05-30,2.82,19,262,31,Exempt: This listing is a hotel or motel
711448738229382796,Cozy Longwood-Fenway Studio,406353986,1469858479969261658,Cassandra And Mike,,Mission Hill,42.33186,-71.10578,Entire home/apt,265,2,102,2026-05-30,2.33,19,273,33,STR-545178
831920496371165632,Spacious Mission Hill Studio!,275849638,1469454850382219508,Healing Homes,,Mission Hill,42.33238913992304,-71.10074118946933,Entire home/apt,372,1,47,2026-04-17,1.19,53,79,20,STR-521767
865491574396499608,Affordable Private Room Near Longwood Medical Area,133457702,1468333096613367408,Selim,,Jamaica Plain,42.32426,-71.10649,Private room,152,3,23,2025-09-28,0.60,10,44,5,STR-552508
1681130531584295754,Deluxe 2 Double | Seaport Boston |Waterfront Hotel,757286044,1681130513808136896,Seaport Hotel Boston,,South Boston Waterfront,42.3489863,-71.041212,Hotel room,634,1,0,,,10,354,0,Exempt: This listing is a hotel or motel
1582906265022457698,S Boston | 5BD/2BA · Sky Deck | Downtown · Airport,463606286,1517103836022871230,Nicholas,,South Boston,42.33805672717353,-71.03998820279176,Entire home/apt,1175,2,3,2026-06-03,1.73,1,204,3,STR-604323
577685294725125045,Thatch Quarters™ | Pvt. Room in Southie | 205,814298,1462514414319387899,Stay Thatch,,South Boston,42.34182,-71.05615,Private room,181,1,26,2025-08-14,0.50,57,189,1,Exempt: This listing is a hotel or motel
1208001028282106056,Remote Work Vacation/1 mile from Convention Center,588348154,1470608393149239434,Sach,,South Boston,42.33719017583703,-71.0452656042401,Entire home/apt,1712,2,0,,,1,334,0,STR-602036
1681130586413465569,King Suite | Seaport Boston | Waterfront Hotel,757286044,1681130513808136896,Seaport Hotel Boston,,South Boston Waterfront,42.34899,-71.04121,Hotel room,833,1,1,2026-05-29,1,10,356,1,Exempt: This listing is a hotel or motel
1116658347892564681,Poseidon's Escape: Ocean Retreat,560883922,1470505490333828194,Boston Harbor WaterFront Rentals,,Downtown,42.36203,-71.04866,Entire home/apt,333,1,16,2024-08-21,0.61,6,242,0,STR-589942
48602234,Airy 2br Apt Downtown Boston - Smart Lock Entry,275849638,1469454850382219508,Healing Homes,,Downtown,42.35745,-71.0533,Entire home/apt,427,1,265,2026-01-27,4.15,53,93,23,STR-424121
1411177880695678975,3 BDRM Apt Next to Airport/5 min to Downtown,693051671,1470727446328869615,Nina,,East Boston,42.37247613414599,-71.03613608140415,Entire home/apt,291,1,113,2026-06-07,8.48,3,179,101,STR-595035
771117597362932880,Perfect North End Studio,2006852,1462521630116987053,Jay,,North End,42.36667,-71.05215,Entire home/apt,378,1,160,2026-05-25,3.72,25,345,31,STR-515319
930388694249975492,"Cozy FULL Bd, 7mn to Aiport, 3mn walk to Train",44837494,1465665662718570667,Nemrac,,East Boston,42.37091,-71.03928,Private room,175,1,150,2026-06-12,5.29,2,331,44,STR-546789
826154106774733494,Exquisite North End 1brm,2006852,1462521630116987053,Jay,,North End,42.36517738844505,-71.05263340741818,Entire home/apt,509,1,135,2026-06-01,3.34,25,322,27,STR-520557
53090937,2BR Spacious Yacht - Heat & AC- On Freedom Trail,19533296,1462609790552748443,Chad,,Charlestown,42.375179,-71.048897,Entire home/apt,477,1,150,2026-04-27,2.67,1,230,16,STR-461756
970696545528120358,Simple Room walking to Airport T,1407005,1462544953572894646,Izzy,,East Boston,42.37654878429381,-71.03550695040252,Private room,146,1,174,2026-05-16,5.15,3,51,59,STR-445805
757230411058859668,Private bedroom next to Logan Airport,30276767,1465445627768931951,Violet,,East Boston,42.3704059242531,-71.03423446151498,Private room,194,1,89,2026-06-12,2.05,2,85,64,STR-513668
48748798,Romantic Getaway on the roof - parking/Airport,7427795,1462560827873077335,Ella,,East Boston,42.37721,-71.03767,Entire home/apt,431,1,265,2026-06-11,4.16,7,177,53,STR-573350
1131387367683922980,Newly Renovated Apartment,296308113,1469526741964226581,Renato,,East Boston,42.38023,-71.03739,Entire home/apt,343,1,7,2026-06-12,5.53,1,322,7,STR-622304
1681130570675862728,King Harborview | Seaport Boston | Pets Welcome,757286044,1681130513808136896,Seaport Hotel Boston,,South Boston Waterfront,42.3489863,-71.041212,Hotel room,694,1,0,,,10,358,0,Exempt: This listing is a hotel or motel
1344321556066592352,Luxury 1BR Next to Logan Airport 6255,212359760,1469109115483128123,Evonify Corporate & Medical Housing,,East Boston,42.37474,-71.0305,Entire home/apt,251,1,29,2026-05-31,1.87,65,360,20,STR-584748
1318257675992754308,King w/ Harbor View + On Site Dining & Rooftop Bar,667031830,1470673681091737078,"The Envoy Hotel, Autograph Collection",,South Boston Waterfront,42.35371,-71.04829,Private room,1028,1,0,,,3,152,0,Exempt: This listing is a hotel or motel
22099733,Eastie Cozy Retreat - Chic & Large Priv Bedroom,69587,1462508314989116048,Boris & Susan,,East Boston,42.38041,-71.03189,Private room,249,1,847,2026-06-10,8.24,7,344,67,STR-399362
683914624290121400,New! Lovely 1br | FIDI District| Keyless Entry,382451810,1469783251184910688,Healing Homes,,Downtown,42.358556946375884,-71.05369992225988,Entire home/apt,400,1,179,2026-05-24,3.89,43,225,21,STR-489709
1544213395114595318,Small Studio|Steps>Longwood&MassArt|3-Min Walk>T,90135876,1467090953715066533,Mohammed,,Mission Hill,42.33209,-71.10709,Entire home/apt,433,1,13,2026-05-30,1.78,1,350,13,STR-545178
210097,Treetop Haven in the City,1035747,1462536391461286429,Maria Elena,,Jamaica Plain,42.31685,-71.10867,Entire home/apt,225,1,338,2026-04-21,1.88,1,68,16,STR-545902
50359591,Spacious Basement Studio - Longwood/Fenway,406353986,1469858479969261658,Cassandra And Mike,,Mission Hill,42.33248,-71.10711,Entire home/apt,280,2,115,2026-05-14,1.90,19,279,20,STR-545176
1109224,Sunny 4 Bed/2 Bath Victorian Oasis in the City!,1531239,1462560920280280637,Lita,,Jamaica Plain,42.32004,-71.11185,Entire home/apt,741,2,98,2026-05-10,0.63,1,254,3,STR-399217
1430427178560445405,The English House: Historic Victorian Boston Stay,430295572,1469948913753950749,Kasper Family,,Jamaica Plain,42.3173592,-71.1113598,Entire home/apt,735,5,8,2026-06-08,1.40,1,352,8,STR-597123
5526487,*Fort Hill Inn: Penthouse Duplex* Close to Center,28662210,1465422961172674984,Terry,,Mission Hill,42.33211,-71.09842,Entire home/apt,572,1,263,2026-05-26,1.96,5,111,32,STR-446658
52835965,Efficiency Apartment - Longwood/Fenway,406353986,1469858479969261658,Cassandra And Mike,,Mission Hill,42.3338,-71.10709,Entire home/apt,234,1,143,2026-05-19,2.62,19,261,27,STR-545178
36165607,Spacious Boston Bedroom 02,272001812,1469436028643712686,Antonio,,Dorchester,42.31163,-71.06249,Private room,97,1,271,2026-06-10,3.27,7,211,82,STR-541492
1511772742034138410,Modern Boston Stay | Kitchen | Parking | Sauna,719361940,1511772742694918200,Jolia,,Dorchester,42.29025,-71.06117,Entire home/apt,174,1,22,2026-06-10,5.79,1,250,22,STR-613176
788926688853715289,1-Bedroom Apt (7B1) 20-Minuite To Downtown Boston,31070527,1462653788004243910,Daryl,,Dorchester,42.29712,-71.08053,Entire home/apt,260,1,231,2026-06-14,5.46,16,246,61,STR-491593
54392466,🎖The Ashmont Suite | Close to Subway + Downtown🎖,102027626,1462875158153903955,Eddie,,Dorchester,42.28784,-71.06787,Entire home/apt,490,1,169,2026-06-12,3.58,3,215,65,STR-386945
808849892048970179,3-Bedroom Apt (7W2) 20-Minuite To Downtown Boston,31070527,1462653788004243910,Daryl,,Dorchester,42.295945,-71.080569,Entire home/apt,287,1,308,2026-06-09,7.44,16,214,75,STR-491593
39893738,🎖The Ashmont Apartment | Close to Subway/Downtown,102027626,1462875158153903955,Eddie,,Dorchester,42.28791,-71.06906,Entire home/apt,341,1,266,2026-06-08,3.42,3,215,50,STR-398049
1437233804488677104,2BR Lower Garden-Level Apt 20min (Downtown Boston),470187953,1470120432212697492,Pamela,,Dorchester,42.30206,-71.08429,Entire home/apt,372,1,45,2026-06-09,3.62,3,309,43,STR-491593
1145924423957284971,Clean and cozy 5 star A,437760496,1469978488659177836,Jose,,Dorchester,42.29619208313504,-71.0846392370577,Private room,177,1,61,2026-06-12,2.37,2,191,25,STR-524666
33156025,Victorian Boston Home/NO ADDED FEES,2066140,1462585517322775378,Whit,,Dorchester,42.29595,-71.06715,Private room,200,2,166,2026-06-07,1.89,2,241,21,STR-546443
39494834,Spacious 3-bedroom home in Boston,557469,1462521640848999486,Gerald,,Jamaica Plain,42.32175,-71.11435,Entire home/apt,456,4,0,,,1,153,0,STR-624592
1603298946190048083,Mature & Private Abode For The Family,310662379,1469580721261286506,Ulrich,,Dorchester,42.30941,-71.06777,Entire home/apt,381,1,20,2026-05-24,4.29,7,69,20,STR-586695
1427491780432687642,3B fam/friendly Bostons best deal: 5 min from MBTA,697111075,1470735965940865441,Kelz,,Dorchester,42.303930302186494,-71.06311096580139,Entire home/apt,628,1,17,2026-06-07,1.98,1,286,17,STR-608001
1266988189074536800,X14N Near HMS/Longwood Hospitals,229497500,1469223095210756024,Evan,,Mission Hill,42.33263,-71.11022,Private room,77,7,1,2024-10-29,0.05,12,165,0,STR-534970
47521,Bright Furnished Room with Separate Entrance,119019,1462510028211654672,Hermina,,Dorchester,42.29871,-71.05954,Entire home/apt,137,1,344,2025-12-22,1.79,6,85,10,STR-595734
865495431683606764,Private Room (Violet) in a House,133457702,1468333096613367408,Selim,,Jamaica Plain,42.32406084251169,-71.10620076790872,Private room,155,3,12,2026-05-31,0.33,10,55,1,STR-552508
1598836993945443437,"Beautiful, Modern, Light-filled, 2 Bedroom Apt.",17684766,1598836994582345391,Silvana & David,,Jamaica Plain,42.32142336928662,-71.10832727672117,Entire home/apt,708,1,0,,,1,119,0,STR-616608
886281829949013984,Charming New England Artist House,186813303,1468966834115690557,Maya,,Jamaica Plain,42.31445,-71.09751,Entire home/apt,387,2,11,2025-07-17,0.30,1,358,1,STR-528400
20918049,Urban Oasis in Boston,35822243,1465530530118312756,Katherine Emma,,Roxbury,42.32824,-71.09637,Entire home/apt,1419,4,0,,,1,123,0,STR-616433
1388688180406434538,Cozy Private Bed & Bath in Dorchester,177362877,1468716985627412329,Lisa,,Dorchester,42.308784225859114,-71.07076696146733,Private room,166,1,30,2026-06-05,2.13,3,331,26,STR-588864
1421440629270161242,Sunlit Retreat,427961225,1469939428243180079,Renée,,Dorchester,42.29729,-71.07066,Private room,190,1,24,2026-06-05,1.85,4,348,20,STR-595832
51143502,Cozy and Clean Ashmont Apartment,24873679,1465322059650916069,Michaela,,Dorchester,42.28914,-71.07021,Entire home/apt,269,2,85,2026-06-09,1.57,1,277,15,STR-613367
713531321139220993,3-Bedroom Apt (7B2) 20-Minuite To Downtown Boston,31070527,1462653788004243910,Daryl,,Dorchester,42.2960056,-71.0810173,Entire home/apt,375,1,266,2026-06-14,6.29,16,73,59,STR-491593
1595264412405138013,Serenity in the city,596903233,1463896441568287668,Afo,,Mission Hill,42.3286,-71.10865,Entire home/apt,799,1,0,,,2,46,0,STR-573177
1655981630472450474,Urban Oasis,117992657,1471786306417056749,Michael And Patrice,,Mattapan,42.27194104721015,-71.07518546283245,Entire home/apt,343,1,1,2026-06-10,1,1,287,1,STR-623362
22918412,Stylish garden level studio with a private patio,17266141,1463006064157304619,Ali,,East Boston,42.37154,-71.03688,Entire home/apt,329,1,321,2026-06-14,6.18,1,275,58,STR-465279
831928988006349220,New! Gorgeous 2Br | Mission Hill,275849638,1469454850382219508,Healing Homes,,Mission Hill,42.33107906800154,-71.10018509120489,Entire home/apt,303,1,127,2026-05-29,3.21,53,209,29,STR-521766
1141283143890319587,Boston City Living in Comfort!,57323581,1465937538285517912,Jesus,,Jamaica Plain,42.3228114,-71.10686199999999,Entire home/apt,193,2,22,2026-05-25,1.57,2,180,11,STR-570189
1574131703829006955,Zakim-Walk to Airport/Subway-15 min to downtown,29684380,1465436694220835775,Totana,,East Boston,42.3818712,-71.021048,Private room,146,1,24,2026-05-08,3.96,3,335,24,str-612301
14086516,# friendly family home,27871799,1462642600337662151,Althea,,Mattapan,42.27486,-71.077,Private room,257,1,80,2026-04-22,0.66,6,365,2,STR-415974
1090675272507051761,Paradise Found: Luxury Roof Deck,560883922,1470505490333828194,Boston Harbor WaterFront Rentals,,North End,42.36356,-71.05014,Entire home/apt,723,2,23,2024-10-28,0.87,6,265,0,STR-550773
45440353,"Luxury apt w/ sauna & deck | by airport, downtown",6107328,1462698132122939703,Jacob F,,East Boston,42.36682,-71.02931,Entire home/apt,363,2,209,2026-05-30,3.05,1,193,55,STR-615804
1574114981085898754,"15 min T to Downtown, Walk to airport & subway",29684380,1465436694220835775,Totana,,East Boston,42.3818712,-71.021048,Private room,146,1,23,2026-05-13,4.01,3,337,23,STR-612301
985499257021530456,Hidden Oasis in Trendy Boston Neighborhood,12795084,1462895809184883811,Lynne,,Jamaica Plain,42.31500761298455,-71.11426414828182,Private room,172,1,51,2026-05-16,1.54,1,9,13,STR-538357
1435078508890358968,Lux 3BD Minutes Walk to Airport,66649895,1466823414357403940,Jesse,,East Boston,42.3761378,-71.0352327,Entire home/apt,412,2,9,2026-05-17,0.99,4,357,9,STR-604799
51035250,Chic 1 Bedroom - Longwood/Fenway,406353986,1469858479969261658,Cassandra And Mike,,Mission Hill,42.33411,-71.10557,Entire home/apt,262,1,199,2026-05-17,3.35,19,232,26,STR-545176
53702666,North End Family Villa,4366463,1462654979027225743,Jennifer,,North End,42.36498,-71.05327,Entire home/apt,1461,1,148,2026-05-25,3.24,1,210,32,STR-537315
869100337454650984,Quiet brownstone close to city,15639915,1462967159399692127,Krisztian,,East Boston,42.3672321,-71.0383392,Entire home/apt,582,1,178,2026-05-30,4.64,1,244,42,STR-523013
22327141,"Spacious, Modern & Comfy East Boston Hidden Gem",69587,1462508314989116048,Boris & Susan,,East Boston,42.37874,-71.03119,Private room,249,1,901,2026-06-11,8.74,7,340,97,STR-399362
23252361,Large 1-Bed. Condo in the Heart of the North End,173057387,1468679445230377077,Timothy,,North End,42.36551,-71.05513,Entire home/apt,484,1,385,2026-06-12,3.85,1,261,60,STR-483621
53260512,Room walking to Airport & Subway & Stores,1407005,1462544953572894646,Izzy,,East Boston,42.3777,-71.0358,Private room,135,1,289,2026-06-01,5.30,3,67,67,STR-445805
36622810,Boston Harbor 2 bedroom/2 bath with free parking,65820663,1466813913553859334,Elly,,Charlestown,42.3765,-71.05067,Entire home/apt,529,2,309,2025-04-09,3.74,1,160,0,STR-400340
1009490318960300178,Luxury Penthouse w/ Private Roof Deck By The Ocean,15276713,1462958460880701407,Michal,,East Boston,42.36533,-71.03132,Entire home/apt,545,1,190,2026-06-12,5.98,1,156,84,STR-539400
1610370293919434908,Modern Apt next to Airport!,699041704,1470739825185749122,NomadiQ,,East Boston,42.374331732940114,-71.03040928480186,Entire home/apt,410,1,36,2026-06-08,7.88,6,355,36,STR-616733
47873448,Boston Best with Parking - GREAT reviews,77279852,1487906632479585548,Juliana,,East Boston,42.37877,-71.0311,Entire home/apt,572,2,207,2026-06-14,3.24,1,226,30,STR-490291
809294142120107869,3-Bedroom Apt (9W2) 20-Minuite To Downtown Boston,31070527,1462653788004243910,Daryl,,Dorchester,42.2958734,-71.08054650000001,Entire home/apt,325,1,226,2026-06-14,5.49,16,285,57,STR-491593
1403138245944655943,Brand New 2BR Apt 20Min Downtown Boston,470187953,1470120432212697492,Pamela,,Dorchester,42.3010786,-71.08379049999999,Entire home/apt,445,1,65,2026-06-13,4.65,3,287,56,STR-491593
1046660280019085273,Boston Charm 2- Private Room Near Dowtown,33765183,1465493639449268319,Anh,,Dorchester,42.30218,-71.0624,Private room,120,1,147,2026-06-12,5.98,5,254,81,STR-556094
52835695,Sunny Fenway/Longwood Studio,406353986,1469858479969261658,Cassandra And Mike,,Mission Hill,42.33405,-71.10546,Entire home/apt,257,1,150,2026-05-29,2.82,19,32,26,Exempt: This listing is a hotel or motel
4614037,Boston Rooftop Retreat-Logan Airport & Train,9073339,1462567943269116080,Elisangela,,East Boston,42.378693,-71.035088,Entire home/apt,503,1,472,2026-05-31,3.53,3,327,35,STR-398048
1642784013949645792,R XI_Double Room In Fields Corner Area,541813300,1470427724054736466,Boston,,Dorchester,42.30205614837091,-71.06580599787601,Private room,75,1,6,2026-05-29,2.14,32,355,6,STR-612980
1064061905284167356,Perfect 4-bedroom house in delightful neighborhood,98499569,1467184447280836404,Tolu,,Dorchester,42.2968,-71.08925,Entire home/apt,742,2,58,2026-05-30,2.10,1,219,22,STR-548616
830645573843180576,1-Bedroom Apt (9W1) 20-Minuite To Downtown Boston,31070527,1462653788004243910,Daryl,,Dorchester,42.2958734,-71.08054650000001,Entire home/apt,210,1,172,2026-06-14,4.29,16,290,48,STR-491593
1652959727123707566,The Wave,560883922,1470505490333828194,Boston Harbor WaterFront Rentals,,North End,42.36452370400555,-71.0514426434114,Entire home/apt,586,1,2,2026-05-25,2,6,259,2,STR-589942
1313041268689468497,Cozy home near the airport,138176472,1468372165371561183,Sarah,,East Boston,42.38128650827375,-71.02897274539056,Private room,200,1,111,2026-06-15,7.62,1,125,96,STR-583345
1421379068435246953,Cozy Classic with Queen Size Bed,427961225,1469939428243180079,Renée,,Dorchester,42.29877603790027,-71.07114210242877,Private room,183,1,2,2026-04-21,0.16,4,356,1,STR-595832
1247376125895588714,Boston Charm 1: Private Room Near Downtown,33765183,1465493639449268319,Anh,,Dorchester,42.30218,-71.0624,Private room,103,1,113,2026-05-31,5.35,5,267,68,STR-556094
994780570117786487,Boston / Dorchester Private Bed & Bath,177362877,1468716985627412329,Lisa,,Dorchester,42.30916,-71.07097,Private room,166,1,31,2026-06-06,2.20,3,316,27,STR-588864
695868903061431283,Close 2 City SwankyModrn  Unit w Centrl Air,386040727,1469793945044622039,Evans,,Dorchester,42.3088302,-71.0602971,Entire home/apt,283,1,113,2026-06-01,3.77,4,45,39,STR-545118
1145905383131773804,Clean and cozy 5 star C,437760496,1469978488659177836,Jose,,Dorchester,42.29601089623029,-71.08635488254166,Private room,135,1,73,2026-06-13,2.83,2,308,39,STR-524666
49123007,Boston Harbor View!Free Parking!North End 3 bed,43184915,1465641236789483414,Bill And Kristy,,Downtown,42.36239,-71.05044,Entire home/apt,1306,1,172,2026-05-31,2.85,1,303,42,STR-545111
1126936106349467555,Central 2 Bed in North End | Peapod Rentals,130680380,1468309000716951437,Jodie,,North End,42.36469,-71.05528,Entire home/apt,654,1,81,2026-05-17,3.06,18,314,37,STR-476426
806399242908056263,Guest Suite on the Hill,161497923,1468571789317563286,Casimiro,,Dorchester,42.31201,-71.06022,Entire home/apt,428,1,109,2026-05-28,2.79,1,334,25,STR-492134
1341325006601885763,2 TDGarden Celtics/Bruins/Lil Italy/Historic,3637081,1462531041766010189,Anthony,,North End,42.36745,-71.05562,Entire home/apt,284,1,99,2026-05-30,6.00,11,220,77,STR-582250
49996009,Two Rooms in Big Home!,15583990,1462965825217431486,Natalia,,Dorchester,42.29065,-71.06361,Private room,287,1,29,2026-03-29,0.47,7,148,2,STR-453623
865064682512161383,Family & Group Haven near Downtown Retreat,310662379,1469580721261286506,Ulrich,,Dorchester,42.30792251715304,-71.06957950762751,Entire home/apt,840,1,93,2026-05-02,2.42,7,93,20,STR-521194
24079621,Victorian 3rd Floor Unit,66645251,1466823348446800154,Mary,,Dorchester,42.30441,-71.06202,Entire home/apt,280,1,226,2026-05-29,2.29,2,103,28,STR-424305
1340738683334348547,1B TDGarden Celtics/Bruins/Lil Italy/Historic,3637081,1462531041766010189,Anthony,,North End,42.3663528,-71.0551423,Entire home/apt,256,1,86,2026-05-24,5.15,11,225,62,STR-582253
1592796474573683145,"Bright and spacious 3BR Apt, gated 2 car parking",420097750,1592796475243227082,Genti,,Roxbury,42.31737,-71.09798,Entire home/apt,668,1,5,2026-06-07,4.05,1,71,5,STR-616491
1501784163269124023,East Boston 3BR /Walk to Subway+ 2 Min to Airport,468507596,1501784164060713614,Imanol,,East Boston,42.38132179999999,-71.0231819,Entire home/apt,834,1,10,2026-05-10,1.28,4,182,10,STR-609287
934605708822300474,Lolo’s apt !Best location!,525421476,1470363538095914938,Lorena,,East Boston,42.3683239,-71.03689260000002,Entire home/apt,371,2,144,2026-05-31,4.07,1,283,42,STR-585753
19199379,Boston Country Landing / Logan Airport/Train 3Bed,9073339,1462567943269116080,Elisangela,,East Boston,42.3798,-71.0347,Entire home/apt,514,1,478,2026-05-28,4.37,3,318,37,STR-398048
1663818330688931089,North End Apartment Prime Location,542598434,1470430844451909429,Marina,,North End,42.3679,-71.05386,Entire home/apt,732,1,15,2026-06-13,7.76,4,258,15,STR-623832
681821351652731860,Cozy near Airport and Train,254804362,1469348399618468125,Keir,,East Boston,42.3793231,-71.031711,Entire home/apt,812,2,59,2026-05-25,1.42,1,221,15,STR-579066
1658156549577951209,Cozy Boston Room • Minutes to Airport & T,35145359,1468150018366521540,Nikola,,East Boston,42.3751,-71.03807,Private room,203,1,0,,,1,365,0,STR-623561
1212486880305802655,Place next Airport/Downtown,439013531,1469983098572512612,Peter,,East Boston,42.38110067368753,-71.02533223337656,Entire home/apt,170,1,96,2026-05-31,4.96,4,361,60,STR-546284
1475551253532939207,Private Stay Near T Line – Great to Explore Boston,69587,1462508314989116048,Boris & Susan,,East Boston,42.37441,-71.03758,Private room,258,1,82,2026-06-12,7.78,7,301,82,STR-400320
1387209966656065713,"Celtics/Bruins, Lil Italy, North End",37907846,1465567199260055273,Boston,,North End,42.3685526,-71.05531069999999,Entire home/apt,296,1,34,2026-05-25,2.39,13,237,29,Exempt: This listing is a unit that has contracts with hospitals
1672797982235675031,Central Renovated condo with parking/train,7427795,1462560827873077335,Ella,,East Boston,42.3679,-71.03798,Entire home/apt,294,2,5,2026-06-07,3.85,7,178,5,STR-623188
1340725063730430001,1 TDGarden Celtics/Bruins/Lil Italy/Historic,3637081,1462531041766010189,Anthony,,North End,42.3663011,-71.0551741,Entire home/apt,256,1,76,2026-05-28,4.60,11,244,57,STR-582252
918372123506141881,Bright 2BR by Boston Waterfront,78964422,1466965976687561669,Reece And Karen,,East Boston,42.367661469962364,-71.03295247100604,Entire home/apt,297,1,226,2026-06-02,6.29,1,198,45,STR-529583
1475547599790895587,Spacious & Modern BD - Near Subway & Logan Airport,69587,1462508314989116048,Boris & Susan,,East Boston,42.37585,-71.03599,Private room,287,1,70,2026-06-12,6.65,7,324,70,STR-400320
1677880511237997089,Boston 2BR Near Fenway + World Cup Access,41844745,1465622606237093915,James,,Mission Hill,42.3308519,-71.112274,Entire home/apt,400,1,0,,,1,177,0,STR-621080
577611339928669096,Thatch Quarters™ | Pvt. Room in Southie | 204,814298,1462514414319387899,Stay Thatch,,South Boston Waterfront,42.34343,-71.05575,Private room,155,1,26,2026-06-10,0.51,57,191,7,Exempt: This listing is a hotel or motel
1130279,"North End 3BR Condo - Spacious, Central  Location",2494599,1462596674567782857,Patricia,,North End,42.36489,-71.05198,Entire home/apt,999,1,224,2026-06-12,1.41,1,198,33,STR-466324
1045978037009332079,Primo North End Studio,2006852,1462521630116987053,Jay,,North End,42.36596,-71.053,Entire home/apt,367,1,104,2026-05-24,3.62,25,299,32,STR-546555
674465521265134935,Lovely 2-Bedroom Condo by Jamaica Pond,350745928,1469699040315069161,Marko,,Jamaica Plain,42.3223593,-71.1127947,Entire home/apt,598,6,36,2026-05-30,0.78,1,245,9,STR-544844
1388697429079623828,Cozy Boston: Private Bed in Dorchester,177362877,1468716985627412329,Lisa,,Dorchester,42.30921,-71.07106,Private room,151,1,30,2026-05-30,2.13,3,246,22,STR-588864
1411462334847096009,Bright room in Brighton,13561853,1462914138588652575,Olivera,,Brighton,42.336301146188546,-71.14898817998146,Private room,74,14,1,2025-08-08,0.10,2,126,1,STR-596518
1503081853040130813,6BR3BA w Parking Near T I Foosball & Family Space,473301884,1470134541479088895,Mylinh,,Dorchester,42.29632,-71.06536,Entire home/apt,764,1,11,2026-06-06,1.37,9,288,11,STR-546034
1415512437586460957,Bright City-View Stay by Public Transport,96961013,1467167978592417763,Ronah,,Brighton,42.336485873924865,-71.14880061446264,Entire home/apt,145,2,2,2025-11-04,0.25,4,283,2,Exempt: This listing is a hotel or motel
581151517001058166,Lovely 2BR with private parking 15-20m to Downtown,116464490,1468194073196215149,Hong T,,Dorchester,42.30843,-71.06155,Entire home/apt,347,2,123,2026-05-24,2.47,1,59,30,STR-545050
20237145,"Bright and Spacious 3 BedR., 1 bath",66645251,1466823348446800154,Mary,,Dorchester,42.30427,-71.06056,Entire home/apt,314,1,211,2026-05-31,1.96,2,112,34,STR-420486
1613858306170801531,2A2 Private Room Next to Subway - Walk to Food.,349093509,1469694189401476345,Phuong,,Dorchester,42.30153,-71.06373,Private room,126,1,6,2026-06-01,2.47,5,146,6,Str-616565
1533388603072896611,Boston Charm 5: Private Room Near Downtown,33765183,1465493639449268319,Anh,,Dorchester,42.30119,-71.0627,Private room,157,1,29,2026-06-13,3.97,5,237,29,STR-556094
794003883570818185,3-Bedroom Apt (9B2) 20-Minuite To Downtown Boston,31070527,1462653788004243910,Daryl,,Dorchester,42.295919,-71.0809854,Entire home/apt,375,1,233,2026-06-11,5.56,16,276,44,STR-491593
1642783695833309756,R3_Double Room In Fields Corner Area,541813300,1470427724054736466,Boston,,Dorchester,42.3022,-71.06578,Private room,63,1,2,2026-05-26,1.28,32,359,2,STR-612980
31262321,Hidden Gem 3BR | Parking | Cozy Stay,196631266,1469025236559217210,Nakeisha,,Dorchester,42.28974,-71.0771,Entire home/apt,514,1,53,2026-05-28,0.60,2,333,12,STR-420519
1681433541225610104,Boston World Cup Home | 5BR & 5 Parking Spots,1681433063799719616,1681433542120328593,John,,Dorchester,42.290653030546025,-71.06479056179523,Entire home/apt,1061,1,4,2026-06-14,4,1,336,4,STR-625614
1390008900265557370,Peaceful Cabinet of Curiosities/no added fees!,2066140,1462585517322775378,Whit,,Dorchester,42.29599956137799,-71.06497208938612,Private room,200,2,11,2025-10-12,0.92,2,349,11,STR-546443
1095864109863426172,Newly Renovated 3BR Apartment,563131266,1470512288918865331,Loan,,Dorchester,42.28825230222739,-71.0638442666993,Entire home/apt,456,1,43,2026-05-29,1.70,1,345,15,STR-551942
53631121,Spacious 2bd/1ba in Dorchester 1621,212359760,1469109115483128123,Evonify Corporate & Medical Housing,,Dorchester,42.29735,-71.08051,Entire home/apt,296,1,123,2026-06-05,2.24,65,355,42,STR-515555
14057466,"2 BR | 1 BA  Close to DWTN & Medical, Free PRKG",30314324,1465446052537430890,Eileen,,Jamaica Plain,42.31316,-71.11279,Entire home/apt,234,4,278,2026-05-25,2.31,1,265,34,STR-386367
1642926664554213658,W3_ Double Room In Andrew Station Area,541813300,1470427724054736466,Boston,,Dorchester,42.30307665285029,-71.0640743259803,Private room,94,1,1,2026-04-21,0.53,32,356,1,STR-410134
1082631162922004683,sunny and spacious in quiet area,538827522,1470416049183922845,Jonathan,,Dorchester,42.31115,-71.07886,Private room,187,1,13,2026-06-15,0.62,3,349,7,STR-540867
1525441665136811090,Boston Charm 4: Private Room Near Downtow,33765183,1465493639449268319,Anh,,Dorchester,42.3021796,-71.0623936,Private room,143,1,32,2026-06-03,3.84,5,26,32,STR-556094
1457644028866234680,Boston Charm 3. Private Room Near Downtow,33765183,1465493639449268319,Anh,,Dorchester,42.302177,-71.0624284,Private room,152,1,14,2026-05-03,1.65,5,172,14,STR-556094
1642810949851510048,W1_ Double Room In Andrew Station Area,541813300,1470427724054736466,Boston,,Dorchester,42.30358,-71.06406,Private room,185,1,1,2026-04-15,0.48,32,339,1,STR-410134
1642927015948253354,W7_ Double Room In Andrew Station Area,541813300,1470427724054736466,Boston,,Dorchester,42.30191140515292,-71.06585565859588,Private room,100,1,3,2026-05-09,1.07,32,356,3,STR-410134
1642811561329945851,W2_ Double Room In Andrew Station Area,541813300,1470427724054736466,Boston,,Dorchester,42.30338277188543,-71.06410760431753,Private room,94,1,1,2026-04-23,0.55,32,344,1,STR-410134
1318862875251670767,"Blueground | Back Bay, w/d, nr Prudential Center",107434423,1462889176402806013,Blueground,,Back Bay,42.3491652,-71.0807758,Entire home/apt,,30,0,,,227,6,0,
1026381874760153877,"Large 3 Bed, 2 Bath in North End; Near Waterfront",130680380,1468309000716951437,Jodie,,North End,42.365513031238535,-71.05496857134477,Entire home/apt,550,1,127,2026-05-24,4.53,18,325,53,STR-476426
1649298092113135059,Private entire 2 Bedroom unit near Logan airport,30276767,1465445627768931951,Violet,,East Boston,42.37091009857712,-71.03334689659209,Entire home/apt,377,1,0,,,2,89,0,STR-513668
1573966049685314728,4 TDGarden Celtics/Bruins/Lil Italy/Historic,3637081,1462531041766010189,Anthony,,North End,42.3663011,-71.0551741,Entire home/apt,284,1,8,2026-05-18,1.60,11,247,8,STR-468232
1213135724492280326,"Large 3 Bed, 2 Bath in North End; Near Waterfront",130680380,1468309000716951437,Jodie,,North End,42.36612,-71.05487,Entire home/apt,828,1,84,2026-05-29,3.97,18,284,51,STR-476426
1247837975229872926,Travel: Therapy,38121625,1462677459107788053,Edson,,East Boston,42.3774429,-71.03858319999999,Entire home/apt,300,1,65,2026-05-29,3.16,1,326,38,STR-570369
1352131344345391841,Family-Friendly 4BR | 2 Bath | Walk to T & Logan,245199133,1469300960996918818,Ary Management LLC,,East Boston,42.37489,-71.03289,Entire home/apt,742,1,45,2026-05-19,2.77,3,95,29,STR-605138
1435073474068516944,Luxury 3BD Short Walk to Airport,66649895,1466823414357403940,Jesse,,East Boston,42.37624,-71.03514,Entire home/apt,469,2,19,2026-05-30,1.93,4,332,19,STR-603552
14035943,Gorgeous Huge Duplex 3 baths sleeps 6  Parking,5578043,1462684185636956888,Dror,,North End,42.364253,-71.052626,Entire home/apt,1383,1,257,2026-03-23,2.20,1,297,12,STR-548561
50171555,Lavish 3br In Downtown | Keyless Entry,365116307,1469734785463392741,Brian & Heather,,Downtown,42.3555,-71.06193,Entire home/apt,857,1,357,2026-05-27,5.87,35,18,62,STR-461749
44207601,Airy Brownstone Studio in Boston's South End,173219582,1468680861188754040,Mount Vernon,,South End,42.34085,-71.08078,Private room,166,29,0,,,1,177,0,
1582056073772934256,1br in Downtown ch56,212359760,1469109115483128123,Evonify Corporate & Medical Housing,,Downtown,42.35102,-71.06474,Entire home/apt,280,1,14,2026-06-07,2.90,65,332,14,STR-586070
1584522572356277973,801M Prime Location Luxury Downtown Boston,716073438,1498513307530667402,Metro Luxe Stays,,Downtown,42.35794638931555,-71.06155666631733,Entire home/apt,265,29,0,,,10,223,0,
51154191,★ PRIVATE Condo in Prime Location ★,175943692,1468705601695158935,Michael,,North End,42.36781,-71.05559,Entire home/apt,257,1,337,2025-04-29,5.65,1,234,0,STR-539253
25284439,Refined FIDI 1BR Near Chinatown & Transit,163251048,1463025977339310058,Global Luxury Suites,,Chinatown,42.352093,-71.060806,Entire home/apt,258,30,11,2022-11-26,0.11,4,362,0,Exempt: This listing is a unit that has contracts with hospitals
1415159090047625479,Bright Boston 3BR Group Stay w/Free Parking 558/3,671166370,1470682179631262135,Tan,,Dorchester,42.2946641,-71.0760832,Entire home/apt,353,1,19,2026-06-01,1.44,4,305,17,STR-595347
1502564275661482159,Cozy 3BR Boston w/Parking + Easy City Access 558/2,671166370,1470682179631262135,Tan,,Dorchester,42.29513,-71.0771,Entire home/apt,365,1,18,2026-05-30,2.07,4,293,18,STR-593021
14873100,"Large room, 2nd floor, wood floor, 27 Dexter Str.",26098645,1462636100614352818,Manuela,,South Boston,42.33034,-71.05802,Private room,94,5,157,2026-05-18,1.33,4,227,11,STR-524662
889355642762842640,"Downtown Studio Apt, Perfect for Medical Workers",2356643,1462523722549277069,StayNue,,Downtown,42.3507,-71.06544,Entire home/apt,143,30,6,2026-04-30,0.16,31,281,5,STR-422488
1474258917107801662,Boston World Cup Stay | 3BR | Free Parking,594041047,1463894974456341817,Jenny,,Dorchester,42.30234,-71.06827,Entire home/apt,678,2,14,2026-06-01,1.41,6,349,14,STR-599183
1415538215418386690,World Cup Boston 10BR Group Stay Train + Parking,25203946,1462632583966054343,Eder,,Dorchester,42.297845492106916,-71.06823516654023,Entire home/apt,2234,2,4,2026-01-12,0.50,7,355,4,STR-583504
939167050511436341,Single Family Boston House Great Privacy,526738308,1470368735921564042,Xianming,,West Roxbury,42.2842416,-71.167526,Entire home/apt,988,2,51,2026-05-31,1.51,1,335,14,STR-533053
730478965019511672,Newly renovated. 10 mins to Boston. 3bds+2brs Apt.,482192119,1470171436747129493,Helen,,Dorchester,42.2932,-71.06254,Entire home/apt,742,1,35,2025-12-22,0.81,2,306,2,STR-483772
53321922,“Arboretum Retreat” city of Boston,428724673,1469942637016703256,Priyanka,,Roslindale,42.2904167175293,-71.136474609375,Entire home/apt,472,2,90,2026-06-09,1.63,3,201,21,STR-461034
777800715043740407,W.R. room full bed w/ pull out couch tv a.c.,69267172,1466856298175151977,Lynda,,West Roxbury,42.27934864405998,-71.16129037469021,Private room,114,1,49,2026-05-20,1.28,20,361,10,STR-513970
762582023948839729,Private double bed tv pet ok lock 2nd flr a.c,69267172,1466856298175151977,Lynda,,West Roxbury,42.279479136551686,-71.15932762726267,Private room,219,1,71,2026-05-30,1.82,20,180,23,STR-513970
1040690604432778871,Newly Renovated 4BR1.5BA Apartment,540652515,1470423069262566247,Hong,,Dorchester,42.28155,-71.05255,Entire home/apt,550,2,35,2026-06-02,1.25,2,229,11,STR-546034
1701275958478089201,Newly Renovated 4BR Boston Apt w/ Kid Friendly 902,132235026,1468322757400195635,Jenny,,Dorchester,42.2951846,-71.0530428,Entire home/apt,373,1,0,,,9,302,0,STR-868151
1297344633010451814,"Stylish Open Conce 2BD/1BA 2nd Floor, w/offstpark",400597920,1469839098391591052,Eddie And Romana,,Roslindale,42.2867345,-71.1472243,Entire home/apt,220,29,2,2025-06-15,0.14,2,352,1,
1003558130241164069,Private Suite: Own Entry. Parking. 7 Min to Train!,84573727,1467021374661245260,Emmi,,Roslindale,42.27349,-71.11965,Entire home/apt,349,2,53,2026-05-29,1.66,1,252,5,STR-541176
47137042,Charming 2br in hip neighborhood w Private Deck,9658771,1462819882861619106,Anthony,,Roslindale,42.28834,-71.13646,Entire home/apt,118,29,9,2023-03-20,0.14,2,345,0,STR-443288
1654678161518109617,Light filled apartment in Roslindale,426255925,1654678162269645220,Christina,,Roslindale,42.27901668182473,-71.12643989745233,Entire home/apt,218,1,6,2026-06-13,6,1,69,6,STR-625104
13613229,~*30min to Downtown*~ THE COSMOPOLITAN,14016102,1462588664455731197,Jovan,,Hyde Park,42.26145,-71.11662,Entire home/apt,255,2,378,2026-05-27,3.39,2,341,36,STR-443131
1538626016151930313,Luxury Retreat | Walk to T | Minutes to Downtown,592694480,1470618745624390172,Hiep,,Dorchester,42.28485,-71.07098,Entire home/apt,776,2,6,2026-04-26,0.77,2,348,6,STR-607970
676859212424870949,2BR Savin Hill Condo | Balcony + Red Line,31340713,1465460976217419594,Kama,,Dorchester,42.31135,-71.04706,Entire home/apt,247,30,4,2023-11-11,0.11,19,327,0,Exempt: This listing is a unit that has contracts with hospitals
608658771570500261,"(DR79) 5BR Home w/ Roof Deck, Bay View & Parking",261436898,1469381823054867298,Boston Properties,,Dorchester,42.2865,-71.03959,Entire home/apt,1260,1,82,2026-02-23,1.65,4,127,5,STR-604741
51072005,Lovely Private Studio near Logan Airport,400176914,1469837734825961722,TuanAnh,,East Boston,42.391317,-71.007146,Entire home/apt,223,1,274,2026-05-30,4.73,1,123,30,STR-591625
894539,Private room in house,4762495,1462664879902866247,Jennifer,,Roslindale,42.29017,-71.13169,Private room,132,2,70,2026-04-09,0.45,3,252,4,STR-522159
1392820744423580872,Sunny JP parkside condo w/ kids bunkbed AND CATS,84336416,1467018985607502533,Zack,,Jamaica Plain,42.31128703018637,-71.10037724011693,Entire home/apt,296,1,5,2025-12-26,0.39,1,136,3,STR-593022
1503229783048431160,5 -room 3,672185981,1470684305645739758,Joy,,East Boston,42.38967,-70.99875,Private room,211,1,11,2026-06-02,1.21,7,268,11,STR-515160
47780618,Luxury Condo in Boston w/ backyard & parking,56355458,1465922585971043601,Cusaj,,East Boston,42.38347,-71.01653,Entire home/apt,491,1,189,2026-05-22,4.54,1,47,38,STR-447421
1386536511427101098,Luxury 2BD/2BA Near Airport 2161,657483974,1470651798436237535,E Stays,,East Boston,42.38619028168348,-71.00521667734915,Entire home/apt,310,1,40,2026-05-31,2.76,18,330,34,STR-586293
22013980,Now availJamaica Plain & Arboretum 20min toBoston,160750677,1468563481913531807,Phyllis,,Jamaica Plain,42.3058984,-71.12495179999999,Entire home/apt,320,3,175,2026-06-09,1.78,1,221,21,STR-461050
1418464879158667707,3BR/ 2 BATHS JPWalk to T / off st parking,10692181,1462575396807502733,Francisco,,Jamaica Plain,42.31197,-71.10312,Entire home/apt,797,2,16,2026-05-19,1.34,5,309,16,STR-595254
931895259275496500,Cozy home with backyard & patio,462567807,1470084064990065336,Carol,,Jamaica Plain,42.30782,-71.11265,Entire home/apt,571,2,7,2025-11-30,0.53,1,280,5,STR-588924
7086825,Private Room near public transport,34552909,1465508052287463139,Barrie,,Roslindale,42.28249,-71.1146,Private room,39,29,26,2025-11-01,0.20,3,197,2,
1602405427238501824,Close to Fenway Park + Free Breakfast & Gym,565835592,1470520497936243126,Studio Allston Hotel,,Brighton,42.364898448262856,-71.13562849208617,Private room,314,1,0,,,19,295,0,Exempt: This listing is a hotel or motel
1647799030065063362,Sunny 3BR Boston Stay Family & Group Friendly 60/2,132235026,1468322757400195635,Jenny,,Mattapan,42.2762582,-71.073779,Entire home/apt,495,1,8,2026-06-11,3.24,9,295,8,STR-545438
670091887090570677,Fantastic 3 bedroom Condo.Everything is brand New!,79864748,1466974787771434297,Karolina,,Mattapan,42.2736,-71.07226,Entire home/apt,598,2,48,2026-04-21,1.29,3,360,11,STR-599897
1646670880211030288,"Cozy, Simple and Clean Room in Boston",63180942,1508697952072660483,Joanne,,Dorchester,42.27988,-71.0648,Private room,103,1,2,2026-05-18,1.11,3,90,2,STR-587135
46237380,Harborside Inn-Boutique Hotel,371898646,1469753640799609351,Harborside Inn FD Team,,Downtown,42.35881,-71.05191,Private room,479,1,168,2026-01-18,2.73,1,297,24,Exempt: This listing is a hotel or motel
48602602,Charming 1BR Flat Downtown Boston | Walk Anywhere,275849638,1469454850382219508,Healing Homes,,Downtown,42.35889,-71.05337,Entire home/apt,351,1,259,2026-03-24,4.15,53,96,22,STR-424133
22267104,One by Land BCEC History-Cruise- PVT Bath/Entry,52881930,1462724335651642097,Bill,,South Boston,42.33451,-71.02731,Entire home/apt,218,2,570,2026-06-14,5.60,3,83,51,STR-398624
21802497,Large apartment for up to 8 ppl/3rd floor,127718668,1468283632936067249,Muny,,Dorchester,42.31345,-71.05631,Entire home/apt,394,1,87,2026-05-23,0.84,4,320,7,STR-423861
883927278367713777,Boston by the beach with patio & private bathroom!,11766878,1462872567031142176,Jillian,,South Boston,42.336180098174786,-71.02861688707804,Private room,239,1,41,2026-06-11,1.49,2,71,4,STR-537705
1683567617254543917,Luxury Studio Next to Broadway cn54,657483974,1470651798436237535,E Stays,,South Boston Waterfront,42.344186042612314,-71.05507764380567,Entire home/apt,347,1,2,2026-05-28,2,18,346,2,STR-585063
1223978200261721968,Boston Apart with outdoor patio-8 people,210929717,1469100695333906871,Gabriel,,Dorchester,42.32209,-71.05621,Entire home/apt,599,2,15,2026-05-19,0.73,2,327,9,STR-563143
549537073076655277,"Beautiful Oceanfront, 2Bed/Bath South Boston condo",3230419,1462623302212777735,Ty,,South Boston,42.33399,-71.02601,Entire home/apt,885,3,15,2023-05-21,0.30,1,75,0,STR-478959
1350086440022069623,Boston 3BR Getaway w/Parking near Airport 30/3,548573234,1470454083052373800,Peter,,Dorchester,42.3062311,-71.0602314,Entire home/apt,718,1,21,2026-05-13,1.31,1,288,14,STR-588796
1653141750109968042,World Cup Accommodations! In-law Apartment.,25323660,1653141750964783891,Phoebe,,Dorchester,42.29345,-71.06974,Private room,365,2,0,,,1,41,0,STR-622569
1324606735904586675,Spacious 1BR Home close to Train & Downtown,31416791,1465461981042117347,Anna,,Jamaica Plain,42.32229,-71.10336,Entire home/apt,349,1,35,2026-06-07,2.03,1,114,23,STR-545906
24261049,Boston's Best Vacation Home,50017024,1465764363206408949,Victor,,Mattapan,42.27467,-71.07362,Entire home/apt,385,29,40,2023-11-24,0.74,1,354,0,STR-460948
49051734,WorldCup 4BR 1 Min Train Parking Downtown Access,39266840,1462680987103187453,Maria And Kevin,,Dorchester,42.2986,-71.06144,Entire home/apt,1071,1,100,2026-05-18,1.58,4,121,13,STR-463794
1655482157031028579,SuiteLife on the Hill,755026007,1655482157956559164,Mrs. G,,Mission Hill,42.32978,-71.10944,Entire home/apt,269,3,0,,,1,87,0,STR-623340
973323653668621032,Boston Studio | Full Amenities · 25 Min Downtown,535531649,1470402998831360988,Gina,,Mattapan,42.2725737,-71.0860593,Entire home/apt,121,30,1,2023-11-14,0.03,1,89,0,STR-539806
1634985708012852260,East Boston Apartment | 5 Min from Logan Airport,733951469,1575729718291253107,Brandon,,East Boston,42.38078,-71.0298,Entire home/apt,580,1,17,2026-06-14,5.67,3,97,17,STR-615713
1680167068827191722,The Logan | 5 Min to Airport | East Boston,733951469,1575729718291253107,Brandon,,East Boston,42.3795686,-71.02732879999999,Entire home/apt,440,1,0,,,3,355,0,STR-619725
1552926111549085880,L4 Spacious North End Walkup Loft Apartment,717946252,1505867861207707885,Healing Homes,,North End,42.36463731762851,-71.05154841644486,Entire home/apt,494,1,6,2026-05-18,0.90,35,306,6,STR-437465
1506005858089010602,Spacious 4 bdroom apt in East Boston,439013531,1469983098572512612,Peter,,East Boston,42.38194,-71.01981,Entire home/apt,273,1,8,2026-05-25,0.94,4,357,8,STR-546284
1341419228074005451,Luxury 2BR Next to the Airport 4904,212359760,1469109115483128123,Evonify Corporate & Medical Housing,,East Boston,42.37678,-71.03169,Entire home/apt,390,1,13,2026-06-06,0.87,65,353,10,STR-584748
1342994167717802155,Luxury 2bd/2ba Next to the Airport 0548,212359760,1469109115483128123,Evonify Corporate & Medical Housing,,East Boston,42.3749,-71.0307,Entire home/apt,281,1,48,2026-06-10,3.12,65,345,39,STR-584748
1632872760314457280,"2BR TDGarden, Celtics/Bruins, Lil Italy, North End",37907846,1465567199260055273,Boston,,North End,42.36723038723014,-71.05538571447555,Entire home/apt,513,1,6,2026-06-01,3.27,13,229,6,STR-583182
1701181007551615508,New Downtown Boston | Game Room Free Parking FIFA,51838917,1462721072154678990,Maison Atelier Luxe,,Downtown,42.359101299568096,-71.05262051497105,Entire home/apt,1290,1,0,,,1,275,0,STR-592909
1540040801178537942,"Small Studio|Walk > MassArt, Longwood | 3 Min > T",232662845,1469240040662988849,Waleed,,Mission Hill,42.33258,-71.10694,Entire home/apt,406,1,3,2026-05-25,0.41,2,124,3,STR-545178
1232687727870627683,H&H Boston,596903233,1463896441568287668,Afo,,Mission Hill,42.32900919828094,-71.10832292019836,Private room,160,1,42,2026-03-14,2.07,2,46,16,STR-573177
706435487823408368,Comfy Financial District 1br | Keyless Entry,382451810,1469783251184910688,Healing Homes,,Downtown,42.358666840984604,-71.05489370532862,Entire home/apt,335,1,191,2026-05-29,4.15,43,169,38,STR-489693
706401579813628843,Open Air 2BR | FIDI Boston | Close to Everything!,382451810,1469783251184910688,Healing Homes,,Downtown,42.3579815584475,-71.05506052287039,Entire home/apt,417,1,219,2026-05-28,4.77,43,155,27,STR-489685
577711068119608643,Thatch Quarters™ | Pvt. Room in Southie | 206,814298,1462514414319387899,Stay Thatch,,South Boston Waterfront,42.34353,-71.05614,Private room,197,1,26,2026-03-08,0.50,57,170,3,Exempt: This listing is a hotel or motel
1732804,Private room/ MUST LOVE DOGS,9090219,1462794683472145140,Thomas,,Dorchester,42.29009,-71.05762,Private room,137,1,208,2026-06-14,1.35,1,303,18,STR-456144
32723746,Charming Art Filled Victorian w/Gorgeous Bath,43118173,1465640218242315929,Alys,,Dorchester,42.30461,-71.06636,Private room,149,1,254,2026-06-14,2.91,1,334,28,STR-402900
37968399,Comfortable Boston Bedroom 03,272001812,1469436028643712686,Antonio,,Dorchester,42.31178,-71.06242,Private room,93,1,207,2026-05-27,2.50,7,139,60,STR-541492
1426000830413470116,Eastie Retreat |Stylish Mid-Century Modern Escape,560949178,1470505720887965440,Mary,,East Boston,42.36610392834197,-71.03535993112888,Entire home/apt,411,1,22,2026-05-19,1.95,1,34,22,STR-592754
1024455469327646600,Individual bedroom 2,493644675,1463833499390042719,Tasha,,Dorchester,42.29204,-71.0744,Private room,229,1,65,2026-05-29,2.07,3,361,20,STR-544890
827763943278645414,A Sweet Place (B) managed by Andrea,24532370,1465305993184850165,Andrea,,Mattapan,42.2778739,-71.0824847,Private room,40,30,9,2025-07-08,0.24,2,165,1,STR-521861
1642810843844064949,W9_ Double Room In Andrew Station Area,541813300,1470427724054736466,Boston,,Dorchester,42.30314381755313,-71.06563117757332,Private room,79,1,2,2026-05-06,0.97,32,336,2,STR-410134
1706619043580687991,Welcome to our warm N inviting 4 Bedroom In Boston,397685075,1469829949964203666,Amanda,,Dorchester,42.30838248258876,-71.08063013975101,Entire home/apt,455,1,0,,,1,365,0,STR-626757
1642783409630523167,R2_Triple Room In Fields Corner Area,541813300,1470427724054736466,Boston,,Dorchester,42.30351,-71.06537,Private room,123,1,4,2026-04-26,1.33,32,352,4,STR-612980
1702027074580652346,Spacious 4BR Boston Stay Near Park w/ Parking 27,132235026,1468322757400195635,Jenny,,Dorchester,42.3008748,-71.07063839999999,Entire home/apt,562,1,0,,,9,344,0,STR-868151
968897464379856942,Boston Getaway: Steps to Fenway & Top Sights #101,22348222,1462620857010380237,Maverick,,Fenway,42.34013,-71.0956,Entire home/apt,317,1,52,2026-05-22,1.58,87,337,24,STR-540391
1597453999575216050,2A1 - Newly Renovated Private Room -Next to Subway,349093509,1469694189401476345,Phuong,,Dorchester,42.29983,-71.06449,Private room,114,3,0,,,5,297,0,STR-616565
4555637,AKBrownstone: Loft rooftop views by T,11228809,1462859998263522945,Jonathan,,Roxbury,42.32965,-71.0932,Private room,216,1,631,2026-06-08,4.48,6,43,62,STR-619261
695474598488938817,Cozy 3-Bedroom Home w/ Queen Beds and More,196912933,1469026593385945798,Gregory A,,Roxbury,42.3173486,-71.0929748,Entire home/apt,531,1,122,2026-05-17,2.65,1,216,24,str-551849
1679937368859156339,Private Room Near BMC & Downtown Boston,255315967,1469349377687750420,Burhan,,Roxbury,42.33336726057352,-71.07657185696989,Private room,163,1,0,,,3,67,0,STR-564657
49730420,"Fort Hill Inn  1 Bedroom Duplex,  *Sunny Condo*",8229,1462506610204730632,Terry,,Roxbury,42.33046,-71.09397,Entire home/apt,302,1,89,2026-05-25,1.44,11,92,15,STR-491702
1703270498333563981,Spacious 3BR Apartment for 8 | Heart of Boston,578741487,1470581791435581826,Michael,,Roxbury,42.32651625311254,-71.07706762300599,Entire home/apt,455,1,0,,,15,352,0,STR-619359
1022395528118687422,Modern & Stylish 1-BR Condo near Downtown,137161971,1462955644315604645,Daniel,,Roxbury,42.318316092555925,-71.07806071252334,Entire home/apt,370,1,87,2026-05-31,2.77,2,253,15,STR-599465
1403976415694244973,Monthly Skyline Apartment,311463944,1469583494030749109,Tatenda With Hyatus,,East Boston,42.372299217916186,-71.04379117046129,Entire home/apt,3689,29,21,2026-03-24,1.68,1,53,18,STR-621056
15281436,Charming Oasis Near Downtown & Airport,5618949,1462541500925995654,Alan Edwards,,East Boston,42.37814,-71.03272,Entire home/apt,105,29,60,2020-11-30,0.53,9,176,0,STR-419049
1694368449503051633,Luxury 1BR Next to Airport s1zs,657483974,1470651798436237535,E Stays,,East Boston,42.37505,-71.03015,Entire home/apt,257,1,2,2026-06-06,2,18,331,2,STR-584748
751488512523959302,Classic & stylish condo near iconic Boston Harbor,26755141,1462638514610533495,Matthew,,East Boston,42.36599,-71.03674,Entire home/apt,251,7,1,2024-04-17,0.04,1,166,0,STR-543034
1382887549764933940,Beautiful 2BR in Southend Boston 8694,212359760,1469109115483128123,Evonify Corporate & Medical Housing,,South End,42.335961461106876,-71.06916910203086,Entire home/apt,327,1,63,2026-05-30,4.61,65,333,59,STR-586070
1339323501240670760,Near Harvard Business Full House with FREE Parking,15154687,1462593006369650043,Taskin,,Allston,42.35939,-71.13044,Entire home/apt,703,1,3,2025-09-12,0.24,34,362,2,STR-544976
1587951020251243518,Cozy Room Peaceful Patch in Brighton,701107955,1470743780541210457,Mert,,Brighton,42.34924887810894,-71.15741394460201,Private room,105,1,1,2026-05-17,1,3,220,1,STR-616395
1700795733608956554,cozy room AY,15154687,1462593006369650043,Taskin,,Brighton,42.34610288693584,-71.15094250946386,Private room,149,1,0,,,34,359,0,str-613765
19473060,The Sanctuary Room at TPH - Boston,16441460,1462597924170059148,Charles,,Brighton,42.35397,-71.16775,Private room,177,1,150,2026-05-17,1.39,6,357,4,STR-453972
1340647597697622780,nice and cozy room 4,15154687,1462593006369650043,Taskin,,Brighton,42.35551150524787,-71.15667099811876,Private room,88,1,37,2026-06-03,3.80,34,365,37,str-544976
1340635024079055286,nice and cozy room B,15154687,1462593006369650043,Taskin,,Brighton,42.35598,-71.15656,Private room,149,1,102,2026-06-11,6.14,34,361,71,str-544976
1316220538297940429,"Modern 2 Beds. Walk to HBS. Near Harvard, MIT, BU",657106909,1470650875580806809,Sab's Haus,,Allston,42.3628448,-71.13228099999999,Entire home/apt,256,1,26,2026-05-31,1.60,8,155,21,STR-531830
1659871190372241841,"Sun-filled Unit, Elevator, Pool, Boston College",57673810,1653919447397633405,Kama,,Brighton,42.33906,-71.15528,Entire home/apt,236,29,0,,,15,331,0,Exempt: This listing is a unit used for furnished institutional or business stays
18875553,The King's Room at TPH - Boston,16441460,1462597924170059148,Charles,,Brighton,42.35401,-71.16776,Private room,200,1,107,2026-04-12,0.97,6,350,7,STR-453972
18199963,The Tower Room at TPH - Boston,16441460,1462597924170059148,Charles,,Brighton,42.35395,-71.16776,Private room,200,1,214,2026-02-20,1.94,6,343,7,STR-453972
48210680,New Renovated 1 Bed Nr Franklin Park Free Parking,5618949,1462541500925995654,Alan Edwards,,Dorchester,42.30019,-71.08438,Entire home/apt,132,29,7,2025-02-27,0.11,9,89,0,STR-419049
1637154874159500072,cozy room 3,15154687,1462593006369650043,Taskin,,Brighton,42.3478,-71.15217,Private room,88,1,5,2026-06-04,2.50,34,365,5,str-613765
1356042994516282146,Free Parking | Stocked Kitchen | 10 min -> Boston,232662845,1469240040662988849,Waleed,,Roxbury,42.32553381501254,-71.07972655889883,Entire home/apt,453,1,36,2026-06-01,2.67,2,356,32,STR-555331
1078340478912607876,Boston Charm Room,462388177,1470083244883552495,Turana,,Dorchester,42.31721,-71.06667,Private room,217,1,5,2026-01-31,0.20,6,288,2,STR-549609
51324936,1 Free parking spot - Large studio - First floor,47584294,1465718059935171405,Jessy And Diego,,Allston,42.35305,-71.13796,Entire home/apt,270,1,234,2026-05-31,4.03,33,270,43,STR-454273
1367755872688548018,"Large bright  duplex,4 bedrooms, free parking!",160661353,1468562523648587759,Shira,,Brighton,42.34355021494498,-71.15038059041851,Entire home/apt,614,3,2,2026-05-31,0.24,3,140,2,STR-542383
949250584233351802,Studio Room at Hotel Boston,518080572,1470330998972127479,Anwar,,Brighton,42.3417319,-71.1431193,Private room,309,1,79,2026-05-28,2.26,3,260,3,Exempt: This listing is a hotel or motel
1612404173576643177,Luxury 1BR near Harvard cyb5,657483974,1470651798436237535,E Stays,,Allston,42.3641737061675,-71.13297039054534,Entire home/apt,231,29,1,2026-02-22,0.26,18,324,1,STR-585115
997706332681772091,Near Harvard Business 2-3,15154687,1462593006369650043,Taskin,,Allston,42.35951917443434,-71.13233011186199,Private room,148,1,198,2026-06-01,6.16,34,356,83,Str-544976
13258244,Comfortable quite room.,67103816,1466829193913695209,Firlian,,Roxbury,42.31837,-71.09037,Private room,42,30,27,2026-03-03,0.22,8,33,3,
54159310,"Blueground | Downtown, gym, nr faneuil hall",107434423,1462889176402806013,Blueground,,Downtown,42.35892,-71.05416,Entire home/apt,,30,1,2024-01-22,0.03,227,304,0,
1342982796973884752,Loft 3BR unit in Boston Southend 8935,212359760,1469109115483128123,Evonify Corporate & Medical Housing,,South End,42.342577162267816,-71.06431868930936,Entire home/apt,314,1,45,2026-06-07,2.71,65,307,28,STR-515555
1042514901433280494,Darling Efficiency Studio Awaits!,244600805,1469297947330247362,Bay Village,,Bay Village,42.3485831,-71.0696013,Private room,254,1,11,2025-10-08,0.39,21,323,2,STR-619372
1112701737729753124,"Bay Village Suites, Perfect Gem Studio",285344759,1469492597719438987,Bv,,Bay Village,42.34832920664437,-71.06932221691895,Private room,215,1,12,2025-08-19,0.47,18,353,1,STR-619376
870196550944784218,Boston 1 bed/livingrm close to T,40995423,1465610092642600562,Bonnie,,Dorchester,42.32121927779309,-71.05758894719567,Entire home/apt,124,30,2,2024-05-31,0.06,9,335,0,
1688476760034803456,Modern 1bed/1bath in Back Bay,1683540234995321877,1683540365202786410,Linden,,Back Bay,42.3496398,-71.08155599999999,Entire home/apt,360,1,2,2026-05-30,2,18,325,2,Exempt: This listing is a hotel or motel
1414465237478084453,"(4R1) Fan Favorite! Charles River, W/D, 3Beds",693817137,1470728992129206298,Foster's Homes,,Back Bay,42.35109,-71.08897,Entire home/apt,549,1,53,2026-06-06,4.21,7,79,52,Str-571669
7475573,Discover Boston from Newbury Street #8,22348222,1462620857010380237,Maverick,,Back Bay,42.34982,-71.08264,Entire home/apt,400,1,404,2026-06-13,3.32,87,248,46,STR-445400
1440342848555861205,Elegant 2BR 0.09mi Faneuil Hall/Quincy Market,250399091,1469327367939017586,Nina,,Downtown,42.36026,-71.05565,Entire home/apt,346,30,14,2026-01-10,1.29,9,269,14,Exempt: This listing is a unit used for furnished institutional or business stays
1506617922316150590,Relaxing Urban Escape in Boston’s South End,491301398,1470212149774216478,Leah,,South End,42.3426382,-71.074685,Entire home/apt,214,1,21,2026-06-08,6.49,11,361,21,LB-605609
1539349836143721330,Simple 2 Bd/2 bth | Washer/Dryer | Close to Fenway,717946252,1505867861207707885,Healing Homes,,Fenway,42.34702,-71.10305,Entire home/apt,433,29,3,2026-01-11,0.54,35,198,3,Exempt: This listing is a unit that has contracts with hospitals
41504985,A Charming South End Apt with Private Garden!,157361364,1468534368529698133,Leigh,,South End,42.34554,-71.07099,Entire home/apt,569,3,48,2026-05-18,0.62,1,233,16,STR-612978
1566915852780542898,Boutique-Style Studio in Boston’s Trendiest Area,491301398,1470212149774216478,Leah,,South End,42.343817498220474,-71.07571037720392,Entire home/apt,239,1,27,2026-06-07,4.38,11,344,27,LB-605609
1642783912445766636,R5_Double Room In Fields Corner Area,541813300,1470427724054736466,Boston,,Dorchester,42.30339,-71.06572,Private room,136,1,1,2026-04-10,0.44,32,325,1,STR-612980
20655696,World Cup Boston 5BR Group Stay + Parking,25203946,1462632583966054343,Eder,,Dorchester,42.30945,-71.06212,Entire home/apt,933,2,81,2025-10-26,0.82,7,328,4,STR-413525
1394154644204119655,Stylish 3BR Boston Stay w/Parking near Red Line 82,571689221,1470549405304893175,Quang,,Dorchester,42.292380770287565,-71.06725984482009,Entire home/apt,640,1,16,2026-04-05,1.20,3,275,15,STR-559438
728876693663285499,Beautiful Back Bay 1 BR on Commonwealth Ave,94288387,1467137606054237583,Julie,,Back Bay,42.35017,-71.08923,Entire home/apt,148,29,8,2026-04-03,0.19,1,212,2,
630286293872807079,Studio in Boston close to T and shopping,151248865,1468485898701942347,Yao,,Dorchester,42.32087,-71.05931,Entire home/apt,108,31,4,2025-12-22,0.08,7,361,1,
2215762,"The Clare - The Upton Boston, South End",5430185,1462540588451882153,Laura,,South End,42.343092,-71.07307807478533,Entire home/apt,569,3,104,2026-04-21,0.70,7,325,10,Exempt: This listing is a hotel or motel
1263161028230153385,Affordable & Simple Chic Studio,244600805,1469297947330247362,Bay Village,,Bay Village,42.3483657,-71.0698862,Entire home/apt,221,1,4,2025-08-23,0.23,21,287,2,STR-619247
53477851,109S14 | The Strathmore 14 w/AC | 2BR 1B | Private,71783,1462508362719740106,Swank Properties Boston,,Brighton,42.33931350708008,-71.15121459960938,Entire home/apt,204,29,9,2026-04-09,0.18,52,288,2,
1639337213239294046,Single room in Dorchester near station & good view,750895930,1639337214156515082,Eglah,,Dorchester,42.30165,-71.06509,Private room,571,29,0,,,3,364,0,STR-612980
46074220,Modern 1 Bedroom in Fenway Cultural District,22541573,1463182329140437053,Furnished Quarters,,Fenway,42.34367,-71.09797,Entire home/apt,280,32,1,2024-08-05,0.04,42,317,0,
1495781911027263297,Gorgeous Apt with Kitchen and Lounge,20857768,1463140474528738801,Compass,,Fenway,42.3429115,-71.0990346,Entire home/apt,433,30,0,,,77,340,0,
1050091154059406405,Large 2 BR|2 BA + Patio in Back Bay,9410008,1462813405226616143,Jason,,Back Bay,42.34858755849173,-71.08947860978112,Entire home/apt,965,3,45,2026-05-30,1.55,19,246,15,STR-544868
716006377445470301,Lovely 4bed room apt@ beacon hill boston Downtown,373675137,1463554206153655871,Lilith,,West End,42.36181,-71.06578,Entire home/apt,165,29,7,2026-06-13,0.19,117,116,2,
1461578772357367528,Direct Fenway Park View + Breakfast. Pool. Dining.,566705299,1470523161067874396,The Verb Hotel,,Downtown,42.35119,-71.0695,Private room,288,1,122,2026-06-12,11.09,6,125,122,Exempt: This listing is a hotel or motel
1411983051422591794,"Beacon Hill Studio, Short Walk to MGH, Charles",587499430,1470606496777520857,David,,Beacon Hill,42.3589739905895,-71.06983957292607,Entire home/apt,349,1,53,2026-05-25,4.05,1,103,46,STR-595244
1694462769366682667,307B Stylish 1BR Loft Steps to Boston Common,38005935,1624641620926033115,The Edit Collection,,Downtown,42.35734,-71.06158,Entire home/apt,480,1,1,2026-06-11,1,14,70,1,STR-772944
48000343,Center of Boston Studio Pet Friendly | Laundry,382451810,1469783251184910688,Healing Homes,,Downtown,42.35593,-71.05837,Entire home/apt,267,1,253,2026-05-23,3.91,43,87,35,STR-466821
920305401888076042,Stunning 1BR with a view on the Commons | 2x beds 9086,212359760,1469109115483128123,Evonify Corporate & Medical Housing,,Downtown,42.350926725987584,-71.06553080926739,Entire home/apt,332,1,131,2026-06-06,3.64,65,349,30,STR-466811
1370807301848934071,Cozy studio in downtown Boston 8101,212359760,1469109115483128123,Evonify Corporate & Medical Housing,,Downtown,42.35147,-71.06469,Entire home/apt,209,1,35,2026-06-04,2.32,65,357,27,STR-586070
1341536699135355130,Loft 3BR unit in Boston Southend 3390,212359760,1469109115483128123,Evonify Corporate & Medical Housing,,South End,42.344890432665615,-71.06380706877295,Entire home/apt,290,29,1,2025-05-23,0.08,65,307,0,Str-098345
1072247918469804578,"Blueground | South End, gym, nr groceries & shops",107434423,1462889176402806013,Blueground,,South End,42.3439382,-71.0638329,Entire home/apt,,30,0,,,227,337,0,
1512176208098224489,"Blueground | Shawmut, pool, nr Boston Common",107434423,1462889176402806013,Blueground,,South End,42.34413370000001,-71.0636103,Entire home/apt,,30,0,,,227,325,0,
1161890032588053863,Cozy 1 Bed Near Boston Medical,89227862,1467081781703109609,Paul,,South End,42.33879071981539,-71.07193168859966,Entire home/apt,270,28,0,,,4,286,0,Exempt: This listing is a hotel or motel
917340015029437891,Perfect Traveling Nurse Housing - Theatre District,275849638,1469454850382219508,Healing Homes,,Downtown,42.35145241585736,-71.06505139960292,Entire home/apt,295,1,107,2026-03-30,2.99,53,109,27,STR-461738
1469615215546750114,1br in Downtown 1651,212359760,1469109115483128123,Evonify Corporate & Medical Housing,,Downtown,42.35109164051714,-71.06523193770451,Entire home/apt,225,1,48,2026-05-31,4.39,65,338,48,STR-523178
1263155039038201119,"Awaiting Your Next Stay, Book Now!",331132678,1469637039536524107,Premier Suites,,Downtown,42.3550474,-71.0622106,Entire home/apt,274,1,16,2026-05-27,0.81,3,281,10,STR-605719
1023481730628193684,Luxurious 2BR 2BA Back bay heart with amazing view,163848078,1463027460596198880,Adam,,Back Bay,42.3492,-71.08039,Entire home/apt,1025,2,25,2026-05-30,0.84,18,225,16,str-679194
1700161391639442252,Simple Studio in the Heart of Boston's South End,717946252,1505867861207707885,Healing Homes,,Back Bay,42.3431998,-71.08314659999999,Entire home/apt,226,1,0,,,35,210,0,STR-627298
1671433872930920037,2BR/2BA South End Gem | Steps to Northeastern,57673810,1653919447397633405,Kama,,Roxbury,42.337319953366965,-71.08381355305018,Entire home/apt,259,30,0,,,15,61,0,Exempt: This listing is a unit used for furnished institutional or business stays
1341574603116431654,Studio near Boston Commons in downtown 6613,212359760,1469109115483128123,Evonify Corporate & Medical Housing,,Downtown,42.35207,-71.0651,Entire home/apt,313,1,36,2026-05-23,2.51,65,318,30,STR-544951
1221778994137424716,Stylish South End Studio Retreat,409684302,1469870389347785678,Justin And Mandy,,South End,42.34278,-71.08045,Entire home/apt,356,1,36,2026-06-07,1.66,18,332,27,STR-457097
989842393475061363,"The Ellie House 2- Simple, Back Bay, Cozy!",454031378,1470042747790842420,⁨Airbnb Queen (Ellie House)⁩,,Back Bay,42.342792011479844,-71.08403036368907,Entire home/apt,522,1,89,2026-06-01,2.69,4,268,30,STR-595431
1400795665168382255,Studio in Downtown Boston Theatre District 3205,212359760,1469109115483128123,Evonify Corporate & Medical Housing,,Downtown,42.35087,-71.06393,Entire home/apt,181,1,43,2026-04-22,3.14,65,317,35,STR-539077
5769127,"Stay Close to Fenway, Tufts Medical Center & More",22348222,1462620857010380237,Maverick,,South End,42.34447,-71.07644,Entire home/apt,399,1,344,2026-06-08,2.57,87,275,28,STR-589704
46966358,Washer/Dryer in-unit!  Close to MGH & Beacon Hill,365116307,1469734785463392741,Brian & Heather,,Downtown,42.35563359910092,-71.06034154433256,Entire home/apt,301,1,298,2026-05-25,4.46,35,61,37,STR-466832
1358257456427277248,South End Brownstone Sunny Condo,106930688,1467296266379282456,James Christian,,South End,42.34112,-71.08019,Entire home/apt,207,30,0,,,1,327,0,
1699469596430945725,"South End Stay, Near Back Bay, T & Restaruants",586870169,1470604736184387893,Andrew,,South End,42.33918,-71.07792,Entire home/apt,318,1,0,,,14,287,0,STR-626525
1700080456636243791,Peaceful Studio in Back Bay!,1683540234995321877,1683540365202786410,Linden,,Back Bay,42.3429045,-71.0828696,Entire home/apt,333,1,0,,,18,245,0,STR-627336
1074070006409741622,Top quality 2 Bedroom Apartment in Beacon Hill,417546358,1469897762395867242,Leo,,Beacon Hill,42.360671281568195,-71.06893519510199,Entire home/apt,177,29,0,,,8,220,0,
1699469988100090039,"The Concord, Dining & Transit Nearby",586870169,1470604736184387893,Andrew,,South End,42.338673418470115,-71.07820076225183,Entire home/apt,365,1,0,,,14,288,0,STR-626528
1624091202498088337,Splendid 1Bedroom in Beacon Hill Area,373675137,1463554206153655871,Lilith,,Beacon Hill,42.35864,-71.06558,Private room,79,29,1,2026-04-16,0.48,117,58,1,
694406328277968795,Lovely 1 bed room with 2 beds boston beacon hill,373675137,1463554206153655871,Lilith,,Beacon Hill,42.35822,-71.06583,Entire home/apt,153,29,10,2026-03-21,0.25,117,159,3,
687100831526268407,TopWonderful 2-bedroom in boston down beacon hill,373675137,1463554206153655871,Lilith,,Beacon Hill,42.35952,-71.06485,Entire home/apt,209,29,6,2025-09-22,0.14,117,160,1,
697326322124831562,Exquisite 3 bedroom apt in Boston Beacon Hill,373675137,1463554206153655871,Lilith,,Beacon Hill,42.35888,-71.07127,Entire home/apt,182,29,8,2024-12-01,0.19,117,254,0,
49341416,"1 Bedroom in Back Bay, Boston's Best Neighborhood",22541573,1463182329140437053,Furnished Quarters,,Back Bay,42.34336,-71.08567,Entire home/apt,269,32,0,,,42,321,0,
53482062,Sweetest 2 bed home downtown Boston Beacon Hill,373675137,1463554206153655871,Lilith,,Beacon Hill,42.358512907173306,-71.06755094917337,Entire home/apt,157,29,14,2026-05-31,0.28,117,195,5,
49917068,"Blueground | Back Bay, gym, nr newbury st",107434423,1462889176402806013,Blueground,,Back Bay,42.34863,-71.07409,Entire home/apt,,30,0,,,227,326,0,
1341367579830799180,2BR in Downtown 3917,212359760,1469109115483128123,Evonify Corporate & Medical Housing,,Downtown,42.35314,-71.06286,Entire home/apt,584,1,83,2026-06-09,5.28,65,347,68,STR-544951
1152797263195692943,"(476-8)  Studio, South End/ Back Bay , Roof Deck!",563246552,1470512703190615862,Together We Rise,,South End,42.341922374632915,-71.07907155774586,Entire home/apt,329,1,92,2026-06-10,3.67,50,256,53,STR-599892
23420771,Luxury 2 Bedrooms Apartment,133407298,1468332701774868061,Juliana & Ivan,,South Boston Waterfront,42.35063,-71.04325,Entire home/apt,153,35,30,2022-11-12,0.30,2,39,0,Exempt: This listing is a unit used for furnished institutional or business stays
8634599,"Stunning suite, historic victorian",45402419,1465673870088681248,Jil,,Jamaica Plain,42.30941,-71.11256,Private room,,91,39,2019-10-29,0.30,3,365,0,STR-413427
23651852,Awesome condo in Fenway,9669662,1462820164012202633,Jasbir,,Fenway,42.34503,-71.0982,Entire home/apt,61,91,2,2022-12-06,0.02,1,358,0,
24061454,Fully Furnished 2 Bedroom in Boston near Berklee,5322468,1462678062885418805,Andre,,Back Bay,42.34652,-71.08651,Entire home/apt,23,180,0,,,1,309,0,
24080196,A room,23953876,1462627334049101067,Kexi & Anthony,,Dorchester,42.31132,-71.05188,Private room,,29,127,2020-03-01,1.26,3,0,0,Exempt: This listing is a unit used for furnished institutional or business stays
9878725,Small Cozy Attic Bedroom,17892292,1463031332446561174,Marlene,,Allston,42.36169,-71.13468,Private room,,91,1,2018-03-05,0.01,5,0,0,
39633100,Modern 2bed/2bath Apt | Close to TD Garden,133407298,1468332701774868061,Juliana & Ivan,,West End,42.36354,-71.06408,Entire home/apt,,29,13,2020-11-01,0.17,2,0,0,Exempt: This listing is a unit used for furnished institutional or business stays
9970895,South End-Close to Everything!,51173591,1465794659614767724,Elena,,South End,42.33579,-71.07469,Entire home/apt,,91,6,2016-06-16,0.05,1,0,0,
10883063,spacious 3rd floor loft in home,24593919,1465308651467094450,Minor,,Jamaica Plain,42.32513,-71.10575,Entire home/apt,,91,70,2018-08-22,0.56,1,90,0,
11357756,BEST LOCATION IN THE CITY STUDIO W/ FAST WIFI,56359408,1465922611132469243,Billy,,Downtown,42.35145,-71.06461,Entire home/apt,30,91,43,2024-08-15,0.37,3,157,0,
12756776,Wonderful Boston apartment Sunny & Newly renovated,39932301,1465596044662505088,Ilan,,Roxbury,42.32505,-71.09717,Entire home/apt,90,91,17,2017-08-06,0.14,1,180,0,
27112752,2BR Ideally Located Top Floor Brownstone Condo,53212424,1465864247451401338,Jason,,Brighton,42.33763,-71.14961,Entire home/apt,,91,14,2019-07-10,0.16,1,0,0,
45354387,(D) Bedroom in Allston,37035419,1462673914681141593,Wendy,,Allston,42.35726,-71.12886,Private room,16,91,5,2026-04-30,0.09,9,144,1,
184893,City Oasis/sleeps 4 near historical sites,887148,1462514927454911252,Dawn,,Charlestown,42.3799,-71.06908,Entire home/apt,48,91,0,,,3,171,0,STR-539322
7053454,Basement apartment in Charlestown,36992931,1465550958514639947,Ryan,,Charlestown,42.38095,-71.06376,Private room,60,91,8,2016-07-29,0.06,1,365,0,
44820346,NONE SMOKING ROOM K:Spacious & SUPER SAFE & QUIET,165422704,1463030729315680868,Mimi,,Dorchester,42.2876,-71.0553,Private room,62,29,4,2020-10-25,0.06,3,237,0,STR-439516
630246537702714331,Boston studio close to JFK Station,40995423,1465610092642600562,Bonnie,,Dorchester,42.32144,-71.05873,Entire home/apt,,31,4,2025-08-20,0.09,9,18,1,
908422314161294160,Master Room & Ensuithe Bath - Addison Residence,406915877,1469860338811300594,Harrington,,East Boston,42.3827,-70.99981,Private room,15,150,0,,,3,364,0,
1324781064801595062,Stylish Space on Quiet Street,26291119,1462636823664132252,Shane,,Brighton,42.35337,-71.15598,Entire home/apt,,29,0,,,2,0,0,
10986,The Olive & Vine in The North End-Walk to MGH Tuft,38997,1462507326675374812,Michelle,,Downtown,42.36219,-71.05009,Entire home/apt,84,60,2,2025-03-31,0.07,12,346,0,
583255,"Boston Beauty, Walk to C and B line",306407,1462515244357161436,Valery,,Brighton,42.34114,-71.14712,Entire home/apt,,91,11,2017-07-05,0.07,1,0,0,
47091700,"Blueground | Brighton, w/d, doorman, nr t & dining",107434423,1462889176402806013,Blueground,,Brighton,42.3469948,-71.1452694,Entire home/apt,,30,0,,,227,2,0,
31185088,Modern Parkside Greenhome,4071493,1462646601763903850,Cynthia,,Dorchester,42.28975,-71.06715,Entire home/apt,46,91,0,,,1,339,0,
1642813524491256764,W8_ Double Room In Andrew Station Area,541813300,1470427724054736466,Boston,,Dorchester,42.3013,-71.06604,Private room,89,1,2,2026-04-16,0.69,32,350,2,STR-410134
1668313,Room in Rozzie-Twin Bed-Full Bath,8834105,1462788168924757859,Rebecca,,Roslindale,42.28265,-71.13528,Private room,,29,38,2022-02-26,0.25,2,0,0,
30564539,Sunny Allston Bedroom,17892292,1463031332446561174,Marlene,,Allston,42.3607,-71.13517,Private room,,91,1,2019-07-04,0.01,5,0,0,
14460344,"Friendly Single Bed near Harvard, BU & BC",89089164,1467080374277207055,Ellen,,Brighton,42.34478,-71.15328,Private room,,91,8,2017-03-12,0.07,1,0,0,STR-409791
17285926,Perfect Location/Copley Square/South End,39323824,1465587144202331504,Peter,,South End,42.34547,-71.07481,Entire home/apt,,4,125,2023-06-15,1.10,1,0,0,STR-398252
16001334,Cozy lofted studio on Beacon St in Back Bay!,14460209,1462939123631987265,Noreen,,Back Bay,42.35534,-71.07774,Entire home/apt,,91,2,2017-07-02,0.02,1,0,0,
3457722,"Sunlit w/ huge kitchen, parking & easy to downtown",6209951,1462700676312748074,Jeff And Rachel,,Brighton,42.35399,-71.15785,Entire home/apt,,5,55,2024-06-26,0.38,1,0,0,STR-544892
18162671,Twin Beds near Harvard Stadium/BU,91411121,1467104912380025231,Moon,,Allston,42.35371,-71.14003,Private room,63,91,44,2019-09-01,0.40,1,365,0,
19904967,Penthouse suite in historic Beacon Hill,140952422,1468393552757265341,Evan And Sabrina,,Beacon Hill,42.35799,-71.0709,Entire home/apt,,91,7,2019-08-19,0.06,1,0,0,
4278067,Studio apart Tremont St South End #2,9653086,1462819743474271426,Glenn,,South End,42.34128,-71.07607,Entire home/apt,183,33,79,2024-12-14,0.55,5,156,0,
37068313,"Blueground | S. Boston, gym & doorman, nr t",107434423,1462889176402806013,Blueground,,South Boston,42.34114,-71.04959,Entire home/apt,,30,2,2022-02-05,0.03,227,1,0,
35084498,"3C south end, sunny room w/bath near T/BU Medical",41932249,1465624270207521062,Ann,,South End,42.33889,-71.06967,Private room,,91,13,2019-09-01,0.15,4,0,0,
37718326,LUXURY CONDO BEST LOCATION IN BOSTON,275833371,1469454784512399508,Karl,,Beacon Hill,42.35543,-71.06454,Entire home/apt,133,91,0,,,2,365,0,
5738018,Sunny Two-Bedroom in Boston,7302835,1462728430724308910,Samuel,,Jamaica Plain,42.3259,-71.1055,Entire home/apt,,91,0,,,1,0,0,
5919529,Great location! 3 BD single fam. Kid-friendly.,24196977,1465284489959575195,Jenny,,Bay Village,42.34906,-71.0689,Entire home/apt,113,91,14,2016-04-22,0.10,1,177,0,
5967421,The Meditation Room near Harvard Square,26956083,1465385857456219985,Todd,,Allston,42.3605,-71.12633,Private room,32,60,183,2026-01-21,1.34,10,188,3,
7054912,North Station Luxury Apartment!,6223931,1462701041425337504,Richard,,Downtown,42.36615,-71.05963,Entire home/apt,,91,2,2015-07-09,0.01,1,0,0,
38882321,Boston Getaway,53597553,1465871267078447453,May,,Downtown,42.35082,-71.06342,Entire home/apt,,183,0,,,1,0,0,
21815325,"WaterfrontM (North End)-MGH, SUBWAY, RESTAURANTS",155595193,1468519790552298186,Michelle,,North End,42.36541,-71.05287,Entire home/apt,82,60,1,2025-06-26,0.08,7,364,0,
7479725,Sunny bedroom in Allston,17892292,1463031332446561174,Marlene,,Allston,42.35981,-71.13564,Private room,,91,13,2016-11-12,0.10,5,0,0,
7308623,Beautiful Apartment in Beacon Hill,36811327,1465548445976730985,Carolyn,,West End,42.36133,-71.06948,Private room,,91,1,2016-04-18,0.01,1,0,0,
1338562859083187993,Homey 1Bedroom in Beacon Hill Area,373675137,1463554206153655871,Lilith,,Beacon Hill,42.36001308380656,-71.0693474726452,Private room,93,29,2,2026-01-15,0.24,117,48,2,
1353138075187547924,Wonderful 1Bedroom in Beacon Hill,373675137,1463554206153655871,Lilith,,Beacon Hill,42.36103,-71.06552,Private room,70,29,0,,,117,43,0,
1339925684924936049,Copley House Superior King Studio,85130,1462509229002082786,Copley,,Back Bay,42.34543,-71.07974,Entire home/apt,390,1,31,2026-05-31,2.49,7,309,30,STR-420775
670544036866270163,Amazing two bed room apt in boston beacon hill,373675137,1463554206153655871,Lilith,,Beacon Hill,42.36091,-71.06944,Entire home/apt,174,29,12,2026-05-31,0.28,117,225,3,
1296682635015666145,Sweet 1Bedroom in Beacon Hill,373675137,1463554206153655871,Lilith,,Beacon Hill,42.35904,-71.06583,Private room,72,29,2,2025-04-30,0.12,117,33,0,
1414051446635114540,"The Ellie House 1- Back Bay Studio, 2 beds! W/D",693722844,1470728770948190062,Airbnb Queen- Ellie House,,Back Bay,42.34452092497611,-71.08345018004142,Entire home/apt,349,1,47,2026-05-30,3.62,5,246,42,STR-597076
1508854902763298542,Stunning Back Bay Studio Apartment,717946252,1505867861207707885,Healing Homes,,Back Bay,42.3441,-71.08349,Entire home/apt,195,29,1,2025-11-21,0.14,35,338,1,Exempt: This listing is a unit that has contracts with hospitals
1160243593042473259,Downtown Lux Apt. Stunning View | 2 Beds+2 Baths,578474534,1470581099276560933,Erin Lin,,Downtown,42.35404,-71.06295,Entire home/apt,514,29,2,2025-06-18,0.10,2,113,1,
592635565577244428,"Blueground | Theatre District, gym, nr boylston t",107434423,1462889176402806013,Blueground,,Downtown,42.3511858,-71.06401699999999,Entire home/apt,,30,1,2023-08-31,0.03,227,348,0,
24749244,"Stylish Downtown Studio in the SouthEnd, C.Ave# 24",22348222,1462620857010380237,Maverick,,South End,42.34448,-71.07636,Entire home/apt,229,1,150,2026-05-04,1.53,87,323,27,STR-441241
1191389302650790750,Walk everywhere! 1 bed / 1 bath! Super Location!,47584294,1465718059935171405,Jessy And Diego,,Back Bay,42.34438,-71.08304,Entire home/apt,292,1,96,2026-05-30,4.46,33,264,53,STR-465645
1454653252853852906,"(476-6) 2Beds, Cozy Home, Prime Location!",563246552,1470512703190615862,Together We Rise,,South End,42.34323,-71.07752,Entire home/apt,363,1,36,2026-06-08,3.12,50,274,36,STR-599349
991921375982975214,"Cozy Dorchester Apartment, Room 2",539671081,1470419343267551032,Kam,,Dorchester,42.28478,-71.0857,Private room,149,1,1,2023-10-16,0.03,2,313,0,STR-537942
21445137,"Beacon Hill-walk to MGH, subway.",155595193,1468519790552298186,Michelle,,Beacon Hill,42.36048,-71.06898,Entire home/apt,148,32,2,2022-08-31,0.02,7,314,0,
1181310920532325010,"The Chester:  Urban Luxury, Modern Design",43613912,1465647609109328116,Drew,,Roxbury,42.339042,-71.0803574,Entire home/apt,399,1,26,2026-05-17,1.08,9,282,9,STR-565049
1527488643064590401,Convenient Prudential Center Studio,418001090,1469899647645008106,Shaowei,,Back Bay,42.34575,-71.08064,Entire home/apt,210,1,20,2026-05-03,2.50,2,296,20,STR-608565
1454727944883149788,"(476-7) Best Location, 2 Beds, W/D, Front Facing!",563246552,1470512703190615862,Together We Rise,,South End,42.34383,-71.07886,Entire home/apt,350,1,30,2026-05-30,2.77,50,272,30,STR-599392
691831339471414103,Walk everywhere! Two BR Apartment! Super location!,47584294,1465718059935171405,Jessy And Diego,,Back Bay,42.34453,-71.08284,Entire home/apt,245,1,228,2026-06-05,4.95,33,252,66,STR-465647
676483872976026157,"Blueground | Downtown, gym, nr theater district",107434423,1462889176402806013,Blueground,,Downtown,42.3511858,-71.06401699999999,Entire home/apt,,30,0,,,227,289,0,
1431225653516475555,Luxury Apt In Heart of Back Bay,20857768,1463140474528738801,Compass,,Back Bay,42.3459685,-71.0847361,Entire home/apt,373,30,0,,,77,329,0,
1701513665776687961,Centrally Located Back Bay Studio,717946252,1505867861207707885,Healing Homes,,Back Bay,42.3431416,-71.0833966,Entire home/apt,301,1,0,,,35,262,0,STR-627354
934064192141466124,Prudential Area Loft Retreat,523515799,1470355309937485363,Healing Homes,,Fenway,42.34215590068706,-71.08435806459522,Entire home/apt,312,1,44,2026-05-30,1.26,43,249,26,Exempt: This listing is a hotel or motel
1353205289865392266,Affordable 1Bedroom in Beacon Hill,373675137,1463554206153655871,Lilith,,West End,42.36152,-71.06694,Private room,70,29,1,2026-04-30,0.63,117,52,1,
1660461916541030556,Spacious 2BR 2BA overlooking Boston common Downtow,518882444,1470334797382667032,Greg,,Downtown,42.35002,-71.06376,Entire home/apt,977,29,0,,,14,356,0,STR-465869
659156386290642679,"Blueground | Back Bay, gym, w/d, fully furnished",107434423,1462889176402806013,Blueground,,Back Bay,42.348129,-71.080849,Entire home/apt,,30,1,2023-05-18,0.03,227,303,0,
50386523,"Blueground | Back Bay, near prudential center",107434423,1462889176402806013,Blueground,,Back Bay,42.34449,-71.08237,Entire home/apt,,30,0,,,227,126,0,
1701502814890004202,Exposed Brick Cozy Studio,717946252,1505867861207707885,Healing Homes,,Back Bay,42.3431416,-71.0833966,Entire home/apt,271,1,0,,,35,183,0,STR-627355
51824163,Lovely beacon hill 2 bed 2 bath apt in boston,373675137,1463554206153655871,Lilith,,Beacon Hill,42.36033,-71.06717,Entire home/apt,201,29,5,2026-04-30,0.15,117,219,3,
1160874698922496245,Downtown Lux Apt | Stunning View | Master Bed+Bath,578474534,1470581099276560933,Erin Lin,,Downtown,42.35276638982283,-71.06266992152285,Private room,154,30,0,,,2,153,0,
50386543,"Blueground | Back Bay, near prudential center",107434423,1462889176402806013,Blueground,,Back Bay,42.34449,-71.08237,Entire home/apt,,30,0,,,227,358,0,
43277216,Upscale Boston 2BR Near Tufts University,30283594,1465445680495565156,Global Luxury Suites I,,Chinatown,42.352093,-71.06081,Entire home/apt,,29,45,2023-12-10,0.67,31,354,0,Exempt: This listing is a unit that has contracts with hospitals
1564990201905449360,Central Penthouse & balcony in Boston Chinatown,489222662,1535110320514432360,New England Stays,,Chinatown,42.35085,-71.06203,Entire home/apt,650,29,4,2026-02-15,0.70,6,167,4,STR-276335
929534173067208611,Comfy Back Bay Alcove Studio Apt,523515799,1470355309937485363,Healing Homes,,Roxbury,42.3415,-71.08347,Entire home/apt,394,1,56,2026-05-25,1.57,43,256,33,Exempt: This listing is a hotel or motel
1622114214897309037,"Elegant High floor 1BR, Mins from Harvard",30283594,1465445680495565156,Global Luxury Suites I,,Chinatown,42.352093,-71.06081,Entire home/apt,285,30,0,,,31,361,0,
1131833573400565920,"Spacious and Modern One Bedroom, Back Bay",22541573,1463182329140437053,Furnished Quarters,,Back Bay,42.34923515642239,-71.07898978604423,Entire home/apt,275,32,0,,,42,309,0,
1384807381998544805,Charming Studio in Classic Brownstone,409684302,1469870389347785678,Justin And Mandy,,South End,42.341210001151815,-71.08076155770473,Entire home/apt,345,1,13,2026-06-05,2.57,18,312,13,LB-434068
1131369496989963141,Boston One Bed With Luxury Building Amenities,22541573,1463182329140437053,Furnished Quarters,,Back Bay,42.347460048572565,-71.08122928971217,Entire home/apt,280,32,0,,,42,323,0,
929763088797054215,South End Serene Studio,523515799,1470355309937485363,Healing Homes,,South End,42.34214,-71.08206,Entire home/apt,279,1,25,2026-03-11,0.70,43,266,14,Exempt: This listing is a hotel or motel
51555199,(T3) Fresh & Fun Studio in Heart of South End,563246552,1470512703190615862,Together We Rise,,South End,42.34268,-71.07616,Entire home/apt,246,1,279,2026-05-30,4.78,50,232,61,str-561975
1181310520406522158,"The Chester: Vintage Elegance, Modern Comfort",43613912,1465647609109328116,Drew,,Roxbury,42.339042,-71.0803574,Entire home/apt,337,1,11,2026-05-17,0.46,9,269,6,STR-565045
1181311064422167794,"The Chester: Modern, Cool, Heart Of South End",43613912,1465647609109328116,Drew,,Roxbury,42.339042,-71.0803574,Entire home/apt,350,1,12,2026-04-10,0.51,9,256,7,STR-565053
771690696993014228,Chinatown Upscale Penthouse Boston Common Pool Gym,463475392,1469699457630744455,Jonah Magno,,Downtown,42.35249943901865,-71.0642236854983,Entire home/apt,475,29,9,2023-11-10,0.22,8,365,0,Exempt: This listing is a unit used for furnished institutional or business stays
45689110,1 Bedroom near Rose Kennedy Greenway,22541573,1463182329140437053,Furnished Quarters,,Downtown,42.35297,-71.05852,Entire home/apt,274,32,0,,,42,343,0,
1023968409024670674,3 Bed w/Free Parking in North End | Peapod Rentals,130680380,1468309000716951437,Jodie,,Downtown,42.36717,-71.05893,Entire home/apt,419,29,72,2025-08-13,2.41,18,349,11,STR-461702
732336608678199799,"Blueground | N Station, w/d & gym, nr td garden",107434423,1462889176402806013,Blueground,,Downtown,42.365947,-71.063473,Entire home/apt,,30,1,2024-04-30,0.04,227,314,0,
1597250439339782323,Boston Penthouse Condo Near Train for World Cup!,20106409,1463099408122091652,Matthew,,South Boston,42.33471,-71.05329,Entire home/apt,593,3,0,,,1,178,0,STR-616418
1553045418395533328,Peaceful and family friendly Place Room 2,674435381,1546652045138526289,Leke,,Mattapan,42.27596792050176,-71.09542767906692,Private room,103,29,0,,,3,365,0,Exempt: This listing is a unit used for furnished institutional or business stays
1553053892916872743,hiawatha Place,674435381,1546652045138526289,Leke,,Mattapan,42.27612394379929,-71.09479398075406,Private room,103,29,0,,,3,365,0,Exempt: This listing is a unit used for furnished institutional or business stays
827013427283941098,Private Bedroom #5 in Shared Condo,494658101,1470226683138858164,Patrick,,Dorchester,42.2837,-71.07307,Private room,66,29,0,,,3,170,0,
827002804846503204,Private Bedroom #4 in Shared Condo,494658101,1470226683138858164,Patrick,,Dorchester,42.28544,-71.0721,Private room,79,29,0,,,3,170,0,
1493475399301353917,1 Bedroom - Sleeps 4,32918127,1462660163078028772,Luke,,Mission Hill,42.33191,-71.0977,Entire home/apt,318,1,12,2026-05-25,1.33,3,109,12,STR-468749
1445146141923468353,A tree house like room in Jamaica Plain,5480536,1462681825418013105,Allison,,Jamaica Plain,42.32075395767271,-71.11019449528467,Private room,126,1,44,2026-06-11,3.86,2,319,44,STR-598354
1366288807674035754,Near Train in hip Jamaica Plain,5480536,1462681825418013105,Allison,,Jamaica Plain,42.321406122668954,-71.10942587256432,Private room,126,1,59,2026-05-17,4.17,2,316,48,STR-589481
1029880678955798326,Boston Studio w Off Street Parking,32918127,1462660163078028772,Luke,,Mission Hill,42.331826631963025,-71.09736513873773,Entire home/apt,251,1,114,2026-05-31,3.66,3,170,33,STR-468749
1419627988003822719,Spacious Residence near Seasport,158837906,1463004262762329218,Dan,,South Boston,42.34113,-71.04969,Entire home/apt,721,3,0,,,1,354,0,str-792204
40601,Private room & bath - Jamaica Plain,174986,1462511771064718213,Robert,,Jamaica Plain,42.31347,-71.11082,Private room,154,2,106,2026-06-09,0.55,1,313,3,STR-551851
1617761312277241651,2A4 Next to Subway and Restaurants - Newly Renovat,349093509,1469694189401476345,Phuong,,Dorchester,42.30069,-71.06561,Private room,109,1,4,2026-05-31,2.35,5,351,4,STR-615656
1617761538794057660,3A4 - Newly Renovated - next to subway and food,349093509,1469694189401476345,Phuong,,Dorchester,42.29996,-71.06402,Private room,132,2,4,2026-05-26,1.67,5,299,4,STR-616565
1007515467943677504,Cozy Bedroom with Private Bath 3C,16612533,1462990857401466263,Matt,,Dorchester,42.28229899028369,-71.0733387619257,Private room,71,30,6,2025-08-07,0.22,16,254,1,
1501790795984182069,Next to Aiporort,699041704,1470739825185749122,NomadiQ,,East Boston,42.37604740105627,-71.0309794684191,Entire home/apt,1409,29,34,2026-01-01,3.62,6,365,34,Exempt: This listing is a unit used for furnished institutional or business stays
1618373053251467482,Pink Garrett/With Parking,745127483,1616882049419468785,Andrzej,,Dorchester,42.32125,-71.0607,Private room,115,2,5,2026-06-14,5,1,321,5,STR-618946
727368563191104397,Cozy Fenway 1Br/1Ba | Close to Fenway Park!,275849638,1469454850382219508,Healing Homes,,Fenway,42.3487,-71.10437,Entire home/apt,344,1,141,2026-05-24,3.14,53,237,22,STR-493755
1548720158524566640,Comfortable renovated space awaits you.,291862111,1548720159454073840,Maria,,Dorchester,42.3147086,-71.0718905,Entire home/apt,542,2,6,2026-05-24,1.91,1,340,6,STR-615658
5927267,"Large room, wood floor, 2 windows, 27 Dexter",26098645,1462636100614352818,Manuela,,South Boston,42.33034,-71.05802,Private room,98,5,216,2026-04-22,1.59,4,259,11,STR-524662
24277032,"North End 1 Bedroom- CLOSE MGH, Subway, Hanover St",180283497,1468740504050487740,Michelle,,North End,42.36547,-71.05492,Entire home/apt,131,32,4,2024-05-09,0.04,7,303,0,
1702565251183207718,Apartment in Brighton,84168180,1702565252087953656,Ud,,Brighton,42.345987137901616,-71.1554855434589,Entire home/apt,151,1,0,,,1,345,0,STR-627724
1148632520800845526,Sunny Charming Room,236817626,1463252903840399224,Anastasia,,Brighton,42.35491733054882,-71.16162449489862,Private room,102,30,4,2024-08-28,0.16,2,188,0,STR-561441
831012935165221418,Charming Beacon Hill 1bd in Brownstone,3634393,1462635682429101229,Justin,,Beacon Hill,42.359362,-71.0682975,Entire home/apt,222,29,2,2024-09-30,0.05,2,308,0,
24325336,Beacon Hill Studio - 2 min Walk to MGH-Subway-,180283497,1468740504050487740,Michelle,,Beacon Hill,42.36026,-71.07003,Entire home/apt,153,29,9,2025-06-04,0.09,7,279,0,
1684143059460020173,Centrally Located Apartment in Boston,443260490,1487975009143982310,Fran,,Roxbury,42.32123,-71.08555,Private room,217,1,0,,,1,361,0,STR-611989
49484066,private room in a 1 family home.,3765817,1462639007185267604,Francis Edward JR,,Brighton,42.35308,-71.16926,Private room,172,1,188,2026-06-13,3.01,1,352,16,STR-552948
687078043562545838,Sweetest 3bed room apt Boston BeaconHill topdeal,373675137,1463554206153655871,Lilith,,Beacon Hill,42.36033,-71.06328,Entire home/apt,264,29,11,2026-06-08,0.27,117,238,4,
1415541106677937744,Lux 1bd,89116179,1467080655397729796,Mike,,Roxbury,42.31986093231637,-71.0803694052777,Entire home/apt,,29,0,,,1,364,0,Exempt: This listing is a unit that has contracts with hospitals
668877697630181000,Amazing Beacon Hill three bed two bath apt,373675137,1463554206153655871,Lilith,,Beacon Hill,42.35979,-71.06557,Entire home/apt,168,29,10,2026-05-01,0.28,117,96,3,
43301136,High-End Studio in the Heart of Boston,30283594,1465445680495565156,Global Luxury Suites I,,Chinatown,42.352093,-71.06081,Entire home/apt,237,29,15,2023-07-15,0.22,31,357,0,Approved by government
27252588,Explore Boston | 1BR Just Steps to Common,163251048,1463025977339310058,Global Luxury Suites,,Chinatown,42.352093,-71.060806,Entire home/apt,258,30,4,2023-08-02,0.09,4,362,0,Exempt: This listing is a unit that has contracts with hospitals
23392249,Elegant Studio Near Chinatown & Transit,95459395,1467150338424544118,Bluebird Suites,,Chinatown,42.35209,-71.06081,Entire home/apt,235,30,3,2023-12-02,0.05,3,357,0,Approved by government
7342489,"Near Boston Common, North End & Tufts Medical Cent",22348222,1462620857010380237,Maverick,,South End,42.34447,-71.07644,Entire home/apt,241,29,131,2024-05-29,1.13,87,285,0,STR-415649
1648557149334267523,2 Bedroom Unit w/ Elevator & In-Unit Laundry,266312920,1469408339723553005,STARS Of,,Roxbury,42.33784,-71.08373,Entire home/apt,307,30,2,2026-05-30,1.05,4,273,2,Exempt: This listing is a unit used for furnished institutional or business stays
43301292,Elegant Studio in the Heart of Boston,30283594,1465445680495565156,Global Luxury Suites I,,Chinatown,42.352093,-71.06081,Entire home/apt,222,30,7,2024-03-01,0.10,31,357,0,Exempt: This listing is a unit that has contracts with hospitals
1121634582746168278,New Boston studio close to T,40995423,1465610092642600562,Bonnie,,Dorchester,42.32128,-71.05731,Entire home/apt,108,31,0,,,9,330,0,
1582806314134738599,705M Brand New Boston King Bed By Subway Hospitals,716073438,1498513307530667402,Metro Luxe Stays,,Downtown,42.358044624721984,-71.06118727904702,Entire home/apt,274,29,1,2026-03-31,0.38,10,131,1,
1337247388766744088,Affordable 1Bedroom in Beacon Hill,373675137,1463554206153655871,Lilith,,Beacon Hill,42.35907,-71.07076,Private room,,29,2,2025-08-03,0.15,117,7,1,
22627141,The Boston Christopher Grand Studio Suite,48494513,1465734787384062854,Inn Boston,,South End,42.34291,-71.07848,Entire home/apt,223,29,0,,,8,364,0,STR-423344
1344588373826775484,"Steps from the Park, Walk to Theaters & Dining",667479162,1470674745714433717,StayNue,,Downtown,42.35037,-71.06414,Entire home/apt,143,30,13,2026-03-31,0.81,4,320,3,STR-584506
53873611,"Blueground | Downtown, amenities & rooftop views",107434423,1462889176402806013,Blueground,,Downtown,42.3511858,-71.06401699999999,Entire home/apt,,30,0,,,227,180,0,
1663400201574750868,306M Boston Corporate Stay | Modern & Centralized,38005935,1624641620926033115,The Edit Collection,,Downtown,42.35823046625695,-71.06013924538456,Entire home/apt,279,29,0,,,14,287,0,STR-452807
1138447244745239255,Spacious Apartment in Luxury Back Bay Building,22541573,1463182329140437053,Furnished Quarters,,Back Bay,42.34923,-71.08055,Entire home/apt,275,32,0,,,42,302,0,
693015527477884811,Most lovely 2 room studio boston heart beacon hill,373675137,1463554206153655871,Lilith,,Beacon Hill,42.35837,-71.06797,Entire home/apt,166,29,5,2026-01-03,0.13,117,245,2,
1597955297310532736,Washer and Dryer - Location - Newbury and Boylston,739989488,1597955297953671161,Hassan,,Back Bay,42.34928,-71.08396,Entire home/apt,265,29,2,2026-05-05,0.82,1,63,2,
13173362,Bostons Best Rentals -Back Bay on Commonwealth Ave,38997,1462507326675374812,Michelle,,Back Bay,42.34777,-71.08493,Entire home/apt,161,32,6,2025-07-09,0.08,12,311,1,
1000737502114505659,Modern Studio | South End,523515799,1470355309937485363,Healing Homes,,Back Bay,42.34361,-71.0819,Entire home/apt,214,29,36,2026-01-31,1.11,43,246,1,Exempt: This listing is a unit that has contracts with hospitals
1318859851345197424,"Blueground | Back Bay, gym, nr Newbury St",107434423,1462889176402806013,Blueground,,Back Bay,42.348129,-71.080849,Entire home/apt,,30,1,2025-06-17,0.08,227,303,1,
1066631881590364857,"Blueground | Chinatown/Theater Dist, gym, nr t",107434423,1462889176402806013,Blueground,,Downtown,42.3511858,-71.06401699999999,Entire home/apt,,30,0,,,227,180,0,
886761634149846872,"Blueground | Back Bay, gym & w/d, nr restaurants",107434423,1462889176402806013,Blueground,,Back Bay,42.348645,-71.0793489,Entire home/apt,,30,0,,,227,286,0,
1136162843707171004,Huge great room for entertaining. 3 bed 3 bath lux,572279043,1470551287413374083,Peter,,Downtown,42.35534,-71.0629,Entire home/apt,1168,29,9,2025-01-15,0.36,5,256,0,Exempt: This listing is a unit that has contracts with hospitals
1632009894637083888,Theatre District.6 Bost. Common. DownTown.63-7,757253,1462528464270965620,Lee,,Downtown,42.35201,-71.06281,Entire home/apt,365,29,13,2026-05-25,4.24,12,362,13,Exempt: This listing is a unit that has contracts with hospitals
5581575,Parking * King Beds * Private Entrance * Kid Ready,28766987,1465424371823154476,Kathy,,Back Bay,42.34628,-71.08064,Entire home/apt,166,29,216,2025-10-15,1.79,1,237,2,STR-400453
53541620,"Blueground | Downtown, amenities & rooftop views",107434423,1462889176402806013,Blueground,,Downtown,42.35119,-71.06402,Entire home/apt,,30,1,2025-10-05,0.12,227,45,1,
1254425675823407725,Cozy 1br | Walk anywhere! | Fast Wifi + Smart lock,523515799,1470355309937485363,Healing Homes,,Downtown,42.35108,-71.06546,Entire home/apt,259,29,23,2025-12-19,1.86,43,162,22,Exempt: This listing is a unit that has contracts with hospitals
1167376707233146839,"Blueground | Theater Dist, gym, nr entertainment",107434423,1462889176402806013,Blueground,,Downtown,42.35119,-71.06402,Entire home/apt,,30,1,2025-08-18,0.10,227,290,1,
1341643291562960023,Cozy Studio in downtown crossing Boston 2594,212359760,1469109115483128123,Evonify Corporate & Medical Housing,,Downtown,42.35460541208076,-71.06043622742888,Entire home/apt,142,29,3,2026-01-14,0.19,65,360,2,STR-520842
1482748760978763515,Modern Furnished Room + Wi-Fi,712188886,1482748761625297615,Heidi,,Roxbury,42.318579,-71.077562,Private room,24,91,0,,,2,365,0,
14943350,219 on the Ocean with Private Bath,72139831,1466891400796042757,Robin,,Dorchester,42.30755,-71.04739,Private room,156,1,472,2026-06-09,3.98,4,233,46,STR-383505
1695560544540771703,"A New Lower Unit, 2 Bedroom, Apt 17A",31070527,1462653788004243910,Daryl,,Hyde Park,42.24975080000001,-71.1317808,Entire home/apt,293,1,5,2026-06-14,5,16,336,5,STR-491593
30249816,Spacious & Peaceful 2BR in Boston w/ Free Parking,227161039,1469209281022937345,Sofia,,West Roxbury,42.29379,-71.15963,Entire home/apt,331,1,134,2026-06-15,1.46,1,112,38,STR-548105
1368427874088025770,Comfy Chic Boston 3BR w/ FREE Parking - World Cup!,230850564,1469230950090023607,Suzana,,West Roxbury,42.2749,-71.14878,Entire home/apt,480,1,44,2026-06-07,3.03,2,325,35,Str-591017
845725526594307928,"Forever Boston-5 mil Fenway, FreePrkg",105054371,1467262719433300831,Elona,,Roslindale,42.289883,-71.1394402,Entire home/apt,341,2,100,2026-06-01,2.53,1,91,23,STR-523310
6261296,"Free parking, 1 private room, 1 queen Bed",7614614,1462736627804513140,Yedan,,West Roxbury,42.28951,-71.15657,Private room,109,2,114,2025-08-16,0.85,1,18,5,STR-397953
49571907,"European, rustic 3 bed/2bath-5 miles to Copley Sq",29483150,1462648275945911579,Irida,,West Roxbury,42.2883,-71.15351,Entire home/apt,451,1,91,2026-05-04,1.48,1,265,5,STR-385960
45844741,Great public transportation to tour all of Boston!,366954587,1469739733663042635,Mario,,Dorchester,42.30736,-71.06375,Entire home/apt,571,1,97,2026-05-18,1.55,1,248,17,STR-523616
1080437607692901584,cozy room in quiet area,538827522,1470416049183922845,Jonathan,,Dorchester,42.30974336956421,-71.0805977546177,Private room,183,1,12,2026-04-21,0.49,3,346,5,STR-540867
1321422,2 bedroom 1st Floor Apartment in Savin Hill,6608084,1462546398706263512,Mary And Barney Carney,,Dorchester,42.30907,-71.04674,Entire home/apt,228,2,684,2026-06-14,4.35,2,22,8,STR-487240
47890883,Swanky unit Convenient to Downtown nr Restaurants,386040727,1469793945044622039,Evans,,Dorchester,42.28626,-71.04232,Entire home/apt,294,1,326,2026-06-07,5.04,4,17,35,STR-519685
22651814,Comfy Den w/ Bath in Rozzie - females only,15396970,1462961319754328952,Linda,,Roslindale,42.28497,-71.13567,Private room,93,3,93,2026-06-11,0.94,2,205,19,STR-530774
29218070,Room D,220130358,1463206163539145227,Keith,,West Roxbury,42.27163,-71.14922,Private room,113,1,151,2026-05-26,1.62,4,235,14,STR-443076
1342324991133167732,Serenity,90538301,1467095633902445900,Pilar,,Hyde Park,42.23941593472954,-71.13331438061056,Entire home/apt,314,2,19,2026-06-14,1.35,1,299,17,STR-584393
44340294,Modern Style Cozy Private Apt,3991218,1462644412936743786,Bleuty,,Roslindale,42.27743,-71.1406,Entire home/apt,215,1,267,2026-05-31,3.74,1,214,37,STR-429060
1611618549556164936,"Walk to shops, convenient commute, safe, sleeps 5",58907993,1611618550364699591,Tamara,,West Roxbury,42.29093290572575,-71.15437516308897,Entire home/apt,298,2,13,2026-06-10,3.22,1,147,13,STR-610646
1369070856745761698,Charming Boston Single Fam Home Near Commuter Rail,51529970,1465806068707661852,Melissa,,West Roxbury,42.290968870887994,-71.14430066524149,Entire home/apt,371,2,45,2026-06-09,3.10,1,176,35,STR-589938
1644952301771604345,Luxury Modern Boston Townhome w/ Parking!,8008453,1462563379127759214,Alyssa,,Hyde Park,42.241477,-71.1352618,Entire home/apt,677,2,1,2026-05-19,1,1,332,1,STR-615713
1611992718071483519,Elegant 4BR Boston Stay • Free Garage + EV Charger,721564069,1521402077009934512,Joana,,West Roxbury,42.28921,-71.1542,Entire home/apt,423,1,9,2026-05-26,2.93,2,174,9,STR-619717
962610,Convenient Boston Hotel Alternative,4434391,1462657402985895990,Damon,,West Roxbury,42.29175,-71.14096,Entire home/apt,241,4,117,2026-04-07,0.75,3,138,9,STR-523304
1002993319352668458,Charming & Cozy Bedroom for Single or Couple,541993082,1470428366531447395,Anna And Samuel,,West Roxbury,42.27814752448772,-71.14810650144058,Private room,133,1,53,2026-06-11,1.73,4,259,15,STR-542608
1234052879132369146,World Cup Home: 25 min to Stadium,14381568,1462590053752337147,Lidia,,West Roxbury,42.282454906274815,-71.15511023251078,Entire home/apt,600,1,2,2024-12-31,0.11,1,44,0,STR-560656
29217663,ROOM A,220130358,1463206163539145227,Keith,,West Roxbury,42.27184,-71.1511,Private room,113,1,92,2025-10-26,0.99,4,256,4,STR-443076
1672752644308846730,Quiet Boston Bungalow: Family Friendly near T,50147451,1672752644961934824,Rajeev,,Roslindale,42.2825,-71.14377,Entire home/apt,685,1,1,2026-06-08,1,1,19,1,STR-623684
1521402076404802266,Charming 3BR Boston Stay Garage + EV + Pool Table,721564069,1521402077009934512,Joana,,West Roxbury,42.29093,-71.15503,Entire home/apt,515,1,34,2026-06-09,4.25,2,157,34,STR-608969
768023699088310062,Modern 1BR apt in Boston’s Roslindale Village,74646031,1466918529611663622,Enrique A,,Roslindale,42.28212,-71.13348,Entire home/apt,361,2,134,2026-06-07,3.14,2,350,31,STR-584689
1344583208991710873,"Modern Retreat, Walk to Hospitals, Dining",667479162,1470674745714433717,StayNue,,Roxbury,42.33031,-71.07005,Entire home/apt,,1,8,2025-06-19,0.49,4,0,0,STR-584504
699850764514871361,Cozy Renovated Suite w/Free St Parking near Train,77801498,1466953619070730577,Emily,,Roslindale,42.28288,-71.139,Entire home/apt,261,1,223,2026-06-09,5.03,1,161,51,STR-532287
1021168700079441081,Cozy Room with 2 Beds and Den: Sofa & TV@3rd Floor,541993082,1470428366531447395,Anna And Samuel,,West Roxbury,42.27806935267941,-71.14832114425923,Private room,133,1,65,2026-06-06,2.07,4,247,26,STR-542608
24971621,Cozy King Suite with Easy Transit Access,186235436,1463087850548727958,Yanlin,,West Roxbury,42.27546,-71.16958,Private room,250,1,126,2026-05-26,1.28,2,311,9,STR-532119
660763432786377137,Beautiful  single family house built on a hill,344700889,1463491852885230096,TingMao,,West Roxbury,42.2945,-71.13955,Entire home/apt,775,1,99,2026-06-10,2.07,1,323,19,STR-586690
1410382714154823147,"Bright & Spacious Boston 
(Firepit & Free Parking)",27217046,1465401883213434781,Michelle,,West Roxbury,42.29348105994391,-71.1624144346733,Entire home/apt,462,2,19,2026-05-22,1.39,1,58,11,STR-594074
1288787964894252152,Cozy 3-Bedrooms Apartment Near Dedham Legacy,153436558,1468503383520029677,Long,,West Roxbury,42.25812,-71.16088,Entire home/apt,269,1,75,2026-06-12,3.99,3,272,61,
29216550,ROOM B,220130358,1463206163539145227,Keith,,West Roxbury,42.27125,-71.14898,Private room,113,1,116,2026-06-01,1.24,4,260,9,STR-443076
23805314,The Red Door Carriage House,12369993,1462886218581006963,David,,West Roxbury,42.28996,-71.1459,Entire home/apt,495,3,273,2026-05-23,2.74,1,203,6,STR-408842
1701497270425706393,Cozy Boston 4BR Easy Red Line Access w/Parking 903,132235026,1468322757400195635,Jenny,,Dorchester,42.2951846,-71.0530428,Entire home/apt,597,1,0,,,9,288,0,STR-898151
1021189333964851646,Charming & Cozy Large Room with 2 Single Beds & TV,541993082,1470428366531447395,Anna And Samuel,,West Roxbury,42.27645686721316,-71.14642770989873,Private room,133,1,42,2025-11-16,1.40,4,254,10,STR-542608
1573210878970424307,"Beautiful House, Bedroom next to Train&Bus, Boston",4546050,1462660156874295812,Margarita,,West Roxbury,42.28088,-71.16007,Private room,117,3,3,2026-05-29,1.61,5,353,3,STR-520919
50325521,COMO,4436209,1462657434288050296,Rene,,Hyde Park,42.24234,-71.14182,Entire home/apt,514,2,93,2026-05-20,1.53,1,353,11,STR-453517
18790023,Unwind from Boston in Comfy/Spacious PrivateRm,9705586,1462570793604468085,Estuardo,,Roslindale,42.27801,-71.13446,Private room,196,1,98,2026-04-21,0.89,2,343,3,STR-401632
967667558662177408,private room w/ 2 twin beds a.c,69267172,1466856298175151977,Lynda,,West Roxbury,42.2787557,-71.16044099999999,Private room,383,1,40,2026-05-26,1.59,20,264,18,STR-513970
1309534455496347443,Cozy 5 Bedrooms - Spacious Apartment Near Legacy,153436558,1468503383520029677,Long,,West Roxbury,42.25783830323105,-71.16170668449779,Entire home/apt,468,1,7,2026-01-16,0.51,3,249,5,
645001882646487077,2BR DOG-Friendly Apt in 2-Fam Home - Comfy Retreat,463279571,1463763068546792986,Tomasz,,West Roxbury,42.2938741,-71.1524408,Entire home/apt,362,2,71,2026-05-14,1.49,1,175,15,STR-482028
19366533,Large Blue Bedroom Next to Train & Bus in Boston,4546050,1462660156874295812,Margarita,,West Roxbury,42.28062,-71.15939,Private room,143,3,54,2026-06-14,0.57,5,350,10,STR-520919
907906545606121142,Boston Studio Apt. With Parking next to Train&Bus,4546050,1462660156874295812,Margarita,,West Roxbury,42.27888,-71.16114,Entire home/apt,219,2,35,2026-06-09,0.99,5,329,11,STR-520919
1054620443981004577,Large Bedroom Next to Train & Bus in Boston,4546050,1462660156874295812,Margarita,,West Roxbury,42.2804,-71.16149,Private room,148,3,20,2025-10-22,0.76,5,347,3,STR-520919
1034145517976170721,"Private Room with Bathroom, Parking, Near Train",12102465,1462880145394092375,Jorge E,,West Roxbury,42.278400687430796,-71.17125314973755,Private room,79,4,13,2026-05-29,0.49,1,88,5,STR-548111
896170185862100440,Cheerful Open Concept 2BD/1Bath w/Off St. Parking,400597920,1469839098391591052,Eddie And Romana,,Roslindale,42.28593803715664,-71.14666342630856,Entire home/apt,216,29,13,2026-05-10,0.36,2,161,1,Exempt: This listing is a unit used for furnished institutional or business stays
9292118,Beautiful 2BD / 1 BA - 1st Floor,2935501,1462612878429731249,John,,West Roxbury,42.27843,-71.16233,Entire home/apt,281,3,254,2026-06-07,1.98,1,36,23,STR-571740
1305295208778605721,Beautiful 1bd Boston Apartment - FREE Parking,532483285,1470391069076924738,Agron,,West Roxbury,42.26149721241076,-71.16269047824449,Entire home/apt,111,29,4,2025-11-01,0.24,1,196,2,STR-592907
1161210,Comfy Home in Boston Suburbs,3887707,1462641852411672562,Nancy,,West Roxbury,42.27171,-71.16688,Private room,172,2,212,2026-05-17,1.34,1,353,6,STR-597328
29217949,ROOM C,220130358,1463206163539145227,Keith,,West Roxbury,42.27302,-71.14923,Private room,113,1,124,2026-04-19,1.33,4,252,9,STR-443076
1431106772041034419,Tranquil Home with Nature Views,28834326,1465425245662912636,Genta,,West Roxbury,42.26722,-71.16649,Entire home/apt,779,1,6,2026-06-14,0.75,1,42,6,STR-596368
20978478,Escape Noisy Boston in Modern/Bright PrivateRoom,9705586,1462570793604468085,Estuardo,,Roslindale,42.27782,-71.13332,Private room,220,1,67,2026-05-05,0.63,2,353,3,STR-401632
952102570622509535,Private room lock full bed pet ok a.c,69267172,1466856298175151977,Lynda,,West Roxbury,42.27770002445315,-71.16073794979158,Private room,229,1,52,2026-03-28,1.52,20,146,16,STR-513970
826990034800976237,Welcome to The Lavender Room,492758013,1470218704768720057,Viviane,,Roslindale,42.28793,-71.13992,Private room,237,1,6,2026-04-19,0.15,3,348,2,STR-546206
972445096435473064,W.R. Private Fifa twin bed flr 3 air conditioning,69267172,1466856298175151977,Lynda,,West Roxbury,42.27981,-71.15979,Private room,183,1,34,2026-05-31,1.04,20,86,14,STR-513970
1464629360371038986,Sunny Suite In Victorian Home,135689004,1529322123881767130,Saulius,,Dorchester,42.3112881600243,-71.04822874024336,Entire home/apt,343,1,21,2026-05-31,2.28,1,38,21,STR-470149
1245058111948240983,New modern cozy 3BR condo: free parking&near train,587922682,1470607385733947304,Gia,,Roslindale,42.28024449746761,-71.14150409806292,Entire home/apt,502,2,40,2026-06-15,1.92,2,343,26,STR-591006
903125425175805213,Cozy Urban Studio in Boston,510712953,1470296359183514676,Rosy,,Dorchester,42.284873568189504,-71.04756586071318,Entire home/apt,243,2,103,2026-05-26,2.82,2,362,25,STR-544857
16013285,Clean & Spacious 2 bedroom Near Downtown,68235152,1466843425065525655,Shawn,,Dorchester,42.29181,-71.05264,Entire home/apt,533,2,162,2026-06-10,1.47,1,323,5,STR-383333
819772528471769831,Private twin bed floor 2 a.c,69267172,1466856298175151977,Lynda,,West Roxbury,42.277853675096054,-71.16010426966892,Private room,252,1,19,2026-04-11,0.57,20,47,4,STR-513970
16987125,Roslindale flr 1 pets queen bed & a.c. Laundry/pkg,69267172,1466856298175151977,Lynda,,Roslindale,42.27646,-71.1348,Private room,68,22,25,2026-06-01,0.22,20,163,1,STR-416446
1156624218560798027,W.R. Duplex apt flrs 2 and 3 sleeps 10 Boston,69267172,1466856298175151977,Lynda,,West Roxbury,42.27973875507627,-71.16085863782494,Entire home/apt,2112,1,0,,,20,286,0,STR-513970
777788877731506004,Private room with single bed floor 2 a.c.,69267172,1466856298175151977,Lynda,,West Roxbury,42.27778149851245,-71.1608659183274,Private room,263,1,44,2026-03-29,1.12,20,270,18,STR-513970
1182255793093036671,W.R. Private full bed 1st floor,69267172,1466856298175151977,Lynda,,West Roxbury,42.27756063517099,-71.16141550961004,Private room,257,1,23,2026-06-01,1.00,20,146,15,STR-513970
1231240207435021877,New modern 2bd condo: free parking/near train,587922682,1470607385733947304,Gia,,Roslindale,42.2791829,-71.14073929999999,Entire home/apt,662,1,40,2026-06-14,1.87,2,313,23,STR-598581
826915410213840891,Welcome to the Aqua Room,492758013,1470218704768720057,Viviane,,Roslindale,42.28793,-71.13991,Private room,237,1,12,2025-10-20,0.30,3,348,2,STR-546206
695922879473339360,West Roxbury Private apt on flr 2 pet ok a.c,69267172,1466856298175151977,Lynda,,West Roxbury,42.27838,-71.15953,Entire home/apt,628,1,6,2026-06-07,0.18,20,47,1,STR-513970
951532971688006566,"Near I-93, Beach & Boston - Cozy 4BR w/Parking 988",530105776,1470381946138973216,Alexander N,,Dorchester,42.2907089,-71.0461607,Entire home/apt,679,1,105,2026-06-15,3.04,1,295,32,STR-570818
1661213888855076004,Gateway to FIFA + Downtown | Office + Home Gym,57869196,1661213889437536444,Erica,,West Roxbury,42.28486,-71.15915,Entire home/apt,904,2,1,2026-05-11,0.83,1,46,1,STR-623522
651321536161383325,Top of the Hill Townhouse,178096049,1468722669185842238,Sean,,West Roxbury,42.27376,-71.17007,Entire home/apt,761,3,95,2026-06-01,1.99,1,34,19,STR-546115
887651543834186054,Charming vintage apartment!,45170293,1465670459873926403,Melissa,,Dorchester,42.2905563,-71.0523528,Entire home/apt,299,1,106,2026-05-30,2.83,1,59,36,STR-525637
1381394942897241860,"Adams Village 6-Bed Apt: City Perks, Suburban Vibe",473301884,1470134541479088895,Mylinh,,Dorchester,42.28844,-71.05417,Entire home/apt,666,1,24,2026-05-29,1.68,9,325,22,STR-591083
1386847265116116984,4BR Boston Stay | World Cup & Gillette Access (40),594041047,1463894974456341817,Jenny,,Dorchester,42.3030644,-71.0561584,Entire home/apt,674,1,41,2026-06-07,2.91,6,327,34,STR-588940
1467394359101671929,Queen Bed | Ramada Boston | near Franklin Zoo,699580194,1468054017685724850,Ramada By Wyndham,,Dorchester,42.29496,-71.04676,Hotel room,267,1,0,,,14,329,0,Exempt: This listing is a hotel or motel
1467394320722728087,2 Double Bed | 2 Units | Seasonal Pool,699580194,1468054017685724850,Ramada By Wyndham,,Dorchester,42.29496,-71.04676,Hotel room,424,1,0,,,14,345,0,Exempt: This listing is a hotel or motel
1467394332520091006,2 Units | 2 Double Bed | Seasonal Pool,699580194,1468054017685724850,Ramada By Wyndham,,Dorchester,42.29496,-71.04676,Hotel room,424,1,0,,,14,345,0,Exempt: This listing is a hotel or motel
1467394362771572357,King Bed | Ramada Boston | Access to Fenway Park,699580194,1468054017685724850,Ramada By Wyndham,,Dorchester,42.2949563,-71.0467594,Hotel room,252,1,10,2026-03-31,1.12,14,346,10,Exempt: This listing is a hotel or motel
32890952,Quiet Comfort in Boston - Spacious 2 Bedroom,147256535,1462977608907806500,Jan,,Roslindale,42.27855,-71.14064,Entire home/apt,521,3,12,2025-11-10,0.14,2,344,2,Str-624408
1645210256763014954,Modern Cozy Retreat near Downtown + Parking,456219260,1470053042469876164,Quoc B,,Dorchester,42.29007,-71.04794,Entire home/apt,626,2,5,2026-06-09,2.73,4,329,5,STR-621955
1467394364135470099,2 Rooms w/ Queen Bed | Ramada Boston | near DT,699580194,1468054017685724850,Ramada By Wyndham,,Dorchester,42.29496,-71.04676,Hotel room,534,1,0,,,14,321,0,Exempt: This listing is a hotel or motel
1467394364147035274,Ramada Boston | King Bed | Free Shuttle to Airport,699580194,1468054017685724850,Ramada By Wyndham,,Dorchester,42.29496,-71.04676,Hotel room,252,1,0,,,14,346,0,Exempt: This listing is a hotel or motel
1626208481517103327,Entire Cosy Garden studio-Unique charming space,7723912,1462739549427207663,Fj,,Roslindale,42.2817091010927,-71.13476329308435,Private room,94,12,0,,,4,361,0,STR-607966
1467394362667957202,Ramada Boston | 2 Rooms w/ Queen Bed | Free Bfast,699580194,1468054017685724850,Ramada By Wyndham,,Dorchester,42.29496,-71.04676,Hotel room,534,1,0,,,14,321,0,Exempt: This listing is a hotel or motel
1060700520498426267,"Boston private Suite with private Bath, Train/Bus",4546050,1462660156874295812,Margarita,,West Roxbury,42.28089,-71.15935,Private room,186,1,12,2026-06-02,0.44,5,350,5,STR-520919
576330061675822951,"Cozy, spacious & private bedroom in Boston",380867321,1469778754198664663,Jane,,West Roxbury,42.27618,-71.16087,Private room,66,10,11,2024-03-10,0.23,2,320,0,STR-476788
1242966790452500053,This Apartment is an great aerie in Boston,564117259,1470515223498381328,Vasil,,West Roxbury,42.2740567,-71.1502902,Entire home/apt,853,29,8,2025-08-02,0.39,1,304,3,Exempt: This listing is a hotel or motel
48997821,"6 Room, 3 Bedroom: parking Quintessential Boston",147256535,1462977608907806500,Jan,,Roslindale,42.27832,-71.14076,Entire home/apt,387,3,10,2026-05-19,0.17,2,311,3,STR-622227
1696462879480878415,World Cup Home Base | Game Room & Patio,35645579,1696462880201311988,Brandon,,West Roxbury,42.262084120490414,-71.14961508661509,Entire home/apt,1541,3,0,,,1,27,0,STR-626533
858659396824816067,Upscale Boston 2 BR w/ Off Street Parking,507787766,1470282662124396240,Tim,,West Roxbury,42.29362,-71.13868,Entire home/apt,518,1,94,2026-05-19,2.42,1,344,18,STR-518362
1076294742168671644,3BR2BA Apt - Near train station,540652515,1470423069262566247,Hong,,Dorchester,42.31119413032659,-71.05374671024839,Entire home/apt,643,1,43,2026-05-25,1.54,2,226,17,STR-541629
1467394331642356292,2 Double Beds | Ramada Boston | near Franklin Zoo,699580194,1468054017685724850,Ramada By Wyndham,,Dorchester,42.29496,-71.04676,Hotel room,242,1,12,2026-05-17,2.14,14,346,12,Exempt: This listing is a hotel or motel
790042485512163978,Welcome to Your Private Oasis,492758013,1470218704768720057,Viviane,,Roslindale,42.2879258,-71.1399203,Private room,289,3,5,2026-06-14,0.14,3,347,1,STR-546206
1467394320218680755,Ramada Boston | 2 Double Beds | Seasonal Pool,699580194,1468054017685724850,Ramada By Wyndham,,Dorchester,42.29496,-71.04676,Hotel room,252,1,0,,,14,346,0,Exempt: This listing is a hotel or motel
1532612281085226553,Brand New Dorchester Apt! Quiet! Mins from Boston.,482192119,1470171436747129493,Helen,,Dorchester,42.2955386,-71.0526605,Entire home/apt,664,2,2,2026-04-12,0.26,2,338,2,STR-600837
1467394350403748736,Ramada Boston | 2 Double Beds | DT Stay | 2 Units,699580194,1468054017685724850,Ramada By Wyndham,,Dorchester,42.2949563,-71.0467594,Hotel room,484,1,0,,,14,346,0,Exempt: This listing is a hotel or motel
1508336921819256776,Cozy house in Adams Village / Boston,696034963,1470733731533928675,Katie,,Dorchester,42.28288145139013,-71.05391818491682,Entire home/apt,699,2,4,2026-05-18,0.50,1,10,4,STR-607965
1467394341508994414,Ramada Boston | 2 Double Beds | Near Franklin Zoo,699580194,1468054017685724850,Ramada By Wyndham,,Dorchester,42.29496,-71.04676,Hotel room,242,1,1,2026-03-16,0.33,14,346,1,Exempt: This listing is a hotel or motel
1598746392763982689,Quiet Garden Loft with beautiful view,380867321,1469778754198664663,Jane,,West Roxbury,42.27684562980673,-71.16186706508178,Entire home/apt,238,1,1,2026-06-11,1,2,261,1,STR-613206
1398700904124556595,Beautiful 2BR in Savin Hill Boston 9914,657483974,1470651798436237535,E Stays,,Dorchester,42.31141385191415,-71.0507243195717,Entire home/apt,333,2,47,2026-06-01,3.45,18,326,34,STR-520842
1467394314346670648,2 Double Beds | Ramada Boston | Seasonal Pool,699580194,1468054017685724850,Ramada By Wyndham,,Dorchester,42.29496,-71.04676,Hotel room,252,1,2,2025-09-05,0.20,14,346,2,Exempt: This listing is a hotel or motel
1467394359131109222,Ramada Boston | Queen Bed | Seasonal Pool,699580194,1468054017685724850,Ramada By Wyndham,,Dorchester,42.2949563,-71.0467594,Hotel room,267,1,1,2026-05-05,0.71,14,329,1,Exempt: This listing is a hotel or motel
1621169672775682389,2BR2BA Central & Cozy Retreat - Near Downtown,456219260,1470053042469876164,Quoc B,,Dorchester,42.29158,-71.04938,Entire home/apt,536,1,1,2026-03-15,0.32,4,349,1,STR-591083
16272709,Roslindale private apt pkg window a.c pets laundry,69267172,1466856298175151977,Lynda,,Roslindale,42.27486,-71.13495,Entire home/apt,184,29,46,2020-03-15,0.41,20,269,0,STR-416443
1617754672915911849,Urban Oasis - females or grandparents only,15396970,1462961319754328952,Linda,,Roslindale,42.28666,-71.13719,Private room,90,31,0,,,2,182,0,STR-530774
1352291155141488852,25A2.2 | The Alameda 2 | 2BR 1B w/AC & WD | Room 2,71783,1462508362719740106,Swank Properties Boston,,West Roxbury,42.29226131244877,-71.15318579213496,Private room,94,30,0,,,52,287,0,Exempt: This listing is a unit used for furnished institutional or business stays
13046581,5-Bed Apartment w/ Kitchen + Free Parking,19488432,1463079653266495847,Xholion,,West Roxbury,42.25979,-71.15911,Entire home/apt,243,29,256,2026-01-02,2.17,1,349,3,STR-391798
38482523,Roslindale MB 1st flr queen bed lock pet ok,69267172,1466856298175151977,Lynda,,Roslindale,42.275023391676584,-71.13507654887017,Private room,75,29,0,,,20,209,0,
1279290931179614814,Cozy 2bd w/ Queen beds & laundry,16052189,1462596404243949425,Jonathan,,Hyde Park,42.2499037581975,-71.13359079469906,Entire home/apt,122,30,1,2025-03-18,0.07,12,190,0,
556950410338375450,Masters bed room in Boston with free parking,9663343,1462820009551127353,Sarah,,Dorchester,42.30765,-71.07899,Private room,32,91,44,2023-10-13,0.82,2,365,0,Exempt: This listing is a unit used for furnished institutional or business stays
601763,25A2 | The Alameda 2 | 2BR 1BA w/AC & WD | Private,71783,1462508362719740106,Swank Properties Boston,,West Roxbury,42.29192,-71.15407,Entire home/apt,121,30,45,2025-10-31,0.40,52,147,2,
36596382,"Bright, spacious, home to call home.",29342116,1465432194836518437,Brian,,Roslindale,42.28767,-71.14229,Entire home/apt,192,29,6,2026-05-02,0.08,1,104,1,STR-416681
17472272,"World Cup Home Base - 3,000+ sqft in Boston",4434391,1462657402985895990,Damon,,West Roxbury,42.29106,-71.14177,Entire home/apt,3111,29,6,2019-06-03,0.06,3,88,0,STR-619640
21096288,Minutes to Downtown Boston,12357599,1462885918188690060,Jordy,,Dorchester,42.31139,-71.05494,Entire home/apt,138,31,20,2025-12-19,0.20,1,105,1,
16148182,~*Pet Friendly 30min to Downtown*~ THE BOSTONIAN,14016102,1462588664455731197,Jovan,,Hyde Park,42.26145553588867,-71.11660766601562,Entire home/apt,250,2,344,2026-05-25,2.98,2,337,43,STR-443131
1490123632717146494,Welcome to Your Luxurious Urban Haven!,303782110,1463420542935851220,Trang,,Dorchester,42.2828031,-71.0515875,Entire home/apt,232,29,20,2026-03-15,2.25,1,280,20,STR-620204
1593542130380080664,Two bedroom apartment,474475800,1593542131047953906,Natasha,,Hyde Park,42.2421154,-71.12263440000001,Entire home/apt,229,1,20,2026-06-09,6.45,1,333,20,STR-617216
1545939973639308566,Roslindale sleeps 5 pet friendly laundry& pkg,69267172,1466856298175151977,Lynda,,Roslindale,42.27478,-71.13323,Entire home/apt,231,29,0,,,20,339,0,
664601123005873489,Loft Penthouse Steps Off Broadway!,40548611,1465604211956434408,Andrey,,South Boston,42.33786,-71.047,Entire home/apt,,2,34,2025-08-08,0.74,1,0,2,STR-485648
50007180,Newly Renovated Double Room!,15583990,1462965825217431486,Natalia,,Dorchester,42.29049,-71.06138,Private room,239,1,57,2026-01-11,0.94,7,143,6,STR-453623
12040113,"Cozy, Clean, Convenient. Private 4 rm, 2 bdrm APT",27842033,1465410891983561891,Bernard,,Mattapan,42.27178,-71.07731,Entire home/apt,69,29,205,2024-11-09,1.90,7,133,0,STR-409168
1209282533113560710,"#2 ""Top of the Hub"" Bob Marley Room",4375564,1462655298586932507,Ruben,,Roslindale,42.28342,-71.12383,Private room,234,1,129,2026-06-13,5.66,5,335,72,STR-570381
1181795869552776440,"#3 ""Top of the Hub"" Marilyn Monroe Room",4375564,1462655298586932507,Ruben,,Roslindale,42.28401000476389,-71.12231785322327,Private room,168,1,109,2026-06-07,4.71,5,348,58,STR-570381
1186474380701759928,Private suite Bed & bath near Forest Hills Station,74813314,1466920471890007123,Alice,,Hyde Park,42.26980269227048,-71.11877419392917,Private room,239,1,40,2026-05-26,1.69,4,348,21,STR-550744
750438,"Private room for 1 person, separate private bath",3945438,1462643263625720425,Lisa,,Jamaica Plain,42.30733,-71.11129,Private room,115,2,332,2026-06-08,2.09,1,57,20,STR-523680
53756737,Private Guest Suite with Parking & Fire Pit,42715907,1465634595907783638,Emma,,Jamaica Plain,42.30486,-71.12977,Entire home/apt,280,2,92,2026-05-31,1.69,1,188,10,STR-463838
35038113,Printing Press Loft,254409051,1529327221584505132,Susan,,Jamaica Plain,42.30585,-71.11294,Entire home/apt,266,3,130,2026-06-09,1.52,1,187,14,STR-398787
1439441147547498575,Modern 3Bd hidden gem + parking,64304878,1466793859345833954,Troy,,Roslindale,42.27145,-71.1282,Entire home/apt,366,2,7,2026-06-07,0.75,1,328,7,STR-588315
1380681912549561268,Cozy Home - close to everything,1031357,1462515794549141473,Jessica,,Roslindale,42.28876855733975,-71.12659402191639,Entire home/apt,399,1,3,2026-06-08,1.25,1,70,3,STR-606614
861788821813334017,"Roslindale Condo,W/D in unit,2 BDR,Free Parking",144344613,1468420916626934963,Gerald,,Roslindale,42.2786954,-71.11786239999999,Entire home/apt,276,3,49,2026-06-11,1.33,1,258,4,STR-522292
1634103304494122968,Sunny Clean Renovated Apt + parking in heart of JP,13897255,1462925781594139196,Chris,,Jamaica Plain,42.30963,-71.11395,Entire home/apt,395,1,2,2026-05-29,2,1,168,2,STR-620903
15147053,Historic JP Brownstone with Parking. Pets Welcome!,14630158,1462943177367874194,Lynel,,Jamaica Plain,42.30974,-71.10798,Entire home/apt,310,1,594,2026-06-05,5.07,1,60,54,STR-447200
1272463919760527125,Classic 2 bedroom near Arboretum,552168586,1470468325058717118,Eric,,Jamaica Plain,42.3083695,-71.11887829999999,Entire home/apt,384,1,44,2026-06-14,2.26,1,309,28,STR-578442
16770690,Maria's JP Rental - Boston Duplex in Jamaica Plain,111344375,1462898580020326432,Maria,,Jamaica Plain,42.30745,-71.11043,Entire home/apt,308,3,119,2026-05-30,1.26,1,267,14,STR-436507
1179028095182598146,Large Bedroom & Private Bathroom 3B,16612533,1462990857401466263,Matt,,Dorchester,42.28154,-71.0724,Private room,72,30,5,2026-01-31,0.25,16,74,3,
30017679,Victorian house comfortable and cozy,10692181,1462575396807502733,Francisco,,Jamaica Plain,42.31031,-71.1027,Entire home/apt,616,1,76,2026-05-18,1.13,5,275,18,STR-545241
48585748,"2BR Near Transit, Shops, Arboretum + Free Parking",57402911,1462737158827460600,Georgia,,Roslindale,42.2895,-71.13044,Entire home/apt,327,3,114,2026-06-14,1.85,1,294,10,STR-445690
17296595,Beautifully renovated apartment in the trees,13242712,1462906715891797343,Benjamin,,Jamaica Plain,42.30817,-71.11114,Entire home/apt,518,1,117,2025-08-10,1.05,1,68,4,STR-484090
1310418349859774264,Spacious 4-bedroom Getaway Apt 5 mins from MBTA,64967767,1466803433563106914,Giovanni,,Mattapan,42.26481096928224,-71.09742672090077,Entire home/apt,399,1,25,2026-05-17,1.64,1,245,17,STR-605617
1246659800380574108,Pristine1b1b. Neartransit. FreeStreetParking,31176944,1465458758798869504,Angeline Agatha,,Roslindale,42.28370982885688,-71.11504110597,Entire home/apt,181,3,10,2026-05-20,0.48,2,248,2,STR-443490
48675718,"Longterm Boston2b1b,Easy transit,on-site parking",31176944,1465458758798869504,Angeline Agatha,,Roslindale,42.28224,-71.11739,Entire home/apt,259,5,95,2026-06-05,1.50,2,224,13,STR-443490
1515306685708974789,Free parking - room 3,92524206,1462853636538178380,Ray,,East Boston,42.3846,-71.00615,Private room,194,1,19,2026-06-15,2.21,4,246,19,STR-517671
1514629096140818505,Third floor room - free parking,92524206,1462853636538178380,Ray,,East Boston,42.38605,-71.00435,Private room,211,1,14,2026-06-03,1.60,4,78,14,STR-516897
2378421,Light-filled Private Suite on Beautiful Street,12150111,1462881230061141720,Antoinette,,Jamaica Plain,42.31146,-71.11947,Entire home/apt,254,2,219,2026-05-30,1.48,1,78,17,STR-545109
1642811899603999673,W5_ Double Room In Andrew Station Area,541813300,1470427724054736466,Boston,,Dorchester,42.30197536324275,-71.06600255737084,Private room,132,1,3,2026-04-24,1.41,32,353,3,STR-410134
1498033095754674975,"Cozy 3BR/2BA Parking, Walk To MBTA & Restaurants",397641165,1497988876992359387,Mai Tram,,Dorchester,42.2873604,-71.0540121,Entire home/apt,611,4,0,,,2,336,0,STR-606099
1371111532014661989,2bd/2ba in Savin Hill Boston 1234,212359760,1469109115483128123,Evonify Corporate & Medical Housing,,Dorchester,42.31056115353316,-71.05227701869605,Entire home/apt,180,29,4,2025-05-10,0.26,65,323,0,STR-520842
805849464095237415,Studio in E. Boston #1,193540040,1463105138896048732,Luciano,,East Boston,42.389828263890514,-71.00259027290345,Entire home/apt,194,1,157,2026-05-31,3.97,2,34,42,STR-544965
1349426199893911485,"(DR81) Great for Family! 6 bedroom, 7 bath",261436898,1469381823054867298,Boston Properties,,Dorchester,42.28803856486838,-71.03931808247468,Entire home/apt,739,2,26,2026-06-03,1.73,4,124,17,STR-604739
918904984983903999,"(DR52) 5BR w/ Rooftop, Grill, Bay Views & Parking",261436898,1469381823054867298,Boston Properties,,Dorchester,42.28846,-71.0393,Entire home/apt,846,1,65,2026-05-30,1.84,4,131,14,str-526502
1624166157258846187,FIFA World Cup easy to Airport & Downtown Boston,22402141,1463178904072957885,Mirian G,,East Boston,42.38949,-71.00365,Private room,110,3,3,2026-06-02,1.58,3,342,3,STR-613306
883863319226431674,Eastie near the airport Great location,38381764,1465574203943668203,Ivan,,East Boston,42.37885436946893,-71.0319274351848,Entire home/apt,278,2,55,2026-05-30,1.45,1,244,14,STR-541684
1599413449519030485,2nd Flr Queen Bed Room with Shared Bathroom,72577057,1466896113222697899,Evan,,Hyde Park,42.26562,-71.10414,Private room,242,1,8,2026-06-07,1.83,3,177,8,STR-615017
1202927432798024064,"Cozy/Spacious & Sunny Apt/ Downtown,Airport Nearby",285479034,1469492848712752751,Sonam,,East Boston,42.38999,-71.00823,Entire home/apt,262,1,100,2026-06-14,4.40,1,190,55,STR-569649
3968797,Sunny bedroom in large quiet house,4762495,1462664879902866247,Jennifer,,Roslindale,42.28969,-71.13183,Private room,126,2,85,2026-06-14,0.62,3,232,8,STR-522159
847189753655203664,Cozy 5BR Jamaica Plain | Walk to T & Downtown,279124542,1469469687522005164,Angela,,Jamaica Plain,42.2941174,-71.11704639999999,Entire home/apt,585,2,84,2026-06-05,2.20,5,341,30,STR-590060
986064726941440389,Arc House 1,443303200,1469999479741131438,Winsome Joy,,Mattapan,42.27335926355007,-71.09710208829844,Private room,149,1,14,2025-10-25,0.43,1,174,4,STR-540796
1623418884391686340,"The Oak House, North • Art Deco • Luxe • Relaxing",416027128,1463648115903378942,Our House,,Brighton,42.34957,-71.17393,Entire home/apt,633,1,1,2026-04-21,0.54,41,278,1,STR-619698
950573469793079349,Hidden Gem in Port Norfolk,147376476,1468445285853784240,Ronald,,Dorchester,42.286338056398,-71.04252835224409,Entire home/apt,975,2,41,2025-11-30,1.62,1,60,10,STR-559439
1190758651187550198,"Modern 2BR Apt, 30 min to Downtown w/Parking Spot!",71476225,1466883899992844750,Nancy,,Hyde Park,42.242,-71.13201,Entire home/apt,362,1,24,2026-06-01,1.02,1,107,6,STR-568829
1690383848812081141,"A New 3 Bedroom 4 Beds 2 Bath, Apt 3",31070527,1462653788004243910,Daryl,,Hyde Park,42.24975080000001,-71.1317808,Entire home/apt,374,1,4,2026-06-14,4,16,318,4,STR-491593
1682525395398731724,"A New 3 Bedroom 4 Beds 2 Bath, Apt 1",31070527,1462653788004243910,Daryl,,Hyde Park,42.24975080000001,-71.1317808,Entire home/apt,409,1,6,2026-06-13,6,16,337,6,STR-491593
1688764418542864903,"A New 3 Bedroom 4 Beds 2 Bath, Apt 2",31070527,1462653788004243910,Daryl,,Hyde Park,42.24975080000001,-71.1317808,Entire home/apt,380,1,0,,,16,320,0,STR-491593
996990990736513456,sunny and oversized in quiet area,538827522,1470416049183922845,Jonathan,,Dorchester,42.31141,-71.08038,Private room,194,1,10,2026-04-20,0.40,3,348,6,STR-540867
737064548472086071,Lovely Apartment in the City of Boston,483491055,1463809408480361185,Gladys,,Hyde Park,42.25809,-71.12244,Entire home/apt,214,1,151,2026-05-22,3.59,2,212,31,STR-515097
1120432036871661594,Boston-Fairmont Hills Apartment,77144691,1466944809110221519,Williston,,Hyde Park,42.24472838852835,-71.12051106444976,Entire home/apt,377,1,77,2026-05-24,2.91,1,185,15,STR-614986
1406629404701374087,2 br in Historic Charlestown,227812516,1469213324508997412,Rob,,Charlestown,42.3727446,-71.0612862,Entire home/apt,,91,0,,,1,268,0,
1560834426237863459,Luxury Condo in Desired Savin Hill - with parking!,74866711,1466921089295336159,Mike,,Dorchester,42.31209,-71.04902,Entire home/apt,129,29,1,2025-12-08,0.16,1,165,1,STR-414081
1685736957056364512,Accessible Boston Home For World Cup Games!,371979353,1685736957961950710,Justin,,Hyde Park,42.2442822,-71.12351009999999,Entire home/apt,502,2,0,,,1,190,0,STR-617068
1422529939946962207,NEW! Upscale 3Bed~Parking~W&D~ Near MBTA,522957766,1470352969611035419,Mindy,,Hyde Park,42.2594781,-71.1155179,Entire home/apt,694,1,19,2026-05-29,1.66,1,238,19,STR-596261
1409522571756431583,Spectacular Boston City View,692164752,1470725664395545668,Nadine,,Roxbury,42.3265349,-71.0906552,Entire home/apt,,91,0,,,2,309,0,
913603590982610054,Chic Condo Retreat near Ashmont,248721513,1469318782654223634,Roodberley,,Dorchester,42.28485,-71.05648,Private room,265,29,0,,,1,364,0,STR-530813
1490760244449858295,"Renovated 3B, 2BA, Skyline View, Laundry, Cen Air",250399091,1469327367939017586,Nina,,Dorchester,42.29555921174926,-71.05607438208189,Entire home/apt,434,30,1,2025-08-26,0.10,9,320,1,Exempt: This listing is a unit used for furnished institutional or business stays
1132117529191962304,"Renovated 3B, 2BA, Skyline View, Laundry, Cen Air",31340713,1465460976217419594,Kama,,Dorchester,42.29536,-71.05618,Entire home/apt,274,30,2,2025-05-17,0.09,19,85,0,Exempt: This listing is a unit used for furnished institutional or business stays
1666786830901004803,*1 TDGarden Celtics/Bruins/Lil Italy/Historic,3637081,1462531041766010189,Anthony,,North End,42.36758,-71.05655,Entire home/apt,290,1,5,2026-05-25,3.41,11,242,5,STR-619445
1341508086520452601,Luxury 2bd/2ba Next to the Airport 8168,212359760,1469109115483128123,Evonify Corporate & Medical Housing,,East Boston,42.37639,-71.03017,Entire home/apt,281,1,6,2026-06-01,0.43,65,345,5,STR-584748
1572159797868377330,NEW! Spacious: 3Bed-Parking-Near MBTA,733171605,1572159798575002077,Chantae,,Hyde Park,42.2618141,-71.1162614,Entire home/apt,342,1,32,2026-05-31,5.58,1,116,32,STR-605219
28578655,"Mount Restwell, Serenity Vicinity",44581223,1465661874907416120,Andre,,Hyde Park,42.25086,-71.11469,Private room,125,29,22,2025-08-23,0.24,6,365,2,STR-416718
26849309,Entire Apt near MBTA transit/keyless self check-in,201935605,1463144659436428083,Sherwin,,Hyde Park,42.25121,-71.11694,Entire home/apt,80,29,59,2026-03-29,0.62,7,87,4,
1497988876347853075,4BR/2BA Free Parking | Walk to MBTA & Restaurants,397641165,1497988876992359387,Mai Tram,,Dorchester,42.28736,-71.05401,Entire home/apt,515,3,0,,,2,226,0,STR-606099
14778561,"Mt Restmore, COZY spacious and Clean",44581223,1465661874907416120,Andre,,Hyde Park,42.25302,-71.11591,Private room,68,29,50,2024-08-31,0.42,6,360,0,STR-416718
896498493759045169,Boston 4bd 2 bath Townhouse with parking & office,16052189,1462596404243949425,Jonathan,,Hyde Park,42.25103653441923,-71.13272659288779,Entire home/apt,297,30,4,2024-11-23,0.16,12,242,0,
1110098839069288363,"Modern 3BR Suburban Retreat, Minutes from Downtown",5424940,1462680523457841668,Delanda,,Hyde Park,42.24684,-71.11612,Entire home/apt,234,29,23,2026-05-20,0.90,2,300,1,STR-552439
8490356,Gorgeous and Bright Victorian Home,44581223,1465661874907416120,Andre,,Hyde Park,42.25274,-71.11599,Private room,69,29,43,2025-04-30,0.33,6,350,0,STR-416718
549991434525062910,Beautiful space in Beautiful home!!,84349533,1467019118572498408,Moe,,Hyde Park,42.25041,-71.12739,Entire home/apt,110,29,30,2025-12-16,0.62,2,350,3,STR-468015
4699828,Charming Victorian Furnished Home,19466495,1463079193511944662,Barbara,,Hyde Park,42.2563,-71.12762,Entire home/apt,172,29,115,2025-11-02,0.85,1,264,1,STR-615395
1395913838491495004,"Conveniently located Apartment in Hyde Park, MA",689149936,1470719269551247143,Augustina,,Hyde Park,42.2542421,-71.121259,Private room,310,29,0,,,1,359,0,STR-594316
1006662795441855296,Boston Duplex w/ Foosball Table: 11 Mi to Downtown,122377513,1468126526837796926,Evolve,,Hyde Park,42.24883,-71.12157,Entire home/apt,247,29,31,2025-04-23,1.01,4,265,0,STR-522953
16379917,3bd 2 bath Boston  w/parking and office,16052189,1462596404243949425,Jonathan,,Hyde Park,42.2355,-71.13134,Entire home/apt,155,29,12,2025-08-30,0.10,12,291,1,
7497047,Boston Private Room - Clean and quiet close to T,16052189,1462596404243949425,Jonathan,,Hyde Park,42.23606,-71.1331,Private room,66,29,11,2019-06-29,0.08,12,44,0,
1280945570247409798,Boston 2bd with in unit laundry,16052189,1462596404243949425,Jonathan,,Hyde Park,42.24944553486619,-71.13283727327818,Entire home/apt,118,30,2,2026-05-13,0.20,12,286,2,
642706953473685940,Cheerful 1-bedroom in a home,84349533,1467019118572498408,Moe,,Hyde Park,42.25022,-71.12842,Private room,92,29,25,2024-05-16,0.51,2,321,0,STR-468015
799785700040128099,2bd in Quiet boston neighborhood near mbta,16052189,1462596404243949425,Jonathan,,Hyde Park,42.25012042866413,-71.13245536960848,Entire home/apt,135,30,1,2024-04-01,0.04,12,310,0,
3164650,2bd APT 20min from Downtown Boston,16052189,1462596404243949425,Jonathan,,Hyde Park,42.23533,-71.13256,Entire home/apt,124,29,38,2024-03-15,0.26,12,258,0,
1109510113309435671,3bd 1.5 bath with laundry and parking in boston,16052189,1462596404243949425,Jonathan,,Hyde Park,42.25150597088558,-71.13251906307836,Entire home/apt,195,30,3,2025-03-10,0.12,12,318,0,
7900936,Morning Glory Bed & Breakfast!,41658743,1465619639807542016,Chris,,Hyde Park,42.24179,-71.12412,Private room,83,29,134,2022-11-20,1.02,1,365,0,
26163695,Bina’s Home away from Home 3,153568352,1468504461009133167,Frederick & Sabina,,Mattapan,42.27808,-71.08717,Private room,165,1,98,2026-04-21,1.03,5,172,3,STR-445640
672254464308953074,A sunny haven in the city!,13182915,1462905151242069921,Farah,,Hyde Park,42.25127,-71.11544,Entire home/apt,278,29,6,2024-12-26,0.28,1,268,0,STR-571090
47488200,"Contemporary Farmhouse-Style Retreat, near T",312045025,1469585606610908218,Sidney,,Jamaica Plain,42.30945,-71.10263,Entire home/apt,493,2,159,2026-05-29,2.41,3,341,81,STR-570322
1284689755621427722,Stylish Loft w/ Parking &Laundry,16052189,1462596404243949425,Jonathan,,Hyde Park,42.25008,-71.13073,Entire home/apt,148,30,0,,,12,47,0,
1699452638661482311,Brand New Private Sunny Room S | Oak Sq + Parking,305729499,1469564792375015146,Rachel,,Brighton,42.3485,-71.17233,Private room,123,2,2,2026-06-15,2,3,281,2,STR-627127
1200671047049220408,2 bed with parking in Boston,140110214,1468387149161200147,Leigh,,Roslindale,42.29337258791596,-71.13204089179278,Entire home/apt,478,1,46,2026-06-10,1.99,1,296,18,STR-569827
1365457729372086500,Rusty's Attic Atelier,19197577,1463071679947199436,Ken,,Roslindale,42.285021532400485,-71.1288745701313,Private room,342,2,2,2026-05-10,1.05,4,161,2,STR-476406
715101662823777649,New 2BR|2BA Condo in Jefferies Point with Backyard,25654103,1465348053287795979,Tom,,East Boston,42.36695,-71.03748,Entire home/apt,,91,1,2026-02-04,0.20,1,0,1,
1500333934090461868,Free parking 2,92524206,1462853636538178380,Ray,,East Boston,42.3855,-71.00649,Private room,234,1,27,2026-05-30,2.98,4,70,27,STR-575903
743211,City's Hippest Neighborhood!,2796082,1462526349796357798,Margaret,,Jamaica Plain,42.30833,-71.11456,Entire home/apt,888,3,95,2026-05-30,0.59,2,313,5,STR-599568
3229255,Quiet Boston 1BD Near Train & Arboretum,16343599,1462597543698414103,Ella,,Roslindale,42.28657,-71.13236,Entire home/apt,292,2,225,2026-06-08,1.56,1,167,24,STR-544893
1671305035327180545,7 room1,672185981,1470684305645739758,Joy,,East Boston,42.389293,-70.9997987,Private room,240,1,3,2026-06-07,2.81,7,339,3,STR-399362
1409371127170840650,Cozy 4 Bedroom Apartment in Boston,660185136,1470657720050064752,Kenny,,Dorchester,42.30823936432445,-71.05957546931154,Entire home/apt,,29,20,2025-11-02,1.50,1,0,17,STR-594611
1440125124822411925,Room 1 King Bed,329370033,1469631510135861529,Evon,,Mattapan,42.28084243852164,-71.09602011674984,Private room,189,2,0,,,5,339,0,STR-445570
895844491349690073,Sunny East Boston Apartment•Water View•Airport,131681547,1468317863085099669,Emma,,East Boston,42.39006727537949,-71.00597769672298,Entire home/apt,508,1,35,2026-05-28,0.99,1,178,13,STR-464151
42358001,Bright and Spacious,10692181,1462575396807502733,Francisco,,Jamaica Plain,42.31074,-71.10035,Private room,232,2,75,2025-09-22,1.01,5,166,4,STR-545241
1698659137019601031,Brand New Home 3BD | Boston College Area + Parking,305729499,1469564792375015146,Rachel,,Brighton,42.3493207,-71.1733848,Entire home/apt,388,7,0,,,3,283,0,STR-627127
732410256220173645,"Downtown Studio Apt, near Tufts Med, BMC, MGF",2356643,1462523722549277069,StayNue,,Downtown,42.35109,-71.06389,Entire home/apt,,30,22,2023-11-11,0.49,31,0,0,STR-422487
1699459093727725279,Brand New Private Room L | Near Boston College,305729499,1469564792375015146,Rachel,,Brighton,42.35006,-71.17228,Private room,154,1,1,2026-06-14,1,3,285,1,STR-627127
4315439,Stay for FIFA Fast access to Boston and Airport,22402141,1463178904072957885,Mirian G,,East Boston,42.38831,-71.0044,Private room,137,1,12,2026-06-13,0.09,3,302,7,STR-613306
1592414908071775476,Bright & Cozy Boston Stay | 3BR + Free Parking,738307023,1592414908813630184,Helen,,East Boston,42.38571,-71.01294,Entire home/apt,672,1,10,2026-06-08,2.10,1,343,10,STR-616351
1262224972805355141,Stylish Stay at McBride St.,114398598,1468178906794069037,Beacon Hill,,Jamaica Plain,42.30716760680554,-71.11328289274273,Entire home/apt,249,2,25,2026-06-11,2.60,1,99,25,STR-596259
1043585223983157783,Quiet Room in Roslindale,34275177,1465502604347537770,Thomas,,Roslindale,42.2826331,-71.1276535,Private room,63,2,4,2026-05-03,0.20,3,323,1,STR-476790
1325519298634421290,3 Mi to Franklin Park Zoo! Bright Residential Stay,509915863,1470292660034678515,Evolve,,Hyde Park,42.27073,-71.11045,Entire home/apt,388,2,11,2026-06-03,0.70,1,320,4,STR-571524
1485603365608907086,33EB room 1,92524206,1462853636538178380,Ray,,East Boston,42.38627,-71.00439,Private room,265,1,47,2026-06-11,4.65,4,105,47,STR-465433
1022550200701829396,3rd FloorWhole Apartment 2beds/2living room,14338444,1462589887884049470,Jason,,Roslindale,42.2907942,-71.1232016,Entire home/apt,473,2,25,2025-10-23,0.80,2,356,6,STR-544729
1439369159567368388,Room 2 - two queen beds,329370033,1469631510135861529,Evon,,Mattapan,42.27975813889074,-71.09634596880976,Private room,274,2,0,,,5,339,0,STR-445570
1692573,Urban oasis trendy JP 'hood - suite,8814724,1462787676868829635,Kelly,,Jamaica Plain,42.31,-71.1123,Entire home/apt,269,2,341,2026-06-14,2.22,1,311,23,STR-447499
51279436,Tranquil bedroom and private bath near Arboretum,28678932,1465423194850311422,Aurelia,,Roslindale,42.29125,-71.11996,Private room,172,1,179,2026-06-07,3.08,1,37,25,STR-465411
6465075,Spacious 5BR Condo w/parking near METRO,635157,1462524413994464279,Catlin,,Jamaica Plain,42.29828,-71.11048,Entire home/apt,629,3,248,2026-06-11,1.84,1,298,22,STR-445893
755623527529374356,"PH City Views, Spacious 2 Bed/2 Bath w/ 2 Decks",10197317,1462834088491872469,Shannon,,South Boston,42.33349,-71.04808,Entire home/apt,579,29,17,2025-05-26,0.44,8,364,0,STR-461452
1501804410421499409,7-room 4,672185981,1470684305645739758,Joy,,East Boston,42.38829,-71.00004,Private room,262,1,12,2026-06-13,1.33,7,125,12,STR-515160
24401790,comfortable and cozy,10692181,1462575396807502733,Francisco,,Jamaica Plain,42.31069,-71.10282,Entire home/apt,386,1,151,2025-06-21,1.53,5,73,1,Str-545241
49749352,Guest Suite - private bathroom and roof deck,112994787,1467363143291501945,Yisheng,,South Boston,42.33620071411133,-71.05067443847656,Private room,314,1,349,2026-06-01,5.78,1,89,42,STR-562307
1502408605554806245,7-room 2,672185981,1470684305645739758,Joy,,East Boston,42.38838,-71.00078,Private room,263,1,9,2026-05-18,0.97,7,231,9,STR-575903
48173950,Boston’s best! Free parking! Stylish 2 bdrm apt,388634902,1463587694417997295,Jason,,Hyde Park,42.26353,-71.12697,Entire home/apt,468,1,61,2025-12-21,0.96,1,105,4,STR-460531
49998870,Renovated apartment just minutes from the T!,15583990,1462965825217431486,Natalia,,Dorchester,42.29107,-71.06189,Entire home/apt,1049,1,49,2026-04-21,0.81,7,253,6,STR-453623
1440153513591203101,Room 4 - Queen bed,329370033,1469631510135861529,Evon,,Mattapan,42.280860381364676,-71.09611863910148,Private room,183,3,0,,,5,339,0,STR-445570
1288521549022009812,Art's Den (Boston),169085368,1468635328591255266,Yionel,,Mattapan,42.27007,-71.10192,Entire home/apt,922,3,0,,,1,90,0,STR-623441
1151771620579101482,Private Master Bedroom and Private Bath,34275177,1465502604347537770,Thomas,,Roslindale,42.28264,-71.12769,Private room,117,5,0,,,3,106,0,STR-476790
1502446623166379262,7-room 3,672185981,1470684305645739758,Joy,,East Boston,42.38823,-70.99874,Private room,246,1,16,2026-05-17,1.80,7,128,16,STR-465279
1026270309100118119,2nd floor Modern Apt,14338444,1462589887884049470,Jason,,Roslindale,42.28964365927628,-71.12413762465063,Entire home/apt,251,2,8,2026-03-20,0.26,2,207,3,STR-544729
1289867379863101996,Walk to Constitution Beach: Mid-Century Boston Gem,122377513,1468126526837796926,Evolve,,East Boston,42.388704,-71.0084016,Entire home/apt,256,2,78,2026-06-01,4.07,4,292,57,STR-575903
748360987335266464,Peaceful Garden Apartment,2796082,1462526349796357798,Margaret,,Jamaica Plain,42.30837,-71.11098,Entire home/apt,343,2,110,2026-06-02,2.94,2,206,26,str-599568
7239024,M&R Quiet Back Room Parking Bathroom,7988017,1462563298804000615,Polly M,,Dorchester,42.29348,-71.05569,Private room,112,29,240,2023-12-01,1.80,3,212,0,STR-397983
1490700106210957423,Bright & Spacious 3BR Near Boston + Free Parking,183375952,1463081199120040386,Freddy,,East Boston,42.38816,-71.00686,Entire home/apt,645,1,18,2026-06-03,2.32,1,174,18,STR-596980
20649310,Comfort and convenience in a Victorian home,42379994,1465630176189261100,Ken,,Roslindale,42.27975,-71.12545,Private room,182,1,152,2026-06-15,1.42,1,333,16,STR-528093
20747657,Nice  Room. Walking distance to new train Station,148594740,1468454913870343659,Brunir,,Hyde Park,42.2721,-71.1081,Private room,115,2,75,2026-05-27,0.70,2,357,4,STR-484028
1462334877356073078,Near Boston University + Free Breakfast & Gym,565835592,1470520497936243126,Studio Allston Hotel,,Brighton,42.36366,-71.13723,Private room,302,1,2,2026-02-22,0.35,19,248,2,Exempt: This listing is a hotel or motel
39297317,Quiet bedroom in large house,4762495,1462664879902866247,Jennifer,,Roslindale,42.29017,-71.13008,Private room,123,1,2,2026-06-14,0.03,3,57,1,STR-522159
1425377558913225929,Boston Buccaneer Retreat,428724673,1469942637016703256,Priyanka,,Jamaica Plain,42.29796,-71.11442,Entire home/apt,511,2,24,2026-06-06,2.11,3,185,24,STR-593515
1265149191707383444,"Kailyn Apartment, 5-mil Fenway,2-FreePrkg",656600011,1470649871352237767,Egla,,Roslindale,42.28127928521936,-71.12624786306807,Entire home/apt,285,1,110,2026-05-25,5.74,1,97,79,STR-581311
1355249104931450791,Apartment in Boston's Jamaica Plain,678507096,1470697349886868522,Sandy,,Jamaica Plain,42.299526,-71.112895,Entire home/apt,314,2,48,2026-05-30,3.32,1,162,41,STR-588764
53992722,BeautIful apartment in a quiet area.,357700886,1469715803450347032,Adolph,,Hyde Park,42.27124,-71.10898,Entire home/apt,110,5,29,2026-06-09,0.59,2,324,5,STR-546280
1247890338382552485,Bright Village Studio Steps to Train & Boston,45852037,1465684836294225114,Jarad,,Roslindale,42.28689,-71.13246,Entire home/apt,314,2,31,2026-06-08,2.53,1,311,30,STR-589548
1454432054303847179,Jamaica Plain Suite w/ EV charger / MBTA,2006852,1462521630116987053,Jay,,Jamaica Plain,42.28994,-71.11263,Entire home/apt,298,1,16,2026-06-08,1.63,25,257,16,STR-577804
1020315821798174419,"Quiet Boston Retreat
Private Entrance + Parking",545286374,1470441327629322731,Sully And Indira,,Mattapan,42.27187897503607,-71.10258345199047,Entire home/apt,449,1,73,2026-05-18,2.31,1,344,12,STR-606876
33403880,Super Sustainable Studio in the City,2006852,1462521630116987053,Jay,,Jamaica Plain,42.28997,-71.11321,Entire home/apt,262,1,186,2026-05-30,2.35,25,264,24,STR-413505
1085569214967119107,"Trendy Stay | Clean, Cozy, & Sleek Home!",381043500,1469779246594222367,Michael,,Roslindale,42.276477274546494,-71.13149719995816,Entire home/apt,417,1,86,2026-05-30,3.00,1,184,26,STR-482653
1042227244488104375,Boston Urban-glamping style easy commute,43071992,1465639578018244952,Alberto Josue,,Roslindale,42.27131552346868,-71.12159058839843,Private room,135,1,23,2026-05-26,0.96,1,323,15,STR-546859
1445867715555794708,Stylish Boston Getaway Near Arboretum & T Station!,181205324,1468748872261488350,Plushy,,Roslindale,42.28529,-71.11973,Entire home/apt,421,2,14,2026-05-17,1.25,1,319,14,STR-593018
20754696,Ann and Esther's Cozy Studio near the Heart of JP,883209,1462532227112272287,Ann & Esther,,Jamaica Plain,42.30615,-71.11674,Entire home/apt,173,2,258,2026-06-12,2.43,1,149,34,STR-383301
626281326137052031,Stylish 1BR apartment near Arboretum + Peloton Row,76096792,1466933860012992822,Mathieu,,Jamaica Plain,42.29756,-71.11414,Entire home/apt,285,2,45,2026-06-07,2.78,1,217,32,STR-584222
686859137338659695,Lovely 3bedroom apartment in Boston,282505012,1469482608075307294,Maria,,Jamaica Plain,42.29687,-71.11235,Entire home/apt,272,3,118,2026-06-07,2.52,2,322,31,STR-481824
5166870,2 Bdrm Apt w/ tower in JP Victorian,1487352,1462547142131806356,Matthew,,Jamaica Plain,42.30542,-71.10409,Entire home/apt,289,2,530,2026-05-29,3.84,1,235,42,STR-623444
1226192514878944787,Guest Suite in East Boston,596202722,1470627190839091591,Samuel,,East Boston,42.38542,-71.00441,Entire home/apt,123,29,28,2026-06-08,1.27,1,301,2,STR-572213
761019874476699080,"Minutes to Airport, Train, Downtown & Free Parking",225108215,1469195850212912010,Islam,,East Boston,42.3846216,-71.00165059999999,Entire home/apt,188,29,73,2026-04-10,2.16,1,365,17,STR-623225
712524834866658437,"2bd Apt, 3 min walk to train, 7min to airport",52472113,1465849383455981396,Isabel,,East Boston,42.38835277965553,-70.99603980441731,Entire home/apt,300,2,131,2025-11-08,3.01,1,352,18,STR-619324
1297745612070993205,Waterfront Escape - Close to Airport & Downtown,21976681,1463168505729896125,Harvard,,East Boston,42.38,-71.0143,Entire home/apt,1240,1,50,2026-05-19,2.78,1,306,36,STR-576198
1501390587964001582,5- room 2,672185981,1470684305645739758,Joy,,East Boston,42.388903887513784,-71.000785950841,Private room,211,1,22,2026-06-15,2.34,7,87,22,STR-575903
1613078608180331731,Modern Waterfront 1 Bed 4 Blocks to the T & Beach,744139731,1613078608968397357,Meredith,,East Boston,42.38295,-70.99867,Entire home/apt,511,1,13,2026-06-12,4.19,1,226,13,STR-616378
713859265245447720,All new 2-bedroom garden apartment on great block.,34037485,1465497414567618009,Jonathan,,Jamaica Plain,42.3082134,-71.11154549999999,Entire home/apt,428,4,84,2026-06-09,1.87,1,302,22,STR-545049
21025191,Private room.  Very close to new train Station,148594740,1468454913870343659,Brunir,,Hyde Park,42.27076,-71.10598,Private room,115,2,74,2026-05-17,0.70,2,362,7,STR-484028
29281816,"Leafy & Tranquil, Artist house. Easy access Boston",1922657,1462521187017403080,Catherine,,Jamaica Plain,42.31203,-71.10278,Entire home/apt,570,1,111,2026-05-17,1.27,2,237,14,STR-445634
1599402578646902641,1st Flr Queen Bed Room with Shared Bathroom,72577057,1466896113222697899,Evan,,Hyde Park,42.26588,-71.10568,Private room,287,1,13,2026-06-11,2.89,3,188,13,STR-615017
35516987,Cozy Bed Near Forest Hills in HYDE PARK,74813314,1466920471890007123,Alice,,Hyde Park,42.27012,-71.11977,Private room,223,1,55,2026-05-23,2.04,4,244,17,STR-550744
26353456,"Kid Friendly, Spacious Jamaica Plain home",449295,1462518706931216566,Dorothy,,Jamaica Plain,42.3109,-71.0991,Entire home/apt,866,2,10,2026-04-21,0.10,1,5,1,STR-490445
1106485446396783346,Lavender Dream Room near Forest Hills HYDE PARK.,74813314,1466920471890007123,Alice,,Hyde Park,42.26808,-71.11704,Private room,183,1,90,2026-06-15,3.42,4,357,34,STR-550744
1011678374518970800,"Cozy Boston Condo, Near T",279124542,1469469687522005164,Angela,,Jamaica Plain,42.30945,-71.10263,Entire home/apt,622,2,69,2026-06-04,2.24,5,274,37,STR-570317
47514943,"Luxe Boston Condo, Near T",319015619,1463446762979058697,Mitchel,,Jamaica Plain,42.3071632,-71.1047474,Entire home/apt,480,2,41,2026-06-07,0.63,2,334,28,STR-611980
966033303798491162,My Sweet Apartment,456140484,1470052680661840972,Mihaela,,Roslindale,42.27659184787903,-71.11711643636227,Entire home/apt,480,1,59,2026-05-24,2.33,1,87,25,STR-561210
1424606087589031408,Private Apt In Downtown Seaport with Pool,20857768,1463140474528738801,Compass,,South Boston Waterfront,42.3535161,-71.0474239,Entire home/apt,,30,0,,,77,0,0,
1521200563729974033,3BD/2BA Near Logan Airport and T 9610,212359760,1469109115483128123,Evonify Corporate & Medical Housing,,East Boston,42.38776,-71.00574,Entire home/apt,401,1,11,2026-06-03,1.43,65,344,11,STR-586294
1495742157436934408,2BR apt near Logan and Subway 1644,212359760,1469109115483128123,Evonify Corporate & Medical Housing,,East Boston,42.38572,-71.00703,Entire home/apt,288,1,95,2026-06-07,9.90,65,360,95,STR-586293
1653111962408099410,Luxury 2BD/2BA Near Airport f70l,212359760,1469109115483128123,Evonify Corporate & Medical Housing,,East Boston,42.38625657203072,-71.00719552452006,Entire home/apt,269,1,8,2026-06-03,3.43,65,351,8,STR-586294
1619753016790916488,"The Oak House, South • Chic • Modern Getaway",416027128,1463648115903378942,Our House,,Brighton,42.35035,-71.17193,Entire home/apt,227,2,4,2026-05-29,2.35,41,281,4,STR-619697
29282726,"Skylit Suite in Musical home, easy access Boston",1922657,1462521187017403080,Catherine,,Jamaica Plain,42.31203,-71.10278,Entire home/apt,456,1,182,2026-05-31,2.08,2,356,16,STR-443588
978993066417058463,Beautiful Victorian house with Views. free parking,351001469,1463508170829179757,Tan,,Dorchester,42.2957068309299,-71.06245390225585,Entire home/apt,538,2,50,2026-04-22,1.49,1,312,12,STR-516310
1034985845805889041,Individual Bedroom 1,493644675,1463833499390042719,Tasha,,Dorchester,42.29247,-71.07625,Private room,169,1,64,2026-05-24,2.20,3,361,21,STR-544890
1642784221955827519,R4_Triple Room In Fields Corner Area,541813300,1470427724054736466,Boston,,Dorchester,42.30311,-71.06431,Private room,63,1,3,2026-04-13,1.06,32,356,3,STR-612980
1552575412142722424,Ocean View 4Bedroom Family in Boston free parking,245199133,1469300960996918818,Ary Management LLC,,East Boston,42.386109321630556,-71.00705825672398,Entire home/apt,568,29,2,2026-04-24,0.52,3,335,2,
1414034999603176947,"Big, Cozy Home • Walk to T, Free Parking, Yard",693764808,1470728893818792746,Chris,,East Boston,42.39184401563319,-71.00589670943076,Entire home/apt,241,32,5,2026-05-31,0.43,2,303,5,
1598645314772965364,King Room with Private Bath in Boston,72577057,1466896113222697899,Evan,,Hyde Park,42.26582,-71.10448,Private room,253,1,10,2026-05-24,5.26,3,186,10,STR-615017
1462319524811943431,Minutes to Fenway Park + Free Breakfast & Gym,565835592,1470520497936243126,Studio Allston Hotel,,Brighton,42.36463685568133,-71.13538540023691,Private room,346,1,47,2026-05-31,4.78,19,298,47,Exempt: This listing is a hotel or motel
633240905689427322,"Gorgeous 3-story, 3-bedroom home",5681297,1462686740716125881,Matt,,Roslindale,42.28162,-71.12219,Entire home/apt,1063,3,37,2026-05-18,0.75,3,54,5,STR-464402
1667609931858219664,Gem in the City - 4 BD/2 BA Rozzie Square,15830734,1462971719272760488,Molly,,Roslindale,42.28376,-71.12544,Entire home/apt,559,3,0,,,2,58,0,STR-609812
1353888941496704089,3BD/2BA Near Logan Airport and T 6988,212359760,1469109115483128123,Evonify Corporate & Medical Housing,,East Boston,42.38615,-71.00678,Entire home/apt,272,29,5,2025-05-01,0.32,65,344,0,STR-523178
1500264559485113519,5-room 1,672185981,1470684305645739758,Joy,,East Boston,42.38837,-70.99923,Private room,162,29,12,2026-06-04,1.39,7,269,12,STR-348962
38647730,1 Bed Apartment,272593664,1469438981957657351,Kelly,,East Boston,42.38765,-71.00208,Entire home/apt,154,29,31,2024-04-17,0.38,1,179,0,STR-595276
1453753740860360444,Spacious Home with Decks & View,92025425,1467111509530928588,Rohn,,East Boston,42.39014,-71.00436,Entire home/apt,365,1,0,,,2,165,0,STR-479029
711511026921156638,Stylish Condo next to T Station & near Airport,71840781,1466888194016500107,Jader,,East Boston,42.38513940000001,-71.00392049999999,Entire home/apt,516,2,106,2026-04-21,2.62,1,90,19,STR-492566
14105971,Tranquil Treetop Loft,79103444,1466967423313751835,Bruce,,Jamaica Plain,42.30762,-71.10968,Entire home/apt,196,5,323,2025-07-24,2.68,1,75,1,STR-603321
1289981988868156380,Eastie | Roomy 3BR w/ Easy City/Airport Access,433085996,1469960419232095378,Paulina,,East Boston,42.38917492876212,-71.00424036383629,Entire home/apt,615,2,10,2025-10-26,0.66,1,8,5,STR-583671
1698730228957879771,Boston Urban Nests Unit 2: Long Term 1 Month +,7303930,1462728521383701252,Lawrence,,Mattapan,42.27826,-71.09517,Entire home/apt,105,29,0,,,4,309,0,
45641345,Private room  near T-Station,137105899,1468363574852520505,Ling,,Roslindale,42.29309,-71.12205,Private room,43,30,11,2025-10-30,0.18,3,317,2,
38908913,Room near MBTA Forest Hills w/ private living room,201935605,1463144659436428083,Sherwin,,Roslindale,42.29331,-71.12254,Private room,51,29,15,2026-06-11,0.19,7,50,4,
578958378658642185,One Bedroom Minutes from Train & Downtown Boston,56112371,1462733560864389329,Ruth,,Mattapan,42.2683523887178,-71.09562906010238,Entire home/apt,110,29,8,2023-11-20,0.21,1,165,0,STR-524800
1721016,Quiet Sunlit Attic Studio,7723912,1462739549427207663,Fj,,Roslindale,42.28639,-71.13199,Entire home/apt,84,29,13,2025-06-05,0.11,4,79,0,
652119882072434072,2 BR Apt in Rozzie near Arb and Commuter Rail,4468102,1462658199108168327,Michael,,Roslindale,42.2901889,-71.1322954,Entire home/apt,285,1,0,,,1,178,0,STR-464975
1655305444229780513,Private Room near Oak Square #C (newly listed),15189962,1462956368692730698,Claire,,Brighton,42.34967,-71.17228,Private room,93,30,2,2026-05-18,1.36,5,339,2,STR-628095
1602406011250027265,Close to Fenway Park + Free Breakfast & Gym,565835592,1470520497936243126,Studio Allston Hotel,,Brighton,42.36328,-71.13698,Private room,362,1,0,,,19,299,0,Exempt: This listing is a hotel or motel
1462327961990278634,Near Fenway Park + Free Breakfast & Gym,565835592,1470520497936243126,Studio Allston Hotel,,Brighton,42.36324725239427,-71.1371677631565,Private room,456,1,0,,,19,279,0,Exempt: This listing is a hotel or motel
1066129472960154468,Private Beautiful Large Sunny Room near Oak Sq. #1,15189962,1462956368692730698,Claire,,Brighton,42.35028935587033,-71.17393338414931,Private room,114,29,18,2026-05-28,0.66,5,134,2,STR-628093
45658966,Spacious room with private living room near T,137105899,1468363574852520505,Ling,,Roslindale,42.29156,-71.12194,Private room,46,30,5,2022-08-07,0.07,3,347,0,
1698754287516463081,Boston Urban Nests Unit 3: Long Term 1 Month +,7303930,1462728521383701252,Lawrence,,Mattapan,42.2772056869923,-71.09524285513574,Entire home/apt,105,29,0,,,4,271,0,
26094005,Comfortable and clean  house near Arnold Arboretum,137105899,1468363574852520505,Ling,,Roslindale,42.29188,-71.12154,Private room,44,30,11,2026-05-31,0.17,3,266,2,
1085431484197219042,Private Room/ Boston Collage #D,15189962,1462956368692730698,Claire,,Brighton,42.34949864623206,-71.17344584316015,Private room,86,29,27,2026-05-01,0.95,5,195,16,STR-628095
1602404340568709722,Minutes to Fenway Park + Free Breakfast & Gym,565835592,1470520497936243126,Studio Allston Hotel,,Brighton,42.363013522640514,-71.13668570362444,Private room,347,1,0,,,19,291,0,Exempt: This listing is a hotel or motel
1462326399789323323,Close to Boston University + Free Breakfast & Gym,565835592,1470520497936243126,Studio Allston Hotel,,Brighton,42.36346035023072,-71.13754296213001,Private room,428,1,0,,,19,287,0,Exempt: This listing is a hotel or motel
1462330021777436239,Close to Harvard University + Free Breakfast & Gym,565835592,1470520497936243126,Studio Allston Hotel,,Brighton,42.36311,-71.13553,Private room,377,1,1,2025-07-20,0.09,19,275,1,Exempt: This listing is a hotel or motel
1488069098435433494,Boston 4BR Escape w/Parking| Downtown Access 233/3,132235026,1468322757400195635,Jenny,,Dorchester,42.3075175,-71.0754278,Entire home/apt,657,1,15,2026-05-25,1.97,9,295,15,STR-480921
1602403569119474768,Minutes to Fenway Park + Free Breakfast & Gym,565835592,1470520497936243126,Studio Allston Hotel,,Allston,42.36382509876703,-71.13530172413337,Private room,347,1,0,,,19,289,0,Exempt: This listing is a hotel or motel
1593136690797500894,Private Large Room in a Quiet Neighborhood #B,15189962,1462956368692730698,Claire,,Brighton,42.3498,-71.17441,Private room,101,29,14,2026-06-07,2.68,5,202,14,STR-627127
1602404872428240096,Close to Fenway Park + Free Breakfast & Gym,565835592,1470520497936243126,Studio Allston Hotel,,Brighton,42.36321672321278,-71.13556919003413,Private room,362,1,1,2026-04-19,0.52,19,297,1,Exempt: This listing is a hotel or motel
1066893757764857133,Private Cozy Room by Oak Square #3,15189962,1462956368692730698,Claire,,Brighton,42.35025,-71.17402,Private room,92,29,29,2026-06-05,1.00,5,232,1,STR-628093
1099491297164097121,"#1 ""Top of the Hub"" Bansky Room",4375564,1462655298586932507,Ruben,,Roslindale,42.282495750173254,-71.12207324709658,Private room,121,29,20,2026-05-23,0.75,5,130,3,STR-570381
1592180388511355919,Minutes to Fenway Park + Free Breakfast & Gym,565835592,1470520497936243126,Studio Allston Hotel,,Brighton,42.363070184292475,-71.13731690983077,Private room,314,1,0,,,19,293,0,Exempt: This listing is a hotel or motel
1181233927689510405,"#4 ""Top of the Hub"" Secret Agent Room",4375564,1462655298586932507,Ruben,,Roslindale,42.2821,-71.12259,Private room,84,29,11,2025-07-31,0.46,5,240,1,STR-570381
54261439,Lovely 1 bedroom upstairs apartment all private,357700886,1469715803450347032,Adolph,,Hyde Park,42.27159,-71.10932,Entire home/apt,137,10,13,2025-10-24,0.26,2,344,2,STR-414417
1462333410721452306,Near Downtown Boston + Free Breakfast & Gym,565835592,1470520497936243126,Studio Allston Hotel,,Brighton,42.36308,-71.13723,Private room,394,1,0,,,19,264,0,Exempt: This listing is a hotel or motel
1462331878721526823,Minutes to MIT + Free Breakfast & Gym,565835592,1470520497936243126,Studio Allston Hotel,,Brighton,42.364429759380684,-71.13759283304576,Private room,347,1,0,,,19,290,0,Exempt: This listing is a hotel or motel
1602401785271014856,Minutes to Fenway Park + Free Breakfast & Gym,565835592,1470520497936243126,Studio Allston Hotel,,Brighton,42.36297769416046,-71.13700040039707,Private room,314,1,0,,,19,293,0,Exempt: This listing is a hotel or motel
7482195,Private room near bus stop,34552909,1465508052287463139,Barrie,,Roslindale,42.28413,-71.11671,Private room,39,29,9,2025-06-21,0.08,3,233,1,
1417513400829434576,New Luxury Renovation | Near T,279124542,1469469687522005164,Angela,,Jamaica Plain,42.2941174,-71.11704639999999,Entire home/apt,1439,30,0,,,5,323,0,
20207694,Roslindale 3rd floor 2 bed apt 5 min bus,69267172,1466856298175151977,Lynda,,Roslindale,42.27677,-71.13287,Entire home/apt,164,29,11,2019-08-26,0.10,20,164,0,STR-416445
1517579584443247118,Prime Southie Location 2BR washer/dryer in unit,72181686,1466891834223031759,Rory,,South Boston,42.33673,-71.05511,Entire home/apt,58,91,0,,,1,308,0,
6914622,"Exquisite Treetop Haven, JP Center, Driveway!",36238599,1465538131998298297,Julie,,Jamaica Plain,42.30849,-71.11721,Entire home/apt,300,14,62,2024-10-25,0.47,1,335,0,STR-525739
1680111196333493550,Luxury 3BD/2BA MIT • Harvard • Roof Deck • Parking,468451834,1469715874911946539,Platinum Stays Corporate And Medical Housing,,Brighton,42.36197,-71.13701,Entire home/apt,508,1,2,2026-06-03,2,2,302,2,STR-491475
611575490785459373,Welcoming large bedroom,34275177,1465502604347537770,Thomas,,Roslindale,42.28263473510742,-71.12765502929688,Private room,57,5,18,2026-04-21,0.37,3,116,2,STR-476790
42221902,Single Family 4 BR / 2 BA - Walk Everywhere,15830734,1462971719272760488,Molly,,Roslindale,42.28407,-71.1257,Entire home/apt,343,29,1,2025-08-01,0.09,2,108,1,STR-423417
629578258027487108,1 bedroom in owner-occupied condo.,257628897,1469361185320198289,Vanessa,,Hyde Park,42.27189,-71.11775,Private room,57,29,1,2022-08-31,0.02,1,87,0,
1724900,Charming sunlit house in Boston,7723912,1462739549427207663,Fj,,Roslindale,42.28447,-71.13301,Entire home/apt,149,29,44,2020-11-30,0.29,4,330,0,
1810172,Room for 2 in Rozzie - Full Bath,8834105,1462788168924757859,Rebecca,,Roslindale,42.28127,-71.13304,Private room,66,29,48,2026-01-07,0.31,2,320,1,
29303003,Carols place in Brighton,31373357,1462654873600256013,Carol,,Brighton,42.3499,-71.17241,Private room,46,29,14,2024-04-05,0.17,1,312,0,STR-414615
27927966,Roslindale GB pets ok floor 1 queen bed,69267172,1466856298175151977,Lynda,,Roslindale,42.27658,-71.13304,Private room,77,29,20,2025-12-18,0.21,20,154,1,STR-416449
832513780375417882,3bd  apt w/office close to orange line w/parking,16052189,1462596404243949425,Jonathan,,Jamaica Plain,42.31059,-71.1056,Entire home/apt,208,30,3,2024-03-15,0.10,12,309,0,
9218312,"Arboretum retreat with AC, private bath, entrance.",47935411,1462708212509492968,Jone,,Roslindale,42.29021,-71.13046,Private room,167,29,139,2020-03-16,1.09,1,90,0,STR-400545
3957602,"Entire 2nd floor, skylight suite is all yours!",2127414,1462587066178929768,Katharine,,Jamaica Plain,42.31016,-71.10582,Private room,78,29,130,2025-05-03,0.91,1,54,0,STR-399287
1517562829296124007,"Blueground | St. Elizabeth's, gym, nr shops",107434423,1462889176402806013,Blueground,,Brighton,42.3477986,-71.1461406,Entire home/apt,,30,0,,,227,2,0,
1411185809250586790,3 King Beds 1 Bath Apt w/ Pool,2006852,1462521630116987053,Jay,,Brighton,42.33570390428965,-71.15184622526952,Entire home/apt,456,1,19,2026-05-24,1.48,25,348,15,STR-558232
1602402036099996610,Minutes to Fenway Park + Free Breakfast & Gym,565835592,1470520497936243126,Studio Allston Hotel,,Brighton,42.36314,-71.13604,Private room,314,1,0,,,19,293,0,Exempt: This listing is a hotel or motel
1642926916305772598,W6_ Double Room In Andrew Station Area,541813300,1470427724054736466,Boston,,Dorchester,42.30184044631735,-71.06595353875403,Private room,141,1,0,,,32,320,0,STR-410134
1351147533126907884,Bright & Modern Townhouse• Easy Train Access,660102285,1470657478424384743,Kin,,Dorchester,42.28235,-71.05997,Entire home/apt,695,1,43,2026-05-30,2.94,2,242,35,STR-587622
633934314855392761,Cozy studio with kitchenette and private bathroom,106914997,1467296093710038546,Keyanna,,Mattapan,42.274357,-71.088326,Entire home/apt,357,2,44,2026-04-21,1.29,1,342,9,STR-480898
1511103739296356608,Stay in Boston Historic Lower Mills 2,428212069,1510937265655086032,Johanan,,Mattapan,42.27318,-71.07123,Private room,171,1,12,2026-04-10,1.39,2,126,12,STR-607028
1647826025425465849,Newly Built 3BR near Downtown Boston & Beach 60/3,671166370,1470682179631262135,Tan,,Mattapan,42.27527,-71.07487,Entire home/apt,353,1,6,2026-06-11,2.43,4,288,6,STR-552837
1078601748604146206,New Spacious Home in Boston,534020332,1470396903740435168,Esther,,Dorchester,42.28207,-71.07796,Entire home/apt,585,1,155,2026-06-05,5.48,1,257,58,STR-545339
1508697951283975523,Need a Clean & Simple Room in Boston?,63180942,1508697952072660483,Joanne,,Dorchester,42.27962,-71.06291,Private room,105,1,32,2026-05-31,3.68,3,346,32,STR-587135
721977955281446033,Boston arbor oasis - cute one bedroom suite,17519841,1463012055535224350,Andrea,,Mattapan,42.2751989,-71.0761706,Entire home/apt,206,1,185,2026-06-12,4.63,1,296,50,STR-615700
841340391794964228,Residential home with free parking,504179464,1470266548628702695,Bill,,Mattapan,42.27585996935596,-71.07228684526291,Entire home/apt,653,4,32,2026-05-31,0.85,1,320,10,STR-549122
1647860434046331988,Family 4BR Boston Stay Near Beach & Downtown 601,132235026,1468322757400195635,Jenny,,Mattapan,42.27523,-71.07271,Entire home/apt,297,1,5,2026-05-29,2.14,9,269,5,STR-574638
1210860708540133195,Modern 5BR | Near Subway & Downtown | Free Parking,592694480,1470618745624390172,Hiep,,Dorchester,42.28562646410546,-71.06928880152215,Entire home/apt,825,2,47,2026-05-18,2.16,2,328,20,STR-574095
1662682906803137516,4‑Bed Boston - Central Location - Pets ok,427961225,1469939428243180079,Renée,,Dorchester,42.298319618815526,-71.07035099609972,Entire home/apt,670,1,0,,,4,344,0,STR-606322
1529355938223534972,Clean & Simple Boston Stay,63180942,1508697952072660483,Joanne,,Dorchester,42.2803,-71.06502,Private room,103,1,11,2026-05-31,1.36,3,282,11,STR-587135
15821724,"Upscale 2 Bdrm Suite: Kitchen, Spa Bath, Laundry",44448784,1462697031640279353,Peter,,Dorchester,42.28,-71.06983,Entire home/apt,153,5,276,2026-05-31,2.82,1,129,33,STR-544912
1642784332227120770,R8_Triple Room In Fields Corner Area,541813300,1470427724054736466,Boston,,Dorchester,42.30297900291398,-71.06602293659014,Private room,75,1,8,2026-05-28,2.89,32,358,8,STR-612980
17523133,"Entire floor, private bath, 2 mins walk to subway",88194508,1467059269950505311,Glenn,,Dorchester,42.28499,-71.06211,Private room,163,2,411,2026-05-29,3.65,1,123,23,STR-536324
640523947541604406,Prime City Location: Private Suite-separate entry.,79360660,1466969943969921522,Jacqui,,Dorchester,42.27872,-71.07145,Entire home/apt,212,1,146,2026-05-31,3.04,1,32,33,STR-475138
1416614858597274376,Home-like 4BR-3BA Apt | Near Ashmont Station (New),394065719,1469818846079157782,Thanh,,Dorchester,42.281545919890036,-71.05860177329428,Entire home/apt,542,2,17,2026-05-30,1.51,1,332,17,STR-511073
1705454323151678239,Modern Kid-Friendly 4BR Boston Stay w/Parking 37/2,132235026,1468322757400195635,Jenny,,Dorchester,42.28727,-71.07741,Entire home/apt,574,1,0,,,9,336,0,STR-818151
1304350307734015399,Comfy 5 BedRoom Retreat • 5-Min Walk to Train,660102285,1470657478424384743,Kin,,Dorchester,42.2823479,-71.0599718,Entire home/apt,520,1,43,2026-06-01,2.68,2,255,34,STR-587619
1477003006531222527,Newly Renovated Home • Walk to T • Free Parking,693764808,1470728893818792746,Chris,,East Boston,42.3917,-71.00572,Entire home/apt,257,32,1,2026-03-25,0.36,2,274,1,
717947226350098456,room and studios in boston ma.usa,202522408,1469056743649261423,Hopeton,,Mattapan,42.27188,-71.08839,Private room,91,5,45,2026-04-09,1.01,1,317,10,STR-489962
942775151182268903,New Private Room in Condo with a Dog,86375666,1467039434309798550,Vanna,,Mattapan,42.28136,-71.09466,Private room,145,1,30,2026-06-14,0.92,1,325,16,STR-577876
47406533,Sunny Southie Modern 2 Bedroom with Deck,35365790,1465522473596460893,Anda,,South Boston,42.33437,-71.05208,Entire home/apt,407,2,52,2026-04-30,0.84,1,193,14,STR-461650
42517503,Charming 3 bedroom suite in the heart of Boston,318064329,1469601523035416636,Dung,,Dorchester,42.28739,-71.05766,Entire home/apt,347,1,210,2026-05-31,3.43,1,34,23,STR-429386
42807059,"4br SouthBoston free parkg nrBeach, 6 min>BCEC",211778142,1469105649255052362,Maureen,,South Boston,42.330814361572266,-71.03656768798828,Entire home/apt,709,1,257,2026-06-01,5.60,1,250,63,STR-545107
19140676,Private Room 3 Min Walk to Savin Hill Subway Stop,4271667,1462652262123015943,Tianyu,,Dorchester,42.31343,-71.05495,Private room,117,1,266,2026-06-08,2.42,1,270,50,STR-523314
39394763,Beautiful 1 Bedroom Condo in Heart of South Boston,39938304,1465596092731578542,Elizabeth,,South Boston,42.33125,-71.04975,Entire home/apt,109,29,17,2026-05-10,0.22,1,85,3,Exempt: This listing is a unit used for furnished institutional or business stays
916759060552400715,Extraordinary 1-Bedroom Apartment in South Boston!,520718503,1470343037683548617,Kathleen,,South Boston,42.3308789,-71.0371873,Entire home/apt,342,2,121,2026-06-14,3.45,1,277,39,STR-603351
1173874331267051092,Boston - Great Location-Apt 2nd floor - 8 people,210929717,1469100695333906871,Gabriel,,Dorchester,42.32386352651769,-71.05600823801738,Entire home/apt,1028,2,28,2026-05-31,1.32,2,331,16,STR-563143
1611030798008563849,"1 BR Lux Apt, Wi-Fi, View of Boston, Free Parking",743596859,1611030798718769388,Sandy,,South Boston,42.3356786,-71.0440905,Entire home/apt,285,2,9,2026-06-14,2.93,1,217,9,STR-612506
1220409743498180367,Three level townhouse near South Boston's Best!,74782650,1466920156131772961,Holly,,South Boston,42.33654010990479,-71.05269715189934,Entire home/apt,625,2,54,2026-05-10,2.78,5,219,30,STR-573536
1653919887169578662,Savin Hill Gem | 4BR-2BA | Walk to T + Parking,456219260,1470053042469876164,Quoc B,,Dorchester,42.317356628616174,-71.05574968052187,Entire home/apt,429,2,4,2026-05-31,1.67,4,310,4,STR-621955
692705212150139166,10 minutes to downtown Boston,474836448,1470141017240785083,James,,Dorchester,42.32153,-71.05485,Entire home/apt,239,2,165,2026-06-14,3.89,1,199,36,STR-489740
1542808089814413447,Private Room w 2BEDS and Attached Bathroom,502043395,1468163786770865383,Jessica,,South Boston,42.32915322768813,-71.05538864349494,Private room,320,1,1,2026-03-23,0.35,23,289,1,STR-525163
1381380440098772212,Bright Southie Retreat | Private Deck + Walkable,103698543,1467244921453153691,Sarah,,South Boston,42.331357167005415,-71.04066359226597,Entire home/apt,378,1,7,2026-06-14,2.28,1,117,7,STR-620983
1420427925348205791,"(Southie2) Modern 2BR –Walk to Shops & Dining, W/D",693719965,1470728766562064563,Foster Love,,South Boston,42.332956799747194,-71.05082605866505,Entire home/apt,371,1,36,2026-06-14,2.86,4,164,34,STR-604736
1190052669690431638,Southie 3 Bed Single Family w/ Back Patio,10197317,1462834088491872469,Shannon,,South Boston,42.33236,-71.04251,Entire home/apt,999,1,7,2026-06-07,0.88,8,363,7,STR-609199
1662626513703152793,East Boston 2 BR /Walk to Subway+ 2 Min to Airport,468507596,1501784164060713614,Imanol,,East Boston,42.38215,-71.02259,Entire home/apt,605,1,0,,,4,10,0,STR-609287
1510937264925978657,Stay in Boston Historic Lower Mills 1,428212069,1510937265655086032,Johanan,,Mattapan,42.27106,-71.07316,Private room,263,1,4,2026-02-28,0.50,2,133,4,STR-607028
1038360272841338308,Boston| Free Parking | Walking Distance to Transit,455712298,1470050513507324175,David,,Dorchester,42.28150255537954,-71.07591822239647,Entire home/apt,205,2,0,,,1,133,0,STR-463224
1558855992253451838,Top Floor Apartment with Full Kitchen & Balcony,236734340,1558855992951398349,Jordan,,Dorchester,42.30073,-71.06684,Entire home/apt,46,91,0,,,1,308,0,
1494228213903975578,JB’s family in Boston,584728590,1470598898311677090,Joa,,Mattapan,42.27572,-71.09447,Entire home/apt,708,1,0,,,1,214,0,STR-606606
7330494,"""Private Guest Floor in Single-Family Home""",38403389,1462678308153220413,Katarzyna,,South Boston,42.33053,-71.05388,Entire home/apt,236,2,598,2026-06-08,4.51,1,223,46,STR-597334
31039035,Basement room,27871799,1462642600337662151,Althea,,Mattapan,42.27654,-71.0775,Private room,92,2,6,2019-08-26,0.07,6,258,0,STR-415974
1178282031477218967,Private Studio Guest House w/ Free Parking,583290692,1470594884430199626,James,,Dorchester,42.31656978707012,-71.05215551992968,Entire home/apt,246,2,70,2026-05-28,2.92,1,49,25,STR-552247
48802286,Family Friendly City Oasis! 2 Free Parking Spots!,152502955,1468496016400355289,Jack,,South Boston,42.32932,-71.05351,Entire home/apt,679,1,226,2026-05-31,3.78,1,271,46,STR-446942
29833651,Bina’s Home away from home  5,153568352,1468504461009133167,Frederick & Sabina,,Mattapan,42.27852,-71.08658,Private room,194,1,86,2025-10-19,0.93,5,174,1,STR-445640
54012247,Cozy home with free parking,247996442,1469315159269371140,Loan,,Mattapan,42.27724,-71.07475,Entire home/apt,708,2,47,2026-05-31,0.91,1,313,14,Str-551845
716081495310456299,"Bright Cozy Room, Steps from Red Line & Beaches",2356643,1462523722549277069,StayNue,,South Boston,42.33327,-71.05132,Private room,74,30,9,2023-07-02,0.20,31,38,0,STR-522998
36000657,"Beautiful, Clean Room close to Train and Downtown",2707695,1462605476680748009,Roman,,Dorchester,42.31471,-71.05136,Private room,98,29,37,2026-05-20,0.44,3,243,3,STR-408019
48960774,#4 CLEAN COMFY & COZY GLORY GUEST SUITE,229143484,1463231525631778465,Maria,,Dorchester,42.2807,-71.07172,Entire home/apt,394,1,53,2025-10-18,0.91,3,363,5,STR-468600
50031855,Perfectly Renovated Home w/ Private Outdoor Oasis,9056166,1462793796285486221,Andrea,,South Boston,42.33483,-71.04502,Entire home/apt,889,1,142,2026-06-04,2.49,3,229,23,STR-589956
1668307731763655764,Boston Dorchester 2 BR +Parking | 5 min to Subway,168030759,1668307732535885959,Justin,,Dorchester,42.28219,-71.06785,Entire home/apt,366,2,0,,,1,343,0,STR-624022
27990984,Bina’s Home away from Home 2,153568352,1468504461009133167,Frederick & Sabina,,Mattapan,42.27684,-71.0851,Private room,172,2,72,2023-10-30,0.76,5,31,0,STR-445640
1674782496208883451,The Artful Retreat Close to Gillette Stadium,483491055,1463809408480361185,Gladys,,Mattapan,42.27926750446034,-71.08956344425678,Entire home/apt,491,1,0,,,2,297,0,STR-624680
1258682027293555147,Thatch Quarters | Pvt. Room in Southie | 301 DOT,814298,1462514414319387899,Stay Thatch,,South Boston,42.33631271024674,-71.04591405138864,Entire home/apt,155,1,37,2026-06-11,1.81,57,186,18,Exempt: This listing is a hotel or motel
689981885807910567,Bright retreat near Red Line w/ patio,474224382,1470138383808009434,Eliott,,South Boston,42.33305499999999,-71.0487466,Entire home/apt,288,1,104,2026-06-05,2.26,1,318,34,STR-485772
1462553731394999564,Updated unit in Boston JP!,174983457,1468697280359951773,George,,Jamaica Plain,42.31049,-71.10569,Entire home/apt,63,91,0,,,1,365,0,
51218046,"Very spacious, brand new 3 bedroom condo",79864748,1466974787771434297,Karolina,,Mattapan,42.2736,-71.07051,Entire home/apt,713,2,50,2026-03-30,1.05,3,360,8,STR-599897
16894082,South Boston. Minutes away from Convention Center,27636546,1465408110885401622,Tanya,,South Boston,42.33509,-71.0288,Entire home/apt,788,1,77,2026-05-21,0.68,1,347,11,STR-523715
983776069017896796,Penthouse 2 Beds /2 Baths luxury in South Boston,437249260,1469976719985481939,Blerina,,South Boston,42.33587636211053,-71.05071114287647,Entire home/apt,503,1,140,2026-06-03,4.25,2,186,50,STR-544933
1597451383200905739,Central Renovated Condo Airport & Subway & Parking,7427795,1462560827873077335,Ella,,East Boston,42.36836,-71.03608,Entire home/apt,430,1,4,2026-06-07,4,7,102,4,STR-623189
1683389864240555111,Eagle House - Boston Stadium,65906832,1466814873537265495,David,,East Boston,42.38017,-71.02846,Entire home/apt,575,1,0,,,2,22,0,STR-519465
979127995487134262,"Convenient, Brand new,Comfy!",53168234,1465862703098839662,John,,East Boston,42.3751160129216,-71.03648402799509,Private room,537,1,19,2025-10-25,0.58,1,268,1,STR-539781
29082416,Brighton,16016039,1462976214080328493,Amaro,,Brighton,42.36203,-71.14292,Private room,94,29,81,2025-09-28,0.87,1,359,1,STR-410791
53463603,Cozy Private 1BR/1BA in Modern Home Near Airport,188309953,1463092693549093834,Philip,,East Boston,42.37798,-71.03817,Entire home/apt,340,1,136,2026-05-30,2.82,2,34,20,STR-434812
30297660,Karlie’s Place #2,192503522,1469001028443971768,Esther,,Mattapan,42.27435,-71.09402,Private room,91,29,199,2023-11-12,2.18,2,359,0,STR-399036
1574126997075928380,3TDGarden Celtics/Bruins/Lil Italy/Historic,3637081,1462531041766010189,Anthony,,North End,42.36547,-71.05612,Entire home/apt,290,1,11,2026-05-24,2.80,11,177,11,STR-468232
1007480621926251575,Spacious Bedroom + Private Bath 2A,16612533,1462990857401466263,Matt,,Dorchester,42.28229899028369,-71.0733387619257,Private room,101,30,5,2025-09-04,0.16,16,319,1,
729254397646619056,4BD/2BA w/ 2 King Beds! Near Airport and Subway.,2006852,1462521630116987053,Jay,,East Boston,42.37146,-71.03357,Entire home/apt,503,1,119,2026-05-25,2.72,25,336,18,STR-489771
24756613,"Perfect Location, only 3 min WALK to RED train",156053359,1468523196451698383,Ken,,Dorchester,42.29015,-71.0684,Private room,200,1,20,2026-06-15,0.20,8,365,3,STR-628373
315982,"Beautiful Townhouse, 2 BR & 2 Bath",119019,1462510028211654672,Hermina,,Dorchester,42.29871,-71.05954,Entire home/apt,406,1,122,2025-09-17,0.70,6,156,1,STR-594613
40395312,North End 1 Bedroom Home: Perfect for FIFA,299305493,1469538077277014415,Lorianne,,North End,42.36589,-71.05104,Entire home/apt,456,1,0,,,1,361,0,STR-624530
1644543225708675528,Boston 1BR Apartment Room - Comfortable Stay,44581223,1465661874907416120,Andre,,Roxbury,42.31187,-71.08762,Private room,157,2,1,2026-04-23,0.55,6,363,1,STR-536142
29158858,Boston 1 bd Home Away From Home,91546140,1467106377181543039,Jeanette,,Roxbury,42.30997,-71.0872,Private room,221,2,0,,,1,364,0,STR-536142
1170863254755541072,Brand New 4BR 2.5Bath House 20Min  Downtown Boston,470187953,1470120432212697492,Pamela,,Dorchester,42.3010749,-71.08379359999999,Entire home/apt,756,1,95,2026-06-07,3.89,3,287,34,STR-491593
9018434,Warm & Cozy Home for Your Stay!,15583990,1462965825217431486,Natalia,,Dorchester,42.29005,-71.06222,Entire home/apt,1049,1,22,2024-05-13,0.17,7,123,0,STR-453623
1544166466952960220,"Blueground | Lower Allston, view, nr Charles River",107434423,1462889176402806013,Blueground,,Brighton,42.3631472,-71.1378921,Entire home/apt,,30,0,,,227,50,0,
1179024025528967603,Spacious Bedroom & Private Bath 3A,16612533,1462990857401466263,Matt,,Dorchester,42.28319,-71.07236,Private room,113,30,3,2025-08-07,0.14,16,319,2,
1249242248686975661,Spacious North End Studio,2006852,1462521630116987053,Jay,,North End,42.36541813212881,-71.05177217682787,Entire home/apt,139,29,7,2024-12-18,0.33,25,228,0,STR-572010
33638927,12 BR World Cup Boston stay Yard Grill,25203946,1462632583966054343,Eder,,Dorchester,42.309845,-71.063538,Entire home/apt,3614,2,13,2025-04-29,0.16,7,250,0,STR-413525
993474344830830161,Large Bedroom Suite & Private Bathroom 1B,16612533,1462990857401466263,Matt,,Dorchester,42.28173,-71.07449,Private room,121,30,6,2025-09-19,0.19,16,269,1,
23592161,"Cozy, Modern & Central 1 bed close to waterfront.",40132620,1462683636879416092,Dr Robert,,North End,42.36595,-71.05406,Entire home/apt,238,5,153,2026-05-07,1.55,1,263,2,STR-461118
1349407430128665038,Cozy Dorchester Studio,64880230,1466802365493166557,Mary,,Dorchester,42.31497180467169,-71.05909027281734,Entire home/apt,243,2,1,2026-05-30,1,1,15,1,STR-621462
29261726,"Beautiful private place#2 4 min fr T, 5 mt airport",169902109,1463040592259356893,Endang,,East Boston,42.37676,-71.03889,Private room,80,29,189,2025-09-01,2.03,2,288,2,STR-414768
52161120,Centrally located in the heart of Boston near T,414161036,1469885548639057958,Melinda,,Dorchester,42.31452,-71.05971,Entire home/apt,487,1,184,2026-05-29,3.58,1,141,27,STR-549294
53572353,"Rare 3.5 bed apt, super location Boston, +parking",433846126,1469963438571980361,Katherine,,Dorchester,42.32321,-71.06031,Entire home/apt,360,2,135,2026-05-03,2.65,1,75,22,STR-546622
1642928818009757467,P2_Triple Room In Savin Hill Station Area,541813300,1470427724054736466,Boston,,Dorchester,42.315245717257795,-71.0575696704885,Private room,63,1,2,2026-05-21,0.73,32,129,2,STR-620121
1642812224748708005,H2_ Triple Room Near South Boston Area,541813300,1470427724054736466,Boston,,Dorchester,42.3243589581884,-71.0602382194316,Private room,148,1,4,2026-05-26,1.56,32,26,4,STR-410134
1008634914969553181,Entire Apt Near Wharf,20857768,1463140474528738801,Compass,,North End,42.3661862,-71.05216779999999,Entire home/apt,254,10,9,2025-11-25,0.29,77,318,4,STR-550228
51536008,A French Room in Boston,29218948,1462647374090005482,Aaron,,Dorchester,42.31609,-71.06669,Private room,229,1,200,2026-06-05,3.39,3,166,37,STR-445535
1623597188122910854,Large Sunlit Private Room near Andrew Square,20271586,1616380969775469772,Seçkin,,Dorchester,42.3253866,-71.0584176,Private room,108,3,1,2026-05-01,0.64,8,265,1,STR-620887
48562692,3BR JFK/UMASS redline T+parking,167556315,1468621871635280464,Karolina,,Dorchester,42.3232,-71.05995,Entire home/apt,299,2,206,2026-06-07,3.62,1,203,34,STR-522356
1035592065390102452,I New apartment Luxury in Boston,362014108,1469726693683283755,Jean- Luc,,Dorchester,42.30581260716941,-71.06562784951751,Entire home/apt,193,3,56,2026-05-30,1.83,5,173,23,STR-547003
1556669058646361646,2br in Southend m3zv,657483974,1470651798436237535,E Stays,,South End,42.33645,-71.06977,Entire home/apt,357,1,9,2026-05-24,1.34,18,346,9,STR-585063
1597414137059364125,Luxury 2 Bedroom Apartment @ The Heart of Boston 2,85941025,1467035084647136440,Jose,,Roxbury,42.32598,-71.06782,Entire home/apt,373,1,8,2026-06-07,1.61,6,227,8,STR-600660
1642928994330127632,P4_ Double Room In Savin Hill Station Area,541813300,1470427724054736466,Boston,,Dorchester,42.31337,-71.05757,Private room,124,1,2,2026-05-26,1.22,32,124,2,STR-620121
26012594,World Cup Boston 4BR Group Stay near train,25203946,1462632583966054343,Eder,,Dorchester,42.31122,-71.06178,Entire home/apt,835,2,86,2026-05-15,0.89,7,291,6,STR-413525
1432653310866009935,Fenway Park – Two BR – Walk everywhere! Location!,47584294,1465718059935171405,Jessy And Diego,,Fenway,42.3415,-71.0969,Entire home/apt,338,1,68,2026-05-28,5.44,33,241,66,STR-589657
1607462391825717975,Sleek Modern 2 Bed: King + Queen | Suite 6,719174829,1511018819903666705,Pete,,Fenway,42.347315557700185,-71.10453972537654,Entire home/apt,387,1,2,2026-06-04,2,10,140,2,STR-598988
963259614875128380,Walk! Walk! Kenmore Square - 2 Beds / 1 Bathroom,47584294,1465718059935171405,Jessy And Diego,,Fenway,42.34922,-71.09505,Entire home/apt,282,1,140,2026-05-26,4.15,33,242,64,STR-526090
1497505550851767961,Fenway Park! – Walk to all! – 2BR/1BA – Location,47584294,1465718059935171405,Jessy And Diego,,Fenway,42.3434,-71.09687,Entire home/apt,731,1,46,2026-06-01,4.86,33,254,46,STR-589678
970254183341401847,"Fenway, Berklee College & Shopping Nearby, #303",22348222,1462620857010380237,Maverick,,Fenway,42.34014,-71.09545,Entire home/apt,317,1,40,2026-05-25,1.27,87,343,20,STR-540415
1497481859342449740,Fenway Park! - Two BR - 1st Floor! Location! Walk!,47584294,1465718059935171405,Jessy And Diego,,Fenway,42.34299681095423,-71.09871326893501,Entire home/apt,238,1,41,2026-06-01,4.32,33,246,41,STR-589666
1607428126309408003,Luxury 2BR: Chic Boston Stay for 6 | Suite 4,719174829,1511018819903666705,Pete,,Fenway,42.34623,-71.10278,Entire home/apt,417,1,2,2026-06-05,2,10,128,2,STR-598986
50898544,Fenway Park Vintage Brownstone (4A),411294872,1469875953834230965,Lihua,,Fenway,42.34873,-71.0958,Private room,297,1,504,2026-06-13,8.45,3,308,98,STR-626105
1024032191832813325,"(F31) Fenway Park, 2 Beds, Sunny, Simple & Clean!",233908696,1463245100596399025,Together We,,Fenway,42.342726029626704,-71.09958197662118,Entire home/apt,410,1,125,2026-06-10,4.07,7,232,48,STR-571661
1648666173498482331,Kasa Boston at Fenway | Three Bedroom,88566861,1462844731192258239,Kasa,,Fenway,42.3437913,-71.1019092,Entire home/apt,1334,1,5,2026-06-06,3.49,6,281,5,STR-621892
47353361,Charlestown Furnished  1 bedroom Apartment M465,32532791,1465477386459707846,Marie,,Charlestown,42.37473,-71.06101,Entire home/apt,366,1,20,2026-05-07,0.36,6,80,3,STR-385912
1078330771019050652,Boston Dream Space,462388177,1470083244883552495,Turana,,Dorchester,42.316806743059324,-71.06661867964523,Private room,217,1,6,2026-02-16,0.32,6,314,4,STR-549609
4089940,Spacious Apt In North End,20857768,1463140474528738801,Compass,,North End,42.36619,-71.05217,Entire home/apt,378,10,62,2026-06-05,0.44,77,350,1,STR-550229
1211601016640075822,North End 1 BR - Steps to Hanover Street,45455727,1462700177625058862,James,,North End,42.3680729678385,-71.05307854413574,Entire home/apt,382,3,51,2026-05-31,2.35,4,233,27,STR-570823
220676,Private room off the Freedom Trail.,1144302,1462538176645156323,Howard,,North End,42.36614,-71.05226,Private room,290,1,385,2026-06-05,2.15,1,109,29,STR-454055
30425726,Triple Decker Guesthouse for up to 24 guests!,127718668,1468283632936067249,Muny,,Dorchester,42.31436,-71.05746,Entire home/apt,1238,1,56,2026-05-08,0.66,4,272,4,STR-423861
1284113928583755359,3brm/1bath North End Gem,2006852,1462521630116987053,Jay,,North End,42.36467,-71.05444,Entire home/apt,526,1,40,2026-05-23,2.63,25,284,37,STR-583757
1046015724103910029,Prima Boston North End 2brm,2006852,1462521630116987053,Jay,,North End,42.36474704062829,-71.05588948386952,Entire home/apt,433,1,110,2026-05-31,4.08,25,253,43,STR-546562
14950476,Inn the Moment - Harbor View,92691757,1467120183003734786,Melissa,,Charlestown,42.37006,-71.06159,Private room,375,1,66,2026-05-29,0.56,8,125,11,STR-545898
14928081,"Rozinante - Queen, Harbor View",92691757,1467120183003734786,Melissa,,Charlestown,42.37018,-71.06109,Private room,350,1,61,2026-05-28,0.57,8,140,10,STR-545898
1319657511921862860,Lux 1st floor 3brm/1bath North End,2006852,1462521630116987053,Jay,,North End,42.366997315779884,-71.05755722815779,Entire home/apt,631,1,45,2026-06-01,3.07,25,243,37,STR-583182
1035464589578010933,II New apartment Luxury inBoston,362014108,1469726693683283755,Jean- Luc,,Dorchester,42.30685358840152,-71.06593783681168,Entire home/apt,251,3,40,2026-04-21,1.37,5,331,14,STR-547010
1666808878357606436,Private Room near Andrew Station (Red Line) - H14,20271586,1616380969775469772,Seçkin,,Dorchester,42.32467874865244,-71.05765912478148,Private room,84,7,0,,,8,239,0,STR-623531
1569329094349848000,H1_ Triple Room Near South Boston Area,351582312,1469681432539414292,Daniel,,Dorchester,42.32265,-71.05924,Private room,170,1,13,2026-05-30,2.98,15,48,13,STR-620121
42915815,High-floor Luxury Building with River Views by MGH,6574212,1462546240414460929,Jim,,West End,42.36548,-71.06833,Private room,220,4,29,2026-05-29,0.50,3,323,5,STR-531644
836153649468461318,FIFA World Cup - Boston Home Special,66253837,1462771345200118728,Parker,,Roxbury,42.33033,-71.07118,Entire home/apt,1284,3,13,2024-10-27,0.38,1,40,0,STR-522402
1033995652389074187,Duplex Beacon Hill 1brm,2006852,1462521630116987053,Jay,,West End,42.36194,-71.06897,Entire home/apt,386,1,78,2026-05-21,2.63,25,78,29,STR-445054
6050311,Our Urban Oasis Awaits You (1BDR/BTH),31397283,1465461747851168576,William C,,Dorchester,42.31235,-71.0657,Private room,91,3,75,2026-04-20,0.56,1,140,1,STR-619280
42487067,Boston Three Bedroom Apartment,272001812,1469436028643712686,Antonio,,Dorchester,42.31129,-71.06447,Entire home/apt,325,2,4,2025-07-13,0.09,7,271,1,STR-541492
48080487,North End 1 BR Gem in Little Italy,9410008,1462813405226616143,Jason,,North End,42.36319,-71.05127,Entire home/apt,266,29,85,2026-03-04,1.31,19,147,2,STR-441416
1023901162503341598,"(FB2) Fenway 3 Brm, W/D Near Hospitals!",233908696,1463245100596399025,Together We,,Fenway,42.34147619289917,-71.09977461148691,Entire home/apt,748,1,155,2026-05-29,4.98,7,257,48,STR-571666
1623629759679982554,WX - Double Room In Andrew Station Area,351582312,1469681432539414292,Daniel,,Dorchester,42.32503,-71.05905,Private room,171,1,3,2026-05-09,0.85,15,259,3,STR-410134
1547344505016437892,Spacious 10BR/6BA Home – Ideal for Large Groups,712561017,1484224426423189866,UrbanAxis,,Dorchester,42.32261,-71.05954,Entire home/apt,2468,1,1,2025-12-14,0.16,5,49,1,STR-527321
1063677148275439417,NEW! Boston Full Home Near MBTA! 3 Mi To Fenway !,41266357,1462687125860403075,Frank,,Roxbury,42.32044,-71.07531,Entire home/apt,1155,1,14,2026-05-13,0.48,5,306,3,STR-414833
1642813789577688857,H4_ Triple Room Near South Boston Area,541813300,1470427724054736466,Boston,,Dorchester,42.322430237447456,-71.06041836555123,Private room,148,1,4,2026-05-28,1.41,32,131,4,STR-410134
1657516978895899999,Luxury 2 Bedroom Apartment @ The Heart of Boston 1,85941025,1467035084647136440,Jose,,Roxbury,42.32606,-71.06984,Entire home/apt,387,1,0,,,6,240,0,STR-600660
1596521817393092192,5 BR Spacious Boston Corporate & Medical Housing!,41266357,1462687125860403075,Frank,,Roxbury,42.32001,-71.0752,Entire home/apt,612,2,3,2026-05-11,1.13,5,315,3,STR-414833
1622842458840316264,Stunning Luxury King Apt 1 Bedroom 1,85941025,1467035084647136440,Jose,,Roxbury,42.32508924035169,-71.06791180835394,Private room,246,1,16,2026-06-06,4.44,6,262,16,STR-600660
1434669654372412159,Stunning Luxury Queen Bedroom with private bath,85941025,1467035084647136440,Jose,,Roxbury,42.3254303,-71.068862,Private room,195,1,10,2026-06-01,1.03,6,244,10,STR-600660
1667722202039064442,"Sunny, historic Charlestown one-bedroom",112828787,1667722202927863271,Anna,,Charlestown,42.37127,-71.06401,Entire home/apt,437,3,0,,,1,61,0,STR-624013
927751278413604000,"(A) Cozy room near Harvard, MIT, BU",37035419,1462673914681141593,Wendy,,Allston,42.35756,-71.12873,Private room,19,91,2,2025-04-07,0.08,9,339,0,
27074605,FiFA Welcome to Boston 3 Minutes Walk to Train,156053359,1468523196451698383,Ken,,Dorchester,42.29027,-71.06673,Private room,109,3,9,2026-02-25,0.10,8,79,3,STR-628373
1140417514386380768,IV NewApart LuxuryAmenitieBoston,362014108,1469726693683283755,Jean- Luc,,Dorchester,42.30504,-71.0665,Entire home/apt,217,3,32,2026-05-31,1.26,5,129,17,STR-547013
1577203221573359240,Nightingale In Boston,310662379,1469580721261286506,Ulrich,,Roxbury,42.31638,-71.07944,Entire home/apt,281,1,16,2026-05-28,3.08,7,76,16,STR-610496
970254385841933801,"Fenway, Berklee College & Newbury St Just Minutes",22348222,1462620857010380237,Maverick,,Fenway,42.33989,-71.09554,Entire home/apt,317,1,62,2026-05-31,1.90,87,328,23,STR-540418
1023431870317596538,A King Bed | Apartment | Middle of Boston,501889213,1463849225445308817,J Lucky,,Roxbury,42.32776745773926,-71.08654071441475,Entire home/apt,361,1,245,2026-06-11,11.00,7,29,128,STR-571341
1137531457101264262,Cute King Bed | In The Middle of Boston,501889213,1463849225445308817,J Lucky,,Roxbury,42.32743877499177,-71.08500299897628,Private room,120,1,278,2026-06-13,10.60,7,47,133,STR-571341
1236366556643897548,King Bed | 3rd Floor | Spacious,501889213,1463849225445308817,J Lucky,,Roxbury,42.32614,-71.08678,Private room,106,1,206,2026-06-12,10.15,7,29,128,STR-571341
1654690234820561686,Fenway Park! – Walk everywhere! – 2nd floor – 2BR!,47584294,1465718059935171405,Jessy And Diego,,Fenway,42.34318,-71.09847,Entire home/apt,280,1,10,2026-06-10,7.50,33,259,10,STR-589671
970252095443904336,"Fenway Park, Berklee & Newbury at Your Door, #205",22348222,1462620857010380237,Maverick,,Fenway,42.34026,-71.09563,Entire home/apt,224,1,38,2026-06-13,1.15,87,346,11,STR-540404
942772741020970813,Walk! Walk! Walk! 1 Bed / 1 Bath - 2 mins from T!,47584294,1465718059935171405,Jessy And Diego,,Fenway,42.34955280297618,-71.09576616985966,Entire home/apt,273,1,128,2026-05-30,3.66,33,256,46,STR-526091
649227798792183262,Top Floor Fenway 1br w/ Patio | Keyless Entry,275849638,1469454850382219508,Healing Homes,,Fenway,42.34853335191449,-71.10454676740507,Entire home/apt,329,1,183,2026-05-17,3.77,53,218,26,STR-483056
1604461278566562853,Nightingale's Boston Retreat,310662379,1469580721261286506,Ulrich,,Roxbury,42.3154637,-71.0800967,Entire home/apt,330,1,9,2026-05-31,2.23,7,86,9,STR-610496
1523450654065104546,NEW! LUX 3BR w/ 400 Mbps Wifi | Roku TV & Games!,578741487,1470581791435581826,Michael,,Roxbury,42.33021,-71.09056,Entire home/apt,339,1,42,2026-06-13,5.06,15,347,42,STR-621615
1514714940012290884,NEW! LUX 3BR w/ 400 Mbps Wifi | ROKU TV & Games!,578741487,1470581791435581826,Michael,,Roxbury,42.32881,-71.09256,Entire home/apt,530,1,43,2026-06-08,4.94,15,310,43,STR-621616
1434826471614493006,WorldCup Boston 6BR sleeps 15 near DowntownParking,698562947,1470738891470429640,Marco,,Dorchester,42.31180548918105,-71.07078347720483,Entire home/apt,972,2,19,2026-06-07,1.57,1,187,19,STR-557451
50770780,"Fort Hill Inn, *Designed*  City Loft Studio Apt",28662210,1465422961172674984,Terry,,Roxbury,42.32845,-71.09435,Entire home/apt,228,1,155,2026-05-21,2.63,5,80,54,str-446656
1604009541522881174,"Cozy 3BD/1BA in Boston | Franklin Zoo, Boston Comm",198027240,1529325003268607876,Nabila,,Roxbury,42.31591,-71.09095,Entire home/apt,308,1,14,2026-06-07,3.72,3,83,14,STR-616753
35576389,Alaska Street R52,188939923,1468979307082740201,Mort,,Roxbury,42.32239,-71.08039,Private room,178,1,77,2026-06-04,0.92,7,189,15,STR-415018
921849596380643625,Alaska Street R21,188939923,1468979307082740201,Mort,,Roxbury,42.32193,-71.08004,Private room,124,1,44,2026-06-01,1.23,7,320,15,STR-415018
1597454376067104203,3A2 Private Room Next to Subway - Walk to Food,349093509,1469694189401476345,Phuong,,Dorchester,42.30171,-71.064,Private room,122,3,3,2026-05-25,1.23,5,350,3,STR-616565
163941,Fort Hill Inn  2 bed Duplex ApT!  Location!,8229,1462506610204730632,Terry,,Roxbury,42.32806,-71.09423,Entire home/apt,446,1,345,2026-05-22,1.91,11,126,38,STR-446659
832227322277899919,Spacious multi-level 4 bed /2bath Apt. in Boston,215677730,1469130894334493976,Michael Jermaine,,Roxbury,42.31355842721171,-71.08467057133451,Entire home/apt,386,2,173,2025-10-22,4.37,1,145,8,STR-523111
43757873,4BR - Visit Boston Like a Local!,14561673,1462941558582909527,Megan,,Charlestown,42.38102,-71.06814,Entire home/apt,261,7,6,2025-08-31,0.10,1,19,2,STR-399155
1036141923934827130,Modern Condo steps from Bunker Hill Monument,170761951,1468659830593288723,Debbie,,Charlestown,42.37537063838112,-71.06237702904673,Entire home/apt,355,2,69,2026-06-08,2.31,1,294,7,STR-546196
1420930345205821959,Historic and stylish cottage in Boston,1454372,1462546314132041417,Rachel,,Charlestown,42.38061,-71.06563,Entire home/apt,1391,4,0,,,1,40,0,STR-595952
1569557576331512636,"Z Celtics/Bruins, Lil Italy, North End*",37907846,1465567199260055273,Boston,,North End,42.36522,-71.05701,Entire home/apt,296,1,19,2026-05-31,3.29,13,217,19,STR-583182
1666789624036158130,Z*3 TDGarden Celtics/Bruins/Lil Italy/Historic,3637081,1462531041766010189,Anthony,,North End,42.36758,-71.05654919999999,Entire home/apt,404,29,5,2026-05-29,3.13,11,186,5,STR-619446
1211190103832728629,North End 1 BR in Little Italy,45455727,1462700177625058862,James,,North End,42.367563314550324,-71.05261702063339,Entire home/apt,427,2,48,2026-05-26,2.11,4,234,25,STR-570822
1613230053641034691,Superb 2brm/1bath heart of North End Boston,2006852,1462521630116987053,Jay,,North End,42.36543801244185,-71.05327668941528,Entire home/apt,422,1,12,2026-05-30,2.95,25,270,12,STR-589348
46005070,Chic StudioLux Near Piers Park & Harbor,30283594,1465445680495565156,Global Luxury Suites I,,East Boston,42.36638,-71.04007,Entire home/apt,,29,41,2024-07-22,0.60,31,363,0,Exempt: This listing is a hotel or motel
1413787834722874755,North End Efficient 3 BR | 1 BA in Little Italy,9410008,1462813405226616143,Jason,,North End,42.36585,-71.0545,Entire home/apt,1353,2,25,2026-05-29,2.01,19,184,24,STR-596364
21701419,"Private High-Rise, River-View Bedroom by MGH/MEEI",6574212,1462546240414460929,Jim,,West End,42.36431,-71.06833,Private room,171,6,76,2026-03-15,0.73,3,211,6,STR-531644
40283311,Blue Waters - Harbor View,92691757,1467120183003734786,Melissa,,Charlestown,42.3699,-71.06146,Private room,375,1,57,2026-05-15,1.21,8,60,6,STR-545898
1413782160392323820,Fabulous North End 3 BR | 1.5 BA in Little Italy,9410008,1462813405226616143,Jason,,North End,42.36706,-71.05303,Entire home/apt,1004,3,17,2026-05-25,1.32,19,253,15,STR-596362
14204600,North End 2 BR | 1 BA Duplex in Little Italy,9410008,1462813405226616143,Jason,,North End,42.36704,-71.05376,Entire home/apt,826,2,352,2026-04-21,2.93,19,235,19,STR-441408
878794587007595979,Charming South End Farmhouse - Near Northeastern!,74782650,1466920156131772961,Holly,,Roxbury,42.33467151684205,-71.08334665548122,Entire home/apt,571,1,190,2026-05-30,4.98,5,264,46,STR-525603
971237837731938987,Newly Renovated Roxbury Tower,21554910,1463158134547235235,Philipp,,Roxbury,42.32048,-71.07729,Entire home/apt,243,2,108,2026-05-28,3.21,2,348,26,STR-539401
1162030325793313072,Alaska Street R40,216849347,1469138909045783025,Jeana,,Roxbury,42.31977,-71.07991,Private room,96,2,23,2026-06-02,0.93,3,347,12,STR-415018
28749495,Alaska Street R43,188939923,1468979307082740201,Mort,,Roxbury,42.32045,-71.07794,Private room,148,1,92,2026-06-01,0.98,7,164,19,STR-415018
52637370,Amazing Location in Little Italy with Roof Deck,46563300,1465697401187455061,Chris,,North End,42.36841,-71.05425,Entire home/apt,440,1,79,2026-06-12,1.51,1,258,34,STR-460608
1526069266502538249,City Apt In Heart of Boston,20857768,1463140474528738801,Compass,,North End,42.36331,-71.05516,Entire home/apt,418,30,0,,,77,358,0,
565061216401674911,Modern & Cozy 3-BR Condo near Downtown,137161971,1462955644315604645,Daniel,,Roxbury,42.31625,-71.0771,Entire home/apt,312,1,239,2026-06-05,4.58,2,332,14,STR-599465
1456161915343235524,Highland Park fun home,704775460,1470750516002708205,Ponce,,Roxbury,42.32121,-71.09197,Entire home/apt,571,1,14,2026-06-13,1.30,1,146,14,STR-588939
28867304,Alaska Street R42,216849347,1469138909045783025,Jeana,,Roxbury,42.32142,-71.08007,Private room,116,1,119,2026-06-13,1.27,3,307,14,STR-415018
27810970,Alaska Street R53,188939923,1468979307082740201,Mort,,Roxbury,42.32192,-71.07855,Private room,149,2,89,2026-05-30,0.94,7,51,14,STR-415018
1648634963965467692,Kasa Boston at Fenway | One Bedroom King,88566861,1462844731192258239,Kasa,,Fenway,42.3437913,-71.1019092,Entire home/apt,639,1,5,2026-06-06,3.13,6,284,5,STR-622449
50085332,StudioLux in Trendy Neighborhood | Pool,30283594,1465445680495565156,Global Luxury Suites I,,East Boston,42.36638,-71.04007,Entire home/apt,,29,42,2024-12-15,0.70,31,363,0,Exempt: This listing is a hotel or motel
897900710964345557,Rebuilding Victorian Room 1,100757024,1467209695028377029,Treana,,Roxbury,42.3150924,-71.085883,Private room,91,2,78,2026-06-14,2.28,2,143,35,STR-530667
1459850634790032942,Historic 2 floor Apt in Boston w/ outdoor deck!,1668789566472925525,1670808005815393667,Lian,,Roxbury,42.32777,-71.0875,Entire home/apt,603,1,48,2026-06-09,4.34,1,343,48,STR-597072
1599569589257480748,"Elegant, Spacious 3BD/1BA in Boston",198027240,1529325003268607876,Nabila,,Roxbury,42.31423,-71.08893,Entire home/apt,346,1,7,2026-06-05,2.23,3,80,7,STR-616753
1184033060829768866,5 TDGarden Celtics/Bruins/Lil Italy/Historic,3637081,1462531041766010189,Anthony,,North End,42.36573366146302,-71.05616306007353,Entire home/apt,187,1,22,2026-06-01,1.48,11,262,15,STR-582252
1561230170619292915,Prime Boston Studio nr Boston Common,9419684,1462813669805382028,Churchill Living,,Chinatown,42.352093,-71.06081,Entire home/apt,222,30,0,,,9,357,0,Exempt: This listing is a unit that has contracts with hospitals
1508000218078509601,Back Bay Stylish Studio,717946252,1505867861207707885,Healing Homes,,Back Bay,42.34408,-71.08174,Entire home/apt,207,29,9,2026-02-10,1.20,35,233,9,Exempt: This listing is a unit that has contracts with hospitals
963638294449412751,Chic Fenway 1b Perfect Location!,275849638,1469454850382219508,Healing Homes,,Fenway,42.34909022215199,-71.09523336919413,Entire home/apt,320,1,74,2026-05-14,2.16,53,99,17,STR-438671
1496440589796901002,Furnished 1BR in Downtown,195668352,1469020042121615170,Yiyi,,West End,42.36494,-71.06597,Entire home/apt,390,2,4,2026-04-21,1.32,1,295,4,STR-613424
29765,Moroccan Decor Suite,128280,1462510328011930483,Elizabeth,,Charlestown,42.37754,-71.06642,Entire home/apt,370,2,103,2024-10-27,0.53,1,354,0,STR-454024
970255523886035851,"Fenway, Berklee & Newbury St at Your Door, #406",22348222,1462620857010380237,Maverick,,Fenway,42.339688701361496,-71.09537347149856,Entire home/apt,371,1,42,2026-05-25,1.28,87,315,11,STR-540433
1042138334458791071,Large 2 BR | 1BA in the North End,9410008,1462813405226616143,Jason,,North End,42.36672,-71.0556,Entire home/apt,817,3,49,2026-05-31,1.64,19,250,14,STR-544878
1642854186076473756,Modern Luxury 2BR | King + Queen | Suite 8,719174829,1511018819903666705,Pete,,Fenway,42.34571,-71.10427,Entire home/apt,496,1,4,2026-06-14,4,10,131,4,STR-598988
1497493607019466537,Fenway Park! - 2BR/1BA- 1st Floor! Location! Walk!,47584294,1465718059935171405,Jessy And Diego,,Fenway,42.34149,-71.09814,Entire home/apt,597,1,46,2026-05-26,4.88,33,242,46,STR-589665
1496282210699630809,Boston's Alaska Nest | Sleeps 15 | Free Parking,431779715,1469954773765080811,Khalifa,,Roxbury,42.3207386,-71.0783905,Entire home/apt,970,1,19,2026-06-07,2.01,5,287,19,STR-604626
1280410409858262373,1BR Apartment Full-Kitchen,656025446,1470648519403853933,Heidi,,South End,42.33629,-71.07671,Entire home/apt,399,2,22,2026-05-17,1.16,2,273,19,STR-573028
1600133883737438556,Nightingale Boston Hideaway,310662379,1469580721261286506,Ulrich,,Roxbury,42.3154637,-71.0800967,Entire home/apt,359,1,6,2026-05-28,1.49,7,76,6,STR-610496
589710523815430887,"Art-filled queen room, city views, near T",45824409,1465684261180456876,Celia,,Roxbury,42.3295,-71.09212,Private room,190,3,33,2024-08-27,0.65,2,52,0,STR-516495
49714366,*Fort Hill Inn  *Sunny* Updated Historic Beauty!,8229,1462506610204730632,Terry,,Roxbury,42.3234,-71.09018,Entire home/apt,531,2,99,2026-06-11,1.64,11,123,19,str-446652
10132073,Extended stays,51992629,1465820590705832486,Jef,,East Boston,42.37126,-71.03893,Entire home/apt,414,1,86,2026-05-16,0.71,1,224,6,STR-558637
49638279,Fort Hill Inn Uber Cool!  **Modern City Triplex**,8229,1462506610204730632,Terry,,Roxbury,42.32829,-71.09404,Entire home/apt,799,2,39,2026-04-10,0.67,11,103,11,STR-446660
1295661468741873344,"Blueground | East Boston, AC, nr parks & beach",107434423,1462889176402806013,Blueground,,East Boston,42.3733886,-71.0401856,Entire home/apt,,30,0,,,227,50,0,
1026789531332469095,Luxury Studio | Conference & Work Spaces,9419684,1462813669805382028,Churchill Living,,East Boston,42.36638,-71.04007,Entire home/apt,242,29,12,2024-08-09,0.40,9,352,0,Exempt: This listing is a hotel or motel
1654383322865584245,Elegant 2BR 0.09mi Faneuil Hall/Quincy Market,57673810,1653919447397633405,Kama,,Downtown,42.3617,-71.05567,Entire home/apt,349,30,5,2026-05-17,2.21,15,269,5,Exempt: This listing is a unit that has contracts with hospitals
760402775627338023,"Central, Private Stay in a Boston Victorian Home",488008990,1487980346337885151,Maxence,,Roxbury,42.324499935324376,-71.0821790504146,Private room,,1,32,2026-04-22,0.82,2,362,2,STR-515996
1211650469632506754,North End 1 BR + Patio in Little Italy,45455727,1462700177625058862,James,,North End,42.36617,-71.0529,Entire home/apt,298,3,49,2026-05-30,2.25,4,156,24,STR-570824
4150640,Historic Brick Apt North End,20857768,1463140474528738801,Compass,,North End,42.36618,-71.05217,Entire home/apt,273,29,28,2022-06-12,0.20,77,303,0,Exempt: This listing is a unit used for furnished institutional or business stays
46006469,Luxury Studio w/ Rooftop Deck & Harbor Views,30283594,1465445680495565156,Global Luxury Suites I,,East Boston,42.36638,-71.04007,Entire home/apt,210,29,59,2025-08-23,0.89,31,352,3,Exempt: This listing is a hotel or motel
45999950,Modern Studio Designed for Elevated Living,9419684,1462813669805382028,Churchill Living,,East Boston,42.36638,-71.04007,Entire home/apt,242,29,7,2026-06-01,0.15,9,352,4,Exempt: This listing is a hotel or motel
1210048479112915739,"5BR TDGarden, Celtics/Bruins, Lil Italy, North End",37907846,1465567199260055273,Boston,,North End,42.3676,-71.05826,Entire home/apt,1277,1,13,2026-03-16,0.57,13,227,4,Exempt: This listing is a unit used for furnished institutional or business stays
641394192307018561,Stunning Victorian with Office | Mins to Downtown,7362903,1462729995248596690,Karim,,Roxbury,42.32441,-71.08664,Entire home/apt,310,2,71,2026-05-25,1.53,3,110,39,STR-547613
1193457837974640772,Stay in the Heart of Medical Boston - Parking,501999278,1468058277289999419,RoomPicks,,Longwood Medical Area,42.33832,-71.10647,Hotel room,402,1,7,2026-05-30,0.41,51,348,6,Exempt: This listing is a hotel or motel
1524074042765693399,Perfect for 1,9508341,1462815957324093693,Phyllis,,Brighton,42.3552,-71.16264,Private room,135,1,21,2026-06-14,2.54,2,336,21,STR-605767
53195495,Clean room with Free parking,88938229,1467078875723905280,Justin,,Brighton,42.3478,-71.15407,Private room,107,1,305,2026-06-07,5.47,1,178,54,STR-530798
1607379128977813155,Front Row Views: 1BR Suite with King Bed | Suite 3,719174829,1511018819903666705,Pete,,Fenway,42.34608,-71.10444,Entire home/apt,624,1,3,2026-06-05,3,10,163,3,STR-598985
15016872,Washer+Dryer+Parking!*Private suite*Cul de sac*,34614605,1465509859898259637,Zvi,,Brighton,42.34124,-71.15811,Entire home/apt,195,2,375,2026-06-10,3.52,1,35,41,STR-393765
1511018819016633007,The Urban Hideout Loft: Sleeps 4 | Suite 1,719174829,1511018819903666705,Pete,,Fenway,42.3467835,-71.10356089999999,Entire home/apt,279,1,0,,,10,155,0,STR-598353
8518237,Executive Garden Apartment,44851947,1465665835117227524,James,,Brighton,42.34196,-71.16095,Entire home/apt,493,2,442,2026-06-03,3.38,1,104,45,STR-413555
1176976365746800145,Luxury Charlestown! city home!,160087066,1468557473393735137,Carey,,Charlestown,42.37675615633171,-71.05792112010776,Entire home/apt,1883,2,2,2025-08-04,0.14,1,246,1,STR-571182
731719702200184603,Boston In-law Suite with Private Entrance,28046328,1465414326491061514,Andrew,,Brighton,42.35581,-71.15674,Entire home/apt,240,2,101,2026-06-14,2.34,1,222,24,STR-494245
1188736505557817472,*Private Entrance *Central Location *kitchen,586189161,1470602899719521216,Benjamin,,Brighton,42.34735,-71.15401,Entire home/apt,316,1,73,2026-06-14,3.16,1,177,31,STR-558376
1642857063980613479,Luxury Boston Suite: King + Workstation | Suite 10,719174829,1511018819903666705,Pete,,Fenway,42.34579471619372,-71.1033189243304,Entire home/apt,387,1,1,2026-06-14,1,10,138,1,STR-598992
18876533,The In & Out Room at TPH - Boston,16441460,1462597924170059148,Charles,,Brighton,42.35457,-71.16684,Private room,212,1,139,2026-04-19,1.98,6,355,19,STR-453972
1698630022042235257,cozy room C,15154687,1462593006369650043,Taskin,,Brighton,42.34604,-71.15257,Private room,88,1,1,2026-06-12,1,34,365,1,str-613765
50874201,Modern Studio w/ Pool & Outdoor Lounge,30283594,1465445680495565156,Global Luxury Suites I,,East Boston,42.36638,-71.04007,Entire home/apt,221,29,15,2025-05-12,0.27,31,352,0,Exempt: This listing is a hotel or motel
1339919382635534918,nice and cozy room 2,15154687,1462593006369650043,Taskin,,Brighton,42.35629,-71.15822,Private room,88,1,54,2026-05-30,3.58,34,365,41,str-544976
1648654531546073680,Kasa Boston at Fenway | One Bedroom Queen,88566861,1462844731192258239,Kasa,,Fenway,42.3437913,-71.1019092,Entire home/apt,409,1,0,,,6,299,0,STR-622452
679963181191706468,Well-Lit Bedroom near Transit and Charles River,2356643,1462523722549277069,StayNue,,Brighton,42.35151,-71.16219,Private room,138,1,25,2026-06-08,0.54,31,355,2,STR-484106
1176699238161408928,Lovely & Quiet 2BR in Brighton,65812337,1466813819000731577,Kristin,,Brighton,42.34527,-71.1607,Entire home/apt,399,1,45,2026-05-23,2.12,1,162,24,STR-565739
4662379,Historic House modernized,24124767,1465283460861556261,Matt,,Brighton,42.34765,-71.15509,Entire home/apt,672,2,230,2026-06-02,1.64,1,266,13,STR-470547
1402514724234522779,The Fisher: City Access • Kitchen • Gym • W/D,416027128,1463648115903378942,Our House,,Brighton,42.34736,-71.14403,Entire home/apt,359,1,49,2026-05-28,3.50,41,265,42,STR-593004
27370693,Hola Joy 3,148305529,1462980047826778251,Clara M,,Brighton,42.36015,-71.14233,Private room,78,1,98,2026-06-11,1.03,3,316,49,STR-409596
46000458,Elegant Portside Studio by the Water,9419684,1462813669805382028,Churchill Living,,East Boston,42.36638,-71.04007,Entire home/apt,242,29,4,2025-03-23,0.07,9,352,0,Approved by government
53115783,Brand New 2 BR | 1 BA in So. BOS #1,9410008,1462813405226616143,Jason,,South Boston,42.33488,-71.04432,Entire home/apt,269,29,38,2025-09-02,0.68,19,185,1,Exempt: This listing is a unit that has contracts with hospitals
53555832,Charming Bedroom with private bath.,433688210,1469962820319699046,Blanca,,East Boston,42.37813,-71.03303,Private room,63,29,9,2025-08-11,0.21,5,283,1,
1334082335306014020,Comfy room in Luxury apartment,433688210,1469962820319699046,Blanca,,East Boston,42.37768,-71.03533,Private room,54,30,2,2025-09-30,0.16,5,48,1,
776971614888195449,One T stop from Downtown,189235334,1468981102923655880,Albena,,East Boston,42.36593455069983,-71.0355713888855,Entire home/apt,130,29,12,2025-11-06,0.30,2,279,4,
1516316017587509956,Modern Apt in E Boston,699041704,1470739825185749122,NomadiQ,,East Boston,42.374060604136474,-71.03250146472688,Entire home/apt,1040,29,21,2026-01-25,2.40,6,365,21,STR-546064
1252393019875245584,Modern Sunny Boston Skyline Apartment near Airport,96572579,1462862815447765054,Natasha,,East Boston,42.38026,-71.0342,Entire home/apt,197,29,33,2025-07-26,1.63,1,116,5,STR-577254
850907296135453535,"E. Boston Condo| Airport, Downtown, Convention ctr",248893926,1469319708408252581,Trevor,,East Boston,42.37108,-71.03437,Entire home/apt,98,30,101,2025-10-18,2.66,1,121,18,STR-522839
1024009392861605705,Nice Oasis Nr.Downtown & Airport,5618949,1462541500925995654,Alan Edwards,,East Boston,42.37809941816045,-71.03205981485941,Entire home/apt,211,29,62,2025-10-30,2.07,9,269,14,STR-419049
32012250,"East Boston- Newly Renovated, Prof. Clean, 1bd Apt",697401,1462526512255198719,Nick,,East Boston,42.36935,-71.03215,Entire home/apt,101,29,29,2026-05-04,0.35,3,237,3,
19310183,Family Home + Near Downtown + Cool Backyard!,18275791,1463040301213702324,Rob,,East Boston,42.36645,-71.0298,Entire home/apt,685,1,247,2026-06-13,2.27,1,242,45,STR-590827
1330470887826461444,"Blueground | East Boston, AC, balcony, nr park",107434423,1462889176402806013,Blueground,,East Boston,42.3772615,-71.0292983,Entire home/apt,,30,0,,,227,319,0,
1537104912157217028,Exclusive Studio Oasis Near Boston & Airport,5618949,1462541500925995654,Alan Edwards,,East Boston,42.37649414077199,-71.03236083062892,Entire home/apt,166,2,3,2026-06-15,1.14,9,343,3,STR-419049
1295661716773323725,"Blueground | East Boston, AC, nr parks & beach",107434423,1462889176402806013,Blueground,,East Boston,42.3772908,-71.0294006,Entire home/apt,,30,0,,,227,259,0,
1447418648814552213,Cloud 9 Lounge | Aviation-Themed Designer Flat,702332627,1470746043505142459,George,,East Boston,42.38036,-71.03436,Private room,1215,29,1,2025-08-09,0.10,1,37,1,STR-595296
3781,Harborside-Walk to subway,4804,1462506429675641583,Frank,,East Boston,42.36413,-71.02991,Entire home/apt,115,29,27,2025-09-30,0.20,1,227,1,
1174555102044481288,"Spacious Home- Master Suite, Private Bath & Office",7679039,1462738396125957615,Alix,,Roxbury,42.3115020854777,-71.08870089961098,Private room,172,3,42,2026-06-04,2.07,3,75,22,STR-548471
1361720071811818396,Modern Home - Bright & Spacious,7679039,1462738396125957615,Alix,,Roxbury,42.31193,-71.08899,Private room,121,3,15,2026-05-31,0.98,3,36,12,STR-548471
1534224463424493532,Modern 1BR Nr Boston w/ Private Entrance + Parking,5618949,1462541500925995654,Alan Edwards,,Dorchester,42.30179,-71.08364,Entire home/apt,146,4,1,2026-04-07,0.42,9,75,1,STR-419049
604155121530765682,Historic Boston 3BR | Walk to Transit & Museums.,60959451,1466750550358885670,Takeyon,,Dorchester,42.30805,-71.07671,Entire home/apt,265,1,62,2026-06-10,1.80,1,72,30,STR-548110
1649524898734197356,FIFA! Direct Train to Gillette | Heart of Boston,732149685,1649524899463092882,Keva,,Dorchester,42.30911124761797,-71.07775470792009,Entire home/apt,585,2,3,2026-05-31,1.61,2,123,3,STR-621461
50009640,Cozy Room on Top Floor!,15583990,1462965825217431486,Natalia,,Dorchester,42.29037,-71.06367,Private room,224,1,17,2025-04-24,0.30,7,241,0,STR-453623
1650351657967333022,Cozy 2-bedroom Boston apt near T and airport,245199133,1469300960996918818,Ary Management LLC,,East Boston,42.37873,-71.0288,Entire home/apt,137,29,0,,,3,312,0,
1092092772949307191,Cozy East Boston Apt with Patio,17894854,1463031432009976855,Jay,,East Boston,42.38246231733909,-71.03013849666957,Entire home/apt,190,29,0,,,1,324,0,
972577050709299536,Cozy Oasis Near Downtown & Airport,5618949,1462541500925995654,Alan Edwards,,East Boston,42.3771,-71.03226,Entire home/apt,138,29,2,2023-10-31,0.06,9,254,0,STR-419049
21769647,Angela’s Comfy 1BR,158218784,1468541578464058842,Angela,,Dorchester,42.29286,-71.07486,Private room,188,1,300,2026-06-14,2.89,1,106,14,STR-445530
1498154917519665846,Fenway Park! – Walk everywhere! – 1st floor – 1BR!,47584294,1465718059935171405,Jessy And Diego,,Fenway,42.34276,-71.09645,Entire home/apt,302,1,42,2026-06-10,4.45,33,251,42,STR-589668
1693110019899393615,Red Sox 09.8 - Fenway Park. Longwood Medical. NEU.,757253,1462528464270965620,Lee,,Fenway,42.34288367002635,-71.10093678954925,Entire home/apt,416,1,3,2026-06-10,3,12,337,3,Exempt: This listing is a unit that has contracts with hospitals
968756887106715089,"Walk to Fenway Park, Berklee & Newbury St, Ground",22348222,1462620857010380237,Maverick,,Fenway,42.3415,-71.09519,Entire home/apt,314,1,137,2026-06-09,4.22,87,295,51,STR-540386
13866351,Beautiful and Cozy Entire Apt in Boston,45694133,1465681337414512894,Dawn-Marie,,Dorchester,42.30003,-71.0788,Entire home/apt,236,5,115,2026-05-22,1.09,2,300,6,STR-526268
50898388,Fenway Park Vintage Brownstone (3C),411294872,1469875953834230965,Lihua,,Fenway,42.34909,-71.0969,Private room,252,1,515,2026-06-11,8.60,3,302,78,STR-626105
5825829,Brownstone Luxury Penthouse Condo,30239904,1465445141929547251,Andrew,,Fenway,42.346073150634766,-71.10575866699219,Entire home/apt,616,2,126,2026-06-05,0.93,1,264,11,STR-608524
1508297118134358694,Fenway Park-Location-Close to the Subway (T),142306305,1468405360190238290,Alejandro And Jessy,,Fenway,42.34148,-71.09695,Entire home/apt,364,1,39,2026-06-11,4.35,13,322,39,STR-589643
970253205610322340,Stay in Style: Fenway Park Around the Corner #201,22348222,1462620857010380237,Maverick,,Fenway,42.34168617543995,-71.09518205208003,Entire home/apt,266,1,67,2026-05-26,2.07,87,291,24,STR-540400
709454279559399856,Brand New 1 Private Room East Boston Jeffries Pt,175681752,1468703217853526997,Jennifer,,East Boston,42.366,-71.03254,Private room,63,29,0,,,1,288,0,
1695904526794267397,Fenway Park. 00 03.1 2.0. Longwood Medical. NEU,799496,1462529810676603652,Kj,,Fenway,42.34176679999999,-71.0980455,Entire home/apt,530,1,3,2026-06-14,3,3,354,3,Exempt: This listing is a unit that has contracts with hospitals
1648660239283305142,Kasa Boston at Fenway | Two Bedroom,88566861,1462844731192258239,Kasa,,Fenway,42.3437913,-71.1019092,Entire home/apt,744,1,19,2026-06-14,11.88,6,289,19,STR-622448
1500287588466469228,Fenway Park! – Walk to all! – 2BR/1BA – Location!-,47584294,1465718059935171405,Jessy And Diego,,Fenway,42.34172188639561,-71.09655887619759,Entire home/apt,242,1,40,2026-05-29,4.35,33,251,40,STR-589681
52234647,(P-102) Bright 1-Bedroom Apartment in Fenway,233908696,1463245100596399025,Together We,,Fenway,42.34689,-71.1033,Entire home/apt,317,1,200,2026-06-04,3.48,7,72,34,str-543851
1692092526978280503,Quiet Boston Getaway in Prime Location,1670725538115217507,1670725636256223009,Shawn,,Roxbury,42.32578,-71.08603,Entire home/apt,328,2,3,2026-06-14,3,1,317,3,str-618285
1175280357399292317,Modern Single Family Home minutes from Fort hill,167812787,1468623731882087462,Donnell,,Roxbury,42.31590552722961,-71.09311744775373,Entire home/apt,428,2,27,2026-06-12,1.24,1,72,8,STR-616543
1508831858074832656,Cozy 1Bed Retreat at Alaska Nest | Free Parking,431779715,1469954773765080811,Khalifa,,Roxbury,42.31997,-71.07752,Entire home/apt,254,1,15,2026-06-15,1.93,5,285,15,STR-604626
1673953730707870739,Rebuilding Victorian Room 2,100757024,1467209695028377029,Treana,,Roxbury,42.3150959,-71.0858597,Private room,86,2,4,2026-06-14,4,2,192,4,STR-530667
4460532,AKBrownstone: Room w/skyline views by T,11228809,1462859998263522945,Jonathan,,Roxbury,42.32942,-71.09149,Private room,181,1,561,2026-06-10,3.97,6,43,82,STR-619261
1361815630224289483,Bright & Private Home w/King Bed,7679039,1462738396125957615,Alix,,Roxbury,42.31312,-71.08901,Private room,188,2,24,2026-06-07,1.55,3,72,22,STR-548471
3343428,"AKBrownstone: Room w/10ft ceilings, park view by T",11228809,1462859998263522945,Jonathan,,Roxbury,42.32811,-71.09157,Private room,176,1,555,2026-06-01,4.36,6,41,64,STR-619261
43899519,New Decor! Cozy Modern Renovated Private Suite!,3335303,1462626106213613635,Mary,,Roxbury,42.31698,-71.09315,Entire home/apt,179,1,276,2026-06-13,3.90,1,246,39,STR-582454
4568116,AKBrownstone: Micro studio by T,11228809,1462859998263522945,Jonathan,,Roxbury,42.32967,-71.09328,Entire home/apt,239,1,955,2026-05-30,6.77,6,42,76,STR-619261
1574203855635239787,Southie Dream 5BD/2Bath w/Sky Deck | Near Airport,29637875,1465436088435069393,Elizabeth,,South Boston,42.3387,-71.02816,Entire home/apt,1305,30,0,,,1,269,0,
6544267,Urban Oasis / Apartment perfect for work & create,34227346,1465501640745756381,Kaidi Mali,,Roxbury,42.32932,-71.08925,Entire home/apt,271,3,119,2026-06-11,1.20,1,297,14,STR-546631
1295521174375430256,Comfort Inn In my 3rd bedroom,227190555,1469209439855142693,Janet,,Roxbury,42.314733553774225,-71.0749917522336,Private room,86,1,54,2026-06-06,3.94,3,336,45,STR-518832
42355564,The Jazzy Airbnb,287098257,1463385675933323843,Fredrick,,Roxbury,42.3218,-71.07452,Private room,109,1,364,2026-06-12,4.74,1,270,51,STR-410134
39045406,Beautiful 2 bedroom in historical Fort Hill Boston,69252401,1466855904512933357,Adler,,Roxbury,42.32756,-71.09474,Entire home/apt,288,1,380,2026-06-12,5.58,1,35,45,STR-545030
975276196613469703,Newly Renovated + Spacious Apt w/ Parking,21554910,1463158134547235235,Philipp,,Roxbury,42.32162,-71.07709,Entire home/apt,302,1,136,2026-05-28,4.06,2,340,43,STR-538999
3602379,"Modern, Spacious 1BR for 4 - Easy Marathon Access!",18150109,1463037348248195266,Alex,,Roxbury,42.32843,-71.09369,Entire home/apt,235,2,354,2026-05-17,2.49,5,157,24,STR-528095
1389985004569174505,Comfort Inn in my 2nd bedroom.,227190555,1469209439855142693,Janet,,Roxbury,42.31455,-71.07509,Private room,96,1,20,2026-05-31,1.44,3,79,16,STR-518832
1642807906146516124,P5_ Triple Room In Savin Hill Station Area,541813300,1470427724054736466,Boston,,Dorchester,42.31568,-71.05699,Private room,87,1,9,2026-05-29,3.14,32,348,9,STR-620121
1685062129314206334,Renovated Modern 3BR close to Downtown and Fenway,1679622166820001692,1679622237247585450,Elina,,Roxbury,42.31382250886263,-71.07447273418137,Entire home/apt,334,2,2,2026-06-06,2,3,162,2,STR-626237
4263736,AKBrownstone: Suite w/private bath by T,11228809,1462859998263522945,Jonathan,,Roxbury,42.32971,-71.0931,Private room,192,1,661,2026-06-12,4.65,6,41,66,STR-619261
1664871480454739794,Private Room near Andrew Station (Red Line) - H13,20271586,1616380969775469772,Seçkin,,Dorchester,42.3247,-71.05761,Private room,101,7,1,2026-05-21,1,8,284,1,STR-623531
1193513049860213888,Stylish Condo with Parking/Wi-Fi,56052140,1465918056630203734,Irvin,,Roxbury,42.322900058883235,-71.06823785685711,Entire home/apt,347,1,43,2026-05-18,2.09,1,292,22,STR-572992
1653730859674616387,Private bedroom and bathroom in Dorchester,30122564,1653730860478969131,Manny,,Dorchester,42.3179,-71.0692,Private room,103,1,3,2026-06-14,2.37,1,16,3,STR-623341
24783227,"Sunny ocean-view suite nr subway w/kitchen, bathr.",9898255,1462826449099796915,Jessica,,Dorchester,42.31286,-71.06249,Entire home/apt,166,2,251,2026-05-20,2.55,3,280,27,STR-615800
48611199,Apartment 1BR mins from JFK/UMASS free parking,92721057,1467120504791990091,Ewa,,Dorchester,42.3163,-71.05873,Entire home/apt,261,1,461,2026-06-09,7.25,2,195,84,STR-445943
1403245366171186508,Family Retreat - Stunning 5BR2BA w Parking/ Near T,473301884,1470134541479088895,Mylinh,,Dorchester,42.31448490899815,-71.05817219161273,Entire home/apt,805,1,34,2026-06-07,2.52,9,278,29,STR-591083
1616380969197736909,Private Room near Andrew Station (Red Line) - H31,20271586,1616380969775469772,Seçkin,,Dorchester,42.32655,-71.0578,Private room,99,7,2,2026-05-31,0.77,8,180,2,STR-620887
575375554573801359,Spacious Dorchester Retreat | 2-bdrm condo,59224820,1466713434761845280,Marian,,Dorchester,42.31607,-71.07184,Entire home/apt,395,1,119,2025-08-29,2.59,1,18,9,STR-489341
1554649254513764605,2 BDRM Apt Next to Airport/ 5 min to Downtown,693051671,1470727446328869615,Nina,,Charlestown,42.372367739487714,-71.06019391560694,Entire home/apt,245,1,35,2026-06-13,5.10,3,320,35,STR-595035
811115218939361431,Chic 2BR in the heart of Boston,502500151,1487981921716143795,Jessica,,Roxbury,42.32430523674081,-71.06804419511593,Entire home/apt,449,1,142,2026-05-31,3.51,1,290,26,STR-619151
1512606514598337043,Apt next to Airport/5 min to Downtown,693051671,1470727446328869615,Nina,,Charlestown,42.37234,-71.05823,Entire home/apt,291,1,65,2026-06-07,7.44,3,326,65,STR-595035
1178276067674629495,"(42L2) Celtics, Bruins! Lets GO!",528489640,1470375843790383546,Foster,,Downtown,42.36475,-71.06355,Entire home/apt,314,1,104,2026-06-07,4.42,5,245,54,STR-571739
619142,Getaway in Historic Charlestown,501427,1462520068733207799,Joe,,Charlestown,42.377338,-71.063095,Entire home/apt,211,3,203,2026-06-07,1.20,1,77,12,STR-529113
1035386828305538842,III New apartment Luxury Boston,362014108,1469726693683283755,Jean- Luc,,Dorchester,42.30733500140108,-71.06698018804586,Entire home/apt,217,3,31,2026-06-01,1.15,5,308,11,STR-547011
671642209257907659,Serenity - 36’ Aft Cabin Carver,92691757,1467120183003734786,Melissa,,Charlestown,42.37017,-71.0614,Entire home/apt,350,1,36,2026-05-30,1.44,8,120,22,STR-420570
14950328,"""Port"" View - Queen Ensuite",92691757,1467120183003734786,Melissa,,Charlestown,42.37216,-71.05937,Private room,260,1,112,2026-05-28,0.94,8,104,16,STR-545898
1701556133662903784,Private luxury penthouse in Boston downtown.,392028251,1469812550183770489,Omar,,Downtown,42.36704729576983,-71.063910977,Entire home/apt,677,3,0,,,3,342,0,STR-385655
32826985,"SeaClusion- Queen, Harbor View",92691757,1467120183003734786,Melissa,,Charlestown,42.37213,-71.06123,Private room,350,1,87,2026-06-06,1.01,8,130,16,STR-545898
3294152,"Garden Suite near subway, beach",9898255,1462826449099796915,Jessica,,Dorchester,42.31281,-71.06098,Entire home/apt,166,2,280,2026-05-24,1.92,3,239,16,STR-615800
48357656,"Large 1+bed in historic Charlestown, Boston!",25610777,1465346093063183118,Jennifer,,Charlestown,42.38099,-71.07038,Entire home/apt,323,1,151,2026-06-11,2.50,1,296,23,STR-416464
700142117741049119,North End/TD Garden Condo w/Rooftop Deck,339649775,1463480460286156725,Cara,,North End,42.36472,-71.05683,Entire home/apt,565,1,179,2026-05-31,3.89,1,104,43,STR-483019
963712891329091474,(42L5) Celtics Bruins TD Garden Outside your door!,528489640,1470375843790383546,Foster,,Downtown,42.36624,-71.06325,Entire home/apt,311,1,136,2026-06-08,4.09,5,248,46,STR-571780
708802,Boston / Charlestown Apartment,3648427,1462636060979394833,Gerard,,Charlestown,42.37826919555664,-71.06332397460938,Entire home/apt,272,2,543,2026-06-12,3.26,1,176,40,STR-604682
980483606576205347,(42L4) TD Garden - Perfect Spot!,528489640,1470375843790383546,Foster,,Downtown,42.36628370697858,-71.06511972252505,Entire home/apt,311,1,148,2026-06-14,4.41,5,239,62,STR-571779
13091712,Ideal for Families - Spacious Charlestown Townhome,54995023,1465901504009692338,Timothy,,Charlestown,42.38061,-71.06905,Entire home/apt,862,1,82,2025-08-25,0.83,1,36,10,STR-388417
1679624043280183551,Renovated Modern 3BR | Easy Transit to Boston,1679622166820001692,1679622237247585450,Elina,,Roxbury,42.3147303,-71.07553229999999,Entire home/apt,409,2,3,2026-06-11,3,3,159,3,STR-619350
962459201032552160,Back-Bay* Boston* Downtown* w/Gym & Parking,463475392,1469699457630744455,Jonah Magno,,Bay Village,42.35044641835193,-71.06818657368422,Entire home/apt,,29,17,2025-11-28,0.50,8,21,1,Exempt: This listing is a unit that has contracts with hospitals
1597367589054901332,Stunning Luxury King Bedroom with private bathroom,85941025,1467035084647136440,Jose,,Roxbury,42.32611,-71.06791,Private room,194,1,10,2026-05-31,2.75,6,242,10,STR-600660
1657520770918389232,Stunning Luxury Apt 1 Bedroom 2,85941025,1467035084647136440,Jose,,Roxbury,42.324569999529274,-71.06954831210928,Private room,200,1,4,2026-06-09,2.11,6,256,4,STR-600660
1650321747243620732,Fenway Park! – Walk to all! – 1bedroom/1bathroom!,47584294,1465718059935171405,Jessy And Diego,,Fenway,42.34157313132292,-71.09786438932754,Entire home/apt,284,1,12,2026-06-03,4.50,33,265,12,STR-589677
1365425471800019053,Newly Renovated Retreat l Near T,473301884,1470134541479088895,Mylinh,,Dorchester,42.31830911103138,-71.05866072455244,Entire home/apt,716,1,18,2026-05-29,1.18,9,310,11,STR-589393
968897133097214213,"Stay Close to Fenway, Berklee & Newbury St, #4",22348222,1462620857010380237,Maverick,,Fenway,42.3403,-71.09578,Entire home/apt,336,1,59,2026-06-14,1.79,87,339,33,STR-540390
50870667,Fenway Park Vintage Brownstone  (3A),411294872,1469875953834230965,Lihua,,Fenway,42.34914,-71.09555,Private room,297,1,480,2026-06-13,8.03,3,310,87,STR-626105
1542130514424571225,*TDGarden/Celtics/Bruins/Bunker Hill-Sleeps 3,651071393,1470637937282096091,Elizabeth,,Charlestown,42.38131,-71.06976,Entire home/apt,193,1,25,2026-05-31,3.41,1,158,25,STR-607563
1459038192283563456,Fenway Park! – 1st Floor! Small bedroom – Walkable,47584294,1465718059935171405,Jessy And Diego,,Fenway,42.342870849347314,-71.09835735586621,Entire home/apt,290,1,45,2026-05-31,4.03,33,262,45,STR-589667
36977405,Victorian Studio with Kitchen,29218948,1462647374090005482,Aaron,,Dorchester,42.31583,-71.06822,Private room,246,1,215,2026-06-04,2.56,3,157,22,STR-445535
1360396771077104263,World Cup Boston Large 5BR Group Stay + Parking,25203946,1462632583966054343,Eder,,Dorchester,42.29942,-71.06949,Entire home/apt,945,1,13,2025-10-26,0.82,7,355,8,STR-574289
6489209,"Large room, excellent access, 27 Dexter Street",26098645,1462636100614352818,Manuela,,South Boston,42.33034,-71.05802,Private room,94,5,133,2026-05-27,0.99,4,240,9,STR-524662
781057836995926888,Walk! Location! Steps from the T! 1 bed 1st floor!,47584294,1465718059935171405,Jessy And Diego,,Fenway,42.34997,-71.09586,Entire home/apt,216,1,169,2026-06-10,4.22,33,227,48,STR-518214
35238309,1🎖Gorgeous tastefully modernized  Victorian suite,261646616,1463328432944934460,Joseph,,Dorchester,42.31686,-71.05746,Entire home/apt,332,1,208,2026-05-29,2.44,3,85,11,Str-416636
963783297835812701,(42L3) Celtics Bruins TD Garden Outside your door!,528489640,1470375843790383546,Foster,,West End,42.36454397802231,-71.06485248264232,Entire home/apt,530,1,141,2026-06-06,4.20,5,230,60,STR-571778
17075037,Open Layout+Backyard near Train Downtown Parking,25203946,1462632583966054343,Eder,,Dorchester,42.31057,-71.06361,Entire home/apt,849,2,146,2025-11-04,1.28,7,254,6,STR-413523
1642827508327892343,Cityscape 1BR Plus: King + Qeen Pull-out | Suite 7,719174829,1511018819903666705,Pete,,Fenway,42.34781,-71.10273,Entire home/apt,352,1,4,2026-06-12,4,10,134,4,STR-598987
14950089,"""Casita"" on the Water - Harbor View",92691757,1467120183003734786,Melissa,,Charlestown,42.3713,-71.06154,Private room,260,1,197,2026-06-09,1.66,8,72,42,STR-545898
1569595990943338133,2BA 4 BR North End – 7 Min Walk to TD Garden,37907846,1465567199260055273,Boston,,North End,42.36640095985388,-71.05738647354124,Entire home/apt,364,1,16,2026-05-23,3.87,13,179,16,STR-610543
1398849206625563354,Upscale 5BR for Groups Near Train Downtown+Parking,25203946,1462632583966054343,Eder,,Dorchester,42.2993632840437,-71.06880777164702,Entire home/apt,997,2,13,2026-05-29,0.98,7,356,8,STR-583504
1481124301512702817,North End Entire House Downtown/TD Garden,542598434,1470430844451909429,Marina,,North End,42.36716,-71.05845,Entire home/apt,389,1,62,2026-06-15,5.94,4,295,62,STR-604796
1216050613232887897,"3BD TDGarden, Celtics/Bruins, Lil Italy, North End",37907846,1465567199260055273,Boston,,North End,42.36726564894177,-71.05752231805586,Entire home/apt,308,1,63,2026-05-06,2.81,13,47,42,Exempt: This listing is a unit used for furnished institutional or business stays
1534854428556084936,"2BR -North End, Little Italy | Walk to TD Garden",37907846,1465567199260055273,Boston,,North End,42.36679918964836,-71.05767884658792,Entire home/apt,349,1,30,2026-05-22,3.91,13,184,30,Exempt: This listing is a unit used for furnished institutional or business stays
1402397221258343550,Fenway Park – Studio – Walk everywhere – Location!,47584294,1465718059935171405,Jessy And Diego,,Fenway,42.34165,-71.09811,Entire home/apt,225,1,64,2026-05-19,4.69,33,269,58,STR-589656
1340686735913018406,Charlestown apartment with private patio,121031210,1468230200288312691,Abigail,,Charlestown,42.38113336330095,-71.06790860913192,Entire home/apt,457,1,11,2026-05-30,0.90,1,320,10,STR-596829
1700065875446873370,Luxury 2b2b downtown Boston,392028251,1469812550183770489,Omar,,Downtown,42.36275,-71.05867,Entire home/apt,685,3,0,,,3,338,0,STR-450987
762301524209790810,2 Story Charlestown Gem,7356648,1462560499534488737,Anna,,Charlestown,42.3775,-71.06687,Entire home/apt,590,2,71,2026-05-26,1.80,1,50,20,STR-493935
1286398301926377558,Two Beds Nubian/Dudley Square,661352144,1470660327903511908,Maria,,Roxbury,42.32032552966211,-71.0815335697989,Entire home/apt,263,4,6,2026-04-22,0.43,1,353,3,str-582080
1120596671720765075,Free Parking | Washer/Dryer | Workspace,64169197,1466792107360964093,Kayleigh,,Charlestown,42.37675,-71.05916,Entire home/apt,359,1,123,2026-06-14,4.60,1,198,49,STR-552323
1319676601312116778,Lux 2nd floor 3brm/1bath,2006852,1462521630116987053,Jay,,North End,42.36576,-71.05748,Entire home/apt,695,1,33,2026-05-30,2.24,25,330,29,STR-583183
1066567991412914854,4-bed / 2-bath Modern Condo Minutes from Downtown,5424940,1462680523457841668,Delanda,,Roxbury,42.31794,-71.0785,Entire home/apt,456,1,64,2026-05-29,2.32,2,286,22,STR-519523
1184693833410856063,Close to the Subway- Location-Free parking,142306305,1468405360190238290,Alejandro And Jessy,,Allston,42.35326178636199,-71.12610208358956,Entire home/apt,251,1,23,2026-06-11,1.14,13,353,19,STR-615831
1078957209882539476,Near Harvard Business 1-3,15154687,1462593006369650043,Taskin,,Allston,42.35975,-71.13183,Private room,97,1,120,2026-06-04,4.17,34,362,42,STR-544976
1649489185884463056,Close to the Subway - Great Location-Free parking,142306305,1468405360190238290,Alejandro And Jessy,,Allston,42.35273,-71.12733,Entire home/apt,354,1,0,,,13,352,0,STR-615841
12336281,Spacious loft in the quiet suburbs #3,7324551,1462729042518230903,Bo,,Brighton,42.34504,-71.15406,Private room,47,31,23,2025-12-08,0.19,4,151,2,
49362534,Cozy Cabin room in a quiet Boston area,357698265,1469715796465973343,Natalie,,Brighton,42.34313,-71.15594,Private room,81,29,81,2025-10-14,1.32,8,268,2,STR-619448
50772498,Boston style bedroom in a quiet Boston area,357698265,1469715796465973343,Natalie,,Brighton,42.34518,-71.15655,Private room,96,29,64,2025-11-30,1.06,8,141,3,STR-619448
49499760,New York style bedboom in a quietBoston area,357698265,1469715796465973343,Natalie,,Brighton,42.34368,-71.1546,Private room,81,29,34,2025-08-29,0.57,8,229,1,STR-619448
1436290389573710301,Near Harvard Business 1-4,15154687,1462593006369650043,Taskin,,Allston,42.36136,-71.13079,Private room,88,1,47,2026-05-17,3.93,34,361,47,STR-544976
1283855168566153755,Cheerful & large 2 bed apt.,21745230,1462618428769920746,Jurek,,Charlestown,42.38395,-71.07739,Entire home/apt,473,1,1,2026-05-22,1,12,230,1,STR-383106
989067490968165923,2bd Condo with 2 KING Size Beds,2006852,1462521630116987053,Jay,,Allston,42.351682651636246,-71.12784399525064,Entire home/apt,428,1,69,2026-05-18,2.10,25,230,21,STR-539938
1681278903437739790,Near Harvard Business Full House with FREE Park(2),15154687,1462593006369650043,Taskin,,Allston,42.361114340449035,-71.13108336146388,Entire home/apt,633,1,0,,,34,354,0,STR-544976
953750560515431624,cozy and comfy Super Convenient 2BR 1Bath,226220,1462510559347144742,Sevil,,Brighton,42.35585320000001,-71.1638648,Entire home/apt,141,29,1,2026-04-30,0.63,2,276,1,
48244238,Cape Cod style bedroom in a quiet Boston area,357698265,1469715796465973343,Natalie,,Brighton,42.34308,-71.15622,Private room,120,29,67,2025-08-06,1.06,8,269,2,STR-619448
49364349,Azurite colors room in a quiet Boston area,357698265,1469715796465973343,Natalie,,Brighton,42.34488,-71.15442,Private room,80,29,104,2026-03-05,1.68,8,141,6,STR-619448
1051415916563794444,Elegant 1BR | Harbor & Iconic Boston Skyline Views,30283594,1465445680495565156,Global Luxury Suites I,,East Boston,42.36638,-71.04007,Entire home/apt,271,1,8,2026-01-04,0.28,31,341,7,Exempt: This listing is a hotel or motel
1045222780197982243,House on the Hill,122533218,1468241982603536650,Ting-Ho,,Brighton,42.35393,-71.1671,Entire home/apt,1056,1,43,2026-05-31,1.70,1,342,15,STR-549396
1198522229039608986,"Two Queen Room, Longwood Inn, Near Medical Centers",501999278,1468058277289999419,RoomPicks,,Longwood Medical Area,42.33832,-71.10647,Hotel room,419,1,14,2026-05-23,1.30,51,358,14,Exempt: This listing is a hotel or motel
934013376805557008,"Brighton Queen RM#1/ private shower, free parking",112008372,1462900023389968809,Bernie Conneely,,Brighton,42.34607,-71.1618,Private room,155,1,106,2026-05-31,2.99,2,14,32,STR-545203
1026972650759024099,Luxury 2BR 2BA Condo Fenway Boston Washer&Dryer in,163848078,1463027460596198880,Adam,,Fenway,42.34698,-71.10188,Entire home/apt,939,2,27,2026-05-30,0.92,18,84,9,STR-473524
26130187,North End 1 bdrm-walk to MGH Tufts Subway.,38997,1462507326675374812,Michelle,,North End,42.36636,-71.05428,Entire home/apt,137,32,1,2019-06-01,0.01,12,365,0,
1678285616457833878,Elegant 1BR Plus: Sky-High City + King | Suite 9,719174829,1511018819903666705,Pete,,Fenway,42.34582,-71.10469,Entire home/apt,352,1,0,,,10,153,0,STR-598991
1607378841660139930,Luxury 1BR: Sleek Kitchen + City Charm | Suite 2,719174829,1511018819903666705,Pete,,Fenway,42.34718,-71.10242,Entire home/apt,451,1,0,,,10,130,0,STR-598993
1648625371288401536,Kasa Boston at Fenway | Accessible Studio Queen,88566861,1462844731192258239,Kasa,,Fenway,42.3437913,-71.1019092,Entire home/apt,399,1,0,,,6,280,0,STR-622456
50084994,"Modern StudioLux, Walk to Eateries",30283594,1465445680495565156,Global Luxury Suites I,,East Boston,42.36638,-71.04007,Entire home/apt,,29,39,2025-07-20,0.77,31,363,2,Exempt: This listing is a hotel or motel
1637176021738001690,cozy room 5,15154687,1462593006369650043,Taskin,,Brighton,42.34799703013245,-71.15233242838036,Private room,88,1,6,2026-05-18,2.22,34,361,6,str-613765
9834727,"Hideaway in Boston's North End-""Little Italy""",50648271,1462716969729705556,Richard,,North End,42.36594,-71.05669,Entire home/apt,178,29,181,2025-08-03,1.43,1,121,1,STR-553035
1509205221669503170,nice and cozy room 5,15154687,1462593006369650043,Taskin,,Brighton,42.35734369705724,-71.15812089919072,Private room,88,1,32,2026-05-27,3.53,34,365,32,str-544976
22886713,Private Entry Suite near BC & Harvard | Parking,117861820,1468205244209167939,Kevin,,Brighton,42.35872,-71.14229,Entire home/apt,208,1,389,2026-06-07,3.81,3,82,19,STR-413793
1489820027674052750,Free parking spot – In front of Subway - Location,142306305,1468405360190238290,Alejandro And Jessy,,Allston,42.34753,-71.13956,Entire home/apt,297,1,38,2026-06-12,3.84,13,292,38,STR-589612
1232643050909905902,The Lacks: Welcoming • Cozy • W/D,416027128,1463648115903378942,Our House,,Brighton,42.34791320516399,-71.14721208462687,Entire home/apt,283,1,78,2026-05-27,3.59,41,214,48,STR-587330
1177130866076322419,The Franklin: Wellness • Aesthetic • W/D • Gym,416027128,1463648115903378942,Our House,,Brighton,42.34861,-71.14525,Entire home/apt,259,1,117,2026-05-24,4.90,41,250,51,STR-569359
51329008,1 Free parking spot - Harvard School of Business,47584294,1465718059935171405,Jessy And Diego,,Allston,42.35493,-71.13795,Entire home/apt,226,1,216,2026-06-05,3.73,33,278,47,STR-454271
1402532731920165386,The Blackwell: Workspace • W/D • Gym • Near City,416027128,1463648115903378942,Our House,,Brighton,42.346,-71.146,Entire home/apt,276,1,65,2026-05-31,4.63,41,272,58,STR-593005
1691500896735978029,Luxury24.8 - Boston Landing - Allston Yards,757253,1462528464270965620,Lee,,Allston,42.35396790000001,-71.1388308,Entire home/apt,328,1,2,2026-06-08,2,12,361,2,Exempt: This listing is a unit that has contracts with hospitals
874157788088023652,The Holmes : Chic • Sun-soaked • W/D,416027128,1463648115903378942,Our House,,Brighton,42.3469948,-71.1452694,Entire home/apt,472,1,99,2026-06-01,2.62,41,268,46,STR-569345
1111148272162621974,The Murthy : Bright • Spotless • W/D,416027128,1463648115903378942,Our House,,Brighton,42.348062216049414,-71.14616869948904,Entire home/apt,632,1,149,2026-05-31,5.46,41,254,64,STR-569349
1152517706074506494,The Walker : Artistic • Eclectic • Cozy Home • W/D,416027128,1463648115903378942,Our House,,Brighton,42.34777,-71.1468,Entire home/apt,289,1,97,2026-05-29,3.82,41,270,39,STR-569355
1624281609341416503,"Spacious apartment, minutes to green line, parking",63910558,1466788725926059178,Alex,,Brighton,42.343599555306525,-71.14970361824372,Entire home/apt,524,2,7,2026-06-14,7,4,218,7,STR-618944
1402180377923142809,The Finsen: Full Kitchen • City Access • W/D • Gym,416027128,1463648115903378942,Our House,,Brighton,42.34872376007848,-71.14549430744901,Entire home/apt,655,1,50,2026-05-31,3.56,41,271,44,STR-593003
1629216575995882734,"Beautiful 4-Beds House. Walk to HBS, BU, and MIT",657106909,1470650875580806809,Sab's Haus,,Allston,42.36375038855594,-71.1313609234293,Entire home/apt,457,1,8,2026-05-25,2.73,8,94,8,STR-531830
20868619,Bright 3BR Boston Gem | Free Parking,117861820,1468205244209167939,Kevin,,Brighton,42.35872,-71.1423,Entire home/apt,350,1,480,2026-06-10,4.52,3,107,52,STR-413796
1522612680541982600,Historic Elegance in Brighton,9508341,1462815957324093693,Phyllis,,Brighton,42.35577,-71.16409,Private room,153,1,34,2026-06-13,4.05,2,300,34,STR-605767
1609617227361446559,"Spacious Sunny Charming Apartment, Patio, Parking",63910558,1466788725926059178,Alex,,Brighton,42.3429,-71.15185,Entire home/apt,748,1,9,2026-06-01,2.25,4,191,9,STR-618943
1137178955892624910,The Williams : Balcony • Zen • W/D,416027128,1463648115903378942,Our House,,Brighton,42.346061141726416,-71.14480196358258,Entire home/apt,347,1,138,2026-05-19,5.27,41,274,56,STR-569350
40919826,The Boxer Traditional Accessible King,272082418,1469436333035900134,The Boxer Hotel,,Downtown,42.3646,-71.06347,Private room,999,1,34,2025-04-27,0.58,2,280,0,Exempt: This listing is a hotel or motel
1067563969205970886,Renovated Boston Brownstone,209024699,1463159647297821045,Jane,,Charlestown,42.37750854892392,-71.06135727463014,Entire home/apt,2217,7,0,,,1,263,0,STR-542726
989053382143966769,"Large 3 Bed, 2 Bath in North End",130680380,1468309000716951437,Jodie,,North End,42.364953871152416,-71.05490069003484,Entire home/apt,615,9,4,2025-02-15,0.15,18,284,0,STR-476426
1492329699079563728,North End TD Gadern Downtown Apt,502043395,1468163786770865383,Jessica,,North End,42.36461,-71.05432,Entire home/apt,1005,29,0,,,23,324,0,Exempt: This listing is a unit used for furnished institutional or business stays
1289844315187354564,MIRA-Luxury Rental in Eastie.,341909564,1463485885932172532,Boris,,East Boston,42.378887903035185,-71.04001694897096,Entire home/apt,352,29,0,,,1,277,0,
1665440314132946685,Classic Antique Boston Home,91011306,1665440314851419849,Jaime,,Brighton,42.3492,-71.16668,Entire home/apt,420,1,1,2026-05-28,1,1,153,1,STR-626234
45253366,Cozy apartment in the lively heart of Boston,7437427,1462731922947300160,Noha,,North End,42.36524,-71.05602,Entire home/apt,159,30,23,2022-10-30,0.33,1,230,0,STR-434641
1481157295445011916,Walk to T! 1st Floor - 2 Beds / 1 Bath - Location!,47584294,1465718059935171405,Jessy And Diego,,Fenway,42.35037,-71.09574,Entire home/apt,282,1,52,2026-05-26,5.06,33,242,52,STR-598245
1384184091107878088,Luxury Private Apt Fenway,20857768,1463140474528738801,Compass,,Fenway,42.3429115,-71.0990346,Entire home/apt,390,6,1,2025-05-24,0.08,77,351,0,STR-582232
28614084,House in Quiet Area–BC/BU/Harvard/Longwood+Parking,203051562,1469059555478438132,Andre,,Brighton,42.34724,-71.15586,Entire home/apt,369,5,39,2026-05-01,0.43,1,142,2,STR-408640
730447098205262414,"Modern, Luxury Apartment Near Downtown Boston",206528348,1469077347245878557,Bar,,East Boston,42.37628,-71.03818,Entire home/apt,154,30,0,,,1,282,0,
1247654579084555477,Family Suite Close to Boston Children’s Hospital,501999278,1468058277289999419,RoomPicks,,Longwood Medical Area,42.33832,-71.10647,Hotel room,478,1,0,,,51,360,0,Exempt: This listing is a hotel or motel
584823910467802819,Central 2 Bed in North End; Near Waterfront &Shops,130680380,1468309000716951437,Jodie,,North End,42.36516,-71.05531,Entire home/apt,431,9,14,2025-01-04,0.29,18,314,0,STR-476426
45698782,"Modern Studiolux, Pool + Outdoor Sundeck",30283594,1465445680495565156,Global Luxury Suites I,,East Boston,42.36638,-71.04007,Entire home/apt,,1,7,2026-01-19,0.10,31,363,2,Exempt: This listing is a hotel or motel
1198505319549018777,"Premium King, Longwood Inn, Modern Comfort",501999278,1468058277289999419,RoomPicks,,Longwood Medical Area,42.33832,-71.10647,Hotel room,401,1,0,,,51,348,0,Exempt: This listing is a hotel or motel
46006191,Upscale Studio with Contemporary Style,30283594,1465445680495565156,Global Luxury Suites I,,East Boston,42.36638,-71.04007,Entire home/apt,221,29,9,2025-09-03,0.15,31,352,1,Exempt: This listing is a hotel or motel
1674048423479319597,Luxury 3BR | Free Parking | Harvard/BU | ROKU TV,578741487,1470581791435581826,Michael,,Brighton,42.3547429447245,-71.13892238928604,Entire home/apt,775,1,5,2026-06-11,5,15,313,5,STR-616755
1614549862272694936,Queen Room Shower at The Inn At Longwood Medical,501999278,1468058277289999419,RoomPicks,,Longwood Medical Area,42.3383223,-71.1064677,Hotel room,424,1,0,,,51,359,0,Exempt: This listing is a hotel or motel
619452432107274976,Paris style bedroom in a quiet Boston area,357698265,1469715796465973343,Natalie,,Brighton,42.34344,-71.15595,Private room,194,1,67,2026-05-23,1.38,8,204,6,STR-619448
51229537,"Comfortable house w parking, close to T",26754605,1465381512708821482,Katia,,Brighton,42.34446,-71.1492,Entire home/apt,402,1,252,2026-06-04,4.24,1,106,67,STR-537737
1614554597119792708,2 Queen Kitchenette at The Inn At Longwood Medical,501999278,1468058277289999419,RoomPicks,,Longwood Medical Area,42.3383223,-71.1064677,Hotel room,669,1,0,,,51,343,0,Exempt: This listing is a hotel or motel
1152488151302138066,The Weiss : Modern Gallery • Historic Property!,416027128,1463648115903378942,Our House,,Brighton,42.34628135597334,-71.14536593744064,Entire home/apt,241,1,98,2026-06-01,3.87,41,244,51,STR-569365
49945328,"Spacious rm w/BA, queen bd, free parking Brighton",112008372,1462900023389968809,Bernie Conneely,,Brighton,42.34629,-71.1602,Private room,166,1,122,2026-05-31,2.70,2,14,35,STR-545203
1340641509763797731,nice and cozy room C,15154687,1462593006369650043,Taskin,,Brighton,42.35639,-71.15837,Private room,88,1,79,2026-06-14,4.78,34,363,54,str-544976
1614547098724361051,Superior Two Queen at The Inn At Longwood Medical,501999278,1468058277289999419,RoomPicks,,Longwood Medical Area,42.33832,-71.10647,Hotel room,775,1,0,,,51,361,0,Exempt: This listing is a hotel or motel
1198521594646750353,"Premium Two Queen, Inn at Longwood, On-Site Dining",501999278,1468058277289999419,RoomPicks,,Longwood Medical Area,42.33832,-71.10647,Hotel room,419,1,0,,,51,351,0,Exempt: This listing is a hotel or motel
1614545232843405320,King Kitchenette at The Inn At Longwood Medical,501999278,1468058277289999419,RoomPicks,,Longwood Medical Area,42.3383223,-71.1064677,Hotel room,488,1,0,,,51,359,0,Exempt: This listing is a hotel or motel
1637170109540232829,cozy room 8Y,15154687,1462593006369650043,Taskin,,Brighton,42.347705498452626,-71.15256312405047,Private room,88,1,0,,,34,357,0,str-544976
1240009895144454500,2 Free Parking spots / 4 Bed - 2 Bath / Quiet area,47584294,1465718059935171405,Jessy And Diego,,Brighton,42.34326317128834,-71.14953319667529,Entire home/apt,555,1,89,2026-05-31,4.16,33,181,59,STR-598229
1382216261729689714,The Reed: Spacious • Private Kitchen • Gym • W/D,416027128,1463648115903378942,Our House,,Brighton,42.34751,-71.14764,Entire home/apt,392,1,62,2026-05-31,4.33,41,262,54,STR-593002
634844184454556559,Charming Getaway with Smart TV and Full Kitchen,2356643,1462523722549277069,StayNue,,Brighton,42.3525,-71.16243,Private room,142,1,35,2026-06-08,0.72,31,351,10,STR-484106
1247654400347335787,Welcoming Stay Perfect for Academic Guests,501999278,1468058277289999419,RoomPicks,,Longwood Medical Area,42.33832,-71.10647,Hotel room,419,1,0,,,51,358,0,Exempt: This listing is a hotel or motel
556918256350139004,Welcoming Boston room with free parking,9663343,1462820009551127353,Sarah,,Dorchester,42.30628,-71.07934,Private room,92,29,33,2023-11-11,0.63,2,269,0,Exempt: This listing is a unit used for furnished institutional or business stays
1198521786133724567,"Premium 2 Queen, Longwood Inn in LMA - 2 Units",501999278,1468058277289999419,RoomPicks,,Longwood Medical Area,42.33832,-71.10647,Hotel room,821,1,0,,,51,348,0,Exempt: This listing is a hotel or motel
1454063937061404789,Spacious Home In Boston - Brighton with Pool Table,704160625,1470749416821909536,Shlomo,,Brighton,42.33781,-71.15398,Entire home/apt,598,1,12,2025-10-27,1.08,1,31,12,STR-599187
1382233645758509718,The Barnard: Eclectic • WFH Desk • Gym • W/D,416027128,1463648115903378942,Our House,,Brighton,42.34657664271476,-71.14609271353633,Entire home/apt,356,1,56,2026-05-24,3.84,41,250,49,STR-592994
44668334,Boston stay with boutique B&B - Venice Style Room,357698265,1469715796465973343,Natalie,,Brighton,42.34301,-71.1562,Private room,115,29,12,2021-05-25,0.17,8,87,0,STR-413441
1593752335597497537,Room rental near BC #3,117530000,1468202577158813911,Rach,,Brighton,42.33993,-71.15713,Private room,229,1,0,,,3,68,0,STR-613768
926892327133743093,Cozy & Modern 2BR 2BA unit in fenway heart,518882444,1470334797382667032,Greg,,Fenway,42.34813705133536,-71.10059262555816,Entire home/apt,869,4,0,,,14,294,0,Exempt: This listing is a unit used for furnished institutional or business stays
1560309343527925497,nice and cozy room 3,15154687,1462593006369650043,Taskin,,Brighton,42.35606532752757,-71.15806770858126,Private room,88,1,0,,,34,359,0,str-544976
801680,Fort Hill Inn -Cool Space-BOSTON'S BEST-1 bedroom,8229,1462506610204730632,Terry,,Roxbury,42.32795,-71.09412,Entire home/apt,319,1,76,2026-03-30,0.46,11,106,2,STR-446651
29931687,Sunflower Room/Harvard Business School/ Parking+早餐,224379152,1463216565982457523,⁨Tingying(Helen)⁩,,Brighton,42.35227,-71.15464,Private room,75,29,30,2026-05-15,0.32,3,48,3,STR-411240
1500274626329656844,Fenway Park – Studio – Walk everywhere – Location,47584294,1465718059935171405,Jessy And Diego,,Fenway,42.34367,-71.0983,Entire home/apt,176,1,41,2026-05-28,4.39,33,257,41,STR-589650
1624246214742435640,Cozy 2BR Suite w/Full Kitchen + In-Unit Laundry,3634931,1556185422252309836,Emerald,,Brighton,42.3462191,-71.1482405,Entire home/apt,196,1,0,,,1,25,0,STR-620053
1198522663941913749,2 Comfortable Stays Near Fenway Park - 10 Min Walk,501999278,1468058277289999419,RoomPicks,,Longwood Medical Area,42.33832,-71.10647,Hotel room,821,1,0,,,51,358,0,Exempt: This listing is a hotel or motel
924145100321265636,Cozy Brighton Apartment near St. Elizabeth’s,96087859,1467157350968969992,Shmuel,,Brighton,42.3472763,-71.1514285,Entire home/apt,253,2,31,2026-06-09,0.91,1,328,8,STR-532631
1505250415265791157,1 Free parking spot - Nice 2 bedroom - First floor,47584294,1465718059935171405,Jessy And Diego,,Allston,42.35301579361514,-71.1396644073331,Entire home/apt,328,1,40,2026-05-30,4.32,33,269,40,STR-598225
5782221,"""La Gemma"" - a gem in the North End",18601802,1463057459972510028,Gina,,North End,42.36726,-71.05424,Entire home/apt,415,1,323,2026-06-03,2.43,1,67,18,STR-388064
1509237410750238754,nice and cozy house (2),15154687,1462593006369650043,Taskin,,Brighton,42.35555873387293,-71.15802410539521,Entire home/apt,588,1,0,,,34,361,0,str-544976
1151289930612121374,Sunny Spacious Room,236817626,1463252903840399224,Anastasia,,Brighton,42.35243340572185,-71.16174877844398,Private room,165,2,12,2025-01-02,0.48,2,75,0,STR-561441
1509229803327422484,nice and cozy room 6,15154687,1462593006369650043,Taskin,,Brighton,42.35691,-71.15847,Private room,149,1,23,2026-04-18,2.68,34,363,23,str-544976
1517698325513886321,Vintage 5BR apt | ROKU HDTV | Sleeps 12,578741487,1470581791435581826,Michael,,Allston,42.35134,-71.14119,Entire home/apt,881,1,35,2026-05-30,4.20,15,320,35,STR-599117
1593771456630525838,Room Rental near BC #2,117530000,1468202577158813911,Rach,,Brighton,42.34192,-71.1592,Private room,229,1,1,2026-06-15,1,3,68,1,STR-613768
1524770411916891195,"Sleek 2BR 2BA in Fenway, High-End Building.",518882444,1470334797382667032,Greg,,Fenway,42.3482,-71.10026,Entire home/apt,456,2,0,,,14,13,0,Exempt: This listing is a hotel or motel
1247654528635475577,Two Queens in Longwood Medical Area - Parking,501999278,1468058277289999419,RoomPicks,,Longwood Medical Area,42.33832,-71.10647,Hotel room,411,1,1,2025-08-24,0.10,51,351,1,Exempt: This listing is a hotel or motel
1070535798282431991,Luxury 2BR 2BA apt Fenway Boston Near Hospital,163848078,1463027460596198880,Adam,,Longwood Medical Area,42.34173,-71.10686,Entire home/apt,1238,4,14,2026-04-21,0.55,18,118,9,STR-473524
1611888396684721303,Apartment Rental near Boston College,117530000,1468202577158813911,Rach,,Brighton,42.34144,-71.15927,Entire home/apt,767,1,0,,,3,21,0,STR-616748
753865831658652689,"Cozy Room Near Charles River, Shops, and Dining",2356643,1462523722549277069,StayNue,,Brighton,42.35147,-71.16237,Private room,164,1,13,2026-05-28,0.32,31,359,2,STR-484106
1177103248225483462,The Clark : Aesthetic • Clean • Amenities!,416027128,1463648115903378942,Our House,,Brighton,42.348337107273906,-71.14493626763553,Entire home/apt,258,1,84,2026-06-01,3.45,41,249,49,STR-569357
54263774,Best 1 Bedroom Nr. Franklin Park w/ Free Parking !,5618949,1462541500925995654,Alan Edwards,,Dorchester,42.30013,-71.0857,Entire home/apt,96,29,25,2023-10-06,0.48,9,75,0,STR-419040
1128911157308963758,Modern Apartment Fenway,163848078,1463027460596198880,Adam,,Longwood Medical Area,42.3411,-71.10624,Entire home/apt,755,4,1,2024-08-08,0.04,18,269,0,STR-466119
1402290879375423868,The Cori: Elegant • Airy • W/D,416027128,1463648115903378942,Our House,,Brighton,42.348037856474036,-71.14421628647403,Entire home/apt,258,1,46,2026-06-01,3.28,41,276,40,STR-593006
1704787051461918651,Spacious Sunny 3BR Loft Near Train,63910558,1466788725926059178,Alex,,Brighton,42.34349,-71.14964,Entire home/apt,312,3,0,,,4,119,0,STR-618944
1261066834119435716,The Pasteur: Comfortable • W/D • Gym,416027128,1463648115903378942,Our House,,Brighton,42.34771698675335,-71.14634368275163,Entire home/apt,311,1,73,2026-05-10,3.62,41,274,30,STR-587345
957168403842245014,"Brighton 2BR Loft | T Access, Near BU and BC",160661353,1468562523648587759,Shira,,Brighton,42.34524270793829,-71.15029424465831,Entire home/apt,351,2,62,2026-06-08,2.02,3,133,29,STR-544744
1632098844057450916,Cozy room 7,15154687,1462593006369650043,Taskin,,Brighton,42.346079809481,-71.15191326164373,Private room,88,1,0,,,34,361,0,str-544976
1344219685697854095,The Barton: Luxe • Comfortable • W/D,416027128,1463648115903378942,Our House,,Brighton,42.34663670904682,-71.1451367772092,Entire home/apt,530,1,76,2026-05-27,4.60,41,258,49,STR-587354
1345877517659431941,The Galen: Luxe Leisure • Elevated • Amenities!,416027128,1463648115903378942,Our House,,Brighton,42.3486,-71.14702,Entire home/apt,375,1,43,2026-05-16,2.59,41,280,28,STR-587351
628297796477850443,"Brookline/Allston/Brighton studio, FREE Parking",459432105,1463753841290068369,Irina,,Brighton,42.346661,-71.139252,Entire home/apt,188,2,105,2026-06-15,2.12,1,96,16,STR-479831
1500319781406687269,Vintage 5BR apt | ROKU HDTV | Sleeps 12,578741487,1470581791435581826,Michael,,Allston,42.35083,-71.14246,Entire home/apt,800,1,47,2026-06-07,5.38,15,312,47,STR-599114
1502528964842004327,Free Parking-Location-Close to the subway,142306305,1468405360190238290,Alejandro And Jessy,,Allston,42.34923165066435,-71.13955728584001,Entire home/apt,297,1,53,2026-06-04,5.64,13,321,53,STR-589617
703833733256479071,"BC/BU - Beautifully Renovated Penthouse 
3-BR/2-BA",446229116,1470010291401101227,Reda,,Brighton,42.34051,-71.14498,Entire home/apt,452,2,136,2026-06-14,3.04,1,270,34,STR-492873
1132878289728822353,The Dover : Spacious • Patio • W/D • Gym,416027128,1463648115903378942,Our House,,Brighton,42.34605,-71.14576,Entire home/apt,1002,2,80,2026-05-14,3.03,41,271,38,STR-569344
1210993461266915003,North End 1 BR with Common Roof Deck,45455727,1462700177625058862,James,,North End,42.367207426122924,-71.05453960515766,Entire home/apt,456,3,49,2026-05-16,2.30,4,238,29,STR-570821
1352333091793466443,109S2.1 | The Strathmore 2 | 3BR 2B w/AC | Room #1,71783,1462508362719740106,Swank Properties Boston,,Brighton,42.33827,-71.15232,Private room,131,28,0,,,52,285,0,Exempt: This listing is a unit used for furnished institutional or business stays
917656155026492018,The Martin : Groups • Modern • Cozy • W/D,416027128,1463648115903378942,Our House,,Brighton,42.34595097783863,-71.14637324267545,Entire home/apt,217,1,123,2026-05-27,3.50,41,267,47,STR-569363
1382228826947561838,The Kelsey: View • Private Kitchen • Gym • W/D,416027128,1463648115903378942,Our House,,Brighton,42.34805142525814,-71.14419199221464,Entire home/apt,398,1,44,2026-04-19,2.98,41,266,36,STR-592995
1226975433413522035,The Curie: Artistic • Eclectic Warmth • W/D,416027128,1463648115903378942,Our House,,Brighton,42.34676,-71.14521,Entire home/apt,213,1,77,2026-06-01,3.49,41,274,44,STR-587329
1176861035408746030,The Apgar: Cozy • Inviting • Amenities!,416027128,1463648115903378942,Our House,,Brighton,42.346146199310795,-71.14416052533325,Entire home/apt,337,1,99,2026-05-25,4.06,41,234,43,STR-566366
1380446274505356559,The Fleming: Groups • Spacious • Private Patio,416027128,1463648115903378942,Our House,,Brighton,42.34878,-71.14696,Entire home/apt,492,1,49,2026-06-10,3.33,41,224,37,STR-592992
1382209928397882215,The Hunter: Comfortable • Bright • Amenities!,416027128,1463648115903378942,Our House,,Brighton,42.347099557947836,-71.14559933472655,Entire home/apt,725,1,53,2026-05-27,3.58,41,256,44,STR-592998
1351884116357670582,The Watson: Groups • Luxe • Renovated • W/D,416027128,1463648115903378942,Our House,,Brighton,42.346880760915525,-71.14579564117416,Entire home/apt,525,1,54,2026-05-19,3.34,41,261,38,STR-587350
27992316,Boston guest suite,157579197,1468536160408549314,Jonathan,,Brighton,42.34121,-71.15163,Entire home/apt,247,2,397,2026-06-04,4.21,1,157,26,STR-544907
1143030749872748842,The Jenner : Urban Escape • Inviting • W/D,416027128,1463648115903378942,Our House,,Brighton,42.34876011823033,-71.1472613547266,Entire home/apt,470,1,122,2026-05-24,4.69,41,252,51,STR-569364
1692396144666838222,Luxury21.8 - Boston Landing - Allston Yards,757253,1462528464270965620,Lee,,Allston,42.35396790000001,-71.1388308,Entire home/apt,328,1,0,,,12,364,0,Exempt: This listing is a unit that has contracts with hospitals
1494530363203311953,Free Parking- In front of the subway- Location,142306305,1468405360190238290,Alejandro And Jessy,,Allston,42.34938636194351,-71.13842377205413,Entire home/apt,297,1,42,2026-05-29,4.32,13,337,42,STR-589613
1637161922459876489,cozy room 4,15154687,1462593006369650043,Taskin,,Brighton,42.347855559398816,-71.15111787531985,Private room,88,1,6,2026-05-26,1.89,34,365,6,str-613765
32197096,Bright Newly Renovated 1 Bed Near Franklin Park !!,5618949,1462541500925995654,Alan Edwards,,Dorchester,42.30082,-71.08595,Entire home/apt,110,29,28,2024-01-30,0.32,9,140,0,STR-419049
1642808442560397950,P8_ Double Room In Savin Hill Station Area,541813300,1470427724054736466,Boston,,Dorchester,42.31530361418575,-71.05694648517816,Private room,87,1,0,,,32,360,0,STR-620121
40594409,Spacious 3BR Boston Condo ! | Walk to MBTA,41266357,1462687125860403075,Frank,,Roxbury,42.32028224048613,-71.07477278128519,Entire home/apt,465,2,130,2026-04-21,1.65,5,325,4,STR-414833
644007536145129443,Modern 3BR Boston Stay | Spacious & Private,80808278,1466983927415667965,Aundre,,Dorchester,42.30009,-71.07765,Entire home/apt,130,29,20,2025-04-22,0.44,1,318,0,STR-482642
1569332778478143282,H2_ Triple Room Near South Boston Area,351582312,1469681432539414292,Daniel,,Dorchester,42.324045577171695,-71.06070318880995,Private room,170,1,12,2026-04-03,2.02,15,26,12,STR-620121
40593640,"NEW! Boston Condo Near MBTA, 3Mi to Fenway ! (U1)",41266357,1462687125860403075,Frank,,Roxbury,42.32009,-71.07521,Entire home/apt,297,2,152,2025-10-13,1.93,5,326,4,STR-414833
36106804,"3BR Condo Near MBTA, 2 Mi to BMC Hospital!",41266357,1462687125860403075,Frank,,Roxbury,42.32078,-71.07481,Entire home/apt,369,2,160,2025-10-20,2.04,5,318,8,STR-414833
1078355999759076905,Boston City Lights,462388177,1470083244883552495,Turana,,Dorchester,42.31691,-71.06734,Private room,274,1,6,2026-04-20,0.23,6,304,1,STR-549609
913633842992669209,2 Bed Condo w/ Parking and W/D in Boston,459522450,1470069017438103624,Anthony,,Dorchester,42.31611406654883,-71.0617305,Entire home/apt,278,5,0,,,3,323,0,STR-545168
1642813691174367403,H3_ Double Room Near South Boston Area,541813300,1470427724054736466,Boston,,Dorchester,42.32474,-71.05867,Private room,148,1,0,,,32,137,0,STR-410134
1018394463652385372,Cozy Room close to downtown Boston,11124961,1462577309681365208,Maddie,,Roxbury,42.3167015,-71.09033,Private room,116,2,22,2025-09-20,0.76,1,257,5,STR-545309
675261617779677652,Modern 1BDRM | Sleeps 4 | Free Parking & Snacks,431779715,1469954773765080811,Khalifa,,Roxbury,42.32001,-71.07952,Entire home/apt,314,1,1,2025-09-04,0.10,5,214,1,STR-604626
1074802778101847392,Shared Space In Boston’s Historic Ctr. - NEU & BMC,104477953,1467255807825004316,Lavette,,Roxbury,42.324683673676944,-71.07834288064527,Private room,111,2,5,2024-10-27,0.19,1,192,0,STR-542712
1081839772364062968,Boston Breeze Room,462388177,1470083244883552495,Turana,,Dorchester,42.3185,-71.06844,Private room,285,1,4,2024-11-28,0.16,6,292,0,STR-549609
739614638101275517,Sunny Hill Garden Unit 2,181779942,1468754271218211377,Shiki,,Roxbury,42.31123,-71.08625,Entire home/apt,574,29,0,,,2,364,0,
1078590286483218838,Boston Private Room #5 With 1Full Bed,462388177,1470083244883552495,Turana,,Dorchester,42.31836,-71.06859,Private room,278,1,9,2025-01-02,0.40,6,290,0,STR-549609
1677817851294173660,Spacious Apartment near Downtown Boston,488008990,1487980346337885151,Maxence,,Roxbury,42.32061,-71.08736,Private room,357,1,0,,,2,355,0,STR-611989
972382373389698405,Spacious Boston APT w/ parking spot!,56415582,1465923399530181318,Jessica,,Dorchester,42.3189351,-71.0646094,Entire home/apt,382,2,0,,,1,200,0,STR-539396
1569337642643954091,H4 - Triple Room Near South Boston Area,351582312,1469681432539414292,Daniel,,Dorchester,42.32300969630857,-71.05843798763526,Private room,171,1,0,,,15,124,0,STR-620121
1671465306862362921,Upscale South End Apt | Walk to Northeastern,57673810,1653919447397633405,Kama,,Roxbury,42.33589087729875,-71.08440436658898,Entire home/apt,415,1,0,,,15,187,0,Exempt: This listing is a unit that has contracts with hospitals
1642807547932755630,P1_Triple Room In Savin Hill Station Area,541813300,1470427724054736466,Boston,,Dorchester,42.313630468963524,-71.05734652572758,Private room,127,1,1,2026-05-31,1,32,113,1,STR-620121
977329599325064066,Brownstone 5 mins from downtown,227889113,1463227805139311816,Lee,,Roxbury,42.33322,-71.08187,Entire home/apt,1000,1,9,2026-04-30,0.28,5,261,7,Str-460336
1663243457940940614,Essential Boston Home | Near South End,149617117,1468462609108625643,Demetrios,,Roxbury,42.33065,-71.08719,Entire home/apt,618,2,0,,,3,346,0,STR-596976
1569335058502103824,H 3_ Double Room Near South Boston Area,351582312,1469681432539414292,Daniel,,Dorchester,42.32418,-71.0584,Private room,171,1,1,2026-03-12,0.31,15,28,1,STR-620121
1545947121114487815,"New Host: 4 Bed Duplex, 3 Miles to Downtown Boston",23143152,1545947121814775593,Alti,,Roxbury,42.320132,-71.0854384,Entire home/apt,466,1,14,2026-06-07,2.07,1,342,14,STR-595605
49114338,La Casa Boheme - Upstairs First Bedroom,59978794,1462744082068320084,Gianni,,Roxbury,42.31921,-71.08924,Private room,150,2,3,2022-09-01,0.05,3,134,0,STR-623592
10787333,Garden Apt - Highland Park/Fort Hill (Orange Line),22901863,1463191290908661336,Ziyad,,Roxbury,42.32777,-71.09331,Entire home/apt,306,5,102,2026-05-29,0.84,1,348,6,STR-481385
1537735246688072707,City Chic Condo,290708089,1537735247412684741,Melanie,,Roxbury,42.31898,-71.09337,Entire home/apt,411,1,1,2026-06-14,1,1,216,1,STR-611413
46005073,Stylish StudioLux in Vibrant East Boston,30283594,1465445680495565156,Global Luxury Suites I,,East Boston,42.36638,-71.04007,Entire home/apt,,1,28,2025-09-14,0.41,31,363,4,Exempt: This listing is a hotel or motel
1507226190101963302,Spacious & Modern Sleeps 6 | Free Parking & Snacks,431779715,1469954773765080811,Khalifa,,Roxbury,42.32168,-71.07726,Entire home/apt,360,1,3,2025-10-31,0.36,5,214,3,STR-604626
1679926372373205750,Private Room Near BMC & Downtown Boston,255315967,1469349377687750420,Burhan,,Roxbury,42.3344141,-71.0761069,Private room,173,1,2,2026-05-31,2,3,33,2,STR-564657
1679389813704709226,Private Rooms near Downtown Boston,200425896,1469045852028962020,Kristen,,Roxbury,42.32033330302115,-71.08626954451078,Private room,493,1,1,2026-05-16,0.94,2,363,1,STR-611989
1614707563386911006,Heart of the City/Skyline/Prime Location,449873758,1470025999493733250,Max,,Roxbury,42.32735,-71.0886,Entire home/apt,560,2,1,2026-05-17,1,1,121,1,STR-618856
1590687250542710600,3BR East Boston | Free St Parking | Near T & Logan,721152521,1519656642923346218,Yasumi Stays,,East Boston,42.36622771443901,-71.03447363939264,Entire home/apt,375,1,36,2026-06-12,6.84,2,112,36,STR-614952
20740079,Classic Eastie 2BR | Steps to Harbor & T,14302227,1462589749307377929,Eric,,East Boston,42.36657,-71.03562,Entire home/apt,321,2,16,2026-06-06,0.32,1,183,13,STR-539299
1622206469839829496,Private Room near Andrew Station (Red Line) - H32,20271586,1616380969775469772,Seçkin,,Dorchester,42.3253866,-71.0584176,Private room,99,7,2,2026-03-30,0.68,8,234,2,STR-620887
50721021,La Casa Boheme - Upstairs Back Bedroom,59978794,1462744082068320084,Gianni,,Roxbury,42.319327861470235,-71.09013210682868,Private room,127,2,9,2025-01-27,0.19,3,26,0,STR-623592
1554478935948694456,"Cozy, Spacious Home Near Downtown Boston",198027240,1529325003268607876,Nabila,,Roxbury,42.31368,-71.08665,Entire home/apt,471,1,32,2026-06-09,4.75,3,64,32,STR-612622
1503877505235066342,Spacious 3BR Apartment for 8 | Heart of Boston,578741487,1470581791435581826,Michael,,Roxbury,42.3273,-71.07729,Entire home/apt,381,1,60,2026-06-13,6.55,15,340,60,STR-596575
1135749202231434059,A King Bed | Private Bath,501889213,1463849225445308817,J Lucky,,Roxbury,42.32751,-71.08527,Private room,219,1,282,2026-06-12,10.79,7,224,120,STR-571341
1180322663446810209,Spacious & Comfy Retreat | 5* Location | Backyard!,383689313,1469786892659596955,Errington,,Roxbury,42.32396,-71.09028,Entire home/apt,560,1,142,2026-06-04,5.90,1,157,64,STR-558730
774611525121651574,Hidden Gem 2 BR/1BA near Zoo 3 mil downtown Fenway,84804757,1467023729835522811,Sandro,,Roxbury,42.32428,-71.07315,Entire home/apt,428,1,182,2026-05-11,4.58,1,94,28,STR-545053
1461775764341812880,"5 beds 1 futon Clean, quiet convenient",261646616,1463328432944934460,Joseph,,Dorchester,42.31728,-71.05878,Entire home/apt,360,2,6,2026-05-18,0.69,3,80,6,Str-416636
660750253855523277,Modern Apt Central to Logan Airport & Downtown,470775244,1487978316919984206,Maria,,East Boston,42.36759,-71.03371,Entire home/apt,470,1,202,2026-06-07,4.34,1,328,46,STR-545823
40919597,The Boxer Boston Deluxe Double,272082418,1469436333035900134,The Boxer Hotel,,Downtown,42.3628,-71.06228,Private room,999,1,3,2022-03-17,0.05,2,280,0,Exempt: This listing is a hotel or motel
6780077,"Treetop+Balcony Suite, ocean view, safe, nr metro",9898255,1462826449099796915,Jessica,,Dorchester,42.31392,-71.06137,Entire home/apt,206,2,146,2026-04-26,1.62,3,184,16,STR-615800
1625586440152962295,W2_ Double Room Near Andrew Station,351582312,1469681432539414292,Daniel,,Dorchester,42.32555,-71.05883,Private room,187,1,10,2026-05-06,2.61,15,344,10,STR-410134
876996002748010842,The Drew : Vibrant • Comfortable • W/D • City View,416027128,1463648115903378942,Our House,,Brighton,42.34786,-71.14511,Entire home/apt,340,1,118,2026-05-16,3.19,41,268,29,STR-569353
1381483704631632142,The Harvey: Large • Near T • Gym • Kitchen • W/D,416027128,1463648115903378942,Our House,,Brighton,42.34581531467751,-71.14632272124544,Entire home/apt,273,1,65,2026-05-27,4.37,41,227,53,STR-592991
958740384258392294,Cozy full condo / Walkable to T,200275488,1469044996868313673,Chris,,East Boston,42.36743,-71.03544,Entire home/apt,331,1,64,2026-05-25,1.89,1,15,22,STR-478920
7310887,"3 bed, in unit laundry, central air, parking",38302832,1465573059519496195,Joel,,Brighton,42.34532,-71.13829,Entire home/apt,453,2,285,2026-06-08,2.15,1,15,20,STR-532114
1692830393723230645,Luxury23.8 - Boston Landing - Allston Yards,757253,1462528464270965620,Lee,,Allston,42.35396790000001,-71.1388308,Entire home/apt,644,1,2,2026-06-07,2,12,348,2,Exempt: This listing is a unit that has contracts with hospitals
1351840700721834066,The Lister: Luxurious • Cozy • W/D,416027128,1463648115903378942,Our House,,Brighton,42.34839373249265,-71.14514389527372,Entire home/apt,259,1,56,2026-05-31,3.45,41,226,37,STR-587346
1232867182963290230,The Nightingale: Cozy • Home for Long Stays! • W/D,416027128,1463648115903378942,Our House,,Brighton,42.34610612787038,-71.14609442207264,Entire home/apt,325,1,63,2026-05-17,2.91,41,265,40,STR-587331
1642807440952419165,P7_ Double Room In Savin Hill Station Area,541813300,1470427724054736466,Boston,,Dorchester,42.31535074447945,-71.05890209176296,Private room,116,1,3,2026-05-25,1.36,32,353,3,STR-620121
1623580086541282225,Private Room near Andrew Station (Red Line) - H33,20271586,1616380969775469772,Seçkin,,Dorchester,42.32476,-71.05943,Private room,101,7,1,2026-05-30,1,8,261,1,STR-620887
35583138,🎖Massive Victorian 1905 mansion❤️🤍💙go back in time,261646616,1463328432944934460,Joseph,,Dorchester,42.31538,-71.05874,Entire home/apt,366,2,198,2026-06-10,2.33,3,77,16,STR-416636
32016148,A bit of France in Boston,29218948,1462647374090005482,Aaron,,Dorchester,42.31586,-71.06827,Private room,229,1,259,2026-06-02,2.93,3,163,33,STR-445535
39788966,"Apartment w/Parking, minutes to airport / Downtown",305860570,1469565321405245922,Joseph,,East Boston,42.38483796682398,-71.01963708787684,Entire home/apt,359,2,238,2026-06-02,2.99,1,194,30,STR-461605
1382223303580141196,The Seacole: Glamorous • City View • Gym • W/D,416027128,1463648115903378942,Our House,,Brighton,42.34739823944974,-71.14645178817193,Entire home/apt,640,1,58,2026-05-29,3.97,41,242,50,STR-592996
966924264198926530,Family-Friendly 2BR + Free Parking | Near park,160661353,1468562523648587759,Shira,,Brighton,42.34372357126928,-71.15170223466356,Entire home/apt,399,1,88,2026-06-07,2.79,3,96,18,STR-542383
642948081362358926,"Cozy Top floor apt by St Elizabeth, BU, BC w/ Park",306329570,1463425806556299595,Jonathan,,Brighton,42.352,-71.14877,Entire home/apt,234,2,32,2026-05-28,0.68,4,174,11,STR-530905
832012838280777118,Renovated 2 BR Condo + Parking in Brighton/Boston,306329570,1463425806556299595,Jonathan,,Brighton,42.35044,-71.14829,Entire home/apt,376,1,69,2026-05-29,1.78,4,232,29,STR-530905
1026036520693800417,The Warren : Groups • Elegant • Cozy • W/D • Pool,416027128,1463648115903378942,Our House,,Brighton,42.3477,-71.14448,Entire home/apt,383,1,109,2026-05-20,3.50,41,277,46,STR-569354
1353781914920982962,Ideal Brighton Location with Parking,37086821,1465552329663845917,Enrik,,Brighton,42.3459108551553,-71.14718668162823,Entire home/apt,391,2,58,2026-06-08,3.58,1,167,39,STR-573351
1261994732079877932,The Attia: Elevated • Cozy • Amenities!,416027128,1463648115903378942,Our House,,Brighton,42.34794,-71.14484,Entire home/apt,490,1,50,2026-05-29,2.44,41,183,35,STR-587355
1160508336158217903,Modern 3BR in Allston | BU · BC · Green Line,341982890,1469672059082087472,Gustavo,,Allston,42.35707968357052,-71.1375612816063,Entire home/apt,440,2,45,2026-05-17,2.11,1,64,26,STR-565137
1169582258754862208,Cozy 2 Bundle Rooms near Charles River,2356643,1462523722549277069,StayNue,,Brighton,42.36032,-71.1432,Private room,308,1,14,2026-05-12,0.79,31,229,11,STR-461419
1169512758474469869,2 bedroom Modern Condo w/Private Roof Top!,445030990,1470005909987646573,Ana F,,East Boston,42.380056424766956,-71.02840215066864,Entire home/apt,627,1,49,2026-05-17,2.01,1,335,19,STR-483349
1122094972808301017,The Watkins : Elevated Cozy • W/D • Amenities,416027128,1463648115903378942,Our House,,Brighton,42.346668000163774,-71.14443911251824,Entire home/apt,409,1,114,2026-05-31,4.25,41,275,39,STR-569352
1620507626227261594,Wonderful Back Bay 1br/1ba | Short walk to Fenway!,717946252,1505867861207707885,Healing Homes,,Fenway,42.35078,-71.09518,Entire home/apt,370,1,1,2026-05-22,1,35,142,1,STR-476578
1183366210963015944,Spacious 4BR Apartment – 2ND Floor,426546484,1469933562024898419,Mike,,Brighton,42.34321,-71.14698,Entire home/apt,1256,2,20,2026-05-16,0.86,1,355,9,STR-460830
17573922,"1st Floor, 1BR Downtown- Walk to Boston Common",118122992,1468207260385770723,Billy,,Chinatown,42.34986,-71.06197,Entire home/apt,207,29,152,2025-12-01,1.35,4,319,2,
960243742276636916,(PG03) Cozy Budget-Friendly Studio in Fenway,233908696,1463245100596399025,Together We,,Fenway,42.34696,-71.10332,Entire home/apt,297,1,122,2026-06-10,3.59,7,83,34,str-543851
21624391,"Clean, spacious condo just steps from the MBTA",202410,1462512539270928834,Erin,,Brighton,42.34351,-71.15211,Entire home/apt,657,1,171,2025-11-10,1.72,1,219,6,STR-400150
1569313113494410952,P3 - Triple Room In Savin Hill Station Area,351582312,1469681432539414292,Daniel,,Dorchester,42.31512,-71.05927,Private room,74,1,7,2026-05-28,1.06,15,92,7,STR-620121
1642807803137280216,P3_Triple Room In Savin Hill Station Area,541813300,1470427724054736466,Boston,,Dorchester,42.31524,-71.05863,Private room,87,1,1,2026-03-27,0.37,32,330,1,STR-620121
1638404578690147852,Near Harvard Stadium | Dining. Gym + On-Site Bar,429638778,1469946374439086544,The Atlas Hotel,,Allston,42.363976,-71.119664,Private room,486,1,0,,,8,172,0,Exempt: This listing is a hotel or motel
1638406605506356804,By Charles River | Luxe Stay. Fitness + Dining,429638778,1469946374439086544,The Atlas Hotel,,Allston,42.363976,-71.119664,Private room,897,1,0,,,8,169,0,Exempt: This listing is a hotel or motel
570980045884661327,Cozy Stay Near Harvard/BU/BC With Parking,446952127,1463723338073950710,Yan,,Brighton,42.3608,-71.14287,Entire home/apt,244,1,449,2026-05-31,8.65,1,204,116,STR-524680
631118154967104383,Large Sunny room free parking,108560094,1467315211306893978,Lixia,,Brighton,42.35587,-71.15837,Private room,104,1,120,2026-06-01,2.43,2,106,41,STR-530798
1024608820579338357,Charming & Chic | Studio Apt,365116307,1469734785463392741,Brian & Heather,,Downtown,42.35668,-71.06198,Entire home/apt,,29,11,2025-10-24,0.60,35,7,2,Exempt: This listing is a unit that has contracts with hospitals
1609540626531733557,Large and comfortable queen bed room.,67103816,1466829193913695209,Firlian,,Roxbury,42.31734,-71.08993,Private room,52,30,0,,,8,264,0,
48952329,Artistic Room,393194522,1463598269016713049,Manuela,,Roxbury,42.31583,-71.08992,Private room,60,29,51,2023-10-21,0.83,4,365,0,STR-545309
618421869519191726,"Modern Private Room, Minutes from Downtown Boston",2356643,1462523722549277069,StayNue,,Roxbury,42.32633,-71.09019,Private room,78,30,14,2025-10-14,0.29,31,360,1,STR-460218
48941504,Gracious room Boston,393194522,1463598269016713049,Manuela,,Roxbury,42.31573,-71.09141,Private room,69,29,100,2025-05-18,1.58,4,89,0,STR-548590
53174170,Relaxing Chill Spot with parking on premises.,430457779,1469949581895876726,Rebecca,,Dorchester,42.31283,-71.07694,Entire home/apt,135,3,126,2026-06-06,2.33,1,334,27,STR-545041
1596664,"Fort Hill Top - 2Bk Private room,  brick townhouse",8513158,1462769246621981778,Kevin,,Roxbury,42.3256,-71.09413,Private room,61,30,27,2025-04-25,0.27,3,196,0,STR-383293
52605162,Spacious Private Room in Central Roxbury,2356643,1462523722549277069,StayNue,,Roxbury,42.32781,-71.08983,Private room,73,30,33,2026-01-23,0.58,31,290,3,STR-460218
23171291,"Comfortable queen bed, high ceiling Room.",67103816,1466829193913695209,Firlian,,Roxbury,42.31793,-71.09182,Private room,58,31,17,2026-04-01,0.18,8,49,3,
852056763960452031,Spacious 4BR/4BA • Great for Groups & Long Stays,233918361,1469245812369428459,Indy,,Roxbury,42.31381,-71.08926,Entire home/apt,647,1,87,2026-06-14,3.48,1,158,47,STR-560204
1435222753114510479,NEW! LUX 3BR w/ 400 Mbps Wifi | ROKU TV & Games!,578741487,1470581791435581826,Michael,,Roxbury,42.328329610921344,-71.09122521381198,Entire home/apt,618,1,57,2026-06-13,4.54,15,347,55,STR-621617
970252129528759181,"Perfect Location Near Fenway & Berklee College, #1",22348222,1462620857010380237,Maverick,,Fenway,42.33977,-71.09559,Entire home/apt,371,1,26,2026-05-21,0.82,87,354,5,STR-540392
8734707,Charming penthouse suite by T,45824409,1465684261180456876,Celia,,Roxbury,42.32776,-71.09194,Private room,173,3,265,2026-06-06,2.04,2,47,28,STR-516495
834817285518344005,Modern 2 Bedroom in Boston,495932175,1470231945557742629,Maria,,Roxbury,42.3174703,-71.0801929,Entire home/apt,458,1,101,2026-06-14,2.62,1,169,29,STR-522415
49244867,Tasteful & Luminous Refuge | Near T,319015619,1463446762979058697,Mitchel,,Roxbury,42.3281455,-71.0933478,Entire home/apt,716,30,9,2021-12-03,0.16,2,354,0,Exempt: This listing is a unit used for furnished institutional or business stays
23375776,"Comfy, quite room with all you need.",67103816,1466829193913695209,Firlian,,Roxbury,42.31745,-71.09222,Private room,66,30,26,2026-04-04,0.26,8,255,2,
35079257,*FortHill Special! Clean Comfy & Cozy Guest Suite3,69967323,1462791300442620424,John,,Roxbury,42.32296,-71.09292,Private room,212,2,125,2026-04-22,1.47,4,251,16,STR-545899
1452404752971505929,Charlestown Gem | Central & Historic Walkable Stay,7694569,1462738795168679559,Raquelle,,Charlestown,42.3773,-71.05951,Entire home/apt,541,3,15,2026-06-01,1.49,1,324,15,STR-599498
51190495,Pvt. Bedroom | Co-Live by Thatch™  | 31 #2A,814298,1462514414319387899,Stay Thatch,,Roxbury,42.32862,-71.09193,Private room,98,30,5,2025-08-21,0.13,57,171,1,
51709928,Private Room in Vibrant Roxbury Co-Living APT,2356643,1462523722549277069,StayNue,,Roxbury,42.3284,-71.08941,Private room,77,30,28,2026-03-27,0.50,31,360,2,STR-460218
16413314,Modern Brownstone - walk to Longwood Medical Area!,6570954,1462709805781337803,Tobias,,Roxbury,42.32676,-71.09364,Private room,79,30,127,2026-05-31,1.12,1,103,20,STR-541538
1515625127665544028,Allston Spacious 3B Free Parking Near BU & Harvard,720005433,1515625128476683033,Ada,,Allston,42.35948,-71.1367,Entire home/apt,674,1,8,2026-06-02,1.06,1,164,8,STR-610437
666008134174509650,Sunny 3 bed. Bu BC Harvard Boston landing&Hospit.,412792920,1469880957626301541,Sheila,,Allston,42.35652,-71.13679,Entire home/apt,605,1,78,2026-05-19,1.85,2,156,18,STR-511359
1015984680697576747,King Studio Room at Hotel Boston,518080572,1470330998972127479,Anwar,,Brighton,42.3417319,-71.1431193,Private room,309,1,4,2024-06-11,0.13,3,260,0,Exempt: This listing is a hotel or motel
866575005037773478,Fenway Studio Steps to Boston Children's Hospital,275849638,1469454850382219508,Healing Homes,,Fenway,42.34081347370269,-71.1012587845715,Entire home/apt,296,1,17,2026-04-09,1.26,53,242,11,STR-519403
1617847161123314867,"Large Multi-level apartment parking, walk to train",63910558,1466788725926059178,Alex,,Brighton,42.34417,-71.15133,Entire home/apt,1364,1,0,,,4,187,0,STR-618944
1510555729553742673,"Boston Landing Luxury Studio, Roof Deck, Near MBTA",31340713,1465460976217419594,Kama,,Brighton,42.35687,-71.14243,Entire home/apt,470,2,3,2026-05-18,0.36,19,238,3,Exempt: This listing is a hotel or motel
30533497,Fort Hill top -1Bk Private Room in Brick Townhouse,8513158,1462769246621981778,Kevin,,Roxbury,42.32663,-71.0935,Private room,55,30,19,2026-04-27,0.22,3,168,3,STR-383293
23842606,Very comfy room with all you need and more.,67103816,1466829193913695209,Firlian,,Roxbury,42.31611,-71.0921,Private room,67,31,25,2026-05-01,0.26,8,126,1,
1637205858422843750,cozy room 6,15154687,1462593006369650043,Taskin,,Brighton,42.346260635136844,-71.15096020610014,Private room,149,1,1,2026-06-06,1,34,359,1,str-544976
1671404741280126098,"Stylish 2BR w/ Full Kitchen, Laundry & Cen Air",57673810,1653919447397633405,Kama,,Roxbury,42.33594,-71.08378,Entire home/apt,302,30,2,2026-06-06,2,15,208,2,Exempt: This listing is a unit used for furnished institutional or business stays
950826613862878713,One Bedroom Apt in Boston Hotel,518080572,1470330998972127479,Anwar,,Brighton,42.34261,-71.14372,Private room,359,1,7,2024-03-05,0.20,3,260,0,Exempt: This listing is a hotel or motel
1274920765065575996,In-Unit Laundry | Your Family & Friends Space,310662379,1469580721261286506,Ulrich,,Roxbury,42.31381207625156,-71.08829177571911,Entire home/apt,526,1,43,2026-05-24,2.38,7,54,25,STR-576589
831476534718840596,24-Renovated 2 bedroom only 8 min from the city,2134782,1462522420000710446,Shlomi,,Allston,42.3560237,-71.1368711,Entire home/apt,414,1,20,2026-03-16,0.50,4,37,3,STR-522067
48394920,Pvt. Floor w/ Bath | Co-Live by Thatch™ | 33 #1G,814298,1462514414319387899,Stay Thatch,,Roxbury,42.32869,-71.09208,Private room,89,30,3,2024-08-25,0.06,57,41,0,
1607455208555850565,Elegant 1BR : King and Sleeper Queen| Suite 5,719174829,1511018819903666705,Pete,,Fenway,42.34561516839249,-71.10469063886008,Entire home/apt,608,1,2,2026-06-07,2,10,143,2,STR-598987
48940511,Beautiful Room close to downtown Boston,393194522,1463598269016713049,Manuela,,Roxbury,42.31758,-71.09133,Private room,81,29,68,2025-05-25,1.07,4,269,0,STR-548590
35077924,*FortHill Special! Clean Comfy & Cozy Guest Suite1,69967323,1462791300442620424,John,,Roxbury,42.32232,-71.09491,Private room,80,29,27,2022-10-17,0.32,4,213,0,STR-415841
1440348220992439046,"Renovated, 2BR, 2BA in Boston",250399091,1469327367939017586,Nina,,Roxbury,42.33654,-71.08373,Entire home/apt,247,30,2,2026-01-03,0.19,9,216,2,Exempt: This listing is a unit used for furnished institutional or business stays
1654418292464586061,"South End,2 bed, in unit lau,cen air, Northeastern",57673810,1653919447397633405,Kama,,Roxbury,42.33613181391537,-71.08351820726685,Entire home/apt,329,30,4,2026-05-16,1.90,15,341,4,Exempt: This listing is a unit used for furnished institutional or business stays
52060181,"Harvard Campus, Smith Park, Convenient Location",8441226,1462767888454586850,Justin,,Allston,42.36355,-71.13151,Entire home/apt,121,29,113,2026-06-15,1.96,1,82,1,STR-418699
1614552287812006186,Superior King at The Inn At Longwood Medical,501999278,1468058277289999419,RoomPicks,,Longwood Medical Area,42.3383223,-71.1064677,Hotel room,1004,1,0,,,51,212,0,Exempt: This listing is a hotel or motel
614069307180662598,Modern & Spacious 4-Bedroom Apartment in Roxbury,2356643,1462523722549277069,StayNue,,Roxbury,42.32789,-71.08992,Entire home/apt,286,1,21,2025-11-25,0.50,31,289,3,STR-460218
1349470131506710443,"Classic Boston, Penthouse duplex",8229,1462506610204730632,Terry,,Roxbury,42.3292148,-71.0949007,Entire home/apt,642,1,11,2026-04-27,0.72,11,111,9,STR-446658
44355337,Pvt. Bedroom & Bath | Co-Live by Thatch™ | 33 #2B,814298,1462514414319387899,Stay Thatch,,Roxbury,42.32981,-71.09388,Private room,103,30,4,2023-12-23,0.08,57,255,0,
1272462109988889430,Charming two-bedroom in Boston,658251749,1470653400954476979,Beatrice,,Roxbury,42.32603188143365,-71.08202251382698,Entire home/apt,244,29,6,2025-07-23,0.31,1,345,1,STR-554113
60029,Room in geographical heart of Hub,255183,1462513893145710063,Michelle,,Roxbury,42.32546,-71.08894,Private room,63,29,147,2026-06-01,0.78,1,221,2,STR-415714
1198521990906156274,2 Rooms in LMA - Near Harvard Medical School,501999278,1468058277289999419,RoomPicks,,Longwood Medical Area,42.33832,-71.10647,Hotel room,821,1,0,,,51,348,0,Exempt: This listing is a hotel or motel
51190850,Pvt. Bedroom & Bath | Co-Live by Thatch™ | 31 #2D,814298,1462514414319387899,Stay Thatch,,Roxbury,42.32869,-71.09178,Private room,102,30,1,2022-08-16,0.02,57,306,0,
1065344249090143744,Cozy 2BR in victorian brownstone,29329872,1465432016617518319,Cesar,,Roxbury,42.32428,-71.07963,Entire home/apt,158,9,8,2026-04-09,0.33,1,52,4,STR-560804
1675586988844123758,Central King 1BR near Harvard w/GYM W/D Parking,489222662,1535110320514432360,New England Stays,,Allston,42.36466,-71.12253,Entire home/apt,386,29,1,2026-05-18,1,6,175,1,STR-213886
20858430,"Stylish, Comfortable Luxury | Near T",149617117,1468462609108625643,Demetrios,,Roxbury,42.33041,-71.09317,Entire home/apt,432,30,107,2025-03-27,1.00,3,321,0,Exempt: This listing is a unit used for furnished institutional or business stays
197727,"Great Boston neighborhood , Jamaica Plain",964356,1462534430080317943,Jill,,Jamaica Plain,42.31331,-71.12061,Private room,60,30,69,2026-05-30,0.38,1,222,4,
1013870249352984608,"2BR TDGarden, Celtics/Bruins, Lil Italy, North End",37907846,1465567199260055273,Boston,,Downtown,42.36629,-71.05851,Entire home/apt,433,1,138,2026-05-30,4.41,13,226,55,Exempt: This listing is a unit used for furnished institutional or business stays
1638406961613668043,Near Fenway | Gym. Restaurant + Full Kitchen,429638778,1469946374439086544,The Atlas Hotel,,Allston,42.363976,-71.119664,Private room,897,1,0,,,8,169,0,Exempt: This listing is a hotel or motel
1530025013373394392,Cozy Private Room - Ideal for Professionals,393011854,1463597805852413707,Keisha,,Roxbury,42.32323,-71.08248,Private room,169,29,2,2026-05-28,0.26,1,179,2,STR-038415
1088859041194448694,Alaska Street R45,216849347,1469138909045783025,Jeana,,Roxbury,42.32121,-71.07998,Private room,218,1,46,2026-06-09,1.67,3,20,11,STR-415018
1218219275551952819,Perfect City Break,20532341,1463121393332571090,Beatrice,,Roxbury,42.32608,-71.0818,Entire home/apt,141,29,22,2025-06-25,1.02,1,165,1,STR-554113
28302081,La Casa Boheme - Upstairs Middle Bedroom,59978794,1462744082068320084,Gianni,,Roxbury,42.320481,-71.090593,Private room,81,29,39,2025-05-11,0.42,3,339,0,STR-398672
6695,"Fort Hill Inn *Sunny* 1 bedroom, condo duplex",8229,1462506610204730632,Terry,,Roxbury,42.32802,-71.09387,Entire home/apt,307,1,144,2026-06-01,0.70,11,92,5,STR-491702
44681847,Pvt. Bedroom & Bath | Co-Live by Thatch™ | 33 #2E,814298,1462514414319387899,Stay Thatch,,Roxbury,42.32849,-71.09338,Private room,67,30,4,2026-05-14,0.07,57,89,2,
650779319023665511,2BR/2BA South End Gem | Steps to Northeastern,31340713,1465460976217419594,Kama,,Roxbury,42.33563,-71.08578,Entire home/apt,322,30,13,2025-07-31,0.34,19,61,1,Exempt: This listing is a unit used for furnished institutional or business stays
859692631321104617,Single family home rare gem in the heart of Boston,507996585,1463859611926149859,Safiya,,Roxbury,42.3263693,-71.0918622,Entire home/apt,290,29,2,2025-01-01,0.10,1,316,0,
5870922,The Nantucket Room near Harvard Square,26956083,1465385857456219985,Todd,,Allston,42.3605,-71.12633,Private room,114,1,432,2026-05-29,3.18,10,190,41,STR-383892
1344815776847810763,Double the Fun: 4BR Allston Stay,74782650,1466920156131772961,Holly,,Allston,42.35340009999999,-71.12835489999999,Entire home/apt,805,1,53,2026-05-29,3.31,5,192,38,STR-581598
1381239110415695526,Sunny 2BR +Futon Allston Escape,74782650,1466920156131772961,Holly,,Allston,42.35340009999999,-71.12835489999999,Entire home/apt,565,1,4,2026-04-21,0.38,5,203,4,STR-581598
35968526,2)BU/Harvard/MIT/pri bath&entrnce/freeprkng/Qn bed,18409308,1463053666634689259,Marlene,,Allston,42.36138,-71.125,Private room,229,1,270,2026-06-14,3.25,3,77,36,STR-545307
36113606,3)MIT-Harvrd-BU-pri bathrm/freeprkng/Queenbed,18409308,1463053666634689259,Marlene,,Allston,42.3607,-71.12675,Private room,200,1,292,2026-06-15,3.52,3,125,31,STR-545307
1507995740000345989,Luxe apartment in Boston’s Allston Village.,212266463,1469108566235479831,Robert,,Allston,42.35583,-71.12955,Entire home/apt,656,2,24,2026-05-20,2.68,1,167,24,STR-607418
1654646312439421944,Close to the Subway-Safe and clean-Free Parking,142306305,1468405360190238290,Alejandro And Jessy,,Allston,42.35283,-71.12777,Entire home/apt,354,1,5,2026-06-13,5,13,354,5,STR-615840
16233671,Garden room next to T stop/bus hub.,21745230,1462618428769920746,Jurek,,Charlestown,42.38185,-71.07693,Private room,172,1,131,2026-06-15,1.21,12,291,24,STR-383107
970253956811711528,Bright&Modern Studio in Boston’s Fenway Area #302,22348222,1462620857010380237,Maverick,,Fenway,42.33973,-71.09544,Entire home/apt,254,1,93,2026-05-31,2.82,87,356,36,STR-540413
1022432953309125008,Near Harvard Business 2-1,15154687,1462593006369650043,Taskin,,Allston,42.359346922456304,-71.13100193016858,Private room,148,1,192,2026-06-01,6.11,34,363,63,str-544976
1375628247378961322,Spacious 2BR Allston Getaway,74782650,1466920156131772961,Holly,,Allston,42.35340009999999,-71.12835489999999,Entire home/apt,565,1,9,2026-05-06,0.74,5,205,8,STR-581598
16364879,2 beds Garden Apt-calm oasis next to T stop -3 min,21745230,1462618428769920746,Jurek,,Charlestown,42.38379,-71.0783,Private room,356,1,190,2026-05-22,1.65,12,261,12,STR-383107
13032590,3 bed apt next to T- fast wifi-off street parking,21745230,1462618428769920746,Jurek,,Charlestown,42.38187,-71.07734,Entire home/apt,413,1,667,2026-05-24,5.49,12,259,58,STR-383106
997690707736872700,Near Harvard Business 1-2,15154687,1462593006369650043,Taskin,,Allston,42.36092,-71.13096,Private room,88,1,67,2026-06-01,3.59,34,362,56,STR-544976
1649420182328728454,Close to the Subway-Clean and Safe-Free Parking,142306305,1468405360190238290,Alejandro And Jessy,,Allston,42.35495,-71.12767,Entire home/apt,548,1,0,,,13,354,0,STR-615817
808605340132686770,Boston Historical Urban Oasis,257439917,1463316759257371417,Waze,,Allston,42.36003795522229,-71.12327506728496,Entire home/apt,907,1,78,2026-05-29,1.91,2,338,17,STR-519533
1642808224256011289,P6_ Double Room In Savin Hill Station Area,541813300,1470427724054736466,Boston,,Dorchester,42.313976453069635,-71.0573773138158,Private room,87,1,1,2026-04-21,0.53,32,135,1,STR-620121
15974807,"Sparkling Boston Home | AC, Parking, Roku, Pets OK",10250028,1462835498308924136,Michelle,,Allston,42.3587157,-71.1326206,Entire home/apt,799,1,202,2026-05-19,1.73,1,43,13,STR-568835
24992422,Luxurious Home in Boston's Historic Charlestown,188938217,1468979299123911666,Katherine,,Charlestown,42.37708,-71.0604,Entire home/apt,410,1,408,2026-05-29,4.16,1,3,46,STR-515663
22840213,Sleek Private Suite near BC & Harvard | Parking,117861820,1468205244209167939,Kevin,,Brighton,42.35872,-71.14229,Entire home/apt,213,1,373,2026-06-05,3.65,3,91,29,STR-413793
1617795776295268097,Close to the Subway-Free Parking-Location,142306305,1468405360190238290,Alejandro And Jessy,,Allston,42.35305223069174,-71.12750047733194,Entire home/apt,320,1,18,2026-06-03,4.70,13,344,18,STR-615839
52181213,Spacious & Pet-Friendly Modern Home in Charlestown,363098141,1469729401920814876,Johnny,,Charlestown,42.37761,-71.06649,Entire home/apt,499,1,94,2026-06-14,3.47,1,210,43,STR-460031
48971352,Entire Apt near Bos Univ/Bos College Free Parking,25244802,1465338664514785433,Timothy,,Allston,42.34812,-71.13601,Entire home/apt,450,3,210,2026-06-14,3.33,2,75,26,STR-446758
988349949154367761,Bright & Updated 2BR in Brighton | Free Parking,212619448,1469110665390978548,Qi,,Brighton,42.3526215069712,-71.14915567999259,Entire home/apt,262,1,73,2026-05-14,2.25,1,132,19,STR-525950
598426987260237935,Recently Renovated Allston 2 Bdr Apt Near Harvard,36235833,1465538111064127145,Adam,,Allston,42.36079,-71.12893,Entire home/apt,484,2,56,2026-05-30,1.26,1,290,13,STR-493345
1667386394959273157,Close to the Subway-Safe and Clean-Free Parking,142306305,1468405360190238290,Alejandro And Jessy,,Allston,42.35477,-71.12619,Entire home/apt,337,1,6,2026-06-11,6,13,336,6,STR-615825
1060401518925605316,"Boston Hospitality Homes, Harvard",428724673,1469942637016703256,Priyanka,,Allston,42.35925570000001,-71.12491399999999,Entire home/apt,874,2,79,2026-06-07,2.89,3,199,33,STR-594723
44740904,"Blueground | Seaport, gym, pool, & doorman",107434423,1462889176402806013,Blueground,,South Boston Waterfront,42.34906,-71.04471,Entire home/apt,,30,0,,,227,313,0,
47867613,Mins to Seaport/Downtown. Pvt bath & Entrance,237078658,1463253579348930151,Lindsay,,South Boston,42.33716,-71.03812,Entire home/apt,413,29,83,2021-12-02,1.27,3,285,0,STR-399339
1648158413044520783,Close to the subway-Free Parking-Safe and Clean,142306305,1468405360190238290,Alejandro And Jessy,,Allston,42.35468651580897,-71.12764497096914,Entire home/apt,422,1,1,2026-06-05,1,13,355,1,STR-615835
1622024520210030736,Close to the Subway-Free Parking-Great Location,142306305,1468405360190238290,Alejandro And Jessy,,Allston,42.352877028330816,-71.12605445652467,Entire home/apt,382,1,23,2026-06-11,5.90,13,344,23,STR-615838
48013642,Furnished Studio by Thatch™ | Highland Ave,814298,1462514414319387899,Stay Thatch,,Roxbury,42.32923,-71.09184,Entire home/apt,96,32,14,2026-03-04,0.25,57,117,4,
41708678,"Clean, Contemporary Escape | Near T",149617117,1468462609108625643,Demetrios,,Roxbury,42.32815,-71.09335,Entire home/apt,340,30,17,2025-03-07,0.22,3,307,0,STR-447259
1545838266629580052,Queen Private Ensuite Bathroom |1847 Heritage Home,183805757,1463082204871769387,Claire,,Charlestown,42.3829354,-71.07853829999999,Private room,222,1,6,2026-06-12,3.10,1,85,6,STR-607811
1164503995320065877,Stylish Private Room in Roxbury Co-Living APT,2356643,1462523722549277069,StayNue,,Roxbury,42.32767,-71.08916,Private room,81,30,2,2025-01-18,0.08,31,348,0,STR-460218
1684264070055995848,New! Boston 4 Bedroom - 3 bathroom suite,43796427,1465650530939947649,Peter,,Allston,42.35789,-71.12959,Hotel room,575,1,0,,,1,23,0,STR-518619
1355771094298468061,"Blueground | Seaport, w/d, nr museums",107434423,1462889176402806013,Blueground,,South Boston Waterfront,42.3490262,-71.0446092,Entire home/apt,,30,0,,,227,350,0,
1280569696433523531,Blueground | Seaport studio apartment,107434423,1462889176402806013,Blueground,,South Boston Waterfront,42.3490262,-71.0446092,Entire home/apt,,30,0,,,227,342,0,
12409042,Close to Harvard - Zen Room Lic# STR383892,26956083,1465385857456219985,Todd,,Allston,42.3605,-71.12633,Private room,136,1,403,2026-05-19,3.28,10,178,40,STR-383892
45096003,"Blueground | Seaport, gym, pool, & doorman",107434423,1462889176402806013,Blueground,,South Boston Waterfront,42.34906,-71.04471,Entire home/apt,,30,0,,,227,310,0,
44776967,"Blueground | Seaport, gym, pool, & doorman",107434423,1462889176402806013,Blueground,,South Boston Waterfront,42.34906,-71.04471,Entire home/apt,,30,0,,,227,340,0,
658765857439531363,"Northeastern,Boston Medical,in unit laundry,C/A",31340713,1465460976217419594,Kama,,Roxbury,42.3364,-71.08554,Entire home/apt,348,30,14,2023-11-05,0.37,19,339,0,Exempt: This listing is a unit used for furnished institutional or business stays
780711147103807485,Fort Hill/Highland Park Townhome,153109836,1462990871798057099,Ponce De Leon Jr,,Roxbury,42.322700702865255,-71.09304891117581,Entire home/apt,336,29,40,2025-06-20,0.96,1,241,1,STR-539410
48942888,Amazing room close to downtown Boston,393194522,1463598269016713049,Manuela,,Roxbury,42.31596,-71.09135,Private room,85,29,81,2025-05-12,1.30,4,269,0,STR-548590
47441090,Cozy home away from home in historic Boston,292681778,1469515281688822892,Nicole,,Roxbury,42.32987,-71.08982,Entire home/apt,108,29,167,2025-08-01,2.54,1,231,1,STR-546302
23487191,Fort Hill Top - 1Fr - Guest Rm Jamaica Plain/Roxb,8513158,1462769246621981778,Kevin,,Roxbury,42.32564,-71.09406,Private room,50,30,29,2026-06-13,0.30,3,256,5,STR-383293
1335499475104438405,"Blueground | East Boston, AC, w/d, nr parks",107434423,1462889176402806013,Blueground,,East Boston,42.3733886,-71.0401856,Entire home/apt,,30,0,,,227,97,0,
45990475,StudioLux by Parks & Cafés | Steps to Harbor,30283594,1465445680495565156,Global Luxury Suites I,,East Boston,42.36638,-71.04007,Entire home/apt,,29,10,2022-09-10,0.15,31,363,0,Exempt: This listing is a hotel or motel
1636407543457236529,Modern 3BR | 30+ Day Stays | Near Airport & T,721152521,1519656642923346218,Yasumi Stays,,East Boston,42.36555,-71.03452,Entire home/apt,817,28,0,,,2,255,0,STR-614952
1298328078312021591,Blueground | East Boston 2bd apartment,107434423,1462889176402806013,Blueground,,East Boston,42.3733886,-71.0401856,Entire home/apt,,30,0,,,227,68,0,
1575400636296344777,Bright 2-Story Townhouse •Near BC• Safe Quiet Stay,513943404,1470311696192994514,Sophy,,West Roxbury,42.29886,-71.15993,Entire home/apt,,29,1,2026-02-28,0.23,1,103,1,
1353222496997111793,Cozy Private Room in Lower Roxbury,31340713,1465460976217419594,Kama,,Roxbury,42.32672185818998,-71.07661335121817,Entire home/apt,315,31,0,,,19,275,0,
1026789522675060376,Premium Waterfront Studio | Modern Luxury,9419684,1462813669805382028,Churchill Living,,East Boston,42.36638,-71.04007,Entire home/apt,271,29,1,2024-02-18,0.04,9,341,0,Exempt: This listing is a hotel or motel
1447872841098086781,Luxury 2BR North End Retreat,20857768,1463140474528738801,Compass,,North End,42.3634415,-71.0551778,Entire home/apt,587,10,2,2026-04-25,0.79,77,341,2,STR-612356
1392786297729967270,4BR2Bath North End by Subway Downtown,502043395,1468163786770865383,Jessica,,North End,42.36739,-71.05486,Entire home/apt,748,29,2,2025-04-23,0.14,23,364,0,STR-476426
1658054393925331259,(Mlb7) Charming and Cozy Back Bay Studio,563246552,1470512703190615862,Together We Rise,,Back Bay,42.35384270191034,-71.07659316546365,Entire home/apt,334,1,5,2026-06-09,4.55,50,161,5,str-623186
51329497,1 Free parking spot - 1BR/1Bath - Location - Walk!,47584294,1465718059935171405,Jessy And Diego,,Allston,42.35297,-71.13949,Entire home/apt,264,1,223,2026-05-31,3.86,33,270,53,STR-454270
1688436609644319547,Back Bay Gem | 1BR on Newbury Street,1683540234995321877,1683540365202786410,Linden,,Back Bay,42.3496398,-71.08155599999999,Entire home/apt,280,1,1,2026-05-24,1,18,297,1,Exempt: This listing is a hotel or motel
875929241345531100,Walk to Subway!  1st floor! - Steps from the T!,47584294,1465718059935171405,Jessy And Diego,,Fenway,42.35039487296866,-71.09370635747206,Entire home/apt,253,1,137,2026-06-09,3.66,33,250,63,STR-524856
1218903578903953898,(3-2) Cozy & Budget-Friendly Back Bay Studio,233908696,1463245100596399025,Together We,,Back Bay,42.34941,-71.09055,Entire home/apt,248,1,73,2026-06-10,3.31,7,241,43,STR-573181
6759004,Iconic Newbury Street at Your Doorstep #10,22348222,1462620857010380237,Maverick,,Back Bay,42.34982,-71.08264,Entire home/apt,378,1,294,2026-06-06,2.23,87,261,20,STR-445402
1658135144109725184,(BB-2R) Cozy & Cute Back Bay Studio Near Fenway!,693817137,1470728992129206298,Foster's Homes,,Back Bay,42.34991,-71.08859,Entire home/apt,533,1,7,2026-06-13,4.04,7,101,7,STR-623192
926910164877355346,Charlesgate Suites: Contemporary Stay In Style,523322767,1470354488541886220,Charlesgate Suites,,Fenway,42.34983,-71.09379,Entire home/apt,474,1,51,2026-06-03,1.44,9,291,17,Exempt: This listing is a hotel or motel
846239063484503738,Cozy Back Bay Studio | Close to Fenway!,275849638,1469454850382219508,Healing Homes,,Fenway,42.35063833281663,-71.09297187157289,Entire home/apt,255,1,30,2026-04-17,2.02,53,56,19,STR-476579
1658057925657569643,"(Mlb9) Sleeps 3! 2 Beds, Top Floor, Back Bay!",563246552,1470512703190615862,Together We Rise,,Back Bay,42.35211,-71.07777,Entire home/apt,606,1,1,2026-05-28,1,50,118,1,STR-623172
1513106393445716916,Comodidad,436831483,1513106394400945730,Diego,,Back Bay,42.35144,-71.08784,Entire home/apt,285,1,22,2026-06-14,2.70,1,267,22,STR-608363
19997604,Back Bay Apartment near MIT and Newbury Street,51079261,1465793099212388066,Riverside Team,,Fenway,42.35095,-71.09009,Entire home/apt,457,2,126,2026-06-13,1.17,2,226,30,STR-447567
1658068329935863408,"(Mlb10) 2 Bedroom, Back Bay, Great for Co-Workers!",563246552,1470512703190615862,Together We Rise,,Back Bay,42.35343,-71.07623,Entire home/apt,372,1,4,2026-05-17,2.73,50,90,4,STR-623170
955747356121532736,Bright Back Bay Studio,275849638,1469454850382219508,Healing Homes,,Back Bay,42.35202976524467,-71.08161956401018,Entire home/apt,388,1,126,2026-05-31,3.75,53,195,33,STR-450901
1548674762747089626,"Perfect Location, 3bed, 2 Bedrooms, 2 TVs w/d",693817137,1470728992129206298,Foster's Homes,,Back Bay,42.35087,-71.08903,Entire home/apt,749,1,28,2026-05-26,5.09,7,45,28,STR-614474
1420387124346967931,"(3-52) Newly furnish, Back Bay!",693757423,1470728882327599253,Together We Rise,,Back Bay,42.34971,-71.08902,Entire home/apt,473,1,34,2026-06-01,2.72,5,272,31,STR-571669
37630538,"Charming Back Bay, Beacon St. Apt. w/ Private Roof",40508782,1465603673554425740,Rebecca,,Back Bay,42.35462,-71.07637,Entire home/apt,498,1,159,2026-06-12,1.92,1,130,19,STR-414144
975608550315913057,The Crawford: Spacious • Elegant • W/D,416027128,1463648115903378942,Our House,,Brighton,42.34745,-71.14425,Entire home/apt,559,1,149,2026-05-25,4.44,41,264,58,STR-569347
1314612290824778470,WB Quarters by Thatch | Room 303 | Shared BA,814298,1462514414319387899,Stay Thatch,,South Boston Waterfront,42.34377,-71.05558,Private room,118,29,0,,,57,191,0,Exempt: This listing is a hotel or motel
45096017,"Blueground | Seaport, gym, pool, & doorman",107434423,1462889176402806013,Blueground,,South Boston Waterfront,42.34906,-71.04471,Entire home/apt,,30,0,,,227,202,0,
49306861,North End Apt Near Harbor,20857768,1463140474528738801,Compass,,North End,42.36618,-71.05217,Entire home/apt,,10,22,2026-06-06,0.39,77,349,6,STR-550224
1526076760629649294,Modern Harbor Front Apartment,20857768,1463140474528738801,Compass,,South Boston Waterfront,42.34819,-71.04149,Entire home/apt,337,30,0,,,77,359,0,
1537171375002640663,nrby Seaport bars & Eateries! 1BR nr DT Boston,30283594,1465445680495565156,Global Luxury Suites I,,South Boston Waterfront,42.34914,-71.04684,Entire home/apt,462,30,0,,,31,335,0,
1666972948789635189,A Comfortable place close to Boston downtown,1666972785383125972,1666972949457332214,Pei,,South Boston,42.33871,-71.04867,Private room,133,29,3,2026-05-23,2.20,1,288,3,STR-391602
1654593861392112317,Monthly Skyline Apartment,363501271,1590820702279314573,Mike & Tatenda,,East Boston,42.3709361967389,-71.04427176117352,Entire home/apt,3689,29,3,2026-05-22,1.48,3,53,3,Exempt: This listing is a unit that has contracts with hospitals
1593627675837151127,Brand New Condo with Rooftop Steps to T & Boston,18776842,1463061489412263358,Naomi’s Luxury Homes,,Charlestown,42.38374,-71.07882,Entire home/apt,392,1,22,2026-06-14,4.23,1,166,22,
29929936,Lily Room/Harvard Business School/free parking+早餐,224379152,1463216565982457523,⁨Tingying(Helen)⁩,,Brighton,42.35398,-71.15464,Private room,95,29,27,2024-11-25,0.29,3,311,0,STR-411240
1659498311228698797,Modern Stay near Harvard/MIT | Balcony & Rooftop,715530718,1495795645572719502,Martin,,Charlestown,42.38423,-71.07851,Entire home/apt,435,2,8,2026-06-15,4.21,1,314,8,
14153636,King Zen Room near Harvard Biz School - STR383892,26956083,1465385857456219985,Todd,,Allston,42.36151,-71.12658,Private room,133,1,379,2026-05-24,3.16,10,169,42,STR-383892
1682936,Charming 2 level Apartment,8898973,1462789820330998349,Gianni,,Roxbury,42.322804,-71.095182,Entire home/apt,127,30,240,2026-04-18,1.60,5,314,4,Exempt: This listing is a unit used for furnished institutional or business stays
865457912919196504,Large Private Room Near Longwood | Quiet Home,133457702,1468333096613367408,Selim,,Jamaica Plain,42.32263152894531,-71.10684266497502,Private room,185,29,7,2023-10-23,0.19,10,260,0,STR-552508
45028281,Clean & Modern Apt Close to Public Transportation,32870796,1465481597756843516,Jessica Brooke,,Jamaica Plain,42.31768,-71.10568,Entire home/apt,164,29,20,2026-05-03,0.39,4,69,4,
762385151964696601,Shady Sage Hideaway,8503653,1462565370448564083,Fifile,,Jamaica Plain,42.31346,-71.1084,Private room,66,29,7,2025-08-30,0.18,1,205,1,STR-512012
697403072323629904,"Luxury Condo Near DT | Fast Wi-Fi, Gym, Workspace",155083989,1468516711258941696,Faiz,,Charlestown,42.38255,-71.07385,Entire home/apt,188,30,5,2024-08-07,0.12,1,340,0,
38697559,Large Private Bedroom in Unique and Spacious Condo,28299940,1465417786324031656,Mauryn,,Jamaica Plain,42.32021,-71.10979,Private room,166,30,2,2025-05-30,0.14,1,89,0,STR-489454
1263161258083624423,Comfy Studio with Flexible Cancelation,244600805,1469297947330247362,Bay Village,,Bay Village,42.3484186,-71.0698384,Private room,200,1,3,2026-03-18,0.50,21,260,3,STR-619242
11521541,Historic and Charming Brownstone,14133713,1462931329879495387,Katy,,Charlestown,42.38231,-71.06871,Entire home/apt,1000,29,10,2018-05-04,0.08,1,336,0,STR-406505
994918874872075312,Luxury Apt with Balcony In Seaport,20857768,1463140474528738801,Compass,,South Boston Waterfront,42.3527606,-71.04651439999999,Entire home/apt,446,30,1,2023-11-16,0.03,77,302,0,Exempt: This listing is a unit used for furnished institutional or business stays
1299196137495871036,"Blueground | Downtown, gym & w/d, nr harbor",107434423,1462889176402806013,Blueground,,Downtown,42.3589214,-71.0541634,Entire home/apt,,30,0,,,227,267,0,
1658046772327729417,"(Mlb5) Bright Big Studio, Open Concept, Back Bay!",563246552,1470512703190615862,Together We Rise,,Back Bay,42.35194,-71.07815,Entire home/apt,404,1,4,2026-06-12,1.94,50,151,4,str-623175
31591262,Boutique Hotel Room - Charlesmark Hotel,224820689,1469193958376798471,Charlesmark,,Back Bay,42.34998,-71.07855,Hotel room,285,1,97,2026-01-03,1.08,5,210,1,Exempt: This listing is a hotel or motel
1026606296170848417,Private Studio in Boston's Bay Village!,285344759,1469492597719438987,Bv,,Bay Village,42.34837,-71.06989,Entire home/apt,221,1,13,2026-05-29,0.50,18,346,7,STR-619250
568692279938660404,"Blueground | Downtown, gym, nr faneuil hall",107434423,1462889176402806013,Blueground,,Downtown,42.35892,-71.05416,Entire home/apt,,30,0,,,227,336,0,
1050464236680428174,"Blueground | Downtown, gym & w/d, nr waterfront",107434423,1462889176402806013,Blueground,,Downtown,42.3537627,-71.05305440000001,Entire home/apt,,30,1,2026-05-11,0.81,227,319,1,
17676984,Private room-10 min to downtown15 min to Cambridge,21745230,1462618428769920746,Jurek,,Charlestown,42.38376,-71.07707,Private room,53,29,5,2017-09-02,0.04,12,183,0,STR-383106
21925988,Comfy room 3 min to T stop-easy access to Boston,21745230,1462618428769920746,Jurek,,Charlestown,42.38356,-71.07874,Private room,67,29,22,2025-11-20,0.21,12,227,2,
36036766,Just Darling Efficiency Studio Awaits!,244600805,1469297947330247362,Bay Village,,Bay Village,42.34827,-71.069725,Private room,129,1,96,2026-05-30,1.14,21,314,9,STR-619382
16692369,Bedroom in large apartment-access to Boston/Camb.,21745230,1462618428769920746,Jurek,,Charlestown,42.38366,-71.0786,Private room,53,29,6,2019-01-11,0.05,12,223,0,STR-383106
579173215696247499,Thatch Quarters™ | Pvt. Room in Southie | 405,814298,1462514414319387899,Stay Thatch,,South Boston,42.34311,-71.05769,Private room,160,1,22,2026-03-17,0.43,57,189,6,Exempt: This listing is a hotel or motel
1026603285534924595,Pefect Studio With Flexible Cancellations!,244600805,1469297947330247362,Bay Village,,Bay Village,42.348,-71.07093,Private room,254,1,9,2026-03-23,0.34,21,256,2,STR-619235
43071363,"* NEW Listing * A True GEM in South End , Boston!!",159978864,1468556567575835144,Santo,,South End,42.34488,-71.07195,Entire home/apt,718,1,183,2026-05-25,2.56,2,316,14,STR-414972
39700598,Fully Furnished Long Term Bedroom by Downtown,299340250,1469538225643491927,Teresa,,Roxbury,42.3225,-71.06851,Private room,67,29,16,2025-12-15,0.26,5,321,3,STR-470482
41624190,Spacious 1st Floor Private Room Close to Downtown,299340250,1469538225643491927,Teresa,,Roxbury,42.32201,-71.07015,Private room,71,29,28,2026-05-21,0.40,5,309,5,STR-470482
1388364430965830041,Charming South End apartment,195026085,1469016311354023911,Frank,,South End,42.34198934072778,-71.07015579999998,Entire home/apt,552,2,5,2026-05-17,0.57,1,354,5,STR-592113
1400168570311484235,Studio Awaits Your Next Stay!,244600805,1469297947330247362,Bay Village,,Bay Village,42.3485831,-71.0696013,Entire home/apt,219,1,22,2026-05-29,1.76,21,348,21,STR-619373
989163,"The Dalton - The Upton Boston, South End",5430185,1462540588451882153,Laura,,South End,42.34308,-71.07316,Entire home/apt,388,2,95,2026-04-22,0.61,7,334,4,
1034984412653027516,Luxurious 2BR 2BA unit in Fenway,163848078,1463027460596198880,Adam,,Longwood Medical Area,42.34108,-71.10539,Entire home/apt,618,29,1,2024-02-17,0.04,18,269,0,STR-466119
1032705737424972566,Modern Efficiency Studio Awaits Your Stay!,244600805,1469297947330247362,Bay Village,,South End,42.34733504895169,-71.07050985892064,Private room,262,1,14,2026-04-04,0.57,21,341,8,STR-619174
39004265,Modern Efficiency Studio Awaits Your Stay!,285344759,1469492597719438987,Bv,,Bay Village,42.348419,-71.069756,Private room,174,1,62,2026-05-02,0.76,18,274,4,STR-619216
1026605989973295704,Gem Studio With Flexible Cancellations!,285344759,1469492597719438987,Bv,,Bay Village,42.348263,-71.069641,Private room,145,1,9,2025-11-05,0.36,18,267,3,STR-619238
54051626,The Dorset Redline ~ Bedroom #3 | 3BR 1B w/AC & WD,71783,1462508362719740106,Swank Properties Boston,,Dorchester,42.32318,-71.06123,Private room,125,29,3,2026-05-31,0.06,52,313,1,
1400167723113027028,"Primo Location, Walk To T & Marathon Finish Line!",244600805,1469297947330247362,Bay Village,,Bay Village,42.348419,-71.069839,Private room,215,1,7,2026-05-25,0.51,21,291,4,STR-619239
578392527449087828,Thatch Quarters™ | Pvt. Room in Southie | 302,814298,1462514414319387899,Stay Thatch,,South Boston,42.34241,-71.05772,Private room,211,1,39,2026-03-29,0.80,57,191,5,Exempt: This listing is a hotel or motel
1414461110591044165,Fenway Park. 03.1 4.0. Longwood Medical. NEU,799496,1462529810676603652,Kj,,Fenway,42.34265642777779,-71.09906527474867,Entire home/apt,208,29,12,2026-02-28,0.91,3,361,11,Exempt: This listing is a unit that has contracts with hospitals
837439628788914345,"Blueground | Fenway, roof & gym, nr fenway park",107434423,1462889176402806013,Blueground,,Fenway,42.3472723,-71.10130939999999,Entire home/apt,,30,0,,,227,206,0,
1495831421842464741,Luxury Apt with Kitchen Gym and Lounge,20857768,1463140474528738801,Compass,,Fenway,42.34291,-71.09904,Entire home/apt,339,30,1,2026-05-22,1,77,325,1,
726322220210519136,Gorgeous Audubon Circle Studios (4),70331522,1466870591608061856,Laurie,,Fenway,42.34742,-71.10491,Entire home/apt,191,29,9,2025-07-02,0.20,2,283,1,
1267333003609682690,The Sumner Redline ~ Bedroom #3 | w/AC & W/D,71783,1462508362719740106,Swank Properties Boston,,Dorchester,42.31901946004318,-71.06107373250477,Private room,114,28,1,2025-08-12,0.10,52,309,1,Exempt: This listing is a unit used for furnished institutional or business stays
41645010,The Grand View ~ Twin Bedroom | 5BR 2B w/AC & WD,71783,1462508362719740106,Swank Properties Boston,,Dorchester,42.31384,-71.06113,Private room,78,29,2,2025-05-02,0.09,52,288,0,
579605,The Mayhew Redline ~ Pvt Apt | 3BR 1B w/AC & W/D,71783,1462508362719740106,Swank Properties Boston,,Dorchester,42.32212,-71.06095,Entire home/apt,318,29,58,2023-08-14,0.35,52,304,0,
1688491974420614145,Unbeatable Location! Newbury St. 1BR,1683540234995321877,1683540365202786410,Linden,,Back Bay,42.3496398,-71.08155599999999,Entire home/apt,299,1,1,2026-05-24,1,18,335,1,Exempt: This listing is a hotel or motel
625296513133173647,Lovely Studio | Walk to Prudential & Newbury St,232009663,1469236885489193999,Annie,,Back Bay,42.35085,-71.08205,Entire home/apt,185,29,2,2022-05-29,0.04,7,89,0,Exempt: This listing is a unit used for furnished institutional or business stays
1688605394684522055,"Airy & Bright 1BR | Newbury St, Back Bay",1683540234995321877,1683540365202786410,Linden,,Back Bay,42.3496398,-71.08155599999999,Entire home/apt,324,1,1,2026-05-31,1,18,324,1,Exempt: This listing is a hotel or motel
926909419134753198,Charlesgate Suites: Newly Renovated Studio,523322767,1470354488541886220,Charlesgate Suites,,Fenway,42.34983,-71.09379,Entire home/apt,415,1,30,2026-05-19,0.88,9,332,11,Exempt: This listing is a hotel or motel
1684236520551608634,Spacious 1bed/1bath in Back Bay,1683540234995321877,1683540365202786410,Linden,,Back Bay,42.35071,-71.08036,Entire home/apt,326,1,1,2026-05-31,1,18,329,1,Exempt: This listing is a hotel or motel
12372052,Apartment with 2-3 bedrooms-3 min to subway T stop,21745230,1462618428769920746,Jurek,,Charlestown,42.38348,-71.07678,Entire home/apt,164,29,63,2018-08-31,0.52,12,47,0,
15819226,Back Bay Condo on Marlborough Street!,5139380,1462673741097891258,Cheryl,,Back Bay,42.35125,-71.08667,Entire home/apt,208,31,30,2022-05-29,0.27,1,227,0,STR-416852
32302374,"Boston Brownstone Stay, Includes Parking",43613912,1465647609109328116,Drew,,Back Bay,42.35143,-71.08633,Entire home/apt,3432,1,13,2026-06-09,0.15,9,60,3,STR-601524
1553102026508988432,Free Parking 2 Bed Steps from BU | Peapod Rentals,130680380,1468309000716951437,Jodie,,Fenway,42.34946,-71.09567,Entire home/apt,264,29,1,2026-01-19,0.20,18,103,1,
41645478,The Grand View ~ Parlor Bedroom | 5BR 2B w/AC & WD,71783,1462508362719740106,Swank Properties Boston,,Dorchester,42.31384,-71.06113,Private room,139,29,3,2025-11-09,0.04,52,319,1,
950604189578172753,"Boston 1 bedroom, 7 minutes to T",151248865,1468485898701942347,Yao,,Dorchester,42.32112909775597,-71.05927640084631,Entire home/apt,142,30,0,,,7,363,0,
1269029206105129484,"Newly Renovated 2-Bed, Back Bay near MGH, BU, MIT",31340713,1465460976217419594,Kama,,Back Bay,42.35289724925304,-71.08083884125622,Entire home/apt,304,30,2,2025-07-31,0.13,19,248,1,Exempt: This listing is a hotel or motel
1475666529659436661,Studio with Private Roof Deck,551109280,1475666530365204470,Ashley,,Back Bay,42.34941,-71.08683,Entire home/apt,277,30,1,2025-10-12,0.12,1,343,1,
1655544209836474907,Luxury Boston Stay|Fenway|Longwood|Easy access,655975621,1463905813627508144,Becca,,Mission Hill,42.32694,-71.10107,Entire home/apt,896,28,0,,,2,365,0,STR-621154
19540224,"Free Parking at 1 Bed Basement Apt, Near BU & MIT",130680380,1468309000716951437,Jodie,,Fenway,42.3494,-71.09566,Entire home/apt,231,29,216,2026-02-13,1.98,18,199,1,STR-521905
1553081260338571621,Free Parking 1 Bed Near BU & MIT | Peapod Rentals,130680380,1468309000716951437,Jodie,,Fenway,42.34976,-71.09559,Entire home/apt,221,29,0,,,18,136,0,
579027527508830274,Thatch Quarters™ | Pvt. Room in Southie | 402,814298,1462514414319387899,Stay Thatch,,South Boston,42.34348,-71.05727,Private room,174,1,42,2026-05-22,0.81,57,131,7,Exempt: This listing is a hotel or motel
20406376,Private room in Jamaica Plain condominium.,145521726,1468430187320617320,Oghogho,,Jamaica Plain,42.32602,-71.10434,Private room,74,29,28,2020-06-25,0.26,1,89,0,STR-398960
719990238559489665,"Blueground | Fenway, gym & w/d, nr fenway t",107434423,1462889176402806013,Blueground,,Fenway,42.34313909999999,-71.09659100000002,Entire home/apt,,30,0,,,227,305,0,
1400168266068372981,Chic Studio For An Affordable Stay,244600805,1469297947330247362,Bay Village,,Bay Village,42.3483657,-71.0698862,Private room,200,1,11,2026-05-13,0.78,21,275,9,STR-619257
36037367,Explore Boston From This Central Location,244600805,1469297947330247362,Bay Village,,Bay Village,42.34827423095703,-71.06961822509766,Private room,262,1,63,2025-06-21,0.75,21,348,1,STR-619381
1516685372540823937,"Blueground | Fenway–Kenmore, pool, nr Fenway Park",107434423,1462889176402806013,Blueground,,Fenway,42.3472723,-71.10130939999999,Entire home/apt,,30,0,,,227,353,0,
735590665820048351,B_Large room easy commute to Boston Downtown.,89328922,1462846423058861810,Ehab,,Dorchester,42.3206,-71.05697,Private room,65,29,100,2026-05-18,2.24,11,303,3,STR-484164
1658875810211542422,(M-6) 3 Bedroom! Walkable! Back Bay Gem!,563246552,1470512703190615862,Together We Rise,,Back Bay,42.35316,-71.08091,Entire home/apt,632,1,6,2026-06-01,2.81,50,164,6,STR-623236
46100310,Stunning One Bedroom in Luxury Fenway Building,22541573,1463182329140437053,Furnished Quarters,,Fenway,42.34378,-71.09832,Entire home/apt,270,32,2,2025-05-24,0.10,42,280,0,
1267342041106903165,"The Annabel 3 ~ Bedroom #1, Pvt Bath | w/AC & W/D",71783,1462508362719740106,Swank Properties Boston,,Dorchester,42.31912,-71.06306,Private room,125,29,1,2025-07-26,0.09,52,304,1,
1345166351832780352,The Annabel 2 ~ Bedroom #2 | w/AC & W/D,71783,1462508362719740106,Swank Properties Boston,,Dorchester,42.31824049999999,-71.061993,Private room,121,29,1,2025-12-24,0.17,52,318,1,
1026608803166312816,Bay Village Suites: Looking Forward To Hosting You,285344759,1469492597719438987,Bv,,Bay Village,42.3485831,-71.0696013,Entire home/apt,216,1,14,2026-05-18,0.45,18,317,8,STR-619371
1574144601421775646,Stylish Studio in Boston Back Bay,250399091,1469327367939017586,Nina,,Back Bay,42.352,-71.08201,Entire home/apt,1056,29,0,,,9,203,0,Exempt: This listing is a unit that has contracts with hospitals
1258134677804088953,Elegant 1Bd/1Ba in Fenway!,275849638,1469454850382219508,Healing Homes,,Fenway,42.34948440077608,-71.0949444889388,Entire home/apt,643,29,6,2024-11-15,0.29,53,73,0,Exempt: This listing is a unit that has contracts with hospitals
1026605528170927879,Perfect Boston Studio,285344759,1469492597719438987,Bv,,Bay Village,42.3484186,-71.0698384,Entire home/apt,307,1,20,2026-02-27,0.70,18,282,5,STR-619232
49258187,"Long Stays For One, Desk, Wifi, Central Location",285344759,1469492597719438987,Bv,,Bay Village,42.348426818847656,-71.07017517089844,Shared room,171,1,83,2026-05-30,1.68,18,241,21,STR-619254
24168312,Back Bay Apt on Marlborough St (Hereford St block),180283497,1468740504050487740,Michelle,,Back Bay,42.35136,-71.08851,Entire home/apt,174,29,19,2024-09-15,0.19,7,306,0,
1063177709955666892,The Mayhew Redline ~ Bedroom #3 | 3BR 1B w/AC & WD,71783,1462508362719740106,Swank Properties Boston,,Dorchester,42.3221333,-71.0609423,Private room,122,29,1,2026-04-30,0.63,52,310,1,
1345161432073537477,"The Annabel 2 ~ Bedroom #1, Pvt Bath | w/AC & W/D",71783,1462508362719740106,Swank Properties Boston,,Dorchester,42.31726,-71.06233,Private room,128,29,3,2026-05-29,0.21,52,318,1,
44261204,ONE Bedroom in the Back Bay on Commonwealth Ave,180283497,1468740504050487740,Michelle,,Back Bay,42.35155,-71.08738,Entire home/apt,162,32,0,,,7,313,0,
1354618376723329714,The Penthouse Redline ~ Bedroom #2 | 2BR w/AC & WD,71783,1462508362719740106,Swank Properties Boston,,Dorchester,42.32329552089193,-71.06176734411642,Private room,124,28,0,,,52,339,0,Exempt: This listing is a unit used for furnished institutional or business stays
1341448893516733755,Spacious 2bd/2ba in Southend Boston 6915,212359760,1469109115483128123,Evonify Corporate & Medical Housing,,South End,42.33816422629492,-71.06980717219807,Entire home/apt,453,1,6,2026-06-08,0.41,65,329,3,STR-526502
46445272,Stylish One Bedroom in Fenway-Kenmore Neighborhood,22541573,1463182329140437053,Furnished Quarters,,Fenway,42.34548,-71.098,Entire home/apt,270,32,1,2025-08-23,0.10,42,308,1,
1627199047570709760,"Central 2BR +Den Fenway | Walk to BU, Longwood, Re",489222662,1535110320514432360,New England Stays,,Fenway,42.34577610873516,-71.10135399198546,Entire home/apt,319,29,1,2026-05-11,0.81,6,142,1,STR-200456
1128284405176345964,Studio in Boston with Flexible Cancellations!,244600805,1469297947330247362,Bay Village,,Bay Village,42.348419,-71.069839,Private room,274,1,9,2026-05-29,0.37,21,293,5,STR-619233
9148781,Your Home Base for 1+ Months | The Lincoln Suite,5430185,1462540588451882153,Laura,,South End,42.34299,-71.07305,Entire home/apt,284,5,23,2025-05-22,0.18,7,201,0,Exempt: This listing is a hotel or motel
1221053627587245519,"Enjoy Boston, Private Patio On Montgomery Park",43613912,1465647609109328116,Drew,,South End,42.34281,-71.07475,Entire home/apt,756,2,46,2026-06-12,2.13,9,310,22,STR-548974
1596024752644877127,The Gallery - South End Designer Condo,56747164,1465928133740897897,Shona,,South End,42.33939,-71.06512,Entire home/apt,495,2,2,2026-05-25,1.11,1,341,2,STR-619526
1654853171395862198,South End Historic Rowhouse | Reunions + World Cup,754862427,1654853172224313105,Samantha,,South End,42.341149381392576,-71.07244612991947,Entire home/apt,770,1,12,2026-06-14,6.21,1,49,12,STR-619597
1263167952595160614,Bay Village Suites: Book Now!,244600805,1469297947330247362,Bay Village,,Bay Village,42.348419,-71.069916,Private room,184,1,9,2025-11-16,0.48,21,277,7,STR-619258
758653948795940077,*NEW* 3 BR South End Duplex with A/C in the city!,6609156,1462710775971914112,Killian,,South End,42.3460970337773,-71.07256090149903,Entire home/apt,661,1,185,2026-06-15,4.35,1,289,51,STR-493899
1023273262818823373,"(T6) Boho Retreat, Prime Location, Food, Walkable!",563246552,1470512703190615862,Together We Rise,,South End,42.34085,-71.07557,Entire home/apt,299,1,66,2026-05-30,2.11,50,246,27,str-561975
40035442,"Prices Cannot Be Beat, Perfect Boston Apartment",285344759,1469492597719438987,Bv,,Bay Village,42.348419189453125,-71.06991577148438,Private room,172,1,124,2026-05-29,1.56,18,283,16,STR-619255
17567087,Charming South End Duplex (Pets Ok),119265681,1468216253313729211,Maude,,South End,42.34351,-71.06889,Entire home/apt,557,1,413,2026-06-12,3.67,2,217,33,STR-479374
1666684622649268273,Private Room with En-suite Bath near Harvard & MIT,34761565,1465512808901420514,Francis,,Allston,42.36065,-71.12453,Private room,91,29,1,2026-06-01,1,10,93,1,
1302199594582251461,Small bedroom near Harvard,115267785,1468184828749123204,Alexes Sanchez,,Allston,42.35796271076193,-71.12795650992923,Private room,67,29,1,2026-02-28,0.28,3,311,1,Str-584167
1477870237715296825,Private loft style townhouse.,1220559,1462540054972740342,Paul,,Bay Village,42.34877891104717,-71.06860022021358,Entire home/apt,822,1,35,2026-05-27,3.58,1,39,35,STR-591184
1666704503205935478,Private Room | 5-min Walk from Harvard & HBS,34761565,1465512808901420514,Francis,,Allston,42.36147,-71.12637,Private room,69,29,0,,,10,130,0,
1666692929368390827,Queen Room with Private Bath 5-min Walk to Harvard,34761565,1465512808901420514,Francis,,Allston,42.36159,-71.12477,Private room,73,29,0,,,10,94,0,
51731513,G_Sunny room easy commute to Boston Downtown.,89328922,1462846423058861810,Ehab,,Dorchester,42.32251,-71.05736,Private room,78,29,148,2025-12-10,2.54,11,364,1,STR-455882
1459421774827943928,StudioDelux Allston,26956083,1465385857456219985,Todd,,Allston,42.36166,-71.1274,Entire home/apt,119,30,2,2026-05-09,0.24,10,183,2,
52516299,F_Spacious room easy commute to Boston Downtown.,89328922,1462846423058861810,Ehab,,Dorchester,42.32244,-71.05711,Private room,78,29,146,2025-06-14,2.55,11,364,0,STR-455882
1630549108956496957,Fenway Park. 03.1 7.0 Longwood Medical. NEU,799496,1462529810676603652,Kj,,Fenway,42.34086,-71.09764,Entire home/apt,369,29,18,2026-05-30,5.57,3,361,18,Exempt: This listing is a unit that has contracts with hospitals
1630525938912651564,Red Sox 09.7 - Fenway Park. Longwood Medical. NEU.,757253,1462528464270965620,Lee,,Fenway,42.34239495086422,-71.10000923230832,Entire home/apt,386,29,22,2026-05-30,7.59,12,362,22,Exempt: This listing is a unit that has contracts with hospitals
1460176935278555891,Gorgeous Apt with Kitchen and Sky Terrace,20857768,1463140474528738801,Compass,,Fenway,42.3429115,-71.0990346,Entire home/apt,449,29,1,2025-09-30,0.12,77,351,1,
1345171123541695404,The Annabel 2 ~ Bedroom #3 | w/AC & W/D,71783,1462508362719740106,Swank Properties Boston,,Dorchester,42.31706323181407,-71.0615866136093,Private room,114,28,3,2026-06-01,0.18,52,318,1,Exempt: This listing is a unit used for furnished institutional or business stays
45349044,Hotel Ivy Boston Common - Queen Room,365985792,1469737155799570401,Allan,,Downtown,42.34887,-71.06596,Private room,499,1,616,2026-05-17,8.78,1,349,90,Exempt: This listing is a hotel or motel
1658864871874960109,(M-5) Spacious 2 Bedroom Brownstone in Back Bay,563246552,1470512703190615862,Together We Rise,,Back Bay,42.352810514571324,-71.07859039693908,Entire home/apt,698,1,6,2026-06-07,2.86,50,119,6,STR-624718
1658056397218852005,"(Mlb8) Back Bay, Walk to it all!",563246552,1470512703190615862,Together We Rise,,Back Bay,42.3539092777137,-71.07790967459226,Entire home/apt,300,1,4,2026-05-27,2.86,50,165,4,str-623138
53124097,"(N2R) Private Deck, Styled Studio, Prime Location!",331225367,1469637405363276106,Foster Love,,Back Bay,42.34958,-71.08509,Entire home/apt,448,1,261,2026-06-06,4.69,2,274,57,Exempt: This listing is a hotel or motel
926908978002734152,Charlesgate Suites: Renovated & Ready To Host You!,523322767,1470354488541886220,Charlesgate Suites,,Fenway,42.34983,-71.09379,Entire home/apt,563,1,49,2026-05-10,1.40,9,329,26,Exempt: This listing is a hotel or motel
1688458848895794310,Prime Location | Newbury Street 1BR,1683540234995321877,1683540365202786410,Linden,,Back Bay,42.3496398,-71.08155599999999,Entire home/apt,417,1,1,2026-05-30,1,18,321,1,Exempt: This listing is a hotel or motel
1413761121900289611,3BR / 2BA + Prvt Deck in Back Bay,9410008,1462813405226616143,Jason,,Back Bay,42.34962,-71.08499,Entire home/apt,1164,3,13,2026-05-31,1.16,19,237,13,STR-596360
1548606569605106964,Back Bay 2Bed 2Bath w/ Patio!,717946252,1505867861207707885,Healing Homes,,Back Bay,42.35142,-71.08203,Entire home/apt,710,1,31,2026-05-27,4.54,35,156,31,STR-450901
715986764385449660,(140R) Bohemian Back Bay Studio Retreat,233908696,1463245100596399025,Together We,,Back Bay,42.35431,-71.07596,Entire home/apt,342,1,196,2026-06-02,4.38,7,126,46,Exempt: This listing is a hotel or motel
828414752318279232,Monthly Newbury Street Gem,275849638,1469454850382219508,Healing Homes,,Back Bay,42.35106434619906,-71.0819839547802,Entire home/apt,495,1,104,2026-05-18,2.64,53,255,18,STR-520911
1044098234985885176,"Blueground | Charlestown, w/d, close to dining",107434423,1462889176402806013,Blueground,,Charlestown,42.3776776,-71.0504732,Entire home/apt,,30,0,,,227,314,0,
729597299173881827,"(5G2) Beautiful Duplex, W/D, Best Location!",563246552,1470512703190615862,Together We Rise,,Back Bay,42.34938,-71.0836,Entire home/apt,582,1,226,2026-05-31,5.11,50,219,59,STR-550494
40932844,"Blueground | Downtown, doorman, nr chinatown t",107434423,1462889176402806013,Blueground,,Downtown,42.35892,-71.05416,Entire home/apt,,30,0,,,227,175,0,
54159081,"Blueground | Seaport, gym, nr harbor",107434423,1462889176402806013,Blueground,,South Boston Waterfront,42.351397,-71.043191,Entire home/apt,,30,1,2024-01-28,0.03,227,152,0,
1075888097513784274,"Blueground | Downtown, gym, nr restaurants",107434423,1462889176402806013,Blueground,,Downtown,42.3537627,-71.05305440000001,Entire home/apt,,30,0,,,227,77,0,
1102245751482462997,One-Bedroom with City Views in Boston,22541573,1463182329140437053,Furnished Quarters,,Downtown,42.357686142112996,-71.05646123974878,Entire home/apt,270,32,0,,,42,359,0,
1295184100426715739,1BD/1BA | Boston Harbor,336935834,1469653812291736035,Raymond,,Downtown,42.357312676904215,-71.05259957349048,Entire home/apt,158,29,4,2026-05-07,0.41,1,130,4,
1318158728328191890,"Blueground | Downtown, gym & w/d, nr harbor",107434423,1462889176402806013,Blueground,,Downtown,42.3589214,-71.0541634,Entire home/apt,,30,1,2025-06-20,0.08,227,311,1,
1513119806681443837,Spacious Apt Full Kitchen In Seaport,20857768,1463140474528738801,Compass,,South Boston Waterfront,42.3498534,-71.0443746,Entire home/apt,328,30,2,2026-05-03,0.44,77,296,2,
1668140191884200953,Luxury Seaport Stay | Rooftop & Pool,20857768,1463140474528738801,Compass,,Downtown,42.35238,-71.05381,Entire home/apt,358,30,0,,,77,319,0,
1026784131761453243,Elegant Condo Near Boston Common & Chinatown,9419684,1462813669805382028,Churchill Living,,Chinatown,42.352093,-71.06081,Entire home/apt,237,30,52,2025-02-12,1.68,9,362,0,Exempt: This listing is a unit that has contracts with hospitals
658610117757260264,Fenway/Back Bay Renovated Studio!,563246552,1470512703190615862,Together We Rise,,Fenway,42.34997,-71.09185,Entire home/apt,261,1,151,2026-06-07,3.16,50,93,29,STR-543851
981123327835096425,Centrally located 1bed | Newbury Street,275849638,1469454850382219508,Healing Homes,,Back Bay,42.34997392964146,-71.0863109533545,Entire home/apt,249,1,84,2026-05-07,2.61,53,54,21,STR-520913
29898702,"Charlesmark, boutique hotel room in Copley Square",224820689,1469193958376798471,Charlesmark,,Back Bay,42.35006,-71.07858,Hotel room,284,1,85,2026-05-14,0.92,5,208,1,Exempt: This listing is a hotel or motel
7475379,"Vibrant, Chic Newbury St – Stay in Style! #6",22348222,1462620857010380237,Maverick,,Back Bay,42.34982,-71.08264,Entire home/apt,378,1,305,2026-06-06,2.38,87,270,33,STR-445403
4500409,Boston’s Top Location: Newbury Street – #1,22348222,1462620857010380237,Maverick,,Back Bay,42.34982,-71.08264,Entire home/apt,368,1,183,2026-05-25,1.38,87,271,14,STR-445391
926908733694275846,Charlesgate Suites: Lower Level Suite,523322767,1470354488541886220,Charlesgate Suites,,Fenway,42.34983,-71.09379,Entire home/apt,358,1,46,2026-05-25,1.36,9,299,18,Exempt: This listing is a hotel or motel
1658037250182411239,(Mlb2) Private Entrance! Back Bay Favorite,563246552,1470512703190615862,Together We Rise,,Back Bay,42.3521,-71.07731,Entire home/apt,362,1,5,2026-06-05,3.41,50,156,5,str-623167
42980478,Comfy Room Near Harvard BS,194167208,1469011238475209081,Reina,,Allston,42.36091,-71.13049,Private room,101,1,133,2026-06-14,2.09,2,15,23,STR-383875
1035579679611233693,Lux 1BR w/ Amenities in Seaport,20857768,1463140474528738801,Compass,,South Boston Waterfront,42.350558867087905,-71.04369046697286,Entire home/apt,427,9,11,2026-05-08,0.39,77,65,5,STR-575045
1467383841574962968,Come Experience Boston!,285344759,1469492597719438987,Bv,,Bay Village,42.3482863,-71.0705054,Entire home/apt,263,1,11,2026-05-25,5.16,18,236,11,STR-619244
1299195742371255738,"Blueground | Downtown, gym & w/d, nr harbor",107434423,1462889176402806013,Blueground,,Downtown,42.3589214,-71.0541634,Entire home/apt,,30,0,,,227,100,0,
1513113997176476351,Luxury Apt with Gym in Seaport,20857768,1463140474528738801,Compass,,South Boston Waterfront,42.3498534,-71.0443746,Entire home/apt,420,30,0,,,77,245,0,
32861088,"Great For Last Minute Stays, Studio That Sleeps 3",244600805,1469297947330247362,Bay Village,,Bay Village,42.34858703613281,-71.06957244873047,Entire home/apt,238,1,189,2026-02-15,2.16,21,333,2,STR-619374
33616608,4th Floor room 0.5 mile to Marathon finish line,23576640,1462625813513024686,Griff,,South End,42.34688,-71.07353,Private room,229,1,122,2026-05-24,1.40,4,48,42,STR-408224
1275498,"The Washington - The Upton Boston, South End",5430185,1462540588451882153,Laura,,South End,42.34294,-71.07304,Entire home/apt,407,2,132,2026-06-07,0.84,7,348,13,Exempt: This listing is a hotel or motel
27639994,Perfect Room in the South End for solo adventurer,23576640,1462625813513024686,Griff,,South End,42.34504,-71.07375,Private room,229,1,302,2026-05-30,3.17,4,48,38,STR-545901
1210125208993708447,Simple & Affordable Efficient Studio Awaits!,244600805,1469297947330247362,Bay Village,,Bay Village,42.348278,-71.0705054,Entire home/apt,188,1,71,2026-05-31,3.12,21,290,48,STR-619218
1341508095469030489,Luxury 1BR Next to Broadway 0531,212359760,1469109115483128123,Evonify Corporate & Medical Housing,,South Boston,42.34256107713531,-71.05709737484571,Entire home/apt,264,1,33,2026-06-07,2.07,65,344,21,STR-585063
26778714,"The Upton - The Upton Boston, South End",5430185,1462540588451882153,Laura,,South End,42.34291,-71.07301,Entire home/apt,452,2,154,2026-05-14,1.69,7,316,20,
573397879029683911,"(T7) Clean, Easy, Prime Location, Walkable to all!",563246552,1470512703190615862,Together We Rise,,South End,42.34133,-71.0755,Entire home/apt,344,1,145,2026-06-13,2.79,50,246,20,str-561975
27168524,Classic Boston Brownstone - Walk to Everything,23576640,1462625813513024686,Griff,,South End,42.34637,-71.07145,Private room,286,1,475,2026-05-26,4.97,4,37,47,STR-545901
1321377402767361638,Cozy South End Corner,16044270,1462596372361920470,Sarah,,South End,42.3431,-71.07371,Entire home/apt,572,1,27,2026-04-21,1.66,1,26,13,STR-584072
1400167579600116084,Great Value For Your Boston Stay,244600805,1469297947330247362,Bay Village,,Bay Village,42.348286,-71.069664,Private room,192,1,2,2025-11-02,0.15,21,270,1,STR-619236
20229074,Great South End / Back Bay location! 1 bed condo,84699905,1467022673085742979,Jack,,South End,42.34631,-71.07188,Entire home/apt,568,3,160,2026-05-04,1.50,1,113,20,STR-595164
29739809,"Spectacular, luxury Bay Village/Back Bay Condo",172007,1462511673971557594,Tim,,Bay Village,42.34867,-71.06685,Entire home/apt,406,1,489,2026-05-14,5.29,1,214,60,STR443370
1263168933100494764,Modern Single Studio at the Heart of Boston!,244600805,1469297947330247362,Bay Village,,Bay Village,42.3484037,-71.0697483,Private room,242,1,6,2026-05-02,0.30,21,331,5,STR-619217
17559493,"2nd Floor, 2BR Downtown- Walk to Boston Common",118122992,1468207260385770723,Billy,,Chinatown,42.34903,-71.062,Entire home/apt,342,3,350,2026-05-26,3.11,4,249,32,STR-414537
52468803,1 Bedroom Apartment in Boston/South End,424705245,1469926200509950610,Tim,,South End,42.34417,-71.07051,Entire home/apt,289,1,112,2026-05-31,2.07,1,56,21,STR-460809
1140548334162271298,"Large Room w/Private Bath, Near Harvard, BU, MIT",34761565,1465512808901420514,Francis,,Allston,42.36096,-71.12318,Private room,106,29,8,2026-04-19,0.36,10,233,3,Exempt: This listing is a unit used for furnished institutional or business stays
1140557705586238160,"Private Room, Walk to HBS/Harvard/MIT",34761565,1465512808901420514,Francis,,Allston,42.36124351312512,-71.12450899874564,Private room,81,29,6,2026-05-26,0.25,10,235,2,
1137894060897148200,"Private Room close to HBS, Harvard, BU, MIT",34761565,1465512808901420514,Francis,,Allston,42.35900148957093,-71.12519092068672,Private room,77,29,10,2026-04-30,0.42,10,62,5,Exempt: This listing is a unit used for furnished institutional or business stays
1413776794791801526,Brand New One Bedroom in Back Bay,9410008,1462813405226616143,Jason,,Back Bay,42.3507,-71.08909,Entire home/apt,905,2,20,2026-05-19,1.62,19,183,18,STR-596356
1426973108627404078,Private 2BR Apt Walk to Restaurants,20857768,1463140474528738801,Compass,,South Boston Waterfront,42.3527606,-71.04651439999999,Entire home/apt,423,30,0,,,77,344,0,
1679625087284549907,Renovated Modern 2BR | Easy Transit to Boston,1679622166820001692,1679622237247585450,Elina,,Roxbury,42.3147303,-71.07553229999999,Entire home/apt,146,5,0,,,3,92,0,STR-626237
24484501,Top of the World,114515516,1468179714739011860,Tony,,Charlestown,42.382173634151435,-71.07929663572756,Entire home/apt,1085,2,262,2026-05-10,2.66,1,269,25,STR-414759
18023901,C_Large room easy commute to Boston Downtown,89328922,1462846423058861810,Ehab,,Dorchester,42.32116317572481,-71.05723853260125,Private room,78,29,132,2024-11-23,1.40,11,364,0,STR-484164
981125137552921057,Cozy Fenway 1BR,275849638,1469454850382219508,Healing Homes,,Fenway,42.35093,-71.09503,Entire home/apt,585,29,3,2023-11-15,0.09,53,105,0,STR-540553
45689070,Modern 1 Bedroom in Downtown Boston,22541573,1463182329140437053,Furnished Quarters,,Leather District,42.35116,-71.05873,Entire home/apt,280,32,0,,,42,343,0,
1097829098273436150,Seaport District 1 BR | Outdoor Pool | sun deck,30283594,1465445680495565156,Global Luxury Suites I,,South Boston Waterfront,42.3513076,-71.0431838,Entire home/apt,701,30,0,,,31,65,0,
42870400,The Dorset Redline ~ Bedroom #1 | 3BR 1B w/AC & WD,71783,1462508362719740106,Swank Properties Boston,,Dorchester,42.322120666503906,-71.06095886230469,Private room,118,29,6,2025-06-21,0.10,52,313,1,
630974431440794329,"Boston new one bedroom, close to T and beach",151248865,1468485898701942347,Yao,,Dorchester,42.31968,-71.0574,Entire home/apt,142,31,1,2022-07-31,0.02,7,363,0,
45989320,Luxury Two Bedroom in Seaport District,22541573,1463182329140437053,Furnished Quarters,,South Boston Waterfront,42.35447,-71.04607,Entire home/apt,417,32,0,,,42,330,0,
1131372519131531578,Modern and Spacious One Bedroom In Seaport,22541573,1463182329140437053,Furnished Quarters,,South Boston Waterfront,42.35303281170163,-71.04811602037844,Entire home/apt,317,32,0,,,42,266,0,
1354579947641485325,The Penthouse Redline ~ Bedroom #1 | 2BR w/AC & WD,71783,1462508362719740106,Swank Properties Boston,,Dorchester,42.32150723148439,-71.06183280853438,Private room,126,28,0,,,52,339,0,Exempt: This listing is a unit used for furnished institutional or business stays
46261006,Luxury Fenway-Kenmore Two Bedroom with Amenities,22541573,1463182329140437053,Furnished Quarters,,Fenway,42.34504,-71.09604,Entire home/apt,386,32,0,,,42,343,0,
20775116,Gorgeous Audubon Circle Studios (2),70331522,1466870591608061856,Laurie,,Fenway,42.34737,-71.1033,Entire home/apt,214,30,130,2025-08-10,1.22,2,330,1,
1344889426145990312,The Annabel 3 ~ Private Apt | 2BR 2B | w/AC & W/D,71783,1462508362719740106,Swank Properties Boston,,Dorchester,42.31892272500666,-71.06095765097766,Entire home/apt,235,29,0,,,52,304,0,
1476064484669652817,South End Urban Escape Studio,491301398,1470212149774216478,Leah,,South End,42.34209,-71.07361,Entire home/apt,346,1,58,2026-06-05,6.30,11,338,58,LB-605609
32861086,Modern Single Studio at the Heart of Boston!,244600805,1469297947330247362,Bay Village,,Bay Village,42.34904,-71.07007,Private room,148,1,107,2026-05-31,1.22,21,317,19,STR-619176
12287958,Copley Vacation Rental on the Park  w/ patio M325,32532791,1465477386459707846,Marie,,South End,42.34218,-71.07334,Entire home/apt,440,2,82,2026-05-29,0.67,6,78,6,STR-454027
51427362,Hip and Chic Studio Awaits Your Stay!,285344759,1469492597719438987,Bv,,South End,42.3473,-71.06916,Entire home/apt,221,1,84,2026-06-01,1.45,18,285,16,STR-619219
683918385793735810,South End Brownstone Duplex,120930331,1468229439323139917,Kara,,South End,42.34428399999999,-71.0697069,Entire home/apt,1212,1,74,2026-06-13,1.65,1,303,24,STR-493489
27935696,Exposed Brick Private Room-  3 min. walk to subway,23576640,1462625813513024686,Griff,,South End,42.34483,-71.07386,Private room,286,1,158,2026-05-22,1.67,4,60,7,STR-408224
17529340,S End/B Bay border! Copley Location- Perfect 1 Br,89406568,1467083583329536118,Denise,,South End,42.34566,-71.07433,Entire home/apt,489,3,305,2026-06-14,2.72,1,101,18,STR-390973
21350397,Astonishing 1 Bed South End Boston's Best Location,154540888,1468512297103706426,Stephanie,,South End,42.3440581,-71.0700076,Entire home/apt,828,3,260,2026-05-30,2.47,2,284,18,STR-545132
1345148942506139275,The Annabel 2 ~ Private Apt | 3BR 2B w/AC & W/D,71783,1462508362719740106,Swank Properties Boston,,Dorchester,42.317666827524704,-71.06106584282365,Entire home/apt,342,29,0,,,52,318,0,
36036045,Modern Efficiency Studio Awaits Your Stay!,244600805,1469297947330247362,Bay Village,,Bay Village,42.3484001159668,-71.06946563720703,Private room,180,1,111,2026-05-28,1.32,21,342,18,STR-619175
53733454,"Blueground | Seaport, gym, on harbor",107434423,1462889176402806013,Blueground,,South Boston Waterfront,42.351397,-71.043191,Entire home/apt,,30,0,,,227,256,0,
40882667,"Perfect Boston Apartment, Book Today & Enjoy!",285344759,1469492597719438987,Bv,,Bay Village,42.348419189453125,-71.06991577148438,Private room,178,1,129,2026-05-03,1.65,18,278,21,STR-619260
52813403,Charming 1 BR apartment in Historic Bay Village,8548866,1462770153709461469,Loic,,Bay Village,42.34813,-71.06964,Entire home/apt,620,1,284,2026-06-13,5.02,2,216,67,STR-459387
14770892,"Victorian Charm, Modern Style w/Private Entrance",34055750,1465497894713528623,Philip H,,South End,42.34338,-71.06874,Entire home/apt,500,2,475,2026-06-13,3.99,1,223,54,STR-414322
1137609211803900293,High-End One Bedroom in Luxury Seaport Building,22541573,1463182329140437053,Furnished Quarters,,South Boston Waterfront,42.354688491131725,-71.04700161265842,Entire home/apt,317,32,0,,,42,307,0,
54384571,Thatch™ Newbury Street | One-Bedroom Apt. #1,814298,1462514414319387899,Stay Thatch,,Back Bay,42.34977,-71.08612,Entire home/apt,575,1,60,2026-04-13,1.19,57,136,12,Exempt: This listing is a hotel or motel
633058908634454665,"Blueground | Downtown, gym & concierge, nr t",107434423,1462889176402806013,Blueground,,Downtown,42.35376,-71.05305,Entire home/apt,,30,0,,,227,312,0,
1513120836717387389,Full Private Apt Downtown Seaport with Pool,20857768,1463140474528738801,Compass,,South Boston Waterfront,42.3498534,-71.0443746,Entire home/apt,457,30,0,,,77,292,0,
1029937731887523436,Quiet City Condo in a Historic Brownstone,72298155,1466893111479233531,Rebecca,,Roxbury,42.328316886559094,-71.09606372223317,Entire home/apt,279,29,81,2025-08-05,2.71,2,273,9,STR-461707
1420355670893666592,(3-21) A+ Location Back Bay / Fenway Park / 2 Beds,693757423,1470728882327599253,Together We Rise,,Back Bay,42.34939191478999,-71.08857583454281,Entire home/apt,482,1,36,2026-05-22,2.86,5,259,32,STR-571670
39632515,Room at Brigham Circle/Longwood Medical,281602481,1469479425395572762,Colbert,,Mission Hill,42.333168492243,-71.10378551377428,Private room,111,29,9,2025-07-04,0.11,1,286,1,STR-595161
926909131529554170,Charlesgate Suites: Enjoy Boston Today!,523322767,1470354488541886220,Charlesgate Suites,,Fenway,42.34983,-71.09379,Entire home/apt,422,1,32,2026-06-03,0.89,9,323,7,Exempt: This listing is a hotel or motel
926909705378933833,Charlesgate Suites: Urban Chic Delight - Discover,523322767,1470354488541886220,Charlesgate Suites,,Fenway,42.34983,-71.09379,Entire home/apt,427,1,54,2026-06-11,1.51,9,325,21,Exempt: This listing is a hotel or motel
1401081543408424259,Spacious Room At Brigham & Longwood Medical,184906834,1468955763703496320,Janice,,Mission Hill,42.33211,-71.10202,Private room,128,29,2,2025-05-25,0.15,4,298,0,STR-595161
1251765141237192511,"X34, Near Harvard Medical/Longwood Hospitals",229497500,1469223095210756024,Evan,,Mission Hill,42.330584248276196,-71.10956327060156,Private room,74,14,6,2026-05-19,0.30,12,227,5,STR-534970
926909279527360867,Charlesgate Suites: Restored Elegance,523322767,1470354488541886220,Charlesgate Suites,,Fenway,42.34983,-71.09379,Entire home/apt,422,1,30,2026-05-30,0.84,9,301,11,Exempt: This listing is a hotel or motel
6908525,"Newbury St Living –Trendy, Vibrant, Unbeatable!#12",22348222,1462620857010380237,Maverick,,Back Bay,42.34982,-71.08264,Entire home/apt,458,1,256,2026-06-07,1.92,87,313,14,STR-445404
7475052,Perfectly Placed on Newbury Street #7,22348222,1462620857010380237,Maverick,,Back Bay,42.34982,-71.08264,Entire home/apt,385,1,279,2026-04-21,2.27,87,339,30,STR-445399
18070939,The Pulse of Boston – Newbury St Right Outside!,22348222,1462620857010380237,Maverick,,Back Bay,42.34981,-71.08263,Entire home/apt,606,1,322,2026-06-13,2.89,87,315,20,STR-445405
6377998,"Family friendly Victorian home, walk to T",987917,1462535143323241625,Helder,,Jamaica Plain,42.31584,-71.09932,Entire home/apt,120,29,43,2025-08-15,0.33,1,290,1,STR-416102
1513121732390615318,Entire Apt Downtown Seaport with Pool,20857768,1463140474528738801,Compass,,South Boston Waterfront,42.3498534,-71.0443746,Entire home/apt,309,30,0,,,77,312,0,
1220538105467806435,Quiet Garden-Level Studio Near Longwood Hospitals,133457702,1468333096613367408,Selim,,Jamaica Plain,42.32336251442836,-71.10762143057383,Private room,78,30,4,2026-04-15,0.32,10,73,3,STR-545009
1086284791906225107,Lux 2br in the Heart of FIDI!,382451810,1469783251184910688,Healing Homes,,Downtown,42.358393332349436,-71.05300800023029,Entire home/apt,351,29,68,2025-04-13,2.56,43,109,0,Exempt: This listing is a unit that has contracts with hospitals
1131970330889525148,Spacious room near Harvard Stad.,115267785,1468184828749123204,Alexes Sanchez,,Allston,42.36009619910877,-71.12764886307532,Private room,84,28,3,2025-12-14,0.26,3,217,3,STR-414502
658713146354442625,Luxurious Fenway 2BR Penthouse w/ Roof Deck,275849638,1469454850382219508,Healing Homes,,Fenway,42.34938,-71.09293,Entire home/apt,549,1,248,2026-05-30,5.15,53,221,44,STR-476581
52112631,Remodeled Spacious Apartment in Perfect Location,44535915,1462697307408334771,Fanny,,Allston,42.35041,-71.13014,Entire home/apt,661,29,19,2023-06-07,0.33,1,62,0,STR-573738
29682500,Cozy Back Bay Boston Retreat!,40317532,1465601078066799748,Timothy,,Back Bay,42.35152,-71.08606,Entire home/apt,444,2,530,2026-05-31,6.33,1,164,64,STR-408931
1693734483271713662,Pet-Friendly South End Brownstone,491301398,1470212149774216478,Leah,,South End,42.341944424530986,-71.0753056593714,Entire home/apt,233,1,1,2026-06-11,1,11,346,1,LB-605609
1628382180461744234,"Clean, Comfortable & Connected—South End Living",491301398,1470212149774216478,Leah,,South End,42.3426382,-71.074685,Entire home/apt,307,1,16,2026-06-07,5.00,11,349,16,LB-605609
1296443382136390764,The Sumner Redline | 3BR 3B w/AC & W/D | Bi-Level,71783,1462508362719740106,Swank Properties Boston,,Dorchester,42.31723,-71.06137,Entire home/apt,347,29,0,,,52,309,0,
1528292848372853401,Pet-Friendly South End Studio,491301398,1470212149774216478,Leah,,South End,42.34344,-71.07588,Entire home/apt,224,1,28,2026-06-06,3.62,11,350,28,LB-605609
1628415116013325020,Walkable South End Studio,491301398,1470212149774216478,Leah,,South End,42.34208,-71.07541,Entire home/apt,233,1,5,2026-05-24,1.85,11,357,5,LB-605609
14820482,Historic townhouse in the heart of Boston,92648590,1462853928255598739,Paul,,Bay Village,42.348731994628906,-71.06843566894531,Entire home/apt,989,2,248,2026-05-29,2.09,1,130,21,STR-445212
29904919,H_Sunny room easy commute to Boston Downtown.,89328922,1462846423058861810,Ehab,,Dorchester,42.3225,-71.05734,Private room,76,29,144,2025-08-18,2.48,11,314,1,STR-455882
1178267194328619248,"Penthouse, Parking, Private Deck, W/D, Back Bay!",563246552,1470512703190615862,Together We Rise,,Back Bay,42.3493361,-71.0826586,Entire home/apt,858,1,68,2026-05-25,2.85,50,117,33,STR-571551
41666852,The Grand View ~ Blue Bedroom | 5BR 2B w/AC & WD,71783,1462508362719740106,Swank Properties Boston,,Dorchester,42.31384,-71.06113,Private room,117,29,5,2025-10-25,0.07,52,318,1,
52422200,Copley Double Double - Copley Square Hotel,423875908,1469922849044617913,Copley Square Hotel,,Back Bay,42.34951,-71.07754,Private room,584,1,38,2026-05-26,0.75,6,316,17,Exempt: This listing is a hotel or motel
16517776,Next to T stop-10 min to downtown Boston/Cambridge,21745230,1462618428769920746,Jurek,,Charlestown,42.38183,-71.07888,Private room,134,1,125,2026-06-03,1.12,12,290,16,STR-383107
53512907,"(T9) A+ Location, Walkable to All, Budget Friendly",371640674,1469752814550739834,Boston,,South End,42.3405,-71.07588,Entire home/apt,264,1,166,2026-06-07,3.02,11,247,30,str-561975
1341508076735636308,Luxury 1BR Next to Broadway Southie 3307,212359760,1469109115483128123,Evonify Corporate & Medical Housing,,South Boston,42.342037287797694,-71.05713422797432,Entire home/apt,261,1,38,2026-05-24,2.46,65,349,30,STR-585063
54232345,Welcome to Boston! Book Now,285344759,1469492597719438987,Bv,,Bay Village,42.348365783691406,-71.06988525390625,Entire home/apt,207,1,51,2026-05-03,0.97,18,256,19,STR-619244
47952948,1BR Apartment | Patio | Full-Kitchen,43217109,1465641756944677573,Javier,,South End,42.33635,-71.07506,Entire home/apt,320,29,72,2024-09-14,1.12,3,319,0,STR-572302
38433315,Modern Efficiency Studio Awaits Your Stay!,285344759,1469492597719438987,Bv,,Bay Village,42.348419,-71.069756,Private room,172,1,99,2026-05-03,1.21,18,267,3,STR-619215
1267321993028464851,The Sumner Redline ~ Bedroom #2 | w/AC & W/D,71783,1462508362719740106,Swank Properties Boston,,Dorchester,42.318266,-71.0620106,Private room,121,29,1,2025-07-31,0.09,52,311,1,
1131367826140693855,Spacious One Bedroom in Luxury Boston Building,22541573,1463182329140437053,Furnished Quarters,,South Boston Waterfront,42.35238,-71.0475,Entire home/apt,296,32,0,,,42,337,0,
33162602,Comfort Inn in my home 2nd bedroom,227190555,1469209439855142693,Janet,,Roxbury,42.31507,-71.07504,Private room,49,29,22,2025-09-06,0.25,3,256,1,str-414293
45989299,Contemporary One Bedroom with Amenities,22541573,1463182329140437053,Furnished Quarters,,South Boston Waterfront,42.35438,-71.04797,Entire home/apt,317,32,0,,,42,304,0,
1426971274650889933,Luxury Apt In Seaport Walk to Restaurants,20857768,1463140474528738801,Compass,,South Boston Waterfront,42.3527874,-71.0464795,Entire home/apt,344,30,0,,,77,264,0,
1513122230146321732,Modern Apt with Gym Near Restaurants,20857768,1463140474528738801,Compass,,South Boston Waterfront,42.3498534,-71.0443746,Entire home/apt,435,30,0,,,77,297,0,
1526824177409303372,"Blueground | Seaport, rooftop, nr Boston Harbor",107434423,1462889176402806013,Blueground,,South Boston Waterfront,42.35144,-71.043151,Entire home/apt,,30,0,,,227,312,0,
1139184665907458350,独立房间加独立书房 ｜哈佛工程学院/商学院步行距离,34761565,1465512808901420514,Francis,,Allston,42.35933215079435,-71.12307710831466,Private room,81,29,9,2026-04-30,0.39,10,220,5,Exempt: This listing is a unit used for furnished institutional or business stays
16459191,"Stylish, Best Location Back Bay Studio!",107981961,1467308475849810662,Eva,,Back Bay,42.35349,-71.07595,Entire home/apt,212,29,158,2026-05-16,1.37,1,160,5,
1024732228158881755,Renovated One Bedroom in Back Bay,9410008,1462813405226616143,Jason,,Back Bay,42.34977689999999,-71.089541,Entire home/apt,461,3,54,2026-06-01,1.77,19,255,16,STR-544863
1666697738570974389,Modern Queen Room near Harvard & MIT,34761565,1465512808901420514,Francis,,Allston,42.359960056342054,-71.12458790855159,Private room,78,29,0,,,10,135,0,
1426970218150799697,Luxury Apt Downtown Seaport,20857768,1463140474528738801,Compass,,South Boston Waterfront,42.3527606,-71.04651439999999,Entire home/apt,346,30,0,,,77,113,0,
48806117,The Mayhew Redline ~ Bedroom #1 | 3BR 1B w/AC & WD,71783,1462508362719740106,Swank Properties Boston,,Dorchester,42.32114,-71.05993,Private room,114,28,3,2025-07-02,0.17,52,311,1,Exempt: This listing is a unit used for furnished institutional or business stays
14485918,Huge bed  and high ceiling room plus two closets.,67103816,1466829193913695209,Firlian,,Roxbury,42.3165,-71.09535,Private room,49,30,24,2025-12-11,0.21,8,197,2,
1131372255645787129,Spacious and Modern One Bedroom in Seaport D,22541573,1463182329140437053,Furnished Quarters,,South Boston Waterfront,42.35313,-71.0481,Entire home/apt,248,32,0,,,42,168,0,
1426971579115167590,Modern Apt with Water Views and Gym,20857768,1463140474528738801,Compass,,South Boston Waterfront,42.3527606,-71.04651439999999,Entire home/apt,345,30,0,,,77,296,0,
53262928,Amazing spacious city view 2bed 2 bath unit fenway,163848078,1463027460596198880,Adam,,Fenway,42.34794,-71.10164,Entire home/apt,651,29,36,2026-04-05,1.03,18,166,16,Exempt: This listing is a unit used for furnished institutional or business stays
20359898,EXTENDED STAY. VERY QUIET. SPACIOUS. NEXT TO TRAIN,26083391,1465355144870795909,Chris,,Jamaica Plain,42.31808,-71.10706,Entire home/apt,159,29,87,2025-11-12,0.81,2,303,4,
20926438,Free Parking 2 Bed 1 Bath Steps from BU/Kenmore,130680380,1468309000716951437,Jodie,,Fenway,42.35092,-71.09394,Entire home/apt,284,29,125,2025-10-24,1.18,18,156,1,STR-521905
846872271807146973,"Blueground | Fenway, roof & gym, nr fenway park",107434423,1462889176402806013,Blueground,,Fenway,42.3472723,-71.10130939999999,Entire home/apt,293,30,0,,,227,117,0,
1495784443454005390,Luxury Apt with Kitchen in Fenway,20857768,1463140474528738801,Compass,,Fenway,42.3429115,-71.0990346,Entire home/apt,337,30,0,,,77,312,0,
1495783011876972958,Gorgeous Apt with Kitchen,20857768,1463140474528738801,Compass,,Fenway,42.3429115,-71.0990346,Entire home/apt,332,30,0,,,77,354,0,
1474850201128216405,X24 Near HMS/Longwood Hospitals,229497500,1469223095210756024,Evan,,Mission Hill,42.33079787550621,-71.11027525159194,Private room,70,29,4,2026-06-01,0.53,12,219,4,STR-534970
1695089558538200933,"X21, Private Room Near HMS/Longwood Hospitals",229497500,1469223095210756024,Evan,,Mission Hill,42.331594,-71.1098111,Private room,75,29,0,,,12,345,0,
38134488,Studio with Private Bath-Brigham Circle/Longwood,184906834,1468955763703496320,Janice,,Mission Hill,42.33312,-71.10272,Entire home/apt,146,29,253,2025-09-30,3.09,4,305,2,STR-604172
1298640121336086467,Beautiful home in Allston (3),115267785,1468184828749123204,Alexes Sanchez,,Allston,42.3589886,-71.12859929999999,Private room,79,29,1,2025-10-24,0.13,3,290,1,STR-584167
19103076,Large Private Suite Near Longwood | Private Bath,133457702,1468333096613367408,Selim,,Jamaica Plain,42.32455,-71.10781,Private room,96,29,109,2025-10-27,1.00,10,236,1,STR-545009
11656698,Spacious 2 bedroom Apartment.,8898973,1462789820330998349,Gianni,,Roxbury,42.32378,-71.09648,Entire home/apt,133,30,230,2025-06-15,1.84,5,348,0,Exempt: This listing is a unit used for furnished institutional or business stays
49458996,Serviced 1 Bedroom Across From Fenway Park,22541573,1463182329140437053,Furnished Quarters,,Fenway,42.34516,-71.09652,Entire home/apt,270,32,3,2025-08-11,0.08,42,302,1,
48825940,Spacious Two-Bedroom Across From Fenway Park,22541573,1463182329140437053,Furnished Quarters,,Fenway,42.34335,-71.09736,Entire home/apt,380,32,0,,,42,324,0,
46085675,1 Bedroom with Floor-to-Ceiling Windows in Fenway,22541573,1463182329140437053,Furnished Quarters,,Fenway,42.34485,-71.09832,Entire home/apt,270,32,3,2023-04-10,0.05,42,302,0,
1495783351597847127,Gorgeous Apt with Kitchen and Gym,20857768,1463140474528738801,Compass,,Fenway,42.3429115,-71.0990346,Entire home/apt,442,30,0,,,77,340,0,
41706168,The Grand View ~ Master Bedroom | 5BR 2B w/AC & WD,71783,1462508362719740106,Swank Properties Boston,,Dorchester,42.31384,-71.06113,Private room,119,29,7,2025-08-09,0.12,52,349,1,
42591679,Designed 1st Floor Furnished Bedroom by Downtown,299340250,1469538225643491927,Teresa,,Roxbury,42.32317,-71.06844,Private room,68,29,27,2026-04-30,0.38,5,224,4,STR-470482
45989279,Stunning One Bedroom with Luxury Amenitites,22541573,1463182329140437053,Furnished Quarters,,South Boston Waterfront,42.35437527208879,-71.04800043840895,Entire home/apt,317,32,0,,,42,310,0,
1050621348077465245,"Blueground | Downtown, gym & laundry, nr shops",107434423,1462889176402806013,Blueground,,Downtown,42.3537627,-71.05305440000001,Entire home/apt,,30,0,,,227,279,0,
46142810,Luxury One Bedroom Near Fenway Park with Rooftop,22541573,1463182329140437053,Furnished Quarters,,Fenway,42.34501,-71.09595,Entire home/apt,265,32,1,2024-11-12,0.05,42,302,0,
1684832710499123427,Modern Back Bay Rental Across Charles River & MIT,206865377,1706170809440458651,Effrosyni,,Back Bay,42.35053141194295,-71.08904172432278,Entire home/apt,628,2,1,2026-05-30,1,1,355,1,STR-626307
1655072140959797628,"Back Bay Efficiency Unit, Pvt Bath, Kitchenette",57673810,1653919447397633405,Kama,,Back Bay,42.35221,-71.08098,Entire home/apt,119,30,0,,,15,287,0,
1416374818175818169,Oversized Furnished Brownstone Studio in Back Bay,96961013,1467167978592417763,Ronah,,Back Bay,42.35187,-71.08164,Entire home/apt,244,28,10,2026-02-09,0.77,4,215,7,Exempt: This listing is a hotel or motel
1495781506087436149,Gorgeous Apt with Kitchen with Sky Terrace,20857768,1463140474528738801,Compass,,Fenway,42.3429115,-71.0990346,Entire home/apt,432,30,1,2026-02-13,0.24,77,338,1,
5203538,Beautiful Townhouse Boston's South End,26917979,1465384982772065522,Jim,,South End,42.34024,-71.07483,Entire home/apt,1191,5,51,2026-06-06,0.37,2,85,13,STR-470244
1673963708054892063,Boston 5BR Near Green Line & BC,754940861,1655195468877950615,Lance,,Mission Hill,42.33011769138863,-71.11031908943119,Entire home/apt,219,30,0,,,1,188,0,
1212733465354664676,Stylish Boston retreat in a luxury neighborhood,111861593,1467351305238034786,Deanna,,South End,42.34524,-71.06895,Entire home/apt,613,3,14,2026-04-23,0.69,1,83,10,STR-571580
8596566,South End Boston Apartment with Private Garden,3668535,1462531222405486463,Jonas,,South End,42.34587,-71.07257,Entire home/apt,446,1,74,2026-04-21,0.57,1,42,12,STR-544908
1382917245459007958,Beautiful 2BD/2BA in Southend Boston 0457,212359760,1469109115483128123,Evonify Corporate & Medical Housing,,South End,42.33818,-71.06817,Entire home/apt,279,1,107,2026-06-02,7.36,65,220,96,STR-586070
1252545039801928516,"X33, Private Room Near HMS/Longwood Hospitals",229497500,1469223095210756024,Evan,,Mission Hill,42.332646717787895,-71.11076586111461,Private room,63,29,5,2026-04-30,0.43,12,135,5,STR-534970
1252147336923412719,"X32, Spacious Room Near HMS/Longwood Hospitals",229497500,1469223095210756024,Evan,,Mission Hill,42.332125154430905,-71.10887201902342,Private room,62,29,2,2025-08-27,0.15,12,118,1,STR-534970
1697495403528279165,"X25, Private Room Near HMS/Longwood Hospitals",229497500,1469223095210756024,Evan,,Mission Hill,42.33207,-71.11058,Private room,68,29,0,,,12,283,0,
1566914848932014542,Boston South End  Studio Gem,491301398,1470212149774216478,Leah,,South End,42.34357,-71.0752,Entire home/apt,429,1,8,2026-06-05,3.29,11,348,8,LB-605609
15048978,"Boston South End Penthouse
Loft & Roof Deck",12581156,1462891008866650684,Chip,,South End,42.33594,-71.07578,Entire home/apt,179,30,134,2026-03-27,1.15,1,240,2,STR-418274
633889528816089164,Stylish living in the heart of Backbay new in Abnb,35974790,1465533618735694273,Murat,,Back Bay,42.35063934326172,-71.08123779296875,Entire home/apt,256,29,6,2025-05-01,0.13,1,106,0,
882839165476645155,Furnished South Boston • Steps to Red Line T,512880683,1470306718347029088,Michael,,South Boston,42.3295,-71.05785,Entire home/apt,253,28,0,,,1,263,0,STR-486031
10813,The Back Bay Nook  -Brownstone in Prestigious Area,38997,1462507326675374812,Michelle,,Back Bay,42.35061,-71.08787,Entire home/apt,159,32,6,2025-06-30,0.07,12,289,1,
926897775916500527,Charlesgate Suites: Premier Oversized One Bedroom,523322767,1470354488541886220,Charlesgate Suites,,Fenway,42.34983,-71.09379,Entire home/apt,475,1,17,2026-03-15,0.48,9,327,8,Exempt: This listing is a hotel or motel
1635691511424372376,"(Newb1R) 1 Bedroom, Second Floor, Newbury Street",563246552,1470512703190615862,Together We Rise,,Back Bay,42.35036,-71.0832,Entire home/apt,445,1,5,2026-06-05,2.94,50,284,5,STR-627053
955310385881215222,Private Studio In Boston's Bay Village!,285344759,1469492597719438987,Bv,,Bay Village,42.3483657,-71.0698862,Entire home/apt,269,1,60,2026-04-27,1.74,18,274,18,STR-619246
1688584781893238547,Classic Back Bay 1BR on Newbury Street,1683540234995321877,1683540365202786410,Linden,,Back Bay,42.3496398,-71.08155599999999,Entire home/apt,293,1,1,2026-05-27,1,18,327,1,Exempt: This listing is a hotel or motel
7474044,Unbeatable Location on Newbury Street #5,22348222,1462620857010380237,Maverick,,Back Bay,42.34982,-71.08264,Entire home/apt,524,1,213,2026-05-31,1.76,87,287,31,STR-445397
1230670657852296431,"X13, Near Harvard Medical/Longwood Hospitals",229497500,1469223095210756024,Evan,,Mission Hill,42.33127853225833,-71.1088037027337,Private room,68,29,5,2026-06-02,0.25,12,193,4,STR-534970
1628322458972971545,Pet-Friendly South End Studio,491301398,1470212149774216478,Leah,,South End,42.34337428012644,-71.07406891218753,Entire home/apt,263,1,11,2026-06-09,3.06,11,354,11,LB-605609
41799161,The Roseclair Redline ~ Bedroom #2 | w/AC & W/D,71783,1462508362719740106,Swank Properties Boston,,Dorchester,42.3221321105957,-71.06094360351562,Private room,88,29,15,2025-10-04,0.20,52,297,1,
1704487081608670047,"Bi-Level 2BR | Parking | Jones Hill, Boston",16612533,1462990857401466263,Matt,,Dorchester,42.312707691768196,-71.06180962187902,Entire home/apt,247,29,0,,,16,365,0,
39056629,Spacious Long Term Private Room Close to Downtown,299340250,1469538225643491927,Teresa,,Roxbury,42.32365,-71.06864,Private room,71,29,25,2026-05-23,0.32,5,312,7,STR-470482
835418850078504364,Boston Studio walk to T Station,151248865,1468485898701942347,Yao,,Dorchester,42.31921,-71.05955,Entire home/apt,112,31,4,2024-08-05,0.11,7,361,0,
1263161840040894002,"Lower Level Studio, Stay Tonight!",244600805,1469297947330247362,Bay Village,,Bay Village,42.3483308,-71.0698714,Entire home/apt,264,1,22,2026-05-18,1.10,21,249,16,STR-619245
30060158,The Charlesmark Hotel Premium Queen Copley Square,224820689,1469193958376798471,Charlesmark,,Back Bay,42.35006,-71.07858,Hotel room,299,1,10,2023-02-17,0.11,5,210,0,Exempt: This listing is a hotel or motel
1343043170989200639,Top 1Bedroom in Beacon Hill downtown Boston,373675137,1463554206153655871,Lilith,,Dorchester,42.31661,-71.06665,Private room,73,29,0,,,117,131,0,
1686467635784592765,Pet-Friendly South End Studio,491301398,1470212149774216478,Leah,,South End,42.341590697555205,-71.07557368451413,Entire home/apt,315,1,3,2026-06-03,3,11,354,3,LB-605609
926908682139595078,Charlesgate Suites: Perfect Lower Level Suite,523322767,1470354488541886220,Charlesgate Suites,,Fenway,42.34983,-71.09379,Entire home/apt,427,1,24,2026-05-14,0.68,9,320,4,Exempt: This listing is a hotel or motel
1400167944247843401,Private Studio In Boston's Bay Village!,244600805,1469297947330247362,Bay Village,,Bay Village,42.3483657,-71.0698862,Entire home/apt,307,1,9,2026-05-24,0.71,21,321,8,STR-619251
30037052,Queen Size Bed Boutique Hotel @ The Charlesmark,224820689,1469193958376798471,Charlesmark,,Back Bay,42.35006,-71.07858,Hotel room,307,1,40,2024-02-29,0.44,5,210,0,Exempt: This listing is a hotel or motel
1683559042425315775,Luxurious 2BR 2BA Back bay heart with amazing view,518882444,1470334797382667032,Greg,,Back Bay,42.34935,-71.0805,Entire home/apt,1211,4,0,,,14,306,0,STR-877782
1471109629707292542,Loft style 3BR unit in Boston Southend 6019,657483974,1470651798436237535,E Stays,,South End,42.34422,-71.06576,Entire home/apt,346,1,32,2026-06-03,2.99,18,331,32,STR-586073
16479752,Large bedroom- easy access to Boston and Cambridge,21745230,1462618428769920746,Jurek,,Charlestown,42.38191,-71.07865,Private room,57,29,3,2020-02-07,0.03,12,135,0,STR-383106
30036357,"A Boutique Hotel Room in Copley, Charlesmark Hotel",224820689,1469193958376798471,Charlesmark,,Back Bay,42.35006,-71.07858,Hotel room,285,1,90,2022-03-05,0.98,5,210,0,Exempt: This listing is a hotel or motel
1316351702660228301,"4 min walk to OrangeLine fast to BackBay, Downtown",169207412,1468636394536253644,Vald,,Jamaica Plain,42.31699363467934,-71.10611149548792,Private room,48,29,2,2026-03-11,0.24,6,214,2,
13063952,3 min to T stop-Boston/Somerville/Cambridge access,21745230,1462618428769920746,Jurek,,Charlestown,42.38362,-71.07863,Private room,60,29,34,2026-04-01,0.28,12,59,2,
1106734116750690903,"Modern JP Apartment Near T & Longwood, Quiet, WiFi",82122558,1466996917224249602,Elnedis,,Jamaica Plain,42.32184,-71.10216,Entire home/apt,679,29,21,2025-09-27,0.91,1,229,2,STR-560871
45987,Garden Studio,205107,1462512590666109496,Atef,,Charlestown,42.37424,-71.06081,Entire home/apt,142,29,145,2025-12-17,0.75,1,116,3,STR-409822
77681,Waterfall Room: Bunker Hill B&B,416912,1462517874347289451,Christiane,,Charlestown,42.37865,-71.06373,Private room,155,29,71,2023-11-04,0.40,1,365,0,STR-415924
1296167017422848679,"@Orange Line: 12-25min HMS, NEU, BackBay, Downtown",169207412,1468636394536253644,Vald,,Jamaica Plain,42.31635,-71.10751,Private room,46,29,4,2025-12-29,0.34,6,224,4,
674200591572524984,"Large Room w/ Bath in Furnished Apt, good Wifi!",2356643,1462523722549277069,StayNue,,Brighton,42.36151,-71.14337,Private room,83,30,25,2026-03-31,0.55,31,325,1,STR-461419
1043989177466394716,"Blueground | Burlington, gym, nr dining & shops",107434423,1462889176402806013,Blueground,,Brighton,42.35992,-71.14956,Entire home/apt,,30,1,2025-03-05,0.06,227,154,0,
1655139869116500751,"Boston Landing Studio - Rooftop Deck, Near MBTA",57673810,1653919447397633405,Kama,,Brighton,42.35681108977437,-71.14251607680963,Entire home/apt,176,30,0,,,15,260,0,
1177938268982752936,Free Parking 2 Bed 1 Bath Steps from BU/Kenmore,130680380,1468309000716951437,Jodie,,Fenway,42.35100059907109,-71.09354588542584,Entire home/apt,342,29,31,2025-07-31,1.27,18,156,6,STR-521905
1678429283438010266,"4' Orange Line, 12-25' HMS, NEU, BackBay, Downtown",169207412,1468636394536253644,Vald,,Jamaica Plain,42.31502295706799,-71.1067576729547,Private room,49,29,0,,,6,119,0,
23109832,"3 mo minimum, 3 br apt in Jamaica Plain - a gem!",171702791,1468667499131920309,Anna,,Jamaica Plain,42.31734,-71.11375,Entire home/apt,240,30,8,2026-03-21,0.10,1,191,2,
37823144,Boston Studio Near Downtown,233411332,1487954531105182430,Brittany,,Jamaica Plain,42.31665,-71.0999,Entire home/apt,136,29,134,2024-06-01,1.65,1,304,0,STR-545184
4233242,Quiet Artist's Retreat,197327,1462512389898466571,Melissa,,Jamaica Plain,42.31246,-71.10793,Private room,73,29,50,2025-05-31,0.35,2,321,0,STR-416301
5049582,Quiet room - Great location!,197327,1462512389898466571,Melissa,,Jamaica Plain,42.31327,-71.10811,Private room,103,1,39,2026-03-29,0.29,2,280,2,STR-416301
1649744337758666828,"Luxury 2-bed at The Vera – Rooftop Deck, Near MBTA",250399091,1469327367939017586,Nina,,Brighton,42.35602,-71.14462,Entire home/apt,343,30,5,2026-05-31,2.31,9,212,5,Exempt: This listing is a unit that has contracts with hospitals
19102461,Private Room in very spacious JP House.( Lilac Rm),133457702,1468333096613367408,Selim,,Jamaica Plain,42.32424,-71.10748,Private room,181,29,110,2026-04-05,1.01,10,247,2,STR-414742
745758164210682478,Comfortable Living in Furnished Private Room,2356643,1462523722549277069,StayNue,,Brighton,42.35999,-71.14328,Private room,83,30,17,2026-03-15,0.40,31,324,2,STR-461419
1488439163437419001,Cozy Room - First floor - No stairs - Quiet area!,47584294,1465718059935171405,Jessy And Diego,,Brighton,42.34477,-71.151,Private room,107,29,3,2026-06-13,0.83,33,32,3,
1561226660553891176,"Boston Landing Studio - Rooftop Deck, Near MBTA",31340713,1465460976217419594,Kama,,Brighton,42.35678572198306,-71.14274078802951,Entire home/apt,219,30,1,2026-01-04,0.18,19,282,1,Exempt: This listing is a hotel or motel
904496418825292183,"Private bedroom, shared bath, off-street parking L",66589143,1466822734701142990,Tzuo Hann,,Dorchester,42.29326606011727,-71.05967807778376,Private room,45,31,7,2025-12-11,0.20,3,224,2,STR-468301
24034961,3 Minutes Walk to the Red Line!,16186589,1462980594089558530,Marie,,Dorchester,42.28816,-71.06655,Private room,45,30,0,,,27,338,0,
43673971,Back Bay a few blocks from Boston Public Garden,38997,1462507326675374812,Michelle,,Back Bay,42.35214,-71.07704,Entire home/apt,142,32,2,2026-05-31,0.03,12,314,1,
52904633,Bright & Spacious Private Room w/ Shared BTH,2356643,1462523722549277069,StayNue,,Brighton,42.36109,-71.14516,Private room,82,30,39,2024-11-06,0.71,31,231,0,STR-461419
1689576344385229782,"Boston Landing Luxury Studio, Roof Deck, Near MBTA",57673810,1653919447397633405,Kama,,Brighton,42.35694368141175,-71.14417874097418,Entire home/apt,243,30,0,,,15,236,0,
27429577,Secluded Tower Home in Bright Castle,63270976,1466781041353550101,Peter,,Allston,42.35134,-71.13871,Entire home/apt,125,29,267,2026-04-30,2.81,1,59,5,STR-384347
1632085826391869413,Luxury24.7 - Boston Landing - Allston Yards,757253,1462528464270965620,Lee,,Allston,42.35396790000001,-71.1388308,Entire home/apt,533,29,22,2026-06-01,6.35,12,364,22,Exempt: This listing is a unit that has contracts with hospitals
1632061384704847964,Luxury21.7 - Boston Landing - Allston Yards,757253,1462528464270965620,Lee,,Allston,42.35396790000001,-71.1388308,Entire home/apt,533,29,15,2026-05-26,4.59,12,364,15,Exempt: This listing is a unit that has contracts with hospitals
1329764435043176489,Spacious 2 Bedroom on Hano St Modern & Cozy Stay,2134782,1462522420000710446,Shlomi,,Allston,42.35602,-71.13687,Entire home/apt,163,29,0,,,4,36,0,STR-522067
1637197490379819666,cozy room 8,15154687,1462593006369650043,Taskin,,Brighton,42.34599732402628,-71.15100626835496,Private room,98,29,9,2026-06-03,2.87,34,357,9,str-613765
54339966,Perfect For Solo Travelers Or Friends!,285344759,1469492597719438987,Bv,,Bay Village,42.348419189453125,-71.06983947753906,Entire home/apt,227,1,115,2026-05-17,2.18,18,290,5,STR-619230
1689579601890357026,Luxury Studio @ Boston Landing w/ Rooftop Lounge,57673810,1653919447397633405,Kama,,Brighton,42.35476227118293,-71.14274475238193,Entire home/apt,172,30,0,,,15,259,0,
1329770004680226388,Spacious 3 Bedroom on Hano St Modern & Cozy Stay,2134782,1462522420000710446,Shlomi,,Allston,42.35602,-71.13687,Entire home/apt,176,29,0,,,4,36,0,STR-597955
2183117,I bdrm in Boston/Allston/Brookline,11132354,1462857834974298316,Alla,,Allston,42.34995,-71.13427,Entire home/apt,109,30,56,2025-11-02,0.40,1,102,1,
35001266,"Spacious Two  Bedroom Apartment Allston, MA.",263682099,1469394658796044806,Carol,,Allston,42.35157,-71.14026,Entire home/apt,138,30,152,2025-07-05,1.77,1,121,1,STR-414674
1689586933778914134,Luxury 1-Bed at The Vera | Boston Landing + MBTA,57673810,1653919447397633405,Kama,,Brighton,42.35503873960206,-71.14412483183445,Entire home/apt,193,30,0,,,15,321,0,
50677339,Modern 2+ Bd Harvard/BU/BC Boston Landing!,6933825,1462719235566585448,Estee F,,Allston,42.355499267578125,-71.13740539550781,Entire home/apt,294,29,6,2025-04-23,0.26,1,52,0,STR-599329
1008752304965918963,Peaceful 3BR Home w/ Park & close to Harvard/BC/BU,306329570,1463425806556299595,Jonathan,,Allston,42.35153,-71.14089899999999,Entire home/apt,295,29,13,2026-05-31,0.46,4,115,1,Exempt: This listing is a unit used for furnished institutional or business stays
26005227,Full Condo In Brownstone: Heart of the South End!,432317,1462511799083103905,Julie,,South End,42.34533,-71.07118,Entire home/apt,1111,5,46,2022-05-29,0.49,1,8,0,STR-420982
1595285246673300083,"Luxury 2-bed at The Vera – Rooftop Deck, Near MBTA",266312920,1469408339723553005,STARS Of,,Brighton,42.3547703113289,-71.14279998734922,Entire home/apt,665,30,4,2026-03-15,0.93,4,217,4,Exempt: This listing is a unit that has contracts with hospitals
27990441,#B104 Boston Private Two twin BR Central AC,105851798,1467284104225807245,Anne,,Dorchester,42.30753,-71.06446,Private room,62,29,29,2026-01-31,0.31,18,229,4,
5371051,Beautiful 3 bedroom Dorchester MA,27842033,1465410891983561891,Bernard,,Dorchester,42.31163,-71.06351,Entire home/apt,124,29,269,2025-11-08,2.09,7,228,2,
50996124,"AL/R2 Private, simple, classic room close to BU/BC",412452734,1469879852987758528,Patrick,,Allston,42.35075,-71.13473,Private room,215,29,37,2023-11-11,0.62,4,269,0,Exempt: This listing is a unit that has contracts with hospitals
16731118,#103 Boston private AC room 可讲国语禁止吸烟,105851798,1467284104225807245,Anne,,Dorchester,42.30775,-71.0651,Private room,66,29,52,2025-11-29,0.46,18,255,1,
972322923270523366,AL/R3 Boston's New Room Central Spot,412452734,1469879852987758528,Patrick,,Allston,42.35007174728618,-71.1347417826025,Private room,201,29,13,2024-11-14,0.39,4,359,0,Exempt: This listing is a unit used for furnished institutional or business stays
628133487809262501,Sunlit Corner Room in Shared Apt Near Everything,2356643,1462523722549277069,StayNue,,Brighton,42.36149,-71.14515,Private room,81,30,19,2026-03-28,0.39,31,357,1,STR-461419
40657915,"Private 1 Bdr, 4 minute walk to T near Reservoir",6795408,1462715470943236121,Vadim,,Brighton,42.3386164,-71.1507462,Entire home/apt,88,29,1,2025-08-15,0.10,1,108,1,
1352318472051674396,109S3.1 | The Strathmore 3 | 2BR 2B w/AC | Room #1,71783,1462508362719740106,Swank Properties Boston,,Brighton,42.34006556316642,-71.15040003337937,Private room,121,28,0,,,52,92,0,Exempt: This listing is a unit used for furnished institutional or business stays
23152798,#105 Entire FL AC  (4 Br 2 both ) 厨具齐全讲国语,105851798,1467284104225807245,Anne,,Dorchester,42.2972,-71.06197,Entire home/apt,245,29,0,,,18,192,0,Exempt: This listing is a unit used for furnished institutional or business stays
592271917630758894,Private Room w/ twin Alcove near Charles River,2356643,1462523722549277069,StayNue,,Brighton,42.36014,-71.14429,Private room,159,29,10,2024-12-15,0.20,31,229,0,STR-461419
710061218938630826,"Private bedroom, shared bath, off-street parking",66589143,1466822734701142990,Tzuo Hann,,Dorchester,42.29267,-71.06143,Private room,59,32,11,2026-02-26,0.25,3,140,3,
1016049727705272154,Smart Queen Bedr w/ Ensuite Bathr,13819661,1462923807412610119,Jennifer,,Dorchester,42.297296271741395,-71.07495618643411,Private room,69,31,5,2026-04-11,0.18,4,205,3,STR-540680
18368646,"M&R - Private Bdrm Living Room, Bathroom & Parking",7988017,1462563298804000615,Polly M,,Dorchester,42.29189,-71.0574,Private room,72,29,109,2026-05-05,0.99,3,201,3,STR-397983
16447567,#104 Boston 独立房 全楼禁烟AC room,105851798,1467284104225807245,Anne,,Dorchester,42.3076,-71.06542,Private room,63,29,101,2025-11-30,0.88,18,282,4,
38311023,#B202 Private Room Near Umass Boston,105851798,1467284104225807245,Anne,,Dorchester,42.30977,-71.06435,Private room,56,29,10,2026-04-11,0.17,18,162,2,
14747561,Fair & Cozy Room with Airbed!,16186589,1462980594089558530,Marie,,Dorchester,42.30426,-71.07147,Private room,48,30,15,2025-11-22,0.13,27,320,1,
33467259,109S2 | The Strathmore 2 | 3BR 2B w/AC | Bi-Level,71783,1462508362719740106,Swank Properties Boston,,Brighton,42.33931,-71.15122,Entire home/apt,254,29,9,2025-12-28,0.11,52,285,2,
622413306658128240,"1 Bdrm Condo w Parking, near BU BC, St Elizabeth",7848820,1462742797964149207,Kris,,Allston,42.34868,-71.13847,Entire home/apt,218,29,8,2026-05-03,0.23,1,338,3,STR-148098
23947734,Short Walk to T!,16186589,1462980594089558530,Marie,,Dorchester,42.28787,-71.06662,Private room,57,30,0,,,27,307,0,
765120412685249786,"Private bedroom, private bath, off-street parking",66589143,1466822734701142990,Tzuo Hann,,Dorchester,42.29318,-71.06116,Private room,64,32,7,2025-08-31,0.19,3,229,1,
1352324156600246137,109S3.2 | The Strathmore 3 | 2BR 2B w/AC | Room #2,71783,1462508362719740106,Swank Properties Boston,,Brighton,42.33888,-71.15023,Private room,121,28,0,,,52,322,0,Exempt: This listing is a unit used for furnished institutional or business stays
1016073168618373294,Chic Queen Bedr Shared Bathroom,13819661,1462923807412610119,Jennifer,,Dorchester,42.29909119250435,-71.07462229640532,Private room,57,31,4,2024-11-01,0.14,4,248,0,STR-540680
3193484,Quiet Room Near the Red Line!,16186589,1462980594089558530,Marie,,Dorchester,42.28814,-71.06889,Private room,51,30,15,2025-09-17,0.12,27,343,1,
21141934,Vibrant and Spacious Room by the Red Line!,16186589,1462980594089558530,Marie,,Dorchester,42.29097,-71.06516,Private room,51,30,11,2025-06-22,0.11,27,345,1,
18945347,#B204 New AC & Heating Boston private room,105851798,1467284104225807245,Anne,,Dorchester,42.30742,-71.06513,Private room,79,30,49,2025-01-06,0.45,18,359,0,
1269694784915842768,"Full Condo on Top Floor!  3 Queen bed, near MBTA",4453414,1462657894296246510,Ryan,,Dorchester,42.293378,-71.0587616,Entire home/apt,155,29,1,2025-04-07,0.07,1,318,0,
928349287890222434,Home Away From Home,523739890,1470356291909988667,Kerri-Ann Ruth,,Dorchester,42.29902921546571,-71.06776620274428,Entire home/apt,225,29,3,2025-07-12,0.12,1,269,1,Str-104727
8947232,Just around the corner from the Red Line!,16186589,1462980594089558530,Marie,,Dorchester,42.28946,-71.06818,Private room,51,30,16,2024-11-03,0.12,27,350,0,
34548072,Quick Walk to the Red Line!,16186589,1462980594089558530,Marie,,Dorchester,42.29111,-71.06451,Private room,43,30,3,2025-08-30,0.07,27,294,1,Exempt: This listing is a unit used for furnished institutional or business stays
17952482,#101 Boston New heating AC room 全樓禁烟讲国语,105851798,1467284104225807245,Anne,,Dorchester,42.30752,-71.06525,Private room,57,29,32,2023-06-21,0.29,18,237,0,
23668146,#102 Boston private AC BR 全楼禁烟厨具齐全适長住,105851798,1467284104225807245,Anne,,Dorchester,42.30949,-71.06576,Private room,61,29,45,2025-07-27,0.45,18,313,1,
54051307,109S9 | The Strathmore 9 w/AC | 2BR 1B | Private,71783,1462508362719740106,Swank Properties Boston,,Brighton,42.3405,-71.15032,Entire home/apt,290,29,2,2024-06-22,0.06,52,361,0,
914457661179942537,"Deluxe Apartment, New Furniture, In-Unit Laundry",150150201,1468477371156751878,Nova,,Brighton,42.34851753562866,-71.14247547809995,Entire home/apt,188,29,3,2026-04-04,0.09,7,31,2,
38215747,109S15 | The Strathmore 15 | 1BR 1B w/AC | Private,71783,1462508362719740106,Swank Properties Boston,,Brighton,42.33931,-71.15122,Entire home/apt,177,29,15,2025-09-06,0.19,52,252,1,
611688607605715191,Home in family friendly area,47800166,1465722119429771663,Elena,,Brighton,42.33855,-71.14882,Entire home/apt,439,29,4,2025-09-12,0.10,1,263,2,
1582033121504657268,"2 bed, in unit laundry, Boston College, balcony.",96961013,1467167978592417763,Ronah,,Brighton,42.341209331055985,-71.14331379312392,Entire home/apt,257,30,0,,,4,225,0,Exempt: This listing is a unit that has contracts with hospitals
574763198852585805,Sun-Filled w/ City Views public transportation,31340713,1465460976217419594,Kama,,Brighton,42.33808,-71.14987,Entire home/apt,159,29,8,2024-03-15,0.17,19,283,0,Exempt: This listing is a unit used for furnished institutional or business stays
11759332,Pleasant & Lovely Room Near T!,16186589,1462980594089558530,Marie,,Dorchester,42.28921,-71.06337,Private room,53,30,16,2025-08-09,0.16,27,288,1,
695571625983663432,Lovely one bedroom Apartment in Boston.,31368662,1465461356082432502,Joel,,Dorchester,42.2964,-71.05882,Entire home/apt,116,29,2,2022-10-29,0.04,1,102,0,STR-489938
10835494,"2-bedrom loft condo near BC, BU & Fenway w/parking",8207666,1462751845949754073,Greg,,Brighton,42.33786,-71.15137,Entire home/apt,162,29,74,2025-09-01,0.62,1,258,1,
24032465,Private Room & Great Location by the Red Line!,16186589,1462980594089558530,Marie,,Dorchester,42.28853,-71.06631,Private room,57,30,2,2018-07-31,0.02,27,322,0,
21789235,Ideal 3 BDR to stay by the Red Line!,16186589,1462980594089558530,Marie,,Dorchester,42.29121,-71.06763,Entire home/apt,158,30,1,2021-08-23,0.02,27,352,0,
23965606,Lovely 4 Bedroom Apartment by the Red Line!,16186589,1462980594089558530,Marie,,Dorchester,42.28787,-71.06692,Entire home/apt,174,30,1,2021-08-07,0.02,27,348,0,
9685085,Peaceful Private Bedroom Near T!,16186589,1462980594089558530,Marie,,Dorchester,42.28885,-71.07005,Private room,45,30,28,2026-04-11,0.23,27,303,1,
597524520496132156,The Boston Chateau,9681121,1462820514807551369,Christopher,,Dorchester,42.29725,-71.06725,Entire home/apt,434,29,2,2025-11-03,0.12,1,348,1,STR-465016
17223845,Right location & Private Room w/ Airbed Near T!,16186589,1462980594089558530,Marie,,Dorchester,42.30042,-71.06435,Private room,49,30,22,2026-05-22,0.21,27,290,5,
28014596,#B102 Boston Private room Cantal AC 全楼禁烟,105851798,1467284104225807245,Anne,,Dorchester,42.30804,-71.06443,Private room,55,29,33,2025-09-19,0.35,18,223,1,
17222935,Reasonable  Place for your stay near the T Lines!,16186589,1462980594089558530,Marie,,Dorchester,42.30042,-71.0642,Private room,44,30,15,2026-01-11,0.14,27,134,4,
21140575,Near the Red & Commuter T lines!,16186589,1462980594089558530,Marie,,Dorchester,42.30429,-71.07436,Private room,51,30,10,2025-01-03,0.14,27,319,0,
14600925,Economical & Accessible Room w/ Airbed Near T!,16186589,1462980594089558530,Marie,,Dorchester,42.30208,-71.07005,Private room,47,30,25,2026-06-13,0.21,27,323,4,
19918817,#204 Boston private Central AC 禁烟 Female only,105851798,1467284104225807245,Anne,,Dorchester,42.30754,-71.06525,Private room,50,29,39,2025-12-11,0.36,18,319,1,
1680893496923548802,Renovated 2-Bed with Private Deck Near Green Line,31340713,1465460976217419594,Kama,,Brighton,42.34285,-71.15076,Entire home/apt,317,28,0,,,19,167,0,Exempt: This listing is a hotel or motel
17704067,Great Location for your stay!,16186589,1462980594089558530,Marie,,Dorchester,42.30656,-71.07173,Private room,46,30,22,2026-05-25,0.20,27,304,3,
17907229,Great 3 Bdr apartment with Airbeds!,16186589,1462980594089558530,Marie,,Dorchester,42.30133,-71.0648,Entire home/apt,145,30,1,2024-07-31,0.04,27,334,0,
51375228,"""Super 3 Bedroom Apartment Near T W/ Free Parking""",16186589,1462980594089558530,Marie,,Dorchester,42.30393,-71.07488,Entire home/apt,150,30,0,,,27,345,0,
38301053,#B203 private AC full size bed 全楼禁烟Boston,105851798,1467284104225807245,Anne,,Dorchester,42.30781,-71.0653,Private room,58,29,10,2025-05-02,0.13,18,119,0,
11376403,Spacious & Great Private Room Near T!,16186589,1462980594089558530,Marie,,Dorchester,42.30372,-71.07226,Private room,47,30,22,2026-04-08,0.18,27,317,2,
32102560,#B101 Boston New Central  AC queen bed 全楼禁烟 厨具齐备,105851798,1467284104225807245,Anne,,Dorchester,42.30956,-71.06524,Private room,105,29,30,2025-11-30,0.34,18,223,2,
12103501,Inexpensive & Clean Private Bedroom!,16186589,1462980594089558530,Marie,,Dorchester,42.30586,-71.07225,Private room,46,30,24,2025-11-04,0.20,27,296,4,
1639377619379726186,Comfy quaint room. Good for a couple or friends,750895930,1639337214156515082,Eglah,,Dorchester,42.303345418449474,-71.0639563067546,Private room,757,29,0,,,3,364,0,STR-612980
1639381708138260332,"Comfy room, Great lighting nice space",750895930,1639337214156515082,Eglah,,Dorchester,42.30200734111099,-71.06393218976862,Private room,849,29,0,,,3,364,0,STR-612980
9685076,Workable & Inexpensive Room Near the 2 T lines!,16186589,1462980594089558530,Marie,,Dorchester,42.30489,-71.07071,Private room,47,30,24,2025-07-11,0.19,27,308,1,
20269422,"#205 Boston Private Room 双床 ( females, or couple)",105851798,1467284104225807245,Anne,,Dorchester,42.3077,-71.06489,Private room,65,32,43,2025-10-31,0.40,18,125,1,
17849739,Suitable & Convenient Private Bedroom Near T!,16186589,1462980594089558530,Marie,,Dorchester,42.28964,-71.06607,Private room,50,30,14,2025-06-22,0.14,27,351,1,
1304605265242208963,"11' NEU, 15-25'Longwood, 4'OrangeLine, 15'Downtown",169207412,1468636394536253644,Vald,,Jamaica Plain,42.31539,-71.10669,Private room,49,29,3,2026-04-30,0.37,6,185,3,
19373388,Classic New England apartment on MBTA Red line,116319471,1468192932040018095,Greg And Alicia,,Dorchester,42.29031,-71.06681,Entire home/apt,139,29,125,2026-06-03,1.14,2,130,2,Exempt: This listing is a unit used for furnished institutional or business stays
1236497599646948974,"X12, Near Harvard Medical/Longwood Hospitals",229497500,1469223095210756024,Evan,,Mission Hill,42.33222742897316,-71.10904741343097,Private room,63,29,5,2026-05-31,0.24,12,156,3,STR-534970
30268517,#B201 smaller private Boston,105851798,1467284104225807245,Anne,,Dorchester,42.30724,-71.06438,Private room,63,29,16,2025-10-11,0.18,18,335,1,
1510566090607598670,Luxury Studio @ Boston Landing w/ Rooftop Lounge,31340713,1465460976217419594,Kama,,Brighton,42.35692,-71.14448,Entire home/apt,173,2,9,2026-05-16,1.91,19,261,9,Exempt: This listing is a hotel or motel
28054656,#B103 Boston Private room Central AC 全楼禁烟,105851798,1467284104225807245,Anne,,Dorchester,42.29726,-71.06236,Private room,61,29,27,2025-09-30,0.29,18,214,2,
1081687195029750355,"Blueground | Brighton, gym & w/d, on the river",107434423,1462889176402806013,Blueground,,Brighton,42.359921,-71.149558,Entire home/apt,,30,0,,,227,311,0,
1408089499940600402,Private Room / Boston Center,548227369,1470452673740242391,Urfan,,Allston,42.35082,-71.13449,Private room,137,29,1,2025-06-01,0.08,1,365,0,Exempt: This listing is a unit that has contracts with hospitals
1081686756264914083,"Blueground | Brighton, gym & w/d, on the river",107434423,1462889176402806013,Blueground,,Brighton,42.359921,-71.149558,Entire home/apt,,30,1,2024-05-29,0.04,227,159,0,
1351701407610019441,Extended stay. Quiet. Spacious,26083391,1465355144870795909,Chris,,Jamaica Plain,42.317606442494835,-71.10613024706043,Entire home/apt,174,29,0,,,2,295,0,
731257486642956305,"Sunshine, Laundry-in-unit, Designated work area",32870796,1465481597756843516,Jessica Brooke,,Jamaica Plain,42.3167812,-71.1068123,Entire home/apt,183,29,7,2026-03-21,0.18,4,110,3,
19885281,#203 Boston Female only Queen Bed全楼 禁烟,105851798,1467284104225807245,Anne,,Dorchester,42.3075,-71.06533,Private room,65,29,46,2026-02-14,0.43,18,355,1,
1597224681241111200,Bright Back Bay Gem | Roof Deck Views,29788934,1465439181535767022,Brice,,Back Bay,42.35208,-71.08045,Entire home/apt,152,29,1,2026-05-07,0.73,1,70,1,
1672668820590984925,Back Bay Newbury St | Steps to Shops & Dining 2M,38005935,1624641620926033115,The Edit Collection,,Back Bay,42.34941901369,-71.08378490244672,Entire home/apt,289,29,1,2026-05-15,0.91,14,342,1,STR-739205
1352362154592168068,109S2.3 | The Strathmore 2 | 3BR 2B w/AC | Room #3,71783,1462508362719740106,Swank Properties Boston,,Brighton,42.34046345192901,-71.15041063901216,Private room,113,28,0,,,52,285,0,Exempt: This listing is a unit used for furnished institutional or business stays
1506921400208660550,Luxury 1-Bed at The Vera | Boston Landing + MBTA,31340713,1465460976217419594,Kama,,Brighton,42.35692,-71.14385,Entire home/apt,500,1,6,2026-06-09,0.73,19,321,6,Exempt: This listing is a hotel or motel
1663806928529036702,Boston Apartment,57940564,1466694614305469617,Amy,,Jamaica Plain,42.3186912,-71.1114815,Entire home/apt,266,14,0,,,1,286,0,STR-618561
77691,Private room in Victorian house,119019,1462510028211654672,Hermina,,Dorchester,42.29871,-71.05954,Private room,55,29,304,2025-01-10,1.63,6,121,0,STR-580274
1253680161228943674,"Free Parking at 1 Bed Basement Apt, Near BU & MIT",130680380,1468309000716951437,Jodie,,Fenway,42.34939570407056,-71.09571994275538,Entire home/apt,289,29,29,2025-12-13,1.39,18,199,10,STR-521905
47355090,IV New apartment with Luxury amenities in Boston,362014108,1469726693683283755,Jean- Luc,,Dorchester,42.305282560949806,-71.06119774985596,Entire home/apt,178,30,84,2024-08-10,1.32,5,341,0,STR-547013
1150977939911878100,Brownstone Oversized Furnished Studio in Back Bay,89227862,1467081781703109609,Paul,,Back Bay,42.35145301197261,-71.08240416314436,Entire home/apt,193,30,1,2024-06-17,0.04,4,215,0,Exempt: This listing is a hotel or motel
17927755,Master Bedroom/Private Bathroom/Mission Hill/JP,106269675,1467288802190588317,Nadia S,,Mission Hill,42.32938,-71.11024,Private room,90,29,87,2026-02-07,0.78,1,265,3,
51274775,"Blueground | Brighton, gym, nr t, shops & food",107434423,1462889176402806013,Blueground,,Brighton,42.34777380000001,-71.1460998,Entire home/apt,,30,0,,,227,290,0,
872334269004776154,"1 bed/kitchen, 7 minutes to T",40995423,1465610092642600562,Bonnie,,Dorchester,42.31936111146322,-71.0576935235636,Entire home/apt,133,31,5,2025-12-20,0.13,9,320,1,
5048406,3rd floor room in Victorian House,26062958,1465354762850999162,Yvonne,,Dorchester,42.31124,-71.06551,Private room,65,29,41,2023-06-18,0.30,1,344,0,STR-415034
205894,Large bedroom in Victorian House/Room D,119019,1462510028211654672,Hermina,,Dorchester,42.29871,-71.05954,Private room,72,28,217,2024-10-08,1.21,6,254,0,STR-594613
1084914743229082161,Classic Boston Home | near T,151238588,1468485801760059563,Charlie,,Dorchester,42.3172247,-71.0598285,Entire home/apt,977,30,9,2025-06-28,0.32,2,344,1,STR-425117
13830152,Room w/fast wifi-next to T stop 10 min to downtown,21745230,1462618428769920746,Jurek,,Charlestown,42.38199,-71.07675,Private room,61,29,43,2026-04-10,0.36,12,244,2,
690101762087547698,AL/R4 Spacious & Sunny Room in Best Boston area!,412452734,1469879852987758528,Patrick,,Allston,42.35147,-71.13247,Private room,191,29,65,2026-04-30,1.41,4,253,3,Exempt: This listing is a unit that has contracts with hospitals
837439944560637250,"Blueground | Fenway, roof & gym, nr fenway park",107434423,1462889176402806013,Blueground,,Fenway,42.3475057,-71.1010258,Entire home/apt,,30,2,2024-06-28,0.06,227,334,0,
913145507585334187,"Spacious, New Renovation | Near T",151238588,1468485801760059563,Charlie,,Dorchester,42.3172101,-71.0598517,Entire home/apt,653,30,25,2025-11-03,0.87,2,298,5,STR-445060
892869396253416584,"Homey 2BR, In-Unit Laundry, Steps to Boston Center",150150201,1468477371156751878,Nova,,Brighton,42.34677,-71.14316,Entire home/apt,160,29,6,2026-03-21,0.17,7,46,4,
1390520896623579805,"Blueground | Seaport, gym & w/d, nr restaurants",107434423,1462889176402806013,Blueground,,South Boston Waterfront,42.3490612,-71.04471360000002,Entire home/apt,,30,0,,,227,221,0,
44776954,"Blueground | Seaport, gym, pool, & doorman",107434423,1462889176402806013,Blueground,,South Boston Waterfront,42.34906,-71.04471,Entire home/apt,,30,0,,,227,333,0,
763010832921670696,Chic Apt Seaport,20857768,1463140474528738801,Compass,,South Boston Waterfront,42.34988,-71.04433,Entire home/apt,283,29,1,2023-12-05,0.03,77,166,0,STR-590366
1267303097859346005,The Sumner Redline ~ Bedroom #1 | w/AC & W/D,71783,1462508362719740106,Swank Properties Boston,,Dorchester,42.31906,-71.06312,Private room,128,29,2,2026-05-31,0.21,52,340,2,
1299195201712015668,"Blueground | Downtown, gym & w/d, nr harbor",107434423,1462889176402806013,Blueground,,Downtown,42.3589214,-71.0541634,Entire home/apt,,30,0,,,227,361,0,
1237925267033311662,5BR 3Bth | Redline Subway Access,502043395,1468163786770865383,Jessica,,South Boston,42.32922041712783,-71.05708766039173,Entire home/apt,974,29,0,,,23,364,0,Exempt: This listing is a unit that has contracts with hospitals
561769,The Sky View Redline ~ Pvt Apt | 3BR 1BA w/AC & WD,71783,1462508362719740106,Swank Properties Boston,,Dorchester,42.31371,-71.06126,Entire home/apt,270,29,67,2024-02-27,0.40,52,319,0,
48806121,The Mayhew Redline ~ Bedroom #2 | 3BR 1B w/AC & WD,71783,1462508362719740106,Swank Properties Boston,,Dorchester,42.32096,-71.0604,Private room,106,29,6,2025-08-04,0.10,52,308,1,
41876953,The Roseclair Redline ~ Bedroom #1 | w/AC & W/D,71783,1462508362719740106,Swank Properties Boston,,Dorchester,42.32093,-71.05982,Private room,121,29,8,2024-08-24,0.11,52,319,0,
1462168233941212177,"Blueground | St. Elizabeth's, balcony, nr park",107434423,1462889176402806013,Blueground,,Brighton,42.346069,-71.145748,Entire home/apt,,30,0,,,227,346,0,
940287599154412651,"Blueground | Brighton, gym, nr groceries & shops",107434423,1462889176402806013,Blueground,,Brighton,42.346069,-71.145748,Entire home/apt,,30,0,,,227,289,0,
40439006,Bright Spacious Apt w/ Free On Street Parking,116319471,1468192932040018095,Greg And Alicia,,Dorchester,42.29144,-71.0664,Entire home/apt,141,29,15,2025-12-20,0.20,2,288,2,STR-416826
1466822480796357390,High End Apt Seaport with Pool,20857768,1463140474528738801,Compass,,South Boston Waterfront,42.3498534,-71.0443746,Entire home/apt,279,30,0,,,77,311,0,
1135638699692400030,One Bed in Boston High-Rise Building,22541573,1463182329140437053,Furnished Quarters,,South Boston Waterfront,42.353986230499544,-71.04690530507646,Entire home/apt,291,32,0,,,42,302,0,
1495783791211673510,Spacious Apt with Kitchen in Fenway,20857768,1463140474528738801,Compass,,Fenway,42.34291,-71.09904,Entire home/apt,466,30,0,,,77,258,0,
1145762023687319244,Stylish Boston Room Perfect for Culture Enjoyers,501999278,1468058277289999419,RoomPicks,,Bay Village,42.35042,-71.06731,Hotel room,665,1,1,2025-06-22,0.08,51,345,1,Exempt: This listing is a hotel or motel
1145767530075501492,Chic Hotel with Skyline Views! King Bed w/ Balcony,501999278,1468058277289999419,RoomPicks,,Bay Village,42.35042,-71.06731,Hotel room,494,1,3,2026-04-10,0.78,51,248,3,Exempt: This listing is a hotel or motel
1145753553376715744,2 Stylish Boutique Rooms w/ Rooftop Bar Access,501999278,1468058277289999419,RoomPicks,,Bay Village,42.35042,-71.06731,Hotel room,1330,1,0,,,51,351,0,Exempt: This listing is a hotel or motel
1462379514764514021,Elite Escapes | Boston Common. Fitness Center,566734323,1470523225276682417,The Newbury Boston,,Back Bay,42.35355,-71.07159,Private room,1404,1,0,,,10,166,0,Exempt: This listing is a hotel or motel
1145749055420702928,Downtown Boston Stay: Walk to Prime Attractions,501999278,1468058277289999419,RoomPicks,,Bay Village,42.35042,-71.06731,Hotel room,800,1,0,,,51,354,0,Exempt: This listing is a hotel or motel
1145755822770851603,4 Back Bay View Units | Revere Hotel |Pet-Friendly,501999278,1468058277289999419,RoomPicks,,Bay Village,42.35042,-71.06731,Hotel room,2660,1,0,,,51,348,0,Exempt: This listing is a hotel or motel
1145766380640568578,4 Superior Pet-Friendly Stay | Revere Hotel,501999278,1468058277289999419,RoomPicks,,Bay Village,42.35042,-71.06731,Hotel room,2624,1,0,,,51,326,0,Exempt: This listing is a hotel or motel
1145765015983446489,3 Superior 2 Queens | Revere Hotel | Downtown,501999278,1468058277289999419,RoomPicks,,Bay Village,42.35042,-71.06731,Hotel room,1968,1,0,,,51,327,0,Exempt: This listing is a hotel or motel
1145753293926550841,2 Back Bay View Rooms |Revere Hotel | Pet-Friendly,501999278,1468058277289999419,RoomPicks,,Bay Village,42.35042,-71.06731,Hotel room,1330,1,3,2025-07-21,0.12,51,351,1,Exempt: This listing is a hotel or motel
1145759473343417125,3 Urban Lofts Near Fenway Park - 2.3 miles,501999278,1468058277289999419,RoomPicks,,Bay Village,42.35042,-71.06731,Hotel room,1995,1,0,,,51,351,0,Exempt: This listing is a hotel or motel
1116001674858450357,Studio close to medical center/T,40995423,1465610092642600562,Bonnie,,Dorchester,42.32123082518254,-71.05774389947783,Entire home/apt,111,29,2,2025-08-14,0.08,9,364,1,
1704571806438001194,Prime 4BR | Boston Common & Theater District,66257167,1462771348534099944,Victoria,,Bay Village,42.3496827,-71.06765659999999,Entire home/apt,574,2,0,,,5,99,0,STR-398206
1145756854718157687,Modern Boston Stay w/ Authentic New England Dining,501999278,1468058277289999419,RoomPicks,,Bay Village,42.35042,-71.06731,Hotel room,665,1,0,,,51,314,0,Exempt: This listing is a hotel or motel
1305849801662465272,Brand new fully furnished studio,16098390,1462596593211522857,Wendy,,South End,42.344031560047576,-71.0740655424884,Entire home/apt,155,29,2,2025-10-26,0.18,2,212,2,
50074883,Historic Downtown Room Near Public Transports,5615582,1462541485493209733,RoomPicks Accommodations,,Downtown,42.35109,-71.06981,Private room,402,1,0,,,10,213,0,Exempt: This listing is a hotel or motel
1505897541321979279,Heart of South End • Cozy 1BR Close to All,717956143,1505897542282855250,Yaron,,South End,42.3453703,-71.0744632,Entire home/apt,133,29,2,2026-05-03,0.26,1,241,2,
1145765321567553804,3 Sleek Condos Near Freedom Trail – 2.5 Miles Away,501999278,1468058277289999419,RoomPicks,,Bay Village,42.35042,-71.06731,Hotel room,1968,1,1,2025-03-02,0.06,51,327,0,Exempt: This listing is a hotel or motel
1145756656258071731,Deluxe King Bay View | Revere Hotel | Pets OK,501999278,1468058277289999419,RoomPicks,,Bay Village,42.35042,-71.06731,Hotel room,665,1,0,,,51,314,0,Exempt: This listing is a hotel or motel
1503725199977234886,Downtown Boston Famous Nightlife Central Location,73341042,1466904707597137434,Natalia,,Downtown,42.35126,-71.06355,Entire home/apt,173,1,6,2026-03-29,1.01,2,228,6,STR-607331
1210102578043484857,Come Visit Boston and Stay In Our Homey Studio,316148588,1469597349305578876,TemplePlace,,Downtown,42.3550474,-71.0622106,Entire home/apt,231,1,13,2026-05-20,0.58,6,250,9,STR-605733
1679844537573791759,Walk to Boston Common: 3BR Townhome w/ Parking,66257167,1462771348534099944,Victoria,,Downtown,42.35029369689481,-71.06532271245703,Entire home/apt,924,2,1,2026-05-20,1,5,94,1,STR-398230
7713815,Ideal Location Near TD Garden and MGH #2,22348222,1462620857010380237,Maverick,,Beacon Hill,42.36017,-71.06346,Entire home/apt,358,1,265,2026-06-10,2.21,87,294,54,STR-415615
611884310638250746,Studio in the Heart of Boston!,205269848,1463151654282309832,Temple Place,,Downtown,42.355045318603516,-71.06221008300781,Entire home/apt,289,1,149,2026-06-01,3.07,8,237,33,STR-605731
7832890,Bright Beacon Hill Rental Close to MGH/TD Garden#7,22348222,1462620857010380237,Maverick,,Beacon Hill,42.36017,-71.06346,Entire home/apt,286,1,401,2026-06-12,3.28,87,248,46,STR-463200
45543382,Pet Friendly | Downtown Boston | With W/D,365116307,1469734785463392741,Brian & Heather,,Downtown,42.355235397569416,-71.06091070350858,Entire home/apt,316,1,280,2026-05-18,4.04,35,49,36,STR-438656
1505848494449497819,Beacon Hill Nights,505202449,1470271047431864686,Joseph,,Beacon Hill,42.3597441,-71.06426789999999,Entire home/apt,561,1,23,2026-05-21,2.53,11,329,23,LB-128070
47374576,Bright + Clean Studio Loft in Downtown Boston!,382451810,1469783251184910688,Healing Homes,,Downtown,42.35522,-71.05798,Entire home/apt,252,1,229,2026-05-22,3.59,43,154,25,STR-466827
1210101379338879422,Studio Ready 4 Students & Traveling Professionals,316148588,1469597349305578876,TemplePlace,,Downtown,42.355056736770834,-71.06221200170934,Private room,227,1,8,2025-11-16,0.36,6,278,5,STR-605711
8732121,Ideal Rental by MGH & TD Garden – Beacon Hill #10,22348222,1462620857010380237,Maverick,,Beacon Hill,42.36017,-71.06346,Entire home/apt,286,1,325,2026-05-22,2.52,87,332,19,STR-463203
46983441,4bed Loft | Steps to Boston Common + Beacon Hill,365116307,1469734785463392741,Brian & Heather,,Downtown,42.35575107251281,-71.06242661829393,Entire home/apt,576,1,318,2026-05-25,4.76,35,37,58,STR-466839
47408663,Studio walking distance to MGH and Tufts Medical,382451810,1469783251184910688,Healing Homes,,Downtown,42.35426,-71.0598,Entire home/apt,262,1,223,2026-05-15,3.46,43,179,22,STR-466817
1693133639367776139,Theatre District.5 Bost. Common. DownTown.54.8,757253,1462528464270965620,Lee,,Downtown,42.352219,-71.06393729999999,Entire home/apt,416,1,2,2026-06-08,2,12,356,2,Exempt: This listing is a unit that has contracts with hospitals
1392997071676445196,1BR apt in Downtown Boston 1459,657483974,1470651798436237535,E Stays,,Downtown,42.35127,-71.0643,Entire home/apt,234,1,43,2026-05-23,2.98,18,342,39,STR-586070
1387704808376208039,1BR with a view in Boston 8803,657483974,1470651798436237535,E Stays,,Downtown,42.352066632834294,-71.06526229138109,Entire home/apt,288,1,116,2026-06-08,8.37,18,353,105,STR-523178
51595864,Best Location Studio In Downtown Boston,205269848,1463151654282309832,Temple Place,,Downtown,42.355056736770834,-71.06221200170934,Entire home/apt,246,1,127,2026-05-10,2.32,8,259,21,STR-605736
1393751543041116558,Beautiful 2BR in Boston Theatre District 5146,212359760,1469109115483128123,Evonify Corporate & Medical Housing,,Downtown,42.35141,-71.06459,Entire home/apt,281,1,137,2026-06-06,9.49,65,353,127,STR-586293
47384885,Downtown Luxury Studio | Pets Welcome | WD in Bldg,382451810,1469783251184910688,Healing Homes,,Downtown,42.35569,-71.06002,Entire home/apt,322,1,199,2026-05-04,3.22,43,99,25,STR-466819
7514336,Convenient Beacon Hill Location Near TD Garden #11,22348222,1462620857010380237,Maverick,,Beacon Hill,42.36017,-71.06346,Entire home/apt,284,1,208,2026-06-11,1.71,87,339,21,STR-415628
1168848022411382766,Convenient Beacon Hill Rental by MGH & TD Garden#5,22348222,1462620857010380237,Maverick,,Beacon Hill,42.360458438448234,-71.06439709495504,Entire home/apt,286,1,108,2026-06-11,4.35,87,335,63,STR-415619
47374978,Boston Fidi Studio  Laundry in Building  Fast Wifi,382451810,1469783251184910688,Healing Homes,,Downtown,42.35596,-71.05992,Entire home/apt,287,1,309,2026-05-29,4.70,43,106,32,STR-466816
7514024,"Beacon Hill Gem, Close to TD Garden & MGH – #14",22348222,1462620857010380237,Maverick,,Beacon Hill,42.36017,-71.06346,Entire home/apt,358,1,242,2026-04-09,2.16,87,296,31,STR-463213
1398672395640409895,Studio in Theatre District 5930,657483974,1470651798436237535,E Stays,,Downtown,42.35116322983185,-71.0649843559197,Entire home/apt,280,1,46,2026-05-31,3.33,18,350,40,STR-523461
45493951,Luxury Furnished Loft near Park Street Station,365116307,1469734785463392741,Brian & Heather,,Downtown,42.35514,-71.06191,Entire home/apt,623,1,328,2026-05-15,4.73,35,59,40,STR-438654
48809197,Perfect Location | Boston Common | Park St Station,365116307,1469734785463392741,Brian & Heather,,Downtown,42.35731,-71.0624,Entire home/apt,338,1,348,2026-05-31,5.51,35,38,40,STR-438645
1503779299944362866,Beacon Hill Charm,505202449,1470271047431864686,Joseph,,Beacon Hill,42.3597441,-71.06426789999999,Entire home/apt,433,1,19,2026-06-04,2.18,11,358,19,LB-128070
19982161,"Cozy, Bright Studio in Back Bay/South End",12195484,1462882224920753028,Rada,,Back Bay,42.34728,-71.07585,Entire home/apt,142,29,30,2025-09-01,0.28,1,102,1,
13378923,Montgomery Place - Studio (Room 6),75997654,1466932865497505839,Kathe,,South End,42.34347,-71.07368,Entire home/apt,200,29,178,2026-05-02,1.48,3,186,2,
13494185,Montgomery Place - Parlor Room (Room 2),75997654,1466932865497505839,Kathe,,South End,42.34382,-71.07368,Entire home/apt,154,29,186,2026-05-31,1.54,3,43,1,
1462377865929495468,Classic Charm | Public Garden. Fitness Center,566734323,1470523225276682417,The Newbury Boston,,Back Bay,42.35169,-71.07195,Private room,1235,1,27,2026-05-25,2.53,10,168,27,Exempt: This listing is a hotel or motel
3969526,"Sensational South End - no stairs, 2BR, w/d, walk!",5408229,1462680129944965521,Liesl,,South End,42.33765,-71.07434,Entire home/apt,220,29,366,2026-05-05,2.56,1,45,3,
1680541741257262976,Newbury St Back Bay Condo Prudential Fast WiFi 1M,38005935,1624641620926033115,The Edit Collection,,Back Bay,42.3494765,-71.08383049999999,Entire home/apt,326,29,0,,,14,342,0,
1097829123363052224,"Perfect, Family Seaport 2BR w. Harbour Views",30283594,1465445680495565156,Global Luxury Suites I,,South Boston Waterfront,42.3513076,-71.0431838,Entire home/apt,701,30,1,2024-05-06,0.04,31,52,0,
1666689436255131729,"Private Room near Harvard, HBS & MIT",34761565,1465512808901420514,Francis,,Allston,42.36155739421822,-71.12494319071035,Private room,67,29,0,,,10,121,0,
1663908878790081197,"Modern Lux Seaport Convention center, 2BR 2BA APT",518882444,1470334797382667032,Greg,,South Boston Waterfront,42.34985,-71.04535,Entire home/apt,561,29,0,,,14,92,0,STR-127392
1426970555747653492,Luxury Apt with Gym In Seaport,20857768,1463140474528738801,Compass,,South Boston Waterfront,42.35276,-71.04651,Entire home/apt,608,10,0,,,77,307,0,STR-604533
828888465289215959,Private cozy bedroom in Boston.,474189195,1470138253325996213,Patrice,,Dorchester,42.30271148580186,-71.06850565262005,Private room,48,30,2,2023-05-14,0.05,1,156,0,
970255424387491666,"Ideal Location by Fenway, Berklee & Shopping, #404",22348222,1462620857010380237,Maverick,,Fenway,42.33935,-71.09415,Entire home/apt,198,1,64,2026-05-22,1.95,87,325,33,STR-540431
15559436,"Charming and sunny 1 Bed Apt. - Allston, Boston",100180968,1467203355655903819,Charles,,Allston,42.35674547117662,-71.12985878844387,Entire home/apt,122,29,401,2022-12-02,3.51,1,227,0,STR-416677
1563249647190491385,(C11) Fenway Back Bay Bright Studio!,563246552,1470512703190615862,Together We Rise,,Back Bay,42.34899,-71.09068,Entire home/apt,298,1,11,2026-05-31,1.79,50,262,11,STR-573181
1228193149412038243,Symphony Suites #4 | Back Bay & Fenway,814298,1462514414319387899,Stay Thatch,,Fenway,42.344471621496574,-71.08878461045073,Entire home/apt,413,1,48,2026-05-31,2.38,57,147,30,STR-568786
30740992,"Charming Studio (Fenway, Back Bay, Symphony)",51502814,1465805516005023385,Nancy,,Fenway,42.34129,-71.08766,Entire home/apt,283,2,187,2026-06-01,2.09,1,106,56,STR-409557
981176309557245367,Cozy 1BDR Close to Fenway!,275849638,1469454850382219508,Healing Homes,,Fenway,42.34932333395925,-71.09343258651612,Entire home/apt,279,1,96,2026-05-29,2.93,53,238,21,STR-461741
1420359610385477005,(3-31) Gorgeous newly renovated Back Bay Getaway!,693757423,1470728882327599253,Together We Rise,,Fenway,42.34744,-71.09072,Entire home/apt,450,1,45,2026-06-06,3.57,5,273,43,STR-571670
765269116404294925,Symphony Suites #1 | Back Bay & Fenway,814298,1462514414319387899,Stay Thatch,,Fenway,42.34450252864977,-71.08865586441802,Entire home/apt,394,1,30,2026-03-29,1.41,57,161,14,STR-568786
20785742,Symphony Place,148963669,1468457670161566777,Vicki H,,Fenway,42.34132,-71.08615,Entire home/apt,411,1,463,2026-06-15,4.34,1,100,59,STR-409563
1024031166284164679,(3-1) Charming Budget Friendly Back Bay Studio!,331225367,1469637405363276106,Foster Love,,Fenway,42.34782620453606,-71.09042789612064,Entire home/apt,247,1,89,2026-05-21,2.83,2,249,33,STR-571669
1431252437695347658,Luxury 4BR | 2.5BA Back Bay Duplex,9410008,1462813405226616143,Jason,,Back Bay,42.34920745378893,-71.09054871759881,Entire home/apt,1223,2,17,2026-05-31,1.50,19,241,17,STR-596357
970256334776552942,Stay in the Heart of Fenway & Berklee,22348222,1462620857010380237,Maverick,,Fenway,42.34681494729365,-71.09053291074052,Entire home/apt,317,1,658,2026-06-12,19.94,87,353,214,STR-540422
548433540428028477,Thatch™ Newbury Street | One-Bedroom Apt. #6,814298,1462514414319387899,Stay Thatch,,Back Bay,42.34786,-71.08623,Entire home/apt,546,1,52,2026-04-21,1.03,57,111,9,Exempt: This listing is a hotel or motel
12672097,Boston Brownstone,46846483,1465702328284485118,Giannoula,,Fenway,42.34626,-71.09049,Entire home/apt,467,1,353,2026-05-26,3.23,1,37,45,STR-546276
48093039,"Luxury 2 Bed, 2Bath apartment in Back Bay/Fenway!",275849638,1469454850382219508,Healing Homes,,Fenway,42.34882420341916,-71.09481479655527,Entire home/apt,597,1,316,2026-05-24,4.94,53,135,37,STR-438670
1513118314855183987,Seaport Apt with City Views and Pool,20857768,1463140474528738801,Compass,,South Boston Waterfront,42.3498534,-71.0443746,Entire home/apt,362,30,0,,,77,263,0,
1513117944504873553,Apt In Downtown Seaport with Pool and Gym,20857768,1463140474528738801,Compass,,South Boston Waterfront,42.3498534,-71.0443746,Entire home/apt,341,30,0,,,77,296,0,
1420227067297491316,"Blueground | FiDi , view, nr Boston Harbor",107434423,1462889176402806013,Blueground,,Downtown,42.3589214,-71.0541634,Entire home/apt,,30,0,,,227,313,0,
1426971791901508744,Apt Downtown Seaport with Access to Terrace,20857768,1463140474528738801,Compass,,South Boston Waterfront,42.3527874,-71.0464795,Entire home/apt,242,30,0,,,77,236,0,
1517410646244176669,"Blueground | Seaport, pool, nr Boston Harbor",107434423,1462889176402806013,Blueground,,South Boston Waterfront,42.35144,-71.043151,Entire home/apt,,30,0,,,227,311,0,
1513117055347636795,Modern Apt with City Views and Gym,20857768,1463140474528738801,Compass,,South Boston Waterfront,42.3498534,-71.0443746,Entire home/apt,311,30,0,,,77,323,0,
47425133,Classic furnished 1BR in Fenway in Brownstone Bldg,275849638,1469454850382219508,Healing Homes,,Fenway,42.34742,-71.09253,Entire home/apt,441,1,136,2026-04-28,2.20,53,90,22,STR-438668
1420393502008465643,"(41A) Direct Access, Private Studio in Beacon Hill",563246552,1470512703190615862,Together We Rise,,Beacon Hill,42.36068,-71.06966,Entire home/apt,278,1,51,2026-05-24,4.07,50,230,49,STR-571659
1461567374453455839,Steps from Fenway Park + Free Breakfast & Pool,566705299,1470523161067874396,The Verb Hotel,,Downtown,42.35113,-71.06941,Private room,375,1,241,2026-06-11,21.91,6,128,241,Exempt: This listing is a hotel or motel
970254250921550781,"Prime Location by Berklee College & Fenway, #304",22348222,1462620857010380237,Maverick,,Fenway,42.34159093155845,-71.09413088507534,Entire home/apt,336,1,115,2026-05-24,3.50,87,305,26,STR-540416
1103032447847052522,Historic Mayor's Mansion #2,144866724,1468424920385595906,Carolyn,,Beacon Hill,42.35846,-71.07213,Private room,194,1,224,2026-06-01,8.11,2,224,87,str-548979
32592761,Stunning BOSTON BROWNSTONE by interior designer,244969139,1469299908319850280,Keith,,Fenway,42.34918,-71.093,Entire home/apt,303,29,14,2025-11-01,0.17,1,268,1,
1228186881929324147,Symphony Suites #2 | Back Bay & Fenway,814298,1462514414319387899,Stay Thatch,,Fenway,42.344492334958915,-71.08887580555724,Entire home/apt,463,1,25,2026-04-05,1.21,57,155,14,STR-568786
45531129,Stunning 1 Bedroom in Luxury High Rise with Views,22541573,1463182329140437053,Furnished Quarters,,Fenway,42.34481,-71.08792,Entire home/apt,265,32,0,,,42,359,0,
1043730588496147940,Charming and Historic Apartment,55128873,1465903742535793894,Anne,,Beacon Hill,42.359827,-71.069176,Entire home/apt,402,1,141,2026-05-29,5.11,1,199,60,STR-546510
1462368140919848706,Timeless Stay | Freedom Trail. Fitness Center,566734323,1470523225276682417,The Newbury Boston,,Back Bay,42.35169,-71.07082,Private room,749,1,137,2026-06-11,12.42,10,173,137,Exempt: This listing is a hotel or motel
1685683869560056092,C8 Luxury 4 Bed/3.5 Bath in Fenway with Roofdeck!,717946252,1505867861207707885,Healing Homes,,Fenway,42.34788,-71.09445,Entire home/apt,1006,1,1,2026-06-01,1,35,72,1,STR-438671
7527149,Stunning Beacon Hill Boston Townhouse Apartment,10502779,1462842322345012399,Peter,,Beacon Hill,42.35623,-71.07023,Entire home/apt,1170,1,193,2026-06-06,1.46,1,150,23,STR-410129
918851329209115573,Modern 1BRs steps from Boston Common + South End,275849638,1469454850382219508,Healing Homes,,Downtown,42.351110332172645,-71.06699304116705,Entire home/apt,254,1,127,2026-04-21,3.52,53,190,24,STR-461741
15148487,BEAUTIFUL BEACON HILL 2 BEDROOM!,3731207,1462638182928986010,Kaitlyn,,Beacon Hill,42.3575,-71.07138,Entire home/apt,555,1,528,2026-05-30,4.48,3,226,61,STR-416028
1035614722596471076,Brand New 1 BR | 1 BA on Charles St,9410008,1462813405226616143,Jason,,Beacon Hill,42.35862,-71.0707,Entire home/apt,517,3,62,2026-05-29,2.12,19,244,23,STR-544867
1569571244622223072,"Beacon Hill MGH Close to Acorn St, Outdoor space*",37907846,1465567199260055273,Boston,,Beacon Hill,42.35831565404338,-71.07097444327948,Entire home/apt,333,1,20,2026-05-15,3.17,13,228,20,STR-595244
51143720,"(63-2) 2BR in Beacon Hill MGH, Children's, Suffolk",563246552,1470512703190615862,Together We Rise,,Beacon Hill,42.3597,-71.06796,Entire home/apt,533,1,123,2026-06-06,2.15,50,94,43,STR-559081
831005655020855662,Studio in Heart of Beacon Hill (Downtown Boston),3634393,1462635682429101229,Justin,,Beacon Hill,42.359362,-71.0682975,Entire home/apt,374,2,29,2026-05-30,1.41,2,279,27,STR-589859
35185474,Stay safe in the heart of Beacon Hill in Boston.,226035718,1469201944289078489,Lucy,,Beacon Hill,42.35844,-71.06763,Entire home/apt,409,1,182,2026-05-23,2.13,1,161,18,STR-445547
1673823540897598070,"Your Back Bay HQ: Steps to Pru, Fenway & Newbury!",24708689,1673823541698982164,Billy,,Fenway,42.34481,-71.0884,Entire home/apt,441,1,0,,,1,75,0,STR-625103
970253834535686815,"Steps from Fenway Park, Berklee & Newbury, #301",22348222,1462620857010380237,Maverick,,Fenway,42.34534,-71.09138,Entire home/apt,285,1,99,2026-06-07,3.04,87,249,53,STR-540412
970253359117204846,"Perfect Base Near Fenway & Berklee College, #206",22348222,1462620857010380237,Maverick,,Fenway,42.34675,-71.09135,Entire home/apt,323,1,86,2026-06-07,2.65,87,315,41,STR-540405
594799813398624561,"Blueground | Symphony, doorman & biz center",107434423,1462889176402806013,Blueground,,Fenway,42.34518,-71.08706,Entire home/apt,,30,1,2022-08-13,0.02,227,256,0,
828431379798940279,Stunning Back Bay | 1Br / 1Bth,275849638,1469454850382219508,Healing Homes,,Back Bay,42.34844,-71.08605,Entire home/apt,299,1,119,2026-05-31,2.98,53,108,22,STR-520913
985434237035903198,"Walk to Berklee, Fenway & Newbury St",22348222,1462620857010380237,Maverick,,Fenway,42.34658,-71.08952,Entire home/apt,254,1,334,2026-06-06,10.11,87,352,139,STR-540439
53124490,"(N3R) Clean and Comfortable Studio, Top Location!",563246552,1470512703190615862,Together We Rise,,Back Bay,42.34896,-71.08641,Entire home/apt,519,1,268,2026-05-31,4.83,50,226,51,STR-543851
1130744115505846334,2 Bedroom Unit w/ Elevator & In-Unit Laundry,89227862,1467081781703109609,Paul,,Roxbury,42.337246872820245,-71.08557851758722,Entire home/apt,304,30,17,2026-01-18,0.67,4,285,1,Exempt: This listing is a unit used for furnished institutional or business stays
45531118,Beautiful Two Bedroom near Prudential Center,22541573,1463182329140437053,Furnished Quarters,,Fenway,42.34435,-71.08762,Entire home/apt,348,32,0,,,42,295,0,
991224498169799601,Prime Location by Fenway & Berklee College,22348222,1462620857010380237,Maverick,,Fenway,42.34623680055352,-71.09133845270514,Entire home/apt,227,1,117,2026-06-06,3.60,87,344,47,STR-540397
968895944857297752,"Ideal Spot Near Fenway & Berklee College, Ground L",22348222,1462620857010380237,Maverick,,Fenway,42.33964,-71.0938,Entire home/apt,323,1,103,2026-06-11,3.17,87,331,41,STR-540387
970253656712625913,"In the Center of Fenway, Berklee & Newbury, #209",22348222,1462620857010380237,Maverick,,Fenway,42.33963722877396,-71.09398343821611,Entire home/apt,224,1,81,2026-05-22,2.46,87,347,27,STR-540410
970255334813267456,"Fenway Park & Berklee College Just Steps Away, #40",22348222,1462620857010380237,Maverick,,Fenway,42.33947,-71.09381,Entire home/apt,214,1,26,2026-05-02,0.79,87,344,11,STR-540428
48713521,Beautiful 1BR near Fenway Park + Kenmore!,275849638,1469454850382219508,Healing Homes,,Fenway,42.3493129120797,-71.09268140663436,Entire home/apt,353,1,217,2026-04-10,3.43,53,114,16,STR-438669
970253404738966318,"Walk to Fenway, Berklee College & More, #207",22348222,1462620857010380237,Maverick,,Fenway,42.34484487859594,-71.0906269950402,Entire home/apt,323,1,65,2026-06-11,1.98,87,342,23,STR-540409
1045997580495005942,"Just Steps to Fenway Park & Berklee College, #107",22348222,1462620857010380237,Maverick,,Fenway,42.344775060259394,-71.0897079080066,Entire home/apt,192,1,134,2026-05-31,4.48,87,326,45,STR-540399
970254959601719331,"Steps from Fenway Park, Berklee & Newbury, #401",22348222,1462620857010380237,Maverick,,Fenway,42.34659,-71.0892,Entire home/apt,233,1,107,2026-05-27,3.25,87,251,39,STR-540426
970253349165956159,"Central to Fenway, Berklee & Newbury St, #204",22348222,1462620857010380237,Maverick,,Fenway,42.34007,-71.09347,Entire home/apt,302,1,48,2026-05-21,1.59,87,357,29,STR-540403
968896521543854465,"Central Location by Fenway & Berklee College, Grou",22348222,1462620857010380237,Maverick,,Fenway,42.33951673701451,-71.09350181962292,Entire home/apt,220,1,63,2026-05-24,1.95,87,321,20,STR-540389
1228196988693698602,Symphony Suites #5 | Back Bay & Fenway,814298,1462514414319387899,Stay Thatch,,Fenway,42.34453028283857,-71.08880070370482,Entire home/apt,437,1,29,2026-06-01,1.45,57,129,20,STR-568786
970254498756780127,"Walk to Fenway, Berklee & Iconic Boston Spots, #30",22348222,1462620857010380237,Maverick,,Fenway,42.341708921510254,-71.09485568035703,Entire home/apt,259,1,31,2026-04-20,0.94,87,324,7,STR-540419
1228191469933322691,Symphony Suites #3 | Back Bay & Fenway,814298,1462514414319387899,Stay Thatch,,Fenway,42.344538212604576,-71.08875778836058,Entire home/apt,414,1,21,2026-05-30,0.99,57,154,11,STR-568786
970252331842180905,Boston Getaway: Steps to Fenway & Top Sights #103,22348222,1462620857010380237,Maverick,,Fenway,42.33969,-71.09415,Entire home/apt,220,1,47,2026-06-08,1.42,87,316,15,STR-540393
970256340308687936,"Stay Near Berklee College, Fenway & Newbury, #402",22348222,1462620857010380237,Maverick,,Fenway,42.34167,-71.09485,Entire home/apt,269,1,51,2026-05-23,1.56,87,318,12,STR-540427
828424408884495054,Wonderful Newbury 1 Bedroom!,275849638,1469454850382219508,Healing Homes,,Back Bay,42.34870643018961,-71.08644605772977,Entire home/apt,474,1,73,2026-05-29,1.82,53,247,14,STR-520914
666718114959412512,Lovely Fenway 1br | New to Airbnb!,275849638,1469454850382219508,Healing Homes,,Fenway,42.34782782682846,-71.09417717227724,Entire home/apt,270,1,190,2026-05-01,3.97,53,248,10,STR-438668
828416110846192220,Centrally Located Back Bay 1Br!,275849638,1469454850382219508,Healing Homes,,Back Bay,42.34819947769173,-71.08644007542718,Entire home/apt,431,1,100,2026-05-26,2.57,53,215,22,STR-520912
968898839815162155,"Walk to Berklee College & Fenway Park, #202",22348222,1462620857010380237,Maverick,,Fenway,42.3405182,-71.0945877,Entire home/apt,602,1,39,2026-02-01,1.19,87,326,10,STR-540401
828386525464240771,Beautiful Newbury St. 1Br,275849638,1469454850382219508,Healing Homes,,Back Bay,42.3486,-71.08625,Entire home/apt,299,1,103,2026-06-01,3.28,53,259,24,STR-520909
970255487139401897,"Live by Fenway Park & Berklee College, #405",22348222,1462620857010380237,Maverick,,Fenway,42.33941039268015,-71.09387939893679,Entire home/apt,323,1,38,2026-05-27,1.19,87,353,10,STR-540432
1108589051665649031,The Bellevue Haven,508760846,1470287040651446298,Laurence,,Downtown,42.35848,-71.06209,Entire home/apt,40,91,0,,,1,187,0,
1534844486794581791,Charming Beacon Hill 2brm/1.5bath,2006852,1462521630116987053,Jay,,Beacon Hill,42.36088,-71.06968,Entire home/apt,529,1,19,2026-06-01,2.57,25,300,19,STR-605081
1461574612056907090,Steps from MGM Music Hall + Free Breakfast & Pool,566705299,1470523161067874396,The Verb Hotel,,Downtown,42.35143,-71.06869,Private room,257,1,40,2026-06-08,4.38,6,131,40,Exempt: This listing is a hotel or motel
761463490529718145,"(63-3) Beacon Hill, Location! near MGH &T station!",563246552,1470512703190615862,Together We Rise,,Beacon Hill,42.35931,-71.06947,Entire home/apt,401,1,96,2026-05-21,2.22,50,98,37,STR-559081
1069761491047844142,Historic Mayor’s Mansion #1,144866724,1468424920385595906,Carolyn,,Beacon Hill,42.358874,-71.07106379999999,Private room,212,1,191,2026-05-29,6.91,2,223,92,str-548979
1461573175842836992,Walk to Fenway Park with Free Breakfast & Pool,566705299,1470523161067874396,The Verb Hotel,,Beacon Hill,42.35284,-71.06835,Private room,375,1,248,2026-06-14,24.16,6,93,248,Exempt: This listing is a hotel or motel
1022712051180408897,"(MGH7-2) Public Gardens, Hospitals, Dining, Shops!",351555234,1469701250380087434,Foster Love,,Beacon Hill,42.36074191274217,-71.06712585168069,Entire home/apt,437,1,64,2026-06-07,2.45,1,149,22,str-543851
50730611,Airy 1BR Walkable to Everywhere in Boston | W+D,275849638,1469454850382219508,Healing Homes,,Bay Village,42.34971,-71.06718,Entire home/apt,341,1,207,2026-05-28,3.45,53,258,24,STR-451333
1462373893574404767,Luxuriant Stay | Freedom Trail. Library,566734323,1470523225276682417,The Newbury Boston,,Back Bay,42.3518,-71.07141,Private room,678,1,14,2026-05-30,1.74,10,167,14,Exempt: This listing is a hotel or motel
703775139748348565,Condo in downtown Boston,182406463,1468759963794596355,Griffin,,Bay Village,42.34982,-71.06879,Entire home/apt,728,1,159,2026-05-31,3.50,1,211,43,STR-544848
554943232446067139,"Beacon Hill, J. Miller Flats - 1 Bedroom Flat #2",814298,1462514414319387899,Stay Thatch,,Beacon Hill,42.358532,-71.070816,Entire home/apt,402,1,108,2026-06-07,2.38,57,87,25,Exempt: This listing is a hotel or motel
554364781966575409,"Beacon Hill, J. Miller Flats - Studio Flat #5",814298,1462514414319387899,Stay Thatch,,Beacon Hill,42.35925,-71.07145,Entire home/apt,405,1,70,2026-05-29,1.38,57,159,9,Exempt: This listing is a hotel or motel
1705078163275113449,Top-Floor 3BR | Walk to Boston Common,66257167,1462771348534099944,Victoria,,Bay Village,42.3496827,-71.06765659999999,Entire home/apt,1124,2,0,,,5,98,0,STR-398206
32764882,Beautiful Beacon Hill Home - Amazing Location!,2006852,1462521630116987053,Jay,,Beacon Hill,42.3607,-71.06916,Entire home/apt,508,1,282,2026-05-25,3.18,25,296,41,STR-458282
1145761904038519806,"Deluxe King City View, Revere Hotel, Rooftop Bar",501999278,1468058277289999419,RoomPicks,,Bay Village,42.35042,-71.06731,Hotel room,665,1,7,2026-06-07,1.71,51,345,7,Exempt: This listing is a hotel or motel
35161089,Gorgeous Beacon Hill 1BR | 1BA,3731207,1462638182928986010,Kaitlyn,,Beacon Hill,42.35784,-71.0712,Entire home/apt,531,1,362,2026-05-22,4.24,3,231,52,STR-414826
1632868074461888946,"2BR -North End, Little Italy | Walk to TD Garden",37907846,1465567199260055273,Boston,,North End,42.36639656206529,-71.05730393572082,Entire home/apt,206,29,1,2026-05-23,1,13,184,1,STR-583182
803367130300649396,"Blueground | N Station, w/d & gym, nr td garden",107434423,1462889176402806013,Blueground,,Downtown,42.365947,-71.063473,Entire home/apt,329,30,1,2025-08-31,0.10,227,365,1,
30981268,"BACK BAY walk to Berklee, Northeastern, Newbury St",180283497,1468740504050487740,Michelle,,Fenway,42.34622,-71.0904,Entire home/apt,155,29,3,2021-06-14,0.03,7,311,0,
12269155,Boston Apartment (North End),66084480,1466816935404124481,Richard,,Downtown,42.36332,-71.05897,Entire home/apt,142,29,405,2024-10-01,3.27,1,306,0,STR-409365
927504954586144067,Cozy & Modern 1 BDR | Fenway within minutes!,275849638,1469454850382219508,Healing Homes,,Fenway,42.34751,-71.09374,Entire home/apt,232,29,6,2026-03-04,0.17,53,240,1,STR-531873
1462375040620365120,Timeless Journey | Public Garden. Fitness Center,566734323,1470523225276682417,The Newbury Boston,,Back Bay,42.35365,-71.07208,Private room,587,1,25,2026-06-09,2.37,10,93,25,Exempt: This listing is a hotel or motel
1375662640245506811,"Classically Elegant, Quiet Beacon Hill Penthouse",263259492,1469392364831037501,Deidre,,Beacon Hill,42.35772,-71.07109,Entire home/apt,1040,1,28,2026-05-04,1.89,2,203,20,STR-586938
1658895095513751452,Renovated 2BR | 1.5BA on Charles St,9410008,1462813405226616143,Jason,,Beacon Hill,42.360872648120726,-71.07072195075777,Entire home/apt,1246,4,4,2026-05-31,2.11,19,237,4,STR-623137
909639754097586151,"Spacious, Sun-filled Brownstone in Heart of Boston",443587558,1470000542470956785,Tiffany,,Bay Village,42.3498155,-71.068324,Entire home/apt,1339,1,127,2026-06-05,3.51,2,273,25,STR-593564
1462375944026987206,Iconic Experience | Aquarium. Library,566734323,1470523225276682417,The Newbury Boston,,Downtown,42.35199,-71.07016,Private room,982,1,10,2026-05-18,1.04,10,168,10,Exempt: This listing is a hotel or motel
555701180743803386,"Beacon Hill, J. Miller Flats- 1 Bedroom Flat #8",814298,1462514414319387899,Stay Thatch,,Beacon Hill,42.358532,-71.070816,Entire home/apt,460,1,61,2026-06-13,1.24,57,162,22,Exempt: This listing is a hotel or motel
36558814,"The Whitney Boston, Classic Double Queen",270304636,1469427911635475172,The  Whitney Hotel,,West End,42.36146,-71.07193,Private room,949,1,1,2026-03-07,0.29,1,317,1,Exempt: This listing is a hotel or motel
1462368981465541902,Timeless Emblem | Boston Common. Fitness Center,566734323,1470523225276682417,The Newbury Boston,,Back Bay,42.35206,-71.07198,Private room,666,1,23,2026-04-24,2.37,10,163,23,Exempt: This listing is a hotel or motel
1145758585727918138,2 Pet-Friendly Rooms in Boston Perfect for Groups,501999278,1468058277289999419,RoomPicks,,Bay Village,42.35042,-71.06731,Hotel room,1330,1,1,2026-05-16,0.94,51,351,1,Exempt: This listing is a hotel or motel
1618649998622846225,"Large single room. Clean, conveniently located.",27842033,1465410891983561891,Bernard,,Dorchester,42.28428,-71.07,Private room,28,91,0,,,7,365,0,
45680010,"Blueground | Symphony, doorman, nr t stop & mfa",107434423,1462889176402806013,Blueground,,Fenway,42.34518,-71.08706,Entire home/apt,,30,1,2023-05-07,0.03,227,326,0,
1437094411449057729,One-bedroom apartment in Boston's central Back Bay,22541573,1463182329140437053,Furnished Quarters,,Fenway,42.34429,-71.08678,Entire home/apt,265,32,0,,,42,281,0,
598404279154016952,"Blueground | Symphony, doorman & biz center",107434423,1462889176402806013,Blueground,,Fenway,42.34449,-71.08671,Entire home/apt,,30,0,,,227,330,0,
1145752512396971229,Historic Suites - Infused w/ Boston's Rebel Spirit,501999278,1468058277289999419,RoomPicks,,Bay Village,42.35042,-71.06731,Hotel room,665,1,2,2026-05-15,0.20,51,351,2,Exempt: This listing is a hotel or motel
1618741540488363209,Boston West End 1BR Retreat with Washer and Dryer,446663042,1470011979431415984,Sagar,,West End,42.36409,-71.07033,Entire home/apt,427,14,0,,,2,66,0,STR-595473
695608646617952363,"Beacon Hill, J. Miller Flats - 3 Bedroom Flat #1",814298,1462514414319387899,Stay Thatch,,Beacon Hill,42.35738,-71.07152,Entire home/apt,1529,1,97,2026-05-05,2.11,57,159,17,Exempt: This listing is a hotel or motel
1145766208520174151,4 Vibrant Stays Close to Newbury Street – 0.5 Mi.,501999278,1468058277289999419,RoomPicks,,Bay Village,42.35042,-71.06731,Hotel room,2624,1,3,2026-02-22,0.23,51,326,1,Exempt: This listing is a hotel or motel
1384136265758595294,Welcoming Room in the Heart of Boston's History,5615582,1462541485493209733,RoomPicks Accommodations,,Downtown,42.3510893,-71.0698111,Hotel room,334,1,1,2025-10-06,0.12,10,158,1,Exempt: This listing is a hotel or motel
49541030,Simple 1BR steps to Boston Common and South End!,275849638,1469454850382219508,Healing Homes,,Bay Village,42.34997,-71.0672,Entire home/apt,287,1,223,2026-04-24,3.64,53,181,19,STR-461743
1484350017732443089,Back-Bay 2BR Downtown & Parking 9100,463475392,1469699457630744455,Jonah Magno,,Bay Village,42.3506193,-71.06774899999999,Entire home/apt,748,1,19,2026-05-29,1.88,8,283,19,STR-523178
1381149023615393580,Historic Boston Stay | Spacious Family Room,5615582,1462541485493209733,RoomPicks Accommodations,,Downtown,42.3510893,-71.0698111,Hotel room,570,1,2,2025-07-06,0.17,10,152,2,Exempt: This listing is a hotel or motel
19308245,"Beacon Hill, J. Miller Flats - Studio Flat #9",814298,1462514414319387899,Stay Thatch,,Beacon Hill,42.35956,-71.07184,Entire home/apt,466,1,142,2025-11-01,1.31,57,167,6,Exempt: This listing is a hotel or motel
555679630501138101,"Beacon Hill, J. Miller Flats - 1 Bedroom Flat #4",814298,1462514414319387899,Stay Thatch,,Beacon Hill,42.358532,-71.070816,Entire home/apt,425,1,58,2026-06-09,1.15,57,147,14,Exempt: This listing is a hotel or motel
1145757458387555192,Modern Boston Stay w/ Authentic New England Dining,501999278,1468058277289999419,RoomPicks,,Bay Village,42.35042,-71.06731,Hotel room,665,1,2,2026-05-25,0.24,51,351,2,Exempt: This listing is a hotel or motel
1145763221330817914,2 Modern Suites w/ Authentic New England Dining,501999278,1468058277289999419,RoomPicks,,Bay Village,42.35042,-71.06731,Hotel room,1312,1,25,2026-06-07,1.08,51,329,24,Exempt: This listing is a hotel or motel
1145762772573085189,Superior 2 Queens | Revere Hotel | Pets Allowed,501999278,1468058277289999419,RoomPicks,,Bay Village,42.35042,-71.06731,Hotel room,656,1,4,2026-02-15,0.29,51,338,1,Exempt: This listing is a hotel or motel
555694101481790337,"Beacon Hill, J. Miller Flats - Studio Flat #7",814298,1462514414319387899,Stay Thatch,,Beacon Hill,42.358532,-71.070816,Entire home/apt,288,1,48,2025-12-15,0.96,57,131,8,Exempt: This listing is a hotel or motel
1029841788256905786,Central Beacon Hill 2brm,2006852,1462521630116987053,Jay,,West End,42.36142206052489,-71.06718317321649,Entire home/apt,630,1,90,2026-05-24,3.01,25,68,31,STR-445052
1145757720673204162,Deluxe 2Q City View |  Revere Hotel | Pets OK,501999278,1468058277289999419,RoomPicks,,Bay Village,42.35042,-71.06731,Hotel room,665,1,10,2026-05-17,0.66,51,351,8,Exempt: This listing is a hotel or motel
1538146120724232818,Stylish Boston Getaway | Rooftop & Fireplace,8548866,1462770153709461469,Loic,,Bay Village,42.34954,-71.06912,Entire home/apt,455,1,39,2026-06-14,5.15,2,32,39,STR-605974
1700859219215641737,Adults-only property in Downtown Boston,575016942,1470570540427304604,Hotel Ivy Boston Common,,Back Bay,42.35066,-71.07126,Private room,,1,0,,,3,0,0,Exempt: This listing is a hotel or motel
1145750192429408467,Sophisticated Stay w/ Rooftop Bar! Pet-friendly,501999278,1468058277289999419,RoomPicks,,Bay Village,42.35042,-71.06731,Hotel room,685,1,4,2025-07-21,0.18,51,354,2,Exempt: This listing is a hotel or motel
1265190265531865044,(MGH9-4) Bright Beacon Hill Studio,563246552,1470512703190615862,Together We Rise,,Beacon Hill,42.35861,-71.06574,Entire home/apt,325,1,54,2026-06-06,2.68,50,47,31,STR-575780
32330630,Near T & Everything You Need!,205269848,1463151654282309832,Temple Place,,Downtown,42.35505676269531,-71.06221008300781,Entire home/apt,291,1,94,2025-12-14,1.06,8,252,3,STR-605725
1210101847859646885,Temple Place Suites: Book Today!,316148588,1469597349305578876,TemplePlace,,Downtown,42.355056736770834,-71.06221200170934,Private room,274,1,15,2026-04-21,0.76,6,265,13,STR-605712
875636434000056617,Ottoman Cot in Beacon Hill,80104460,1462826007402404117,Peter,,Beacon Hill,42.3581736763962,-71.06559134916827,Shared room,109,2,139,2026-06-14,3.69,3,337,34,STR-590834
7635616,"Beacon Hill – Prime Location, Near MGH #9",22348222,1462620857010380237,Maverick,,Beacon Hill,42.36017,-71.06346,Entire home/apt,286,1,383,2026-05-30,2.97,87,317,53,STR-463202
49024263,Beacon Hills Studio next to State house,162705378,1468583466857347272,Huanan,,Beacon Hill,42.35891,-71.06615,Entire home/apt,244,1,475,2026-05-29,7.77,2,188,80,STR-447285
555687465826158315,"Beacon Hill, J. Miller Flats - 1 Bedroom Flat #6",814298,1462514414319387899,Stay Thatch,,Beacon Hill,42.358532,-71.070816,Entire home/apt,402,1,102,2026-05-18,2.01,57,161,14,Exempt: This listing is a hotel or motel
616252860883053851,"Boston Studio, Ready For Long & Short Stays",205269848,1463151654282309832,Temple Place,,Downtown,42.355045318603516,-71.06221008300781,Private room,227,1,89,2025-12-07,1.84,8,232,4,STR-605700
1624641620115852821,306B HUGE Downtown Boston Studio | Walk Everywhere,38005935,1624641620926033115,The Edit Collection,,Downtown,42.35731,-71.06106,Entire home/apt,472,2,6,2026-06-14,3.16,14,56,6,STR-538621
53801849,Experience Boston At It’s Finest!,183914990,1468950528562905637,Edmund,,Downtown,42.35505,-71.06221,Entire home/apt,252,1,99,2026-05-24,1.86,4,263,18,STR-605721
11202183,Second Oldest Home in Beacon Hill,58330337,1466699133157135910,Norah,,Beacon Hill,42.35786,-71.06482,Entire home/apt,451,1,862,2026-06-09,7.08,1,175,69,STR-411266
1076589985818740025,"Blueground | N Station, w/d & gym, nr restaurants",107434423,1462889176402806013,Blueground,,Downtown,42.365947,-71.063473,Entire home/apt,,30,0,,,227,128,0,
1081084560972670695,"Blueground | North Station, gym & w/d, nr shopping",107434423,1462889176402806013,Blueground,,Downtown,42.365947,-71.063473,Entire home/apt,,30,0,,,227,138,0,
48361088,"Long OR Short Term Stays, Affordable Boston Stay",183914990,1468950528562905637,Edmund,,Downtown,42.355056736770834,-71.06221200170934,Private room,227,1,418,2026-05-26,6.73,4,289,53,STR439290
46385021,"Blueground | N. Station, gym, w/d, doorman",107434423,1462889176402806013,Blueground,,Downtown,42.364773,-71.063143,Entire home/apt,,30,1,2022-10-26,0.02,227,60,0,
45502178,Luxury Loft | Boston Common | Monthly Discount,365116307,1469734785463392741,Brian & Heather,,Downtown,42.35558323953741,-71.0605228734014,Entire home/apt,390,1,389,2026-05-24,5.61,35,34,58,STR-438652
46135135,"Studio w/ Parking Near MGH, TD Garden & Waterfront",130680380,1468309000716951437,Jodie,,North End,42.36745,-71.05735,Entire home/apt,253,29,26,2025-08-09,1.23,18,346,6,STR-461702
1432661102324453444,Luxury Apt with City Views and Pool,20857768,1463140474528738801,Compass,,Downtown,42.3655039,-71.0621412,Entire home/apt,362,30,0,,,77,283,0,
1110247883520872149,Spacious Private Brownstone Apt,174771378,1468695401547691117,Solomon,,Roxbury,42.32197,-71.07767,Private room,14,91,1,2025-06-16,0.08,1,282,0,
46984210,Just Perfect Studio For Your Next Stay,183914990,1468950528562905637,Edmund,,Downtown,42.355056736770834,-71.06221200170934,Entire home/apt,228,1,104,2026-05-16,1.70,4,238,15,Exempt: This listing is a hotel or motel
1145752166427766606,Deluxe 2Q Bay View | Revere Hotel | Pet-Friendly,501999278,1468058277289999419,RoomPicks,,Bay Village,42.35042,-71.06731,Hotel room,665,1,30,2026-06-07,1.69,51,351,28,Exempt: This listing is a hotel or motel
48231177,Stylish Studio in Downtown Boston!,316148588,1469597349305578876,TemplePlace,,Downtown,42.35505294799805,-71.06218719482422,Entire home/apt,291,1,130,2026-05-02,2.04,6,251,18,STR-605732
9133627,Beacon Hill Rental Close to MGH & TD Garden – #4,22348222,1462620857010380237,Maverick,,Beacon Hill,42.36017,-71.06346,Entire home/apt,335,1,326,2026-06-06,2.78,87,296,31,STR-415618
1503701734227604929,Beacon Luxe Suites,505202449,1470271047431864686,Joseph,,Beacon Hill,42.3597441,-71.06426789999999,Entire home/apt,491,1,25,2026-06-01,2.71,11,333,25,LB-128070
1036342258423737388,"Couple Room, Pets Are Allowed | Historic Stay",495439249,1467843438231800144,RoomPicks,,Downtown,42.35104,-71.06971,Private room,343,1,1,2023-12-10,0.03,3,51,0,Exempt: This listing is a hotel or motel
50074897,Steps from Boston’s Theater Scene | Couple Stay,5615582,1462541485493209733,RoomPicks Accommodations,,Downtown,42.35109,-71.06981,Private room,402,1,0,,,10,230,0,Exempt: This listing is a hotel or motel
32330134,"Peaceful Retreat In Boston Near T, Easy Commuting!",205269848,1463151654282309832,Temple Place,,Downtown,42.355056736770834,-71.06221200170934,Entire home/apt,234,1,77,2026-04-25,0.87,8,257,8,STR-605727
50074878,Stay in the Heart of Boston Theater District,5615582,1462541485493209733,RoomPicks Accommodations,,Downtown,42.3510893,-71.0698111,Private room,433,1,0,,,10,194,0,Exempt: This listing is a hotel or motel
1145767388513799958,Superior King | Revere Hotel | Near Restaurants,501999278,1468058277289999419,RoomPicks,,Bay Village,42.35042,-71.06731,Hotel room,494,1,0,,,51,248,0,Exempt: This listing is a hotel or motel
53787344,Downtown Stylish Boston Studio,183914990,1468950528562905637,Edmund,,Downtown,42.355045318603516,-71.06221008300781,Entire home/apt,237,1,92,2026-05-31,1.75,4,264,22,STR-605734
1694431446368342440,305B 1BR Loft Steps from Boston Common Centralized,38005935,1624641620926033115,The Edit Collection,,Downtown,42.3573386,-71.06158049999999,Entire home/apt,337,2,1,2026-06-04,1,14,110,1,STR-897357
47374701,Downtown Studio | Students Welcome | W/D in unit,382451810,1469783251184910688,Healing Homes,,Downtown,42.35392,-71.05954,Entire home/apt,279,1,223,2026-05-23,3.48,43,145,19,STR-466823
47373862,"Simple Studio -Walk to MGH, Beacon Hill, North End",382451810,1469783251184910688,Healing Homes,,Downtown,42.35573,-71.05994,Entire home/apt,277,1,267,2026-04-21,4.07,43,190,16,STR-466829
48805748,Centralized Downtown Location | On-site Parking,365116307,1469734785463392741,Brian & Heather,,Downtown,42.35528350930719,-71.06044446350509,Entire home/apt,253,1,357,2026-05-31,5.68,35,61,55,STR-466834
21182192,"Dream Location! Private Deck, Parking for Rent",96442537,1467161812323019388,Margarita,,Bay Village,42.34971,-71.06862,Entire home/apt,744,1,516,2026-06-07,4.88,1,94,60,STR-408041
1145763502409930730,2 Superior 2 Queens | Revere Hotel | Pet-Friendly,501999278,1468058277289999419,RoomPicks,,Bay Village,42.35042,-71.06731,Hotel room,1312,1,1,2026-05-16,0.94,51,329,1,Exempt: This listing is a hotel or motel
1700859714297784828,Near Fenway Park & Attractions | Adults Only,575016942,1470570540427304604,Hotel Ivy Boston Common,,Back Bay,42.35019,-71.0719,Private room,,1,0,,,3,0,0,Exempt: This listing is a hotel or motel
32330465,Stylish Affordable Downtown Boston Studio!,205269848,1463151654282309832,Temple Place,,Downtown,42.35505676269531,-71.06221008300781,Entire home/apt,264,1,141,2026-06-01,1.58,8,269,21,STR-605741
875616931050269215,Private Double Bedroom in Beacon Hill (Bedroom #2),80104460,1462826007402404117,Peter,,Beacon Hill,42.360177705013044,-71.06564076074733,Private room,246,2,142,2026-06-15,3.79,3,325,29,STR-590834
1341387295792885955,Loft style 2BR unit in Boston Southend 4759,212359760,1469109115483128123,Evonify Corporate & Medical Housing,,South End,42.34267,-71.06416,Entire home/apt,240,29,12,2025-07-13,0.76,65,328,3,STR-098345
1115799055101261306,Boston Private Room | Public Transport 3 min walk,502043395,1468163786770865383,Jessica,,South Boston,42.32985,-71.05543,Private room,,29,2,2024-04-16,0.07,23,0,0,Exempt: This listing is a unit that has contracts with hospitals
1495784150868118716,Gorgeous Apt with Kitchen and Lounge,20857768,1463140474528738801,Compass,,Fenway,42.3429115,-71.0990346,Entire home/apt,306,30,0,,,77,359,0,
46982433,Pet Friendly |  3bd 2ba Flat steps to Beacon Hill,365116307,1469734785463392741,Brian & Heather,,Downtown,42.35721,-71.06153,Entire home/apt,401,1,393,2026-05-30,5.90,35,52,51,STR-466841
1498753968907890683,"(MGH9-1) First Floor, W/D, Hospitals, Dining, More",563246552,1470512703190615862,Together We Rise,,Beacon Hill,42.36061730578153,-71.06707555441325,Entire home/apt,366,1,30,2026-06-09,3.28,50,150,30,STR-543851
1145759377433974582,3 Deluxe 2Q City View | Revere Hotel | Rooftop Bar,501999278,1468058277289999419,RoomPicks,,Bay Village,42.35042,-71.06731,Hotel room,1995,1,5,2025-11-02,0.26,51,351,3,Exempt: This listing is a hotel or motel
1210117867434037810,"Boston Studio, Ready For Long & Short Stays",316148588,1469597349305578876,TemplePlace,,Downtown,42.355087,-71.062149,Private room,184,1,15,2026-03-17,0.67,6,254,11,STR-605701
1573904418043161389,"Blueground | Shawmut, pool, nr Boston Common",107434423,1462889176402806013,Blueground,,South End,42.3438825,-71.0639425,Entire home/apt,,30,1,2026-05-17,1,227,349,1,
1097831716091077315,Stylish 1BR w/  Resort-Style Pool + City Views,30283594,1465445680495565156,Global Luxury Suites I,,South End,42.3452156,-71.064448,Entire home/apt,701,30,1,2024-07-29,0.04,31,52,0,
23166408,Luxury 2BR Penthouse in heart of Boston North End,9785157,1462823366870358902,Patricia,,North End,42.36525,-71.05702,Entire home/apt,229,29,6,2025-08-10,0.07,1,72,1,
1550281870004484422,Central 2BR Boston w/Pool views near Public Garden,489222662,1535110320514432360,New England Stays,,South End,42.34560955210607,-71.06374936753377,Entire home/apt,755,29,1,2025-11-30,0.15,6,178,1,STR-002388
1595264940312034426,Roomy 1-bedroom - Faneuil Hall and Quincy Market,266312920,1469408339723553005,STARS Of,,Downtown,42.361977818435676,-71.057806082895,Entire home/apt,153,30,1,2026-03-01,0.28,4,233,1,Exempt: This listing is a unit that has contracts with hospitals
873655282217473344,"Blueground | S End, rooftop & gym, nr dining",107434423,1462889176402806013,Blueground,,South End,42.3452369,-71.0639399,Entire home/apt,,30,0,,,227,289,0,
585231785977398127,"Blueground | N Station, gym & w/d, nr td garden",107434423,1462889176402806013,Blueground,,Downtown,42.365947,-71.063473,Entire home/apt,,30,1,2022-07-02,0.02,227,352,0,
1432661343251260518,Luxury Apt Downtown with Pool,20857768,1463140474528738801,Compass,,Downtown,42.3655039,-71.0621412,Entire home/apt,288,30,0,,,77,311,0,
1091910929862542803,"Blueground | N Station, gym, close shops & dining",107434423,1462889176402806013,Blueground,,Downtown,42.365947,-71.063473,Entire home/apt,,30,0,,,227,360,0,
684624691343264937,"Blueground | N. Station, w/d & gym, nr td garden",107434423,1462889176402806013,Blueground,,Downtown,42.365947,-71.063473,Entire home/apt,,30,0,,,227,138,0,
1697955635585355838,Luxury 33rd floor 2BR/2BA Near North Station,83235610,1467008205317379793,Anthony,,West End,42.36544139999999,-71.0648186,Entire home/apt,392,30,0,,,1,364,0,STR-627107
674339474531785753,"Blueground | N. Station, w/d & gym, nr td garden",107434423,1462889176402806013,Blueground,,Downtown,42.365947,-71.063473,Entire home/apt,,30,1,2023-08-25,0.03,227,350,0,
17559846,"New B, 1BR Downtown- Walk to Boston Common",118122992,1468207260385770723,Billy,,Chinatown,42.34835,-71.06039,Entire home/apt,120,29,218,2025-09-27,1.94,4,311,1,
1087454043618310061,"Blueground | North Station, gm & w/d, nr dining",107434423,1462889176402806013,Blueground,,Downtown,42.365947,-71.063473,Entire home/apt,,30,0,,,227,350,0,
1145755720477131208,4 Pet-Friendly Rooms Perfect for Family Vacation!,501999278,1468058277289999419,RoomPicks,,Bay Village,42.35042,-71.06731,Hotel room,2660,1,0,,,51,348,0,Exempt: This listing is a hotel or motel
50074888,Romantic Couple Stay | Getaway in Historic Boston,5615582,1462541485493209733,RoomPicks Accommodations,,Downtown,42.35109,-71.06981,Private room,841,1,0,,,10,226,0,Exempt: This listing is a hotel or motel
1145759772640686004,4 Room Stays | Ideal Boston Exploration | Pets OK,501999278,1468058277289999419,RoomPicks,,Bay Village,42.35042,-71.06731,Hotel room,2660,1,0,,,51,351,0,Exempt: This listing is a hotel or motel
1145754213890236655,3 Edgy Rooms Steps from Boston Public Garden,501999278,1468058277289999419,RoomPicks,,Bay Village,42.35042,-71.06731,Hotel room,1995,1,2,2025-06-08,0.11,51,351,0,Exempt: This listing is a hotel or motel
1145760106825146280,4 Pet-Friendly w/ City View Room | Revere Hotel,501999278,1468058277289999419,RoomPicks,,Bay Village,42.35042,-71.06731,Hotel room,2660,1,0,,,51,351,0,Exempt: This listing is a hotel or motel
1145754430067164771,3 Back Bay View Rooms at Revere | Boutique Style,501999278,1468058277289999419,RoomPicks,,Bay Village,42.35042,-71.06731,Hotel room,1995,1,0,,,51,351,0,Exempt: This listing is a hotel or motel
45680039,"Blueground | W. End, gym, nr mgh & t stop",107434423,1462889176402806013,Blueground,,West End,42.3657336,-71.0669497,Entire home/apt,,30,1,2025-08-23,0.10,227,198,1,
1595052108653566385,"Blueground | South End, pool, nr Boston Common",107434423,1462889176402806013,Blueground,,South End,42.3438825,-71.0639425,Entire home/apt,,30,0,,,227,302,0,
1424532732932401747,"Blueground | Shawmut, pool, nr Boston Common",107434423,1462889176402806013,Blueground,,South End,42.3449322,-71.0641516,Entire home/apt,,30,0,,,227,312,0,
1595051755075122225,"Blueground | South End, pool, nr Boston Common",107434423,1462889176402806013,Blueground,,South End,42.3438825,-71.0639425,Entire home/apt,,30,0,,,227,335,0,
1128191467112755359,"Blueground | N Station, gym & w/d, nr T & shops",107434423,1462889176402806013,Blueground,,Downtown,42.365947,-71.063473,Entire home/apt,,30,0,,,227,301,0,
810754807767282735,"Blueground | N Station, w/d & gym, nr td garden",107434423,1462889176402806013,Blueground,,Downtown,42.365947,-71.063473,Entire home/apt,,30,0,,,227,351,0,
1089613946790496049,"Blueground | North Station, gym, nr dining & T",107434423,1462889176402806013,Blueground,,Downtown,42.365947,-71.063473,Entire home/apt,,30,1,2024-08-10,0.04,227,318,0,
627996566570185451,"Blueground | Somerville, gym & w/d, nr green line",107434423,1462889176402806013,Blueground,,Downtown,42.36595,-71.06347,Entire home/apt,,30,1,2023-04-02,0.03,227,290,0,
597199337806607917,Private 1 Queen Bed S.End Sunroom (no smoke/pet),37226557,1465556076168607186,Cara,,South End,42.343246607901605,-71.076681302475,Entire home/apt,509,2,43,2026-03-17,0.91,1,202,5,STR-472289
807720320430482194,"Blueground | N Station, w/d & gym, nr td garden",107434423,1462889176402806013,Blueground,,Downtown,42.365947,-71.063473,Entire home/apt,,30,0,,,227,320,0,
53602315,"Blueground | N Station, gym, nr boston landmarks",107434423,1462889176402806013,Blueground,,Downtown,42.365947,-71.063473,Entire home/apt,,30,1,2023-11-06,0.03,227,335,0,
1089613283213713903,"Blueground | North Station, gym, nr restaurants",107434423,1462889176402806013,Blueground,,Downtown,42.365947,-71.063473,Entire home/apt,375,30,0,,,227,365,0,
50074898,Stay Historic in the Heart of Boston Theater Dist,5615582,1462541485493209733,RoomPicks Accommodations,,Downtown,42.3510893,-71.0698111,Private room,451,1,0,,,10,223,0,Exempt: This listing is a hotel or motel
1145749261336654698,Revere Hotel | King Suite | 2.3 Miles from Park,501999278,1468058277289999419,RoomPicks,,Bay Village,42.35042,-71.06731,Hotel room,800,1,0,,,51,354,0,Exempt: This listing is a hotel or motel
1145762418372500996,Revere Hotel | 0.4 Mi from Theater District,501999278,1468058277289999419,RoomPicks,,Bay Village,42.35042,-71.06731,Hotel room,656,1,0,,,51,338,0,Exempt: This listing is a hotel or motel
1145758860184170300,2 Deluxe City View Rooms | Revere Hotel Boston,501999278,1468058277289999419,RoomPicks,,Bay Village,42.35042,-71.06731,Hotel room,1330,1,0,,,51,351,0,Exempt: This listing is a hotel or motel
51812329,"Blueground | Back Bay, gym, nr newbury st",107434423,1462889176402806013,Blueground,,Back Bay,42.348633,-71.074088,Entire home/apt,,30,0,,,227,116,0,
793442721651271774,Luxurious & Spacious Townhouse!,3340035,1462626229003029793,Monica,,Bay Village,42.34846902477936,-71.06763537817953,Entire home/apt,1286,29,0,,,2,365,0,Exempt: This listing is a unit used for furnished institutional or business stays
48298464,"UNION PARK, South End - sunny, historic 2B/2B",16098390,1462596593211522857,Wendy,,South End,42.34146,-71.07185,Entire home/apt,308,30,18,2023-11-25,0.49,2,226,0,str-523399
47385123,Modern Smart 1Bdr Private Entry Historic South End,154540888,1468512297103706426,Stephanie,,South End,42.34406280517578,-71.06999969482422,Entire home/apt,244,29,18,2025-11-22,0.31,2,278,3,
704062264957785423,"Blueground | N Station, w/d & gym, nr td garden",107434423,1462889176402806013,Blueground,,Downtown,42.365947,-71.063473,Entire home/apt,,30,0,,,227,182,0,
1353197158319868713,Nice 1Bedroom in Beacon Hill,373675137,1463554206153655871,Lilith,,West End,42.361865859944594,-71.06529999710295,Private room,70,29,0,,,117,74,0,
1700109845674816689,Modern & Bright Back Bay Studio,1683540234995321877,1683540365202786410,Linden,,Back Bay,42.3429186,-71.08294049999999,Entire home/apt,298,1,0,,,18,217,0,STR-627344
1628502967031883291,Luxury Penthouse Room at Alcott | MGH | TD Garden,5490203,1462682051827183869,Charles,,West End,42.3650027,-71.0648338,Private room,417,30,0,,,1,268,0,
1618671726916295451,Boston 2Br Apartment Overlooking the Charles River,446663042,1470011979431415984,Sagar,,West End,42.36525,-71.06805,Entire home/apt,567,14,0,,,2,43,0,STR-595468
25770647,"Naturally Lit, Modern Loft in Heart of Downtown!",1911807,1462581579864948464,Kelly,,Downtown,42.35529,-71.06087,Entire home/apt,590,1,466,2026-06-09,4.77,2,143,56,STR-607567
1661193232705369254,Cozy & Convenient 1-Bedroom Close to Downtown,756346674,1661187946565461319,Neha Nilesh,,West End,42.3645578,-71.0692521,Private room,179,30,1,2026-05-25,1,1,303,1,STR-623828
1503790533673250442,The Beacon Hill Residence,505202449,1470271047431864686,Joseph,,Beacon Hill,42.3597441,-71.06426789999999,Entire home/apt,476,1,15,2026-06-05,1.80,11,336,15,LB-128070
7854872,Perfect Beacon Hill Location – Near TD Garden #12,22348222,1462620857010380237,Maverick,,Beacon Hill,42.36017,-71.06346,Entire home/apt,272,1,244,2026-05-30,1.89,87,305,26,STR-415630
846941854165910381,4bed 2bath Apartment in Downtown Boston,275849638,1469454850382219508,Healing Homes,,Downtown,42.35546,-71.06294,Entire home/apt,938,1,151,2026-05-11,4.00,53,187,36,STR-460528
48883519,Amazing Location | Theater District | Pet Friendly,275849638,1469454850382219508,Healing Homes,,Downtown,42.35131,-71.06531,Entire home/apt,248,1,234,2026-05-15,3.78,53,188,17,STR-461740
53148483,Beautiful 4br 2br | Downtown Xing | High Ceilings,275849638,1469454850382219508,Healing Homes,,Downtown,42.35532045908428,-71.06090927153579,Entire home/apt,593,1,241,2026-05-31,4.35,53,145,36,STR-461814
1341363706627938599,2BR in Downtown 7438,212359760,1469109115483128123,Evonify Corporate & Medical Housing,,Downtown,42.352937861698905,-71.06309006726089,Entire home/apt,461,1,53,2026-06-09,3.71,65,337,48,STR-544951
49516205,"Comfy 1br, Minutes to Boston Common, 99 Walk score",275849638,1469454850382219508,Healing Homes,,Downtown,42.35097,-71.06539,Entire home/apt,547,1,212,2026-04-27,3.55,53,255,10,STR-461742
7728499,Close to TD Garden and MGH – Beacon Hill Living #8,22348222,1462620857010380237,Maverick,,Beacon Hill,42.36017,-71.06346,Entire home/apt,368,1,405,2026-05-31,3.09,87,340,20,STR-415624
27669626,"Downtown Boston, Near South Station Bus Terminal",208829554,1469089405828644240,Ping,,Chinatown,42.35034,-71.0619,Entire home/apt,361,2,179,2026-05-30,1.90,2,68,17,STR-399153
52615817,Large Ceilings | Centrally Located 4bed 2bath,275849638,1469454850382219508,Healing Homes,,Downtown,42.35395,-71.06111,Entire home/apt,741,1,273,2026-06-01,4.78,53,140,43,STR-460529
1689937580610689466,Exposed Brick Stylish 3 Bedroom Apartment,275849638,1469454850382219508,Healing Homes,,Downtown,42.3550827,-71.06209729999999,Entire home/apt,647,1,0,,,53,196,0,STR-626127
1693120423302333690,Theatre District.6 Bost. Common. DownTown.63-8,757253,1462528464270965620,Lee,,Downtown,42.352219,-71.06393729999999,Entire home/apt,416,1,2,2026-06-14,2,12,361,2,Exempt: This listing is a unit that has contracts with hospitals
1556608655631676097,2BR in Downtown Boston 6676,212359760,1469109115483128123,Evonify Corporate & Medical Housing,,Downtown,42.35292,-71.06348,Entire home/apt,412,1,18,2026-05-25,3.18,65,348,18,STR-515552
1338602616771131308,Cozy 1Bedroom in Beacon Hill Area,373675137,1463554206153655871,Lilith,,Beacon Hill,42.36036887161803,-71.06906904052897,Private room,68,29,0,,,117,65,0,
1269029121495990686,Spacious 2BR/2BA overlooking Boston Common,163848078,1463027460596198880,Adam,,Downtown,42.351138942013,-71.06566911718635,Entire home/apt,1053,2,4,2025-08-16,0.25,18,125,1,STR-638456
13378936,Montgomery Place - One Bedroom,75997654,1466932865497505839,Kathe,,South End,42.34347,-71.07368,Entire home/apt,197,29,148,2026-05-12,1.22,3,196,1,
1025420770925726257,"Airy, Pet-friendly, FiDi studio",382451810,1469783251184910688,Healing Homes,,Downtown,42.35524926271063,-71.05802316807171,Entire home/apt,235,1,107,2026-05-31,3.43,43,207,45,STR-466828
1557979766001397015,Simple Studio Downtown Boston,717946252,1505867861207707885,Healing Homes,,Downtown,42.35544,-71.05811,Entire home/apt,285,1,10,2026-05-30,2.75,35,165,10,STR-466815
35988307,Downtown Loft Boston - Close to everything,105698174,1467277841044635652,Konrad,,Downtown,42.34978,-71.05821,Entire home/apt,424,3,190,2026-06-05,2.31,1,58,27,STR-413649
23128943,"High-Rise, River Views, Doorman Condo by MGH/MEE",6574212,1462546240414460929,Jim,,West End,42.36558532714844,-71.06755065917969,Private room,100,29,46,2025-08-14,0.46,3,252,1,STR-397968
17559756,"3rd Floor, 2BR Downtown- Walk to Boston Common",118122992,1468207260385770723,Billy,,Chinatown,42.3503,-71.06037,Entire home/apt,359,3,323,2026-05-21,2.87,4,169,39,STR-414541
1700090550209334083,Wonderful Studio | South End,717946252,1505867861207707885,Healing Homes,,Back Bay,42.3427014,-71.0831321,Entire home/apt,363,1,0,,,35,216,0,STR-627290
45493742,Large Loft Steps From Boston Common | Short Stays,365116307,1469734785463392741,Brian & Heather,,Downtown,42.35538,-71.06196,Entire home/apt,394,1,388,2026-05-31,5.60,35,31,57,STR-438649
1423462132158776620,Huge Studio in Downtown Boston 1736,212359760,1469109115483128123,Evonify Corporate & Medical Housing,,Downtown,42.352845476812796,-71.06317174650717,Entire home/apt,186,1,38,2026-06-05,3.03,65,274,37,STR-586071
47384475,Downtown Loft | Walk Anywhere | Ideal for Nurses!,382451810,1469783251184910688,Healing Homes,,Downtown,42.35519,-71.05994,Entire home/apt,312,1,231,2026-05-05,3.67,43,176,29,STR-466824
935449412872030856,Wonderful Studio in the South End,523515799,1470355309937485363,Healing Homes,,South End,42.34174,-71.08232,Entire home/apt,84,29,44,2026-04-21,1.26,43,216,13,Exempt: This listing is a hotel or motel
51879873,Stylish Studio in Historic Row House,409684302,1469870389347785678,Justin And Mandy,,South End,42.34276,-71.07928,Entire home/apt,394,1,92,2026-06-10,1.61,18,345,7,Exempt: This listing is a hotel or motel
47408174,Downtown Boston | Nurses Welcome | W/D in bldg,382451810,1469783251184910688,Healing Homes,,Downtown,42.35397,-71.05805,Entire home/apt,268,1,250,2026-05-22,3.82,43,200,22,STR-466811
6426364,Great city views top floor one bed #7,9653086,1462819743474271426,Glenn,,South End,42.34144,-71.0763,Entire home/apt,138,30,88,2025-09-03,0.66,5,277,2,
45676233,200mbps speeds - Laundry - Discounted Long Stays,365116307,1469734785463392741,Brian & Heather,,Downtown,42.35512,-71.06247,Entire home/apt,305,1,343,2026-05-22,4.94,35,46,50,STR-438646
880668314027190648,Private Room Near Boston University Medical Campus,447259209,1470014197244104644,Gene,,Roxbury,42.33734830810711,-71.07831660658121,Private room,93,29,10,2024-07-31,0.27,1,48,0,STR-624007
4364925,large & grand 2 bedroom South End by Copley Sq #3,9653086,1462819743474271426,Glenn,,South End,42.34128,-71.07607,Entire home/apt,221,30,153,2026-04-30,1.09,5,261,4,
1260311293764409040,"(G) Stylish Apt in Back Bay, A+ Location, w/d",528489640,1470375843790383546,Foster,,Back Bay,42.34512593370852,-71.0809787026459,Entire home/apt,320,1,42,2026-05-17,2.08,5,262,24,STR-575779
1413769268985927301,Sparkling New 2BR / 2BA in Back Bay,9410008,1462813405226616143,Jason,,Back Bay,42.34769611496782,-71.0830740434685,Entire home/apt,989,4,16,2026-05-11,1.28,19,207,15,STR-596361
7694559,"Heart of South End, Convenient, Comfy Studio #32",22348222,1462620857010380237,Maverick,,South End,42.34441,-71.07633,Entire home/apt,306,1,226,2026-06-14,2.00,87,320,34,STR-441256
7916575,"Centrally located Studio in Boston ,#35",22348222,1462620857010380237,Maverick,,South End,42.34441,-71.07633,Entire home/apt,320,1,276,2026-05-22,2.44,87,320,39,STR-441248
5768819,"Near Fenway Park, South End, and Newbury St #4",22348222,1462620857010380237,Maverick,,South End,42.34447,-71.07644,Entire home/apt,277,1,199,2026-06-06,1.52,87,336,34,STR-589708
945007017207961802,Stellar South End Studio,523515799,1470355309937485363,Healing Homes,,Back Bay,42.3434,-71.08432,Entire home/apt,341,1,29,2026-05-30,1.04,43,108,16,STR-531850
44064171,Charming 1 bed S End Freshly painted new mattress!,62835472,1466775443631178867,Maja,,South End,42.34324049937066,-71.07724019857797,Entire home/apt,462,2,25,2026-05-15,0.95,2,269,9,STR-545122
1556608394703072789,Huge Studio in Boston Commons 5bg7,212359760,1469109115483128123,Evonify Corporate & Medical Housing,,Downtown,42.35108,-71.064,Entire home/apt,234,1,19,2026-06-03,2.78,65,318,19,STR-515555
1341536141350055833,1BR in Theatre District Boston 1065,212359760,1469109115483128123,Evonify Corporate & Medical Housing,,Downtown,42.35321,-71.06312,Entire home/apt,361,1,47,2026-06-04,3.18,65,325,40,STR-544951
50174682,1br in Heart of Theater District | Walk Anywhere!,275849638,1469454850382219508,Healing Homes,,Downtown,42.35141,-71.06564,Entire home/apt,288,1,261,2026-05-30,4.33,53,239,31,STR-451332
1558073757710854494,Serene Studio | Close to MGH,717946252,1505867861207707885,Healing Homes,,Downtown,42.35389,-71.05964,Entire home/apt,241,1,6,2026-05-09,1.20,35,80,6,STR-466810
47487652,Simple 1br |  Financial District | Keyless Entry,382451810,1469783251184910688,Healing Homes,,Downtown,42.35387599921967,-71.05848406519874,Entire home/apt,360,1,230,2026-05-04,3.54,43,133,21,STR-466818
1222381031303342473,Stylish South End Studio with Private Kitchenette,409684302,1469870389347785678,Justin And Mandy,,South End,42.34101,-71.08018,Entire home/apt,327,1,0,,,18,348,0,LB-434068
1431369035818053598,Prime Downtown Location | 2BR 2BA  Boston Common,163848078,1463027460596198880,Adam,,Downtown,42.350215162601884,-71.06467171777187,Entire home/apt,778,3,22,2026-05-17,1.96,18,123,22,STR-796227
47407478,Bright & Bold Loft | Fast Wifi | Downtown Boston,382451810,1469783251184910688,Healing Homes,,Downtown,42.35451,-71.0579,Entire home/apt,292,1,193,2026-06-01,2.97,43,230,12,STR-466799
1508038373981189887,Sleek Studio Apartment in the South End,717946252,1505867861207707885,Healing Homes,,Back Bay,42.34205,-71.08342,Entire home/apt,212,29,9,2026-03-15,1.16,35,76,9,Exempt: This listing is a unit that has contracts with hospitals
1542197353416621189,Studio Nestled in Back Bay!,717946252,1505867861207707885,Healing Homes,,Back Bay,42.34231,-71.08399,Entire home/apt,294,1,9,2026-05-31,1.43,35,156,9,Exempt: This listing is a hotel or motel
1254230035554141404,South End Victorian Brownstone,569249417,1470531074611086252,Elena,,South End,42.341127512167205,-71.07742611984403,Entire home/apt,644,2,37,2026-05-10,2.38,1,100,28,STR-532458
45675549,Lavishly Designed Home | With Office | Close to T,365116307,1469734785463392741,Brian & Heather,,Downtown,42.35531,-71.06071,Entire home/apt,536,1,282,2026-05-17,4.06,35,30,38,STR-438662
947846318188738138,Peaceful Studio | Close to Fenway,523515799,1470355309937485363,Healing Homes,,Back Bay,42.34211322463612,-71.0835579706857,Entire home/apt,279,29,22,2025-05-13,0.65,43,245,0,Exempt: This listing is a unit that has contracts with hospitals
1414157045565050845,The Ellie House 9- Cozy Studio Near Prudential!,693722844,1470728770948190062,Airbnb Queen- Ellie House,,Back Bay,42.343153406752215,-71.08382851064717,Entire home/apt,344,1,35,2026-06-03,2.80,5,276,33,STR-595606
1653103895036810314,King Room Steps to Northeastern Uni | Pet Friendly,501999514,1470257160985456019,RoomPicks,,Back Bay,42.3437765,-71.083342,Hotel room,319,1,0,,,12,351,0,Exempt: This listing is a hotel or motel
1654717508258398625,Super location! Walk everywhere! Clean studio,47584294,1465718059935171405,Jessy And Diego,,South End,42.3427,-71.08117,Entire home/apt,425,1,1,2026-06-12,1,33,278,1,STR-465644
1029545665213050410,"Modern,0.2 mile to Northeastern, in unit laundry",89227862,1467081781703109609,Paul,,Roxbury,42.337738979566495,-71.08352599689171,Entire home/apt,192,30,16,2024-08-31,0.58,4,213,0,Exempt: This listing is a unit used for furnished institutional or business stays
41397978,1863 House Bed and  Breakfast M307 Room 1,32532791,1465477386459707846,Marie,,South End,42.34387,-71.07619,Private room,247,1,79,2026-06-06,1.03,6,74,14,STR-447997
749957818849456669,"(5G1) 2 Bedroom, BackBay, Newbury Street, Location",563246552,1470512703190615862,Together We Rise,,Back Bay,42.3491,-71.08513,Entire home/apt,699,1,149,2026-06-06,3.40,50,136,24,STR-547612
8403945,Steps Away from Back Bay's Best Spots #33,22348222,1462620857010380237,Maverick,,South End,42.34441,-71.07633,Entire home/apt,285,1,175,2026-05-29,1.54,87,321,32,STR-441257
820388470001096909,Best central Boston 3 bed Apt,373675137,1463554206153655871,Lilith,,Beacon Hill,42.35902,-71.06542,Entire home/apt,189,29,6,2025-10-04,0.18,117,234,1,
6762011,Perfect Spot Near Boston's Cultural Hub #22,22348222,1462620857010380237,Maverick,,South End,42.34441,-71.07633,Entire home/apt,306,1,204,2026-06-08,1.74,87,297,34,LB-101763
5718801,"Heart of South End, Convenient, Comfy Studio #42",22348222,1462620857010380237,Maverick,,South End,42.34441,-71.07633,Entire home/apt,237,1,172,2026-05-06,1.29,87,264,16,STR-441252
1176190010322666921,2BR in Downtown Boston 7690,212359760,1469109115483128123,Evonify Corporate & Medical Housing,,Downtown,42.351128445515585,-71.0642076371811,Entire home/apt,385,1,39,2026-06-10,1.63,65,330,12,str-526597
4461846,South End Studio Perfect for Work Travel #36,22348222,1462620857010380237,Maverick,,South End,42.34441,-71.07633,Entire home/apt,237,1,116,2026-03-20,0.86,87,334,7,STR-441258
947785851072519783,Peaceful South End Studio!,523515799,1470355309937485363,Healing Homes,,Back Bay,42.343215714583415,-71.08403995728031,Entire home/apt,359,1,74,2026-05-24,2.17,43,185,32,Exempt: This listing is a hotel or motel
1341370893360717950,2BR in Downtown Boston 6439,212359760,1469109115483128123,Evonify Corporate & Medical Housing,,Downtown,42.35312,-71.06311,Entire home/apt,385,1,45,2026-06-04,2.85,65,330,35,STR-526597
51284572,Downtown Boston Studio | Keyless Entry | Fast Wifi,382451810,1469783251184910688,Healing Homes,,Downtown,42.35395,-71.05996,Entire home/apt,307,1,193,2026-05-18,3.26,43,225,19,STR-466814
7476340,"Charming Studio in Boston Brownstone, #44",22348222,1462620857010380237,Maverick,,South End,42.34441,-71.07633,Entire home/apt,285,1,233,2026-06-10,2.08,87,270,38,LB-101763
6810723,Minutes from Boston Common & the Public Garden #23,22348222,1462620857010380237,Maverick,,South End,42.34441,-71.07633,Entire home/apt,285,1,183,2026-05-31,1.68,87,339,31,STR-441255
1551556466158273490,Beautiful 1BR in Downtown Boston 1655,212359760,1469109115483128123,Evonify Corporate & Medical Housing,,Downtown,42.35157,-71.06358,Entire home/apt,392,1,23,2026-06-07,3.27,65,341,23,STR-520847
918198811733110218,"(W-13) Newly Furnished, South End, Walkable to all",371640674,1469752814550739834,Boston,,South End,42.33971421344498,-71.0778527595802,Entire home/apt,303,1,116,2026-06-04,3.20,11,241,40,STR-628642
958065425063050341,"(476-9) Queen Studio, Back Bay/ South End, W/D",563246552,1470512703190615862,Together We Rise,,South End,42.34226,-71.07925,Entire home/apt,329,1,110,2026-06-10,3.24,50,267,39,STR-599893
51346962,Modern Studio in South End!,409684302,1469870389347785678,Justin And Mandy,,South End,42.34286,-71.07921,Entire home/apt,380,1,70,2026-06-09,1.19,18,325,5,Exempt: This listing is a hotel or motel
1086474577114877443,"(476-4)  2Beds, South End/ Back Bay, Roof Deck!",563246552,1470512703190615862,Together We Rise,,South End,42.341952294075185,-71.0778000853439,Entire home/apt,441,1,76,2026-05-19,2.66,50,273,28,STR-599889
1023457086605341031,Skyline 2BR 2BA downtown overlooking Boston common,163848078,1463027460596198880,Adam,,Downtown,42.351618662155424,-71.06497084709838,Entire home/apt,777,1,0,,,18,109,0,str-682005
1690209725282456299,Penthouse 2BR/2BA | Epic Boston City View,163848078,1463027460596198880,Adam,,Downtown,42.3511915,-71.0640258,Entire home/apt,1007,3,0,,,18,223,0,str-638940
1669712358909458272,Modern 2BR 2BA unit downtown Boston,518882444,1470334797382667032,Greg,,Downtown,42.35052,-71.06341,Entire home/apt,1121,2,0,,,14,304,0,STR-578978
1683592443473951512,Chic 2BR/2BA Apartment Near Downtown Boston,518882444,1470334797382667032,Greg,,Downtown,42.35038,-71.0636,Entire home/apt,1121,3,0,,,14,317,0,STR-882537
1640133074994291603,Spacious 2br 2ba unit in prime location downtown,163848078,1463027460596198880,Adam,,Downtown,42.35049,-71.06334,Entire home/apt,1064,2,2,2026-04-21,0.91,18,299,2,STR-972807
1542187529572491937,Cozy Garden Level Studio,717946252,1505867861207707885,Healing Homes,,Back Bay,42.34334,-71.08403,Entire home/apt,327,1,5,2026-05-30,1.69,35,240,5,Exempt: This listing is a hotel or motel
933353827077307497,Old Charm Studio Apt near Back Bay,523515799,1470355309937485363,Healing Homes,,Back Bay,42.34366672808913,-71.08386691907516,Entire home/apt,400,1,65,2026-04-09,1.85,43,190,15,Exempt: This listing is a hotel or motel
1678296047014069302,(New2f) Bright 1BR in Back Bay,563246552,1470512703190615862,Together We Rise,,Back Bay,42.34845,-71.08303,Entire home/apt,368,1,0,,,50,88,0,STR-627046
1653103899621089119,Twin Stay Steps to Symphony Hall & Copley Square,501999514,1470257160985456019,RoomPicks,,Back Bay,42.3437765,-71.083342,Hotel room,328,1,0,,,12,290,0,Exempt: This listing is a hotel or motel
929710002319897075,Tranquil South End Studio,523515799,1470355309937485363,Healing Homes,,Back Bay,42.34382660197117,-71.08222208744212,Entire home/apt,295,1,20,2026-01-04,0.56,43,258,6,Exempt: This listing is a hotel or motel
17962385,"Heart of Boston- Large Studio, private entrance",116718872,1468196135878657547,Clare,,South End,42.34417361700382,-71.07598677488207,Entire home/apt,333,2,82,2025-09-01,0.75,1,51,4,STR-446061
7694365,"Stylish Downtown Studio in the SouthEnd, C.Ave# 41",22348222,1462620857010380237,Maverick,,South End,42.34441,-71.07633,Entire home/apt,492,1,193,2026-06-08,1.59,87,330,22,STR-441251
634865431273183644,"Cozy, adorable 1 bedroom private apartment M365-2",32532791,1465477386459707846,Marie,,South End,42.344771,-71.0790105,Entire home/apt,514,1,45,2026-06-10,0.93,6,86,8,STR-566476
935428048832345840,Lovely Studio Apt | South End,523515799,1470355309937485363,Healing Homes,,Back Bay,42.34369,-71.08373,Entire home/apt,204,1,29,2026-04-23,0.82,43,182,21,Exempt: This listing is a hotel or motel
933386897867092013,Spacious Studio! | Back Bay,523515799,1470355309937485363,Healing Homes,,Back Bay,42.343784143440516,-71.08290022500243,Entire home/apt,264,1,49,2026-04-21,1.40,43,165,29,Exempt: This listing is a hotel or motel
929296438531439701,Retro Studio on Quiet Street,523515799,1470355309937485363,Healing Homes,,South End,42.34183238862012,-71.08212672872108,Entire home/apt,161,1,67,2026-05-16,1.87,43,184,35,Exempt: This listing is a hotel or motel
6851460,Explore Newbury Street Just Moments Away # 21,22348222,1462620857010380237,Maverick,,South End,42.34441,-71.07633,Entire home/apt,492,1,181,2026-04-18,1.40,87,291,24,STR-441240
548373258905551128,Thatch™ Newbury Street | One-Bedroom Apt. #2,814298,1462514414319387899,Stay Thatch,,Back Bay,42.34929,-71.08407,Entire home/apt,546,1,45,2026-05-10,0.89,57,125,13,Exempt: This listing is a hotel or motel
1503651221831990289,Beacon Hill Charm - Prime Boston Stay,505202449,1470271047431864686,Joseph,,Beacon Hill,42.3597441,-71.06426789999999,Entire home/apt,433,1,23,2026-06-10,2.48,11,347,23,LB-128070
1079818238289992752,Downtown Designer Home| Keyless,365116307,1469734785463392741,Brian & Heather,,Downtown,42.35710781906268,-71.06094766093314,Entire home/apt,427,1,64,2025-03-06,2.24,35,14,0,STR-438651
1186863117320927934,Modern Greenhouse Duplex Apartment with Garden.,426362048,1469932936795767772,Oliver,,South End,42.34048147534292,-71.07626382589629,Entire home/apt,1056,1,1,2026-03-20,0.34,1,357,1,STR-550089
53233645,The 1863 House Bed and Breakfast Room 3,32532791,1465477386459707846,Marie,,South End,42.34173,-71.07639,Private room,304,3,2,2026-05-31,0.04,6,64,1,STR-447997
820073,"Modern Loft, 1700 SqFt. Location!",1911807,1462581579864948464,Kelly,,Downtown,42.3558,-71.06104,Entire home/apt,648,1,275,2026-06-02,1.72,2,274,50,STR-411359
13378987,Comfort and peace in the South End.,25124470,1465334904173344005,Alice,,South End,42.34114,-71.07948,Entire home/apt,1303,2,16,2019-07-14,0.13,1,46,0,STR-623339
1528327068172382834,Charming Brownstone Studio,409684302,1469870389347785678,Justin And Mandy,,South End,42.3414410191373,-71.08070691724954,Entire home/apt,320,1,9,2026-05-25,2.20,18,314,9,LB-434068
48466008,Boston - 3 Bedrooms Patio Full-Kitchen,43217109,1465641756944677573,Javier,,South End,42.33836,-71.07613,Entire home/apt,682,29,41,2024-09-04,0.65,3,319,0,STR-572302
1437767705126254186,"(T8) Budget Friendly, Prime Location, South End!",371640674,1469752814550739834,Boston,,South End,42.3416617,-71.07641439999999,Entire home/apt,315,1,32,2026-05-17,2.62,11,249,32,str-561975
947884085061009785,Quaint Studio Apt | Close to Fenway,523515799,1470355309937485363,Healing Homes,,Back Bay,42.3418,-71.08347,Entire home/apt,374,1,53,2026-03-17,1.54,43,262,14,Exempt: This listing is a hotel or motel
929571338607197143,Sunkissed Studio near South End,523515799,1470355309937485363,Healing Homes,,Fenway,42.342008804636386,-71.08411850981184,Entire home/apt,180,1,18,2026-03-20,0.52,43,123,7,Exempt: This listing is a hotel or motel
914540815710828653,"(W-12) South End, Walkable, Explore, Dine! W/D",371640674,1469752814550739834,Boston,,South End,42.33779,-71.07638,Entire home/apt,246,1,89,2026-05-29,2.47,11,251,25,STR-628641
54399467,Stylish studio with shared kitchen,409684302,1469870389347785678,Justin And Mandy,,South End,42.34218,-71.07845,Entire home/apt,283,1,14,2026-05-29,0.42,18,340,13,LB-434068
1563261767739559908,Brownstone Studio Retreat,409684302,1469870389347785678,Justin And Mandy,,South End,42.34112,-71.0803,Entire home/apt,466,1,5,2026-06-05,1.23,18,344,5,LB-434068
614662890482582714,(T5) Prime Location! Great Restaurants! SE Studio!,563246552,1470512703190615862,Together We Rise,,South End,42.34074,-71.07696,Entire home/apt,299,1,148,2026-06-03,2.99,50,249,32,str-561975
932671112961379601,Modern studio apartment!,523515799,1470355309937485363,Healing Homes,,Back Bay,42.34348985925966,-71.08423327597426,Entire home/apt,276,1,84,2026-05-28,2.36,43,185,18,Exempt: This listing is a hotel or motel
6759439,South End Studio Perfect for Work Travel #26,22348222,1462620857010380237,Maverick,,South End,42.34441,-71.07633,Entire home/apt,261,1,129,2026-05-17,1.17,87,344,9,STR-441244
1653103913274735568,2 Rooms in Back Bay | Steps to Symphony Hall,501999514,1470257160985456019,RoomPicks,,Back Bay,42.3437765,-71.083342,Hotel room,754,1,0,,,12,363,0,Exempt: This listing is a hotel or motel
947825716567982665,Lovely South End Studio,523515799,1470355309937485363,Healing Homes,,Back Bay,42.34376,-71.08188,Entire home/apt,370,1,87,2026-05-14,2.52,43,265,27,Exempt: This listing is a hotel or motel
947768183186382957,Modern Simple Studio | South End,523515799,1470355309937485363,Healing Homes,,Back Bay,42.34376175238195,-71.08199789552447,Entire home/apt,383,1,68,2026-05-29,1.95,43,186,27,Exempt: This listing is a hotel or motel
1663925219130023216,Back Bay Heart 2BR 2BA Next to prudential &Newbury,518882444,1470334797382667032,Greg,,Back Bay,42.34757,-71.07938,Entire home/apt,1168,1,0,,,14,86,0,STR-578705
6763409,"Minutes to Chinatown, Boston Common & Fenway Park",22348222,1462620857010380237,Maverick,,South End,42.34447,-71.07644,Entire home/apt,277,1,268,2026-06-04,2.06,87,331,8,STR-589705
946502964614002590,Compact Back Bay Studio,523515799,1470355309937485363,Healing Homes,,Back Bay,42.34399414329803,-71.08190357954153,Entire home/apt,271,1,41,2026-04-06,1.19,43,165,16,Exempt: This listing is a hotel or motel
1653103894867068097,King Room in Boston Back Bay | Free Breakfast!,501999514,1470257160985456019,RoomPicks,,Back Bay,42.34378,-71.08334,Hotel room,319,1,0,,,12,351,0,Exempt: This listing is a hotel or motel
934106825257933879,Vibrant Studio! | Minutes from Back Bay,523515799,1470355309937485363,Healing Homes,,Back Bay,42.34266082692078,-71.08216115823868,Entire home/apt,169,1,24,2026-05-21,0.74,43,246,17,Exempt: This listing is a hotel or motel
1348742580845531330,"(W8) Front Facing, W/D, Dining, Shopping, Walking!",371640674,1469752814550739834,Boston,,South End,42.33779958314626,-71.0780944822195,Entire home/apt,381,1,56,2026-06-05,3.68,11,243,44,STR-628636
1699305054193476881,The Chester: Sleek Garden Studio,586870169,1470604736184387893,Andrew,,Roxbury,42.33794,-71.08056,Entire home/apt,365,1,0,,,14,292,0,STR-625480
1681980191875217657,Modern 3BR 2BA Back Bay Near to prudential,518882444,1470334797382667032,Greg,,Back Bay,42.34348,-71.08297,Entire home/apt,641,3,0,,,14,298,0,STR-764305
934129197245327334,Chic Metro South End Studio,523515799,1470355309937485363,Healing Homes,,Back Bay,42.34238,-71.0837,Entire home/apt,278,1,48,2026-05-16,1.36,43,187,21,Exempt: This listing is a hotel or motel
7511737,"Steps from South End, Tufts Medical Center & More,",22348222,1462620857010380237,Maverick,,South End,42.34447,-71.07644,Entire home/apt,409,1,249,2025-11-14,1.91,87,317,2,STR-589709
23304442,The Boston Christopher Studio Suite,48494513,1465734787384062854,Inn Boston,,South End,42.3431,-71.07848,Entire home/apt,166,29,23,2020-03-01,0.23,8,158,0,STR-423345
889981292721825976,Upscale South End Apt | Walk to Northeastern,31340713,1465460976217419594,Kama,,Roxbury,42.33726387317135,-71.0835430418494,Entire home/apt,322,30,5,2025-11-21,0.14,19,186,1,Exempt: This listing is a unit used for furnished institutional or business stays
1432617914906276302,Sunny Studio Apartment with Private Kitchenette,409684302,1469870389347785678,Justin And Mandy,,South End,42.34264,-71.07861,Entire home/apt,524,1,7,2026-05-28,0.60,18,340,7,STR-457097
1348746812228516015,"(W11) Vibrant Area, Pizza, Shopping, Parks W/D",371640674,1469752814550739834,Boston,,South End,42.33776070534613,-71.07720197086991,Entire home/apt,333,1,41,2026-06-05,2.73,11,248,31,STR-628639
929770452264597730,Harmonious South End Studio,523515799,1470355309937485363,Healing Homes,,Back Bay,42.34436,-71.0821,Entire home/apt,295,1,44,2026-04-21,1.24,43,263,24,Exempt: This listing is a hotel or motel
929307593955725334,Cozy Studio near Prudential Ctr,523515799,1470355309937485363,Healing Homes,,Back Bay,42.342438994258224,-71.0821252927106,Entire home/apt,279,1,38,2026-05-29,1.07,43,241,21,Exempt: This listing is a hotel or motel
13959444,Beautiful Boston Brownstone,21609039,1463159476302585584,Susan,,Roxbury,42.34042,-71.08363,Entire home/apt,477,29,57,2020-11-20,0.47,3,301,0,Exempt: This listing is a unit used for furnished institutional or business stays
1542884706436627613,Loft Bed Studio | Prudential Area,717946252,1505867861207707885,Healing Homes,,South End,42.34204,-71.08253,Entire home/apt,288,1,5,2026-05-23,0.72,35,76,5,Exempt: This listing is a hotel or motel
934851456902808387,Peaceful Back Bay Studio,523515799,1470355309937485363,Healing Homes,,Back Bay,42.34221,-71.08316,Entire home/apt,337,1,24,2026-05-30,0.69,43,193,10,Exempt: This listing is a hotel or motel
929285770816969080,Quiet Studio Circa South End,523515799,1470355309937485363,Healing Homes,,South End,42.34149086490141,-71.08211337458772,Entire home/apt,218,1,52,2026-05-28,1.46,43,107,32,Exempt: This listing is a hotel or motel
1699470712855639168,"The Concord, Garden Level Stay Near T",586870169,1470604736184387893,Andrew,,South End,42.34056,-71.07777,Entire home/apt,318,1,0,,,14,288,0,STR-626521
1699468773612806845,"South End Boutique Retreat, Near Restaruant Row",586870169,1470604736184387893,Andrew,,South End,42.34086,-71.07842,Entire home/apt,318,1,0,,,14,283,0,STR-626522
1700095547645525410,Prudential Area Spacious Studio,1683540234995321877,1683540365202786410,Linden,,Back Bay,42.3429186,-71.08294049999999,Entire home/apt,228,1,0,,,18,182,0,STR-627338
933361695796947206,Centrally Located Basic Studio,523515799,1470355309937485363,Healing Homes,,South End,42.34192427441922,-71.0823934312471,Entire home/apt,198,1,32,2026-03-08,0.90,43,260,18,Exempt: This listing is a hotel or motel
1439950737462089453,Cozy South End Studio Retreat,409684302,1469870389347785678,Justin And Mandy,,South End,42.34252603581394,-71.08077596745684,Entire home/apt,279,1,3,2026-06-12,1.20,18,317,3,STR-457097
649153675516551663,"(T1) Budget Friendly, South End Studio, Crowd Fav!",563246552,1470512703190615862,Together We Rise,,South End,42.34253,-71.07674,Entire home/apt,380,1,176,2026-06-05,3.61,50,242,26,STR-561975
45494260,Downtown Luxury | Students Welcome | W/D in unit,365116307,1469734785463392741,Brian & Heather,,Downtown,42.35726395973094,-71.06179395619714,Entire home/apt,619,1,322,2026-05-28,4.64,35,26,46,STR-438650
52422480,Copley King - Copley Square Hotel,423875908,1469922849044617913,Copley Square Hotel,,Back Bay,42.34748,-71.07794,Private room,417,1,2,2026-01-01,0.05,6,319,1,Exempt: This listing is a hotel or motel
1653103918740102942,4 Relaxing Rooms Near Boston Attractions & Museums,501999514,1470257160985456019,RoomPicks,,Back Bay,42.3437765,-71.083342,Hotel room,1508,1,0,,,12,362,0,Exempt: This listing is a hotel or motel
1023462139711300165,Bright Stunning View 2BR 2BA unit |downtown Boaton,163848078,1463027460596198880,Adam,,Downtown,42.350661486541696,-71.06316483085874,Entire home/apt,891,2,0,,,18,116,0,str-793619
1437192291610932206,Spacious 2BR 2BA Downtown Boston,163848078,1463027460596198880,Adam,,Downtown,42.35232907698496,-71.06462867139705,Entire home/apt,755,4,6,2026-05-27,1.98,18,152,6,STR-627907
1668296016091039023,Cozy modern 2BR 2BA unit overlooking Boston Common,518882444,1470334797382667032,Greg,,Downtown,42.35006,-71.06347,Entire home/apt,1040,4,0,,,14,347,0,STR-496046
1220559061762913883,Boston Penthouse Skyline View - Whole Apartment,16957547,1462998950233674740,Rahul,,Chinatown,42.35192,-71.05904,Entire home/apt,3557,3,3,2025-04-22,0.16,1,364,0,STR-571689
638235027182813304,Cute and Cozy Studio!,409684302,1469870389347785678,Justin And Mandy,,South End,42.34132,-71.07847,Entire home/apt,193,14,0,,,18,365,0,Exempt: This listing is a hotel or motel
1669705950147446542,Prime Downtown 2BR/2BA Location Boston common,518882444,1470334797382667032,Greg,,Downtown,42.35018,-71.06349,Entire home/apt,1097,4,0,,,14,360,0,STR-573049
1699470341818966688,"The Concord, Steps to Dining & Transit",586870169,1470604736184387893,Andrew,,South End,42.33906,-71.07975,Entire home/apt,318,1,0,,,14,292,0,STR-626531
1022697149341928950,Back Bay Heart 3BR 2BAA Condo,163848078,1463027460596198880,Adam,,Back Bay,42.34383,-71.08303,Entire home/apt,1025,1,27,2026-05-19,0.90,18,207,13,Str-692073
10427199,The Boston Christopher Studio Suite,48494513,1465734787384062854,Inn Boston,,South End,42.3431,-71.07854,Entire home/apt,244,29,103,2020-02-29,0.82,8,158,0,STR-423342
548393136882554658,Thatch™ Newbury | One Bedroom | Apt #3,814298,1462514414319387899,Stay Thatch,,Back Bay,42.348644,-71.085091,Entire home/apt,575,1,85,2026-06-10,1.68,57,132,31,Exempt: This listing is a hotel or motel
1161669854998140409,"(476-1) 1st Flr, Roof Deck, Sleeps 4, A+ Location!",563246552,1470512703190615862,Together We Rise,,South End,42.34365,-71.0773,Entire home/apt,461,1,70,2026-06-04,2.92,50,259,31,str-526502
4364989,newly furn one bedroom by Copley #6,9653086,1462819743474271426,Glenn,,South End,42.34128,-71.07607,Entire home/apt,195,31,87,2024-11-27,0.64,5,250,0,
1503747673198280493,The Lantern on Beacon Hill,505202449,1470271047431864686,Joseph,,Beacon Hill,42.3597441,-71.06426789999999,Entire home/apt,497,1,26,2026-06-07,2.87,11,317,26,LB-128070
1503678981772499828,Beacon Hill Boutique,505202449,1470271047431864686,Joseph,,Beacon Hill,42.3597441,-71.06426789999999,Entire home/apt,399,1,18,2026-06-04,1.96,11,333,18,LB-128070
1071963662695339531,South End's Pet-Friendly Gem,409684302,1469870389347785678,Justin And Mandy,,South End,42.342466610977255,-71.0806584039758,Entire home/apt,439,1,4,2026-03-10,0.87,18,314,4,LB-434068
934813646994772468,Stylish South End Studio,523515799,1470355309937485363,Healing Homes,,South End,42.34196079667983,-71.08244915742726,Entire home/apt,261,1,41,2026-05-28,1.19,43,188,17,Exempt: This listing is a hotel or motel
1641505834157370140,Stylish South End Studio,409684302,1469870389347785678,Justin And Mandy,,South End,42.34225,-71.08038,Entire home/apt,371,1,0,,,18,325,0,LB-434068
1420415665240430140,(SB) Cozy & Charming little Studio. BackBay,693757423,1470728882327599253,Together We Rise,,Back Bay,42.3437930653526,-71.08159402892012,Entire home/apt,305,1,43,2026-06-11,3.43,5,95,42,STR-571666
1384812420942030519,Historic Brownstone Studio,409684302,1469870389347785678,Justin And Mandy,,South End,42.34140623631877,-71.0785634655803,Entire home/apt,392,1,2,2026-04-26,0.91,18,320,2,STR-457097
1557342256575897515,Historic Brownstone Studio Retreat,409684302,1469870389347785678,Justin And Mandy,,South End,42.34231,-71.08077,Entire home/apt,310,1,6,2026-05-27,0.89,18,308,6,LB-434068
934867025660571832,Cozy Central South End Studio,523515799,1470355309937485363,Healing Homes,,Back Bay,42.34211704773742,-71.08394470499259,Entire home/apt,427,1,16,2025-10-17,0.45,43,324,3,Exempt: This listing is a hotel or motel
45539554,"Monthly Discounts -Fully Furnished 4br, 2ba Loft",365116307,1469734785463392741,Brian & Heather,,Downtown,42.35708,-71.06228,Entire home/apt,676,1,308,2026-05-03,4.45,35,27,46,STR-438653
1503686334647530834,Cedar & Brick on the Hill,505202449,1470271047431864686,Joseph,,Beacon Hill,42.3597441,-71.06426789999999,Entire home/apt,393,1,20,2026-06-06,2.18,11,342,20,LB-128070
30390378,"Blueground | Back Bay, gym, nr the common",107434423,1462889176402806013,Blueground,,Bay Village,42.34992,-71.06943,Entire home/apt,289,30,1,2019-12-12,0.01,227,365,0,
46983650,"Parking Available-Fully Furnished 4br, 2ba-Hami509",365116307,1469734785463392741,Brian & Heather,,Downtown,42.3571,-71.06069,Entire home/apt,613,1,357,2026-05-24,5.48,35,30,55,STR-461750
669596090655013207,Copley House Premium Studio,85130,1462509229002082786,Copley,,South End,42.34408,-71.07934,Entire home/apt,330,1,32,2026-05-10,0.72,7,311,9,STR-447236
1539203778432200553,Chic 1 Bed Apartment! | Steps from Boston Common!,717946252,1505867861207707885,Healing Homes,,Downtown,42.35165,-71.0671,Entire home/apt,220,29,3,2026-01-10,0.52,35,173,3,Exempt: This listing is a unit that has contracts with hospitals
997853258342980032,"(T4) Pizza, Nails, Shopping, South End Studio!",563246552,1470512703190615862,Together We Rise,,South End,42.34277828280088,-71.07696181995313,Entire home/apt,406,1,113,2026-05-24,3.47,50,246,32,str-561975
22627198,The Boston Christopher Grand Studio Suite,48494513,1465734787384062854,Inn Boston,,South End,42.34291,-71.07848,Entire home/apt,145,29,3,2019-08-13,0.03,8,274,0,STR-423347
625824021434996394,"Blueground | Back Bay, laundry & gym",107434423,1462889176402806013,Blueground,,Bay Village,42.34992,-71.06943,Entire home/apt,,30,0,,,227,108,0,
1528250882590090953,Simple Theater District 1 Bedroom,717946252,1505867861207707885,Healing Homes,,Bay Village,42.3495,-71.06734,Entire home/apt,171,29,5,2026-01-01,0.73,35,321,5,Exempt: This listing is a unit that has contracts with hospitals
8206536,Prime Location in Boston's South End #25,22348222,1462620857010380237,Maverick,,South End,42.34441,-71.07633,Entire home/apt,237,1,355,2026-06-07,3.16,87,255,58,LB-101763
6758462,"Stylish Downtown Studio in the SouthEnd, C.Ave# 43",22348222,1462620857010380237,Maverick,,South End,42.34441,-71.07633,Entire home/apt,325,1,208,2026-06-08,1.86,87,327,31,LB-101763
1595246708230006996,"Modern,0.2 mile to Northeastern, in unit laundry",250399091,1469327367939017586,Nina,,Roxbury,42.3378662700455,-71.0835112178364,Entire home/apt,276,30,1,2026-03-15,0.32,9,327,1,Exempt: This listing is a unit that has contracts with hospitals
947830113876875286,Charming South End Studio Apt,523515799,1470355309937485363,Healing Homes,,Back Bay,42.34336,-71.08395,Entire home/apt,249,1,30,2026-05-28,0.89,43,261,16,Exempt: This listing is a hotel or motel
45539765,Keyless Entry | Laundry in Unit | Pet Friendly,365116307,1469734785463392741,Brian & Heather,,Downtown,42.35722807237734,-71.06149157569895,Entire home/apt,306,1,368,2026-05-29,5.30,35,51,50,STR-438655
8082512,"Stylish Downtown Studio in the Boston, C.Ave# 34",22348222,1462620857010380237,Maverick,,South End,42.34441,-71.07633,Entire home/apt,285,1,191,2026-06-14,1.47,87,280,13,STR-441247
13993185,Charming Beacon Hill One Bedroom,83554697,1467011276905895605,Ashley,,Beacon Hill,42.35948,-71.06747,Entire home/apt,136,29,234,2025-12-03,1.94,1,224,2,
1074086511886697406,Charming 1 Bedroom Apartment in Downtown Boston,417546358,1469897762395867242,Leo,,Beacon Hill,42.35877,-71.06785,Entire home/apt,141,29,7,2025-08-13,0.27,8,215,1,
929777947659855829,Cozy South End Loft,523515799,1470355309937485363,Healing Homes,,Back Bay,42.344438876900405,-71.08347546066226,Entire home/apt,349,1,30,2026-05-27,0.84,43,183,11,Exempt: This listing is a hotel or motel
828386531456139949,Cozy Back Bay | 1Br / 1Bath!,275849638,1469454850382219508,Healing Homes,,Back Bay,42.348301150228934,-71.08446960340625,Entire home/apt,307,1,74,2026-04-04,2.47,53,147,10,STR-520910
1653103910767685212,2 Pet-Friendly Rooms in Boston w/ Free Breakfast!,501999514,1470257160985456019,RoomPicks,,Back Bay,42.3437765,-71.083342,Hotel room,754,1,0,,,12,363,0,Exempt: This listing is a hotel or motel
30104396,Copley House King Studio,85130,1462509229002082786,Copley,,South End,42.34412,-71.07927,Entire home/apt,300,1,13,2024-06-22,0.16,7,311,0,Exempt: This listing is a hotel or motel
8025718,"Close to the North End, Fenway & Boston Common, #6",22348222,1462620857010380237,Maverick,,South End,42.34447,-71.07644,Entire home/apt,409,1,117,2025-07-24,0.89,87,334,2,STR-589707
781698350065782786,"Blueground | Back Bay, gym & concierge, nr t",107434423,1462889176402806013,Blueground,,Bay Village,42.3504464,-71.06818659999999,Entire home/apt,,30,0,,,227,332,0,
904194014030747377,"Blueground | Back Bay, gym & w/d, nr restaurants",107434423,1462889176402806013,Blueground,,Bay Village,42.34992,-71.06943,Entire home/apt,,30,1,2024-06-07,0.04,227,329,0,
1018956196236343821,Roomy 4bed loft | Family Friendly,365116307,1469734785463392741,Brian & Heather,,Downtown,42.35515,-71.06029,Entire home/apt,490,1,147,2026-06-01,4.65,35,37,49,STR-466837
4623114,South End Studio Perfect for Work Travel #46,22348222,1462620857010380237,Maverick,,South End,42.34441,-71.07633,Entire home/apt,306,1,193,2026-03-31,1.47,87,343,22,STR-441249
50563099,"Blueground | Back Bay, gym, nr the common",107434423,1462889176402806013,Blueground,,Bay Village,42.34992,-71.06943,Entire home/apt,,30,1,2023-12-07,0.03,227,303,0,
1503759327389925188,The Hill House (Beacon Hill),505202449,1470271047431864686,Joseph,,Beacon Hill,42.3597441,-71.06426789999999,Entire home/apt,229,1,24,2026-06-05,2.65,11,344,24,LB-128070
1019496762697723930,"Blueground | Back Bay, gym & w/d, nr shopping",107434423,1462889176402806013,Blueground,,Bay Village,42.34992,-71.06943,Entire home/apt,,30,0,,,227,303,0,
52384026,ADA Copley Queen - Copley Square Hotel,423875908,1469922849044617913,Copley Square Hotel,,Back Bay,42.34782,-71.07748,Private room,294,1,0,,,6,317,0,Exempt: This listing is a hotel or motel
45543316,"Monthly Discounts - Furnished Luxury 3br, 2ba Loft",365116307,1469734785463392741,Brian & Heather,,Downtown,42.35576,-71.06202,Entire home/apt,530,1,329,2026-05-31,4.77,35,27,55,STR-438659
1653103915615292316,3 Pet-Friendly Units | 2.7 mi to Franklin Zoo,501999514,1470257160985456019,RoomPicks,,Back Bay,42.3437765,-71.083342,Hotel room,1131,1,0,,,12,363,0,Exempt: This listing is a hotel or motel
1653103915669793749,3 Rooms for Family w/ Pets! | Free Breakfast,501999514,1470257160985456019,RoomPicks,,Back Bay,42.3437765,-71.083342,Hotel room,1131,1,0,,,12,363,0,Exempt: This listing is a hotel or motel
1653103917841793795,4 Rooms near Museum of Science - 1.8 miles,501999514,1470257160985456019,RoomPicks,,Back Bay,42.3437765,-71.083342,Hotel room,1508,1,0,,,12,362,0,Exempt: This listing is a hotel or motel
1678291976108733895,(New1f) Front-Facing 1BR on Newbury Street,563246552,1470512703190615862,Together We Rise,,Back Bay,42.34875,-71.08144,Entire home/apt,287,1,2,2026-06-04,2,50,73,2,STR-627051
929274223001610653,Back Bay Simple Studio Apartment,523515799,1470355309937485363,Healing Homes,,South End,42.34167,-71.08246,Entire home/apt,312,1,44,2026-05-07,1.23,43,259,18,Exempt: This listing is a hotel or motel
1699469161421221262,"Modern South End Stay, Stay Tonight!",586870169,1470604736184387893,Andrew,,South End,42.33944319338426,-71.07788080676814,Entire home/apt,318,1,0,,,14,288,0,STR-626524
1654383365993117137,"Tri-level, Skylighted, Faneuil Hall/Quincy Market",57673810,1653919447397633405,Kama,,Downtown,42.359673934107285,-71.05721650533116,Entire home/apt,302,29,4,2026-06-02,2.55,15,305,4,Exempt: This listing is a unit that has contracts with hospitals
1663425921699152738,305M Spacious 1BR Boston | Prime Location + Dining,38005935,1624641620926033115,The Edit Collection,,Downtown,42.3572442,-71.06097989999999,Entire home/apt,202,29,1,2026-05-21,1,14,275,1,STR-963522
52883886,Spectacular views in a spacious Beacon Hill 2bd2ba,28741809,1465424047124456934,Darlene,,Downtown,42.35819625854492,-71.06234741210938,Entire home/apt,406,29,13,2025-12-14,0.24,1,258,2,
779875059629800062,Beacon Hill 2 bed apt affordable,373675137,1463554206153655871,Lilith,,Beacon Hill,42.35824311593556,-71.06601636102484,Entire home/apt,149,29,7,2025-11-25,0.31,117,214,4,
48807191,Boston Common Loft w/ in-unit washer dryer,365116307,1469734785463392741,Brian & Heather,,Downtown,42.35524,-71.06022,Entire home/apt,431,1,292,2026-05-28,4.64,35,48,37,STR-438648
34936983,Beacon Hill Home,191235406,1463099743397455698,Kathleen,,Beacon Hill,42.35923,-71.06602,Entire home/apt,166,29,13,2026-05-01,0.20,2,219,4,
914597481157436053,"(W1) Prime Area, Best Restaurants, W/D, South End!",371640674,1469752814550739834,Boston,,South End,42.33771319476956,-71.07617773563585,Entire home/apt,252,1,73,2026-05-18,2.01,11,195,22,STR-628644
1699470003331668276,"The Concord, Boutique Stay Near the T",586870169,1470604736184387893,Andrew,,South End,42.33873,-71.07823,Entire home/apt,405,1,0,,,14,293,0,STR-626530
21369962,Beacon Hill Designer Suite with Roof deck,57533988,1465940763356741388,Christal,,Downtown,42.35748,-71.06156,Entire home/apt,221,29,67,2026-06-01,0.64,1,263,3,
1684248127422224797,Sun-Filled 1BR Steps from Public Garden,1683540234995321877,1683540365202786410,Linden,,Back Bay,42.34876,-71.08176,Entire home/apt,326,1,0,,,18,352,0,Exempt: This listing is a hotel or motel
46982246,Designer Lux 4bed Loft | Steps to the State House,365116307,1469734785463392741,Brian & Heather,,Downtown,42.35746,-71.06085,Entire home/apt,581,1,352,2026-05-18,5.32,35,42,50,STR-466842
1539235503251432260,Stylish Exposed Brick 3BR!,717946252,1505867861207707885,Healing Homes,,Downtown,42.35613,-71.06153,Entire home/apt,843,29,4,2026-02-09,0.70,35,196,4,STR-626127
669738658809306751,Most attractive 1 bedroom apt with 2 beds Boston,373675137,1463554206153655871,Lilith,,Beacon Hill,42.35974,-71.06582,Entire home/apt,149,29,12,2026-05-10,0.32,117,195,3,
1073358649239417965,Beautiful 1Bedroom Apartment in Beacon Hill Boston,417546358,1469897762395867242,Leo,,Beacon Hill,42.358629296698794,-71.06915347405202,Entire home/apt,163,29,4,2026-05-04,0.18,8,42,2,
1329952956052871934,Amazing 1Bedroom in Beacon Hill,373675137,1463554206153655871,Lilith,,Beacon Hill,42.35824,-71.07058,Private room,81,29,4,2026-05-31,0.39,117,62,4,
27323777,Vintage Studio in Beacon Hill. Walk Everywhere,95634275,1462860602231093532,Sophia,,Beacon Hill,42.35945,-71.06551,Entire home/apt,184,29,86,2026-05-02,0.90,6,176,4,Exempt: This listing is a unit used for furnished institutional or business stays
901710601502074888,Best 1 bed 1 living r with extra sofa bed Boston,373675137,1463554206153655871,Lilith,,Beacon Hill,42.35916,-71.06762,Entire home/apt,174,29,5,2026-04-02,0.23,117,236,2,
41360515,Delightful Beacon Hill 1 Bed | 1 Bath,3731207,1462638182928986010,Kaitlyn,,Beacon Hill,42.35803,-71.0711,Entire home/apt,178,29,34,2026-05-21,0.44,3,228,6,
602328498990797248,Affordable Cozy 2 bed room apt Beacon Hill Boston,373675137,1463554206153655871,Lilith,,Beacon Hill,42.36038,-71.06589,Entire home/apt,146,29,13,2026-05-16,0.27,117,165,3,
1179675541955500778,Elegant Beacon Hill Apt by MBTA,26374107,1465365333828889686,Tasuku,,Downtown,42.3581485,-71.0624814,Entire home/apt,283,29,5,2026-04-27,0.46,1,200,5,
770557500197301585,Amazing 1 bedroom apt in Boston,373675137,1463554206153655871,Lilith,,Beacon Hill,42.35936740577958,-71.06949858833637,Entire home/apt,144,29,9,2026-05-31,0.26,117,211,4,
1036352598067186112,Marathon 5 minutes Away!  Large Garden Level Room,19604526,1463083664497620555,Irene,,Back Bay,42.3449329085284,-71.07987972069864,Private room,247,5,8,2026-06-15,0.26,3,364,6,STR-398748
616616290168209593,City Studio | Wake Up to Public Garden & Back Bay,232009663,1469236885489193999,Annie,,Beacon Hill,42.35624,-71.07335,Entire home/apt,138,29,13,2026-05-04,0.26,7,67,3,Exempt: This listing is a unit used for furnished institutional or business stays
29982429,Copley House Queen Studio,85130,1462509229002082786,Copley,,Back Bay,42.3452,-71.07911,Entire home/apt,290,1,94,2026-05-18,1.06,7,312,19,Exempt: This listing is a hotel or motel
685264730379800426,Top three bed apt in heart of Boston Beacon Hill,373675137,1463554206153655871,Lilith,,Beacon Hill,42.3595,-71.06517,Entire home/apt,183,29,2,2024-11-13,0.07,117,233,0,
4461901,"Explore Newbury St, Fenway, and Chinatown Nearby,",22348222,1462620857010380237,Maverick,,South End,42.34447,-71.07644,Entire home/apt,441,1,191,2026-05-25,1.42,87,338,18,STR-589710
638978335989826229,Wonderful 2 Bedroom in Beacon Hill Boston,380623623,1469777961228449083,Stella,,Beacon Hill,42.35862,-71.06927,Entire home/apt,155,29,3,2025-09-07,0.07,9,173,1,
1295019990282542486,Sweet 1Bedroom in Beacon Hill area,373675137,1463554206153655871,Lilith,,Beacon Hill,42.36098,-71.06669,Private room,78,29,2,2026-05-07,0.56,117,80,2,
60356,Bookcase 1bd facing Boston Common,26988,1462507068700680197,Anne,,Beacon Hill,42.35894,-71.0631,Entire home/apt,162,32,20,2026-04-30,0.13,4,231,1,
1242160619398844400,"Room + 2 Bath | Beacon Hill, Walk to MGH, Back Bay",232009663,1469236885489193999,Annie,,Beacon Hill,42.35698,-71.07214,Private room,73,29,4,2026-04-30,0.20,7,259,3,
571845113465671243,Most lovely 3 Bedroom apt in Beacon Hill Boston,373675137,1463554206153655871,Lilith,,Beacon Hill,42.36103090207266,-71.06517672302819,Entire home/apt,207,29,9,2026-04-30,0.23,117,245,2,
1291585132679609700,Attractive 1Bedroom in Beacon Hill Area,373675137,1463554206153655871,Lilith,,West End,42.36123817262358,-71.06718287861436,Private room,136,29,2,2026-06-01,0.50,117,45,2,
1073404636765576866,Super Cozy 2-Bedroom apartment in downtown Boston,417546358,1469897762395867242,Leo,,Beacon Hill,42.36005,-71.06669,Entire home/apt,194,29,6,2025-11-03,0.26,8,256,2,
1290797208478230439,Comfortable 1Bedroom in Beacon Hill,373675137,1463554206153655871,Lilith,,Beacon Hill,42.35978,-71.06751,Private room,107,29,4,2026-03-30,0.24,117,34,2,
1595279857938417957,"Renovated Studio, steps to MGH, Suffolk, Sleeps 4",250399091,1469327367939017586,Nina,,Beacon Hill,42.360856302996915,-71.06547843029482,Entire home/apt,558,29,3,2026-03-08,0.72,9,259,3,Exempt: This listing is a unit that has contracts with hospitals
638473569363708335,Lovely 1 bedroom apartment in Beacon Hill Boston,380623623,1469777961228449083,Stella,,Beacon Hill,42.35849,-71.06928,Entire home/apt,163,29,10,2025-11-06,0.24,9,42,1,
1502373680075815207,Cozy&Modern 2Br 2Ba unit downtown Boston /King Bed,163848078,1463027460596198880,Adam,,Downtown,42.35034,-71.06369,Entire home/apt,1097,2,8,2026-05-25,0.98,18,237,8,Str-892369
1289377475491297913,Cozy 1 Bedroom in Beacon Hill,373675137,1463554206153655871,Lilith,,Beacon Hill,42.35848,-71.06554,Private room,109,29,5,2026-05-26,0.30,117,34,3,
1356695493318804992,Boston 2Bedroom Apartment,373675137,1463554206153655871,Lilith,,Beacon Hill,42.35925064268014,-71.06740485853419,Entire home/apt,196,29,1,2025-10-08,0.12,117,245,1,
1662463260715119547,308M Modern Spacious Studio Near Boston Common TD,38005935,1624641620926033115,The Edit Collection,,Downtown,42.35700970299691,-71.06202085250342,Entire home/apt,273,29,3,2026-05-16,1.58,14,349,3,STR-524899
1592039677348594226,"Blueground | Downtown Crossing, view, nr Park",107434423,1462889176402806013,Blueground,,Downtown,42.3568745,-71.06073909999999,Entire home/apt,,30,0,,,227,185,0,
623029409486034434,Modern Boston One Bedroom with Luxury Amenities,22541573,1463182329140437053,Furnished Quarters,,Downtown,42.357354481600005,-71.05793654164002,Entire home/apt,274,32,0,,,42,343,0,
1136149976587613974,Penthouse luxury suite.  Huge great room. 3 beds.,572279043,1470551287413374083,Peter,,Downtown,42.3563603,-71.0617784,Entire home/apt,1168,29,35,2025-02-05,1.33,5,256,0,Exempt: This listing is a unit that has contracts with hospitals
1585625790860294348,701M NEW Luxury Boston Studio By Hospitals Subway,716073438,1498513307530667402,Metro Luxe Stays,,Downtown,42.35598,-71.06017,Entire home/apt,264,29,0,,,10,168,0,
769614253675332089,Rare Beacon Hill Gem,489352130,1470202554792249800,Hoda,,Beacon Hill,42.3585533,-71.06614259999999,Entire home/apt,1177,29,6,2024-08-04,0.17,1,224,0,STR-518990
1680034445442023695,303M Boston Airbnb | Downtown Corporate Stay Wifi,38005935,1624641620926033115,The Edit Collection,,Downtown,42.3572442,-71.06097989999999,Entire home/apt,263,29,0,,,14,254,0,
1136158151999510243,Downtown Loft perfect for group 3 bed 3 bath,572279043,1470551287413374083,Peter,,Downtown,42.35602,-71.06094,Entire home/apt,1168,29,12,2025-02-09,0.47,5,256,0,Exempt: This listing is a unit that has contracts with hospitals
1592046971009840236,"Blueground | Downtown Crossing, view, nr Park",107434423,1462889176402806013,Blueground,,Downtown,42.3568745,-71.06073909999999,Entire home/apt,,30,0,,,227,318,0,
1134789334489832039,Luxury 3 bedroom 3 bathroom downtown loft,572279043,1470551287413374083,Peter,,Downtown,42.3563603,-71.0617784,Entire home/apt,993,29,20,2025-02-23,0.76,5,256,0,Exempt: This listing is a unit that has contracts with hospitals
1592038926035386075,"Blueground | Downtown Crossing, view, nr Park",107434423,1462889176402806013,Blueground,,Downtown,42.3568745,-71.06073909999999,Entire home/apt,,30,0,,,227,325,0,
1680531246259619504,308M Boston Corporate Housing | Fast WiFi Spacious,38005935,1624641620926033115,The Edit Collection,,Downtown,42.35681,-71.06192,Entire home/apt,273,29,0,,,14,349,0,
47052910,One Bedroom Apartment In Luxury Boston High Rise,22541573,1463182329140437053,Furnished Quarters,,Downtown,42.35943,-71.05776,Entire home/apt,265,32,2,2022-06-04,0.03,42,293,0,
1680497815663366834,307M Corporate Housing Boston | Best Downtown Stay,38005935,1624641620926033115,The Edit Collection,,Downtown,42.3572442,-71.06097989999999,Entire home/apt,272,29,0,,,14,353,0,
20152689,Cozy Room in the Heart of Boston (MGH/Downtown),95634275,1462860602231093532,Sophia,,Beacon Hill,42.36019,-71.064,Private room,81,29,203,2025-05-07,1.89,6,163,0,Exempt: This listing is a unit used for furnished institutional or business stays
1592039423392763427,"Blueground | Downtown Crossing, view, nr Park",107434423,1462889176402806013,Blueground,,Downtown,42.3568745,-71.06073909999999,Entire home/apt,,30,0,,,227,311,0,
1680478323113114529,305M Downtown Boston MTR | King Bed + Fast Wi-Fi,38005935,1624641620926033115,The Edit Collection,,Downtown,42.3572442,-71.06097989999999,Entire home/apt,258,29,0,,,14,275,0,
7513906,"Sleek Rental in Beacon Hill, Near TD Garden/MGH #6",22348222,1462620857010380237,Maverick,,Beacon Hill,42.36017,-71.06346,Entire home/apt,239,29,225,2023-11-15,1.74,87,299,0,STR-589711
1600116812391318227,805M Luxury One Bedroom Downtown Boston Commons,716073438,1498513307530667402,Metro Luxe Stays,,Downtown,42.35623,-71.05959,Entire home/apt,273,29,0,,,10,237,0,
1598976050553025559,703M Brand NEW Luxury Studio Near Hospitals Subway,716073438,1498513307530667402,Metro Luxe Stays,,Downtown,42.35598,-71.06012,Entire home/apt,264,29,0,,,10,223,0,
1599441772887184739,702M NEW Huge Studio Downtown Boston Extended Stay,716073438,1498513307530667402,Metro Luxe Stays,,Downtown,42.35805,-71.06039,Entire home/apt,275,29,0,,,10,223,0,
20137476,Cozy Room in Beacon Hill/MIT/MGH! (Room A),95634275,1462860602231093532,Sophia,,Beacon Hill,42.35966,-71.06538,Private room,117,29,187,2026-03-07,1.74,6,131,3,
1600071580051991697,802M NewPrivateStudio|DowntownBoston|500ft to T,716073438,1498513307530667402,Metro Luxe Stays,,Downtown,42.35621,-71.06168,Entire home/apt,276,29,0,,,10,192,0,
53146859,Newly Designed Loft - Fast Wifi - Pet Friendly,382451810,1469783251184910688,Healing Homes,,Downtown,42.35575,-71.05828,Entire home/apt,287,1,156,2026-05-29,2.82,43,86,22,STR-466813
1271333272016630031,Renovated Studio Government Center/Quincy Market,31340713,1465460976217419594,Kama,,Downtown,42.36119978540695,-71.05766733166148,Entire home/apt,319,30,0,,,19,222,0,Exempt: This listing is a hotel or motel
7837202,"Beacon Hill – Prime Location, Near TD Garden #15",22348222,1462620857010380237,Maverick,,Beacon Hill,42.36017,-71.06346,Entire home/apt,358,1,196,2026-06-14,1.59,87,288,38,STR-463214
1598841999611990403,706M New Huge Studio in Boston By Subway Hospitals,716073438,1498513307530667402,Metro Luxe Stays,,Downtown,42.35756,-71.06185,Entire home/apt,264,29,0,,,10,223,0,
1700120364257276465,South End Studio | Close to Hospitals,717946252,1505867861207707885,Healing Homes,,Back Bay,42.3431998,-71.08314659999999,Entire home/apt,271,1,0,,,35,158,0,STR-627295
1558065213185887383,Pet Friendly Studio | Walk to MGH,717946252,1505867861207707885,Healing Homes,,Downtown,42.35439,-71.05775,Entire home/apt,300,1,17,2026-05-31,2.51,35,84,17,STR-466825
1068856744515000133,Cozy Room in Beacon Hill. Walk to MGH/Downtown/MIT,232009663,1469236885489193999,Annie,,West End,42.361462016223996,-71.06394908771946,Private room,188,29,0,,,7,364,0,
1600089975962997132,804M Luxury Downtown Boston 1Bed Walk to T ExtStay,716073438,1498513307530667402,Metro Luxe Stays,,Downtown,42.3573,-71.05972,Entire home/apt,273,29,0,,,10,223,0,
1700153233863142244,Airy Studio Boston's South End!,717946252,1505867861207707885,Healing Homes,,Back Bay,42.3431998,-71.08314659999999,Entire home/apt,312,1,0,,,35,195,0,STR-627297
41186382,Cozy Room in Beacon Hill/MIT/MGH. Walk Everywhere!,95634275,1462860602231093532,Sophia,,West End,42.36145,-71.06411,Private room,79,29,12,2026-03-28,0.26,6,214,1,Exempt: This listing is a unit used for furnished institutional or business stays
1653103897594848209,Pet-Friendly Stay near Newbury Street - 0.5 miles,501999514,1470257160985456019,RoomPicks,,Back Bay,42.34378,-71.08334,Hotel room,328,1,0,,,12,290,0,Exempt: This listing is a hotel or motel
1595272585629229507,"Tri-level, Skylighted, Faneuil Hall/Quincy Market",250399091,1469327367939017586,Nina,,Downtown,42.361615317116005,-71.0571027072441,Entire home/apt,911,29,0,,,9,257,0,Exempt: This listing is a unit used for furnished institutional or business stays
7911936,Beacon Hill Rental Steps to MGH & TD Garden – #1,22348222,1462620857010380237,Maverick,,Beacon Hill,42.36017,-71.06346,Entire home/apt,286,1,256,2026-05-18,1.97,87,335,31,STR-415613
1561683040197921576,Luxury 1BR | South End | Walk Score 99!,391573974,1561683041147769764,Ben,,South End,42.34778,-71.07192,Entire home/apt,191,30,0,,,1,162,0,
51872976,"Blueground | Back Bay, gym, nr newbury st",107434423,1462889176402806013,Blueground,,Back Bay,42.348633,-71.074088,Entire home/apt,,30,1,2024-06-17,0.04,227,323,0,
604223920210757772,"Blueground | S. End, w/d & Gym, nr sowa district",107434423,1462889176402806013,Blueground,,South End,42.33856,-71.06907,Entire home/apt,,30,0,,,227,300,0,
967177743613744573,"Southend PH w/Roofdeck
World Cup/4th of July",21635825,1463160120972483256,Mary Ella,,South End,42.34309827458531,-71.07708044350147,Entire home/apt,913,1,21,2026-06-06,0.80,1,262,11,STR-551850
7531700,Prime Rental by MGH & TD Garden – Beacon Hill #3,22348222,1462620857010380237,Maverick,,Beacon Hill,42.36017,-71.06346,Entire home/apt,365,1,226,2026-06-10,1.72,87,334,22,STR-415616
542466980559114057,"Blueground | Back Bay, w/d & gym, nr copley sq",107434423,1462889176402806013,Blueground,,Back Bay,42.34863,-71.07409,Entire home/apt,,30,1,2023-01-21,0.02,227,351,0,
1342270874989888039,Fantastic 1bedroom apt + 1 bed @living room Boston,417546358,1469897762395867242,Leo,,Beacon Hill,42.35910380670795,-71.06906096246558,Entire home/apt,174,29,0,,,8,254,0,
1335809409414167467,Wonderful 1Bedroom in Beacon Hill,373675137,1463554206153655871,Lilith,,Beacon Hill,42.360295447238194,-71.06941311268804,Private room,90,29,1,2026-06-01,1,117,224,1,
13188501,Cobblestone Way on Beacon Hill-walk to MGH Subway,38997,1462507326675374812,Michelle,,Beacon Hill,42.36104,-71.07129,Entire home/apt,117,32,16,2025-12-31,0.13,12,119,1,
676257209720573421,Top quality 3 bed apt in heart of Boston,373675137,1463554206153655871,Lilith,,Beacon Hill,42.35907,-71.06728,Entire home/apt,160,29,11,2026-05-11,0.25,117,195,1,
689607534898158572,"Blueground | Back Bay, gym & roof, nr copley sq",107434423,1462889176402806013,Blueground,,Back Bay,42.348633,-71.074088,Entire home/apt,,30,0,,,227,279,0,
1462184658651827341,"Blueground | South of Washington, nr Boston Common",107434423,1462889176402806013,Blueground,,South End,42.33855729999999,-71.06907079999999,Entire home/apt,,30,0,,,227,320,0,
1326112732218254961,"Stately on Cedar - Unit 1, near MGH - NEW",263259492,1469392364831037501,Deidre,,Beacon Hill,42.36005,-71.0714,Entire home/apt,471,29,0,,,2,284,0,STR-584327
695918936959621754,Most affordable 2 room studio Boston beacon hill,373675137,1463554206153655871,Lilith,,Beacon Hill,42.36017,-71.07099,Entire home/apt,162,29,19,2026-04-30,0.42,117,226,7,
1337267500325551546,Enjoyable 1Bedroom in Beacon Hill,373675137,1463554206153655871,Lilith,,Beacon Hill,42.35838,-71.06782,Private room,93,29,1,2025-09-29,0.11,117,71,1,
724887655271565890,Amazing 3Bedroom Apartment in Beacon Hill,373675137,1463554206153655871,Lilith,,Beacon Hill,42.36003,-71.06897,Entire home/apt,169,29,3,2025-10-31,0.07,117,202,1,
1337222955913746210,Amazing 1Bedroom in Beacon Hill,373675137,1463554206153655871,Lilith,,Beacon Hill,42.35869,-71.06927,Private room,97,29,3,2026-01-12,0.25,117,192,3,
47775251,Room w/ 2 Shared Baths. Walk to MGH/Tufts/Back Bay,258974203,1469368239929085934,Sophia,,Beacon Hill,42.35638,-71.07139,Private room,89,29,9,2025-07-02,0.15,2,295,1,Exempt: This listing is a unit used for furnished institutional or business stays
611835367254543088,Comfortable 2-bedroom apartment in downtown Boston,380623623,1469777961228449083,Stella,,Beacon Hill,42.35823565460668,-71.06924159274057,Entire home/apt,152,29,5,2025-02-23,0.12,9,158,0,
1662491884371392277,303B Downtown Boston Studio Steps to Shops & Parks,38005935,1624641620926033115,The Edit Collection,,Downtown,42.35642630261165,-71.06024240981438,Entire home/apt,455,2,1,2026-05-19,1,14,56,1,STR-618409
1409368735581082096,Queen Room Next to Public Garden,232009663,1469236885489193999,Annie,,Beacon Hill,42.35683,-71.07134,Private room,125,29,0,,,7,89,0,
47492421,"Downtown Central Studio w Fast WIFI, Keyless Entry",382451810,1469783251184910688,Healing Homes,,Downtown,42.35533,-71.05769,Entire home/apt,214,1,234,2026-05-18,3.73,43,245,29,STR-466812
1689950476594446272,Spacious and Simple 3BR Apartment,275849638,1469454850382219508,Healing Homes,,Downtown,42.3550827,-71.06209729999999,Entire home/apt,593,1,0,,,53,194,0,STR-626093
47384208,Prime Location | Beacon Hill & Financial District,382451810,1469783251184910688,Healing Homes,,Downtown,42.35427,-71.05991,Entire home/apt,244,1,233,2026-05-31,3.59,43,201,27,STR-466826
1426782635677572891,Downtown Boston Famous Nightlife Theater District,914769,1462515095188637997,Misha,,Downtown,42.35209915609022,-71.0652082740621,Entire home/apt,269,1,46,2026-06-12,3.88,1,320,46,STR-596641
1024653749331420285,Boston Central Location Famous Nightlife Chinatown,73341042,1466904707597137434,Natalia,,Downtown,42.35053530592508,-71.06397943403081,Entire home/apt,360,1,83,2026-05-30,2.71,2,265,26,STR-545048
1263156175523555614,Best Location Studio In Downtown Boston,331132678,1469637039536524107,Premier Suites,,Downtown,42.355056736770834,-71.06221200170934,Entire home/apt,304,1,6,2025-10-01,0.31,3,276,4,STR-605735
611624616309990699,Lovely 1 bedroom apartment in downtown Boston,380623623,1469777961228449083,Stella,,Beacon Hill,42.35805,-71.06792,Entire home/apt,141,29,9,2024-02-10,0.19,9,214,0,
1290810952888918279,Nice 1Bedroom in Beacon Hill Area,373675137,1463554206153655871,Lilith,,Beacon Hill,42.3595,-71.06692,Private room,137,29,0,,,117,33,0,
1617627523291500034,Best location; short walk to points of interest!,452895007,1617627524024076770,Christopher,,Beacon Hill,42.3588921,-71.07148029999999,Private room,199,29,0,,,2,156,0,Exempt: This listing is a unit used for furnished institutional or business stays
1074740335760498573,Beautiful 2 Bedroom in Beacon Hill Boston,417546358,1469897762395867242,Leo,,Beacon Hill,42.36003,-71.06735,Entire home/apt,157,29,1,2025-03-19,0.07,8,148,0,
772147697509231116,Nicest 1bedroom apt with 2beds in Boston,373675137,1463554206153655871,Lilith,,Beacon Hill,42.36017967439299,-71.06712181856926,Entire home/apt,168,29,5,2025-10-10,0.18,117,225,2,
772490458038747328,Boston 2 Bedroom Apartment,373675137,1463554206153655871,Lilith,,Beacon Hill,42.358534336470825,-71.06795589245175,Entire home/apt,157,29,4,2024-12-26,0.11,117,173,0,
1142802454227750655,Beacon Hill Pied ~a~Terre,191235406,1463099743397455698,Kathleen,,Beacon Hill,42.3593,-71.06664,Private room,145,29,9,2024-08-25,0.35,2,136,0,STR-560657
1074683137531183017,Cozy 2-Bedroom Apartment in Downtown Boston,417546358,1469897762395867242,Leo,,Beacon Hill,42.36012,-71.06878,Entire home/apt,146,29,0,,,8,175,0,
594797282646385297,"Blueground | Symphony, doorman & biz center",107434423,1462889176402806013,Blueground,,Fenway,42.34449130000001,-71.086708,Entire home/apt,,30,0,,,227,278,0,
1437079335042286417,One-bedroom apartment in Boston's central Back Bay,22541573,1463182329140437053,Furnished Quarters,,Fenway,42.34498794768727,-71.08758718471219,Entire home/apt,265,32,0,,,42,302,0,
1024726941744490674,Stunning 1BR | Steps to Fenway!,382451810,1469783251184910688,Healing Homes,,Fenway,42.34875257267978,-71.09304196081419,Entire home/apt,294,29,57,2025-01-25,1.82,43,88,0,Exempt: This listing is a unit that has contracts with hospitals
49512414,Bay Village Charm | 99 WalkScore | Short/Long Stay,275849638,1469454850382219508,Healing Homes,,Downtown,42.34979,-71.06544,Entire home/apt,279,1,215,2026-05-20,3.48,53,211,26,STR-461739
1292909012280747979,Best 1Bedroom in Beacon Hill Area,373675137,1463554206153655871,Lilith,,Beacon Hill,42.35992,-71.06967,Private room,70,29,0,,,117,43,0,
46982800,4br/2ba | 200mbps Internet | Luxury Keyless Entry,365116307,1469734785463392741,Brian & Heather,,Downtown,42.35666,-71.06026,Entire home/apt,469,1,288,2026-05-26,4.64,35,37,39,STR-466838
1668178236113199075,Safe Studio near Hospitals in Boston,2356643,1462523722549277069,StayNue,,Downtown,42.35256,-71.06399,Entire home/apt,1322,1,0,,,31,365,0,STR-422487
48805065,Luxury at a Discount | 3br/2ba | 200mbps Internet,365116307,1469734785463392741,Brian & Heather,,Downtown,42.35533065332528,-71.06073938142121,Entire home/apt,381,1,322,2026-05-30,5.18,35,25,50,STR-438657
1476228381905125230,2BR Penthouse Boston Common DT,463475392,1469699457630744455,Jonah Magno,,Chinatown,42.351576458355645,-71.06278286983643,Entire home/apt,1315,1,6,2026-05-17,0.71,8,166,6,STR-586070
47384597,Luxury at a Discount!!  2br/2ba | 200mbps Internet,382451810,1469783251184910688,Healing Homes,,Downtown,42.35397,-71.05798,Entire home/apt,349,1,266,2026-04-21,4.27,43,238,32,STR-466798
34133759,"Blueground | Back Bay, gym, doorman, nr t station",107434423,1462889176402806013,Blueground,,Back Bay,42.348633,-71.074088,Entire home/apt,,30,1,2022-05-11,0.02,227,303,0,
604951714437257587,"Blueground | Back Bay, gym, nr newbury st",107434423,1462889176402806013,Blueground,,Back Bay,42.348633,-71.074088,Entire home/apt,,30,1,2024-03-03,0.04,227,316,0,
1700106502826715801,Private Studio | Back Bay,717946252,1505867861207707885,Healing Homes,,Back Bay,42.3426474,-71.0831951,Entire home/apt,204,1,0,,,35,263,0,STR-627292
1181310032137804996,The Chester: Penthouse One Bedroom,43613912,1465647609109328116,Drew,,Roxbury,42.339042,-71.0803574,Entire home/apt,592,1,69,2026-06-06,2.89,9,255,33,STR-564506
34974052,"Blueground | Back Bay, gym, doorman, nr t station",107434423,1462889176402806013,Blueground,,Back Bay,42.348633,-71.074088,Entire home/apt,,30,0,,,227,303,0,
1563107013526803287,Cozy Studio in the South End,717946252,1505867861207707885,Healing Homes,,Fenway,42.34182,-71.08417,Entire home/apt,226,1,7,2026-05-25,1.26,35,186,7,Exempt: This listing is a hotel or motel
1659850825607717468,Welcome One Bed One Bath next to Commercial  Area,756082349,1659850826361779620,Shaowei,,Back Bay,42.34726,-71.07899,Entire home/apt,257,1,3,2026-05-28,2.73,1,355,3,STR-623282
1518939235152258912,Comfortable  Studio next to Prudential Center,418001090,1469899647645008106,Shaowei,,Back Bay,42.34619,-71.08116,Entire home/apt,198,1,47,2026-06-05,5.38,2,230,47,STR-608565
1181310150835395666,The Chester: Urban Chic Stay In South End,43613912,1465647609109328116,Drew,,Roxbury,42.339042,-71.0803574,Entire home/apt,443,1,27,2026-05-20,1.14,9,274,10,STR-565044
1206563557370155347,Stylish Studio in Historic Row House,409684302,1469870389347785678,Justin And Mandy,,South End,42.34288111977049,-71.07874188009886,Entire home/apt,336,1,34,2026-06-11,1.53,18,331,30,STR-457097
1419572511823380490,"Blueground | Prudential, gym & w/d, nr library",107434423,1462889176402806013,Blueground,,Back Bay,42.348247,-71.0805179,Entire home/apt,361,30,0,,,227,365,0,
44132493,Sophisticated 1BR in Downtown Boston,9419684,1462813669805382028,Churchill Living,,Chinatown,42.352093,-71.06081,Entire home/apt,258,30,3,2023-07-09,0.06,9,362,0,Approved by government
51621253,Historic Meets Modern | 2BR in Central Boston,163251048,1463025977339310058,Global Luxury Suites,,Chinatown,42.352093,-71.060806,Entire home/apt,,29,14,2023-07-09,0.25,4,341,0,Exempt: This listing is a unit that has contracts with hospitals
964946317221888957,"Blueground | Back Bay, rooftop & gym, nr shops",107434423,1462889176402806013,Blueground,,Back Bay,42.34603,-71.07867759999999,Entire home/apt,,30,0,,,227,318,0,
10427882,The Boston Christopher One Bedroom,48494513,1465734787384062854,Inn Boston,,South End,42.3432,-71.07846,Entire home/apt,218,29,69,2021-04-11,0.55,8,158,0,STR-423339
615627054340788049,"Blueground | Theatre District, gym, nr boylston t",107434423,1462889176402806013,Blueground,,Downtown,42.3511858,-71.06401699999999,Entire home/apt,,30,0,,,227,333,0,
8553163,"Boston, Back Bay Condo w/Private Roof Deck",8214532,1462752059371925592,Rob,,Back Bay,42.34542,-71.08055,Entire home/apt,268,29,119,2022-04-30,1.06,1,215,0,Exempt: This listing is a unit used for furnished institutional or business stays
53307955,"Blueground | Downtown, amenities & rooftop views",107434423,1462889176402806013,Blueground,,Downtown,42.3511858,-71.06401699999999,Entire home/apt,,30,0,,,227,285,0,
1044093859255714308,"Blueground | Chinatown/Theater Dist, gym, nr t",107434423,1462889176402806013,Blueground,,Downtown,42.3511858,-71.06401699999999,Entire home/apt,,30,0,,,227,308,0,
759893468198280917,"Blueground | Theatre District, gym, nr theaters",107434423,1462889176402806013,Blueground,,Downtown,42.3511858,-71.06401699999999,Entire home/apt,,30,0,,,227,304,0,
1318860237602136411,"Blueground | Back Bay, gym, doorman, nr Esplanade",107434423,1462889176402806013,Blueground,,Back Bay,42.348129,-71.080849,Entire home/apt,,30,0,,,227,53,0,
754921465460632358,"Blueground | Downtown/Financial Dist, w/d & gym",107434423,1462889176402806013,Blueground,,Chinatown,42.3522851,-71.05910879999999,Entire home/apt,,30,0,,,227,108,0,
1335492000920169037,"Blueground | Chinatown, gym & w/d, nr restaurants",107434423,1462889176402806013,Blueground,,Downtown,42.3511858,-71.06401699999999,Entire home/apt,,30,0,,,227,356,0,
802781307558619461,"Blueground | Chinatown/Theater Dist, gym, nr t",107434423,1462889176402806013,Blueground,,Downtown,42.3511858,-71.06401699999999,Entire home/apt,,30,0,,,227,305,0,
1026784173862325672,Elegant FIDI 1BR in the Theater District,9419684,1462813669805382028,Churchill Living,,Chinatown,42.352093,-71.06081,Entire home/apt,263,30,1,2024-01-13,0.03,9,362,0,
765841775181131141,"Blueground | Chinatown/Theater Dist, gym, nr t",107434423,1462889176402806013,Blueground,,Downtown,42.3511858,-71.06401699999999,Entire home/apt,,30,0,,,227,312,0,
828014040320230036,"Blueground | Financial District, gym, nr greenway",107434423,1462889176402806013,Blueground,,Chinatown,42.3522851,-71.05910879999999,Entire home/apt,,30,1,2023-05-11,0.03,227,358,0,
821501113985650809,"Blueground | Chinatown/Theater Dist, gym, nr t",107434423,1462889176402806013,Blueground,,Downtown,42.3511858,-71.06401699999999,Entire home/apt,,30,0,,,227,304,0,
1318863747566361341,"Blueground | Back Bay, w/d, nr Prudential Center",107434423,1462889176402806013,Blueground,,Back Bay,42.3491652,-71.0807758,Entire home/apt,,30,0,,,227,319,0,
1167128067512157867,"Blueground | Chinatown/Theater Dist, gym, nr food",107434423,1462889176402806013,Blueground,,Downtown,42.35119,-71.06402,Entire home/apt,,30,0,,,227,305,0,
1090545,ExclusiveBackBayBostonCtr-EntireFloorBrick townhse,1984434,1462521503279383823,Irene,,Back Bay,42.34475,-71.08204,Private room,216,29,117,2019-12-06,0.74,1,365,0,STR-398748
1167125077761442714,"Blueground | Chinatown/Theater Dist, gym, nr bars",107434423,1462889176402806013,Blueground,,Downtown,42.3511858,-71.06401699999999,Entire home/apt,,30,0,,,227,290,0,
1197060872511521171,"Blueground | Theater Dist, gym, lounge & A/C",107434423,1462889176402806013,Blueground,,Downtown,42.3511858,-71.06401699999999,Entire home/apt,,30,0,,,227,45,0,
757022023725678837,"Blueground | Back Bay, gym, nr Prudential Center",107434423,1462889176402806013,Blueground,,Back Bay,42.3491652,-71.0807758,Entire home/apt,,30,0,,,227,305,0,
2701124,Charlesview Suites Back Bay,13822322,1462923841892538549,Varouj,,Back Bay,42.34492,-71.08482,Entire home/apt,310,29,74,2022-07-06,0.52,1,365,0,STR-416239
1561230161267326078,Elegant Furnished Studio | Complete Kitchen,95459395,1467150338424544118,Bluebird Suites,,Chinatown,42.352093,-71.06081,Entire home/apt,235,30,0,,,3,357,0,Exempt: This listing is a unit that has contracts with hospitals
775261963711450110,"Blueground | Downtown, w/d & gym, nr greenway",107434423,1462889176402806013,Blueground,,Chinatown,42.3522851,-71.05910879999999,Entire home/apt,,30,0,,,227,304,0,
580340188480812217,"Blueground | Downtown, gym & w/d, nr sth station",107434423,1462889176402806013,Blueground,,Chinatown,42.35229,-71.05911,Entire home/apt,,30,0,,,227,295,0,
43277439,"Prime Boston 2BR w Balcony in FIDI, nr Tufts",30283594,1465445680495565156,Global Luxury Suites I,,Chinatown,42.352093,-71.06081,Entire home/apt,,29,61,2025-02-23,0.94,31,341,0,Exempt: This listing is a unit that has contracts with hospitals
580336513335041407,"Blueground | Downtown, gym & w/d, nr sth station",107434423,1462889176402806013,Blueground,,Chinatown,42.35229,-71.05911,Entire home/apt,,30,0,,,227,345,0,
756324133930417059,"Blueground | Downtown/Financial Dist, w/d & gym",107434423,1462889176402806013,Blueground,,Chinatown,42.3522851,-71.05910879999999,Entire home/apt,,30,0,,,227,259,0,
1222321840761148771,"Blueground | FiDi, parking, w/d, gym & a/c",107434423,1462889176402806013,Blueground,,Chinatown,42.3522851,-71.05910879999999,Entire home/apt,,30,0,,,227,341,0,
1318861742512764409,"Blueground | Back Bay, w/d & gym, nr T & shops",107434423,1462889176402806013,Blueground,,Back Bay,42.348129,-71.080849,Entire home/apt,,30,0,,,227,335,0,
1419573144690598488,"Blueground | Prudential, gym & w/d, nr library",107434423,1462889176402806013,Blueground,,Back Bay,42.348645,-71.0793489,Entire home/apt,,30,0,,,227,320,0,
1558832071785719114,Unmatched Downtown Boston | Steps to It All,30283594,1465445680495565156,Global Luxury Suites I,,Chinatown,42.352093,-71.06081,Entire home/apt,220,30,1,2026-05-04,0.68,31,357,1,Exempt: This listing is a unit that has contracts with hospitals
12899321,Sleek 1 Bedroom in Boston's Financial District,22541573,1463182329140437053,Furnished Quarters,,Chinatown,42.35184,-71.06003,Entire home/apt,265,32,4,2023-10-14,0.03,42,310,0,
44060070,Historic Meets Modern | 1BR in Central Boston,9419684,1462813669805382028,Churchill Living,,Chinatown,42.352093,-71.06081,Entire home/apt,258,30,2,2026-02-28,0.03,9,362,1,Approved by government
580339876979371264,"Blueground | Downtown, gym & w/d, nr sth station",107434423,1462889176402806013,Blueground,,Chinatown,42.35229,-71.05911,Entire home/apt,,30,0,,,227,77,0,
43267987,Elegant FIDI 1BR | Premium Amenities,30283594,1465445680495565156,Global Luxury Suites I,,Chinatown,42.352093,-71.06081,Entire home/apt,263,30,80,2023-11-27,1.22,31,362,0,Exempt: This listing is a unit that has contracts with hospitals
787547697386254974,"Blueground | Financial District, gym, nr greenway",107434423,1462889176402806013,Blueground,,Chinatown,42.3522851,-71.05910879999999,Entire home/apt,,30,0,,,227,282,0,
786807008620011176,"Blueground | Downtown, w/d & gym, nr greenway",107434423,1462889176402806013,Blueground,,Chinatown,42.3522851,-71.05910879999999,Entire home/apt,,30,0,,,227,306,0,
51633385,High-Floor Modern 1BR | Boston Theater Area,163251048,1463025977339310058,Global Luxury Suites,,Chinatown,42.352093,-71.060806,Entire home/apt,289,30,8,2025-10-17,0.15,4,361,1,Exempt: This listing is a unit that has contracts with hospitals
1289265010583150116,Cozy Studio Steps from Boston Common and Theaters,2356643,1462523722549277069,StayNue,,Downtown,42.35056,-71.06409,Entire home/apt,143,30,4,2026-03-23,0.59,31,346,4,STR-423038
1431225044591479722,Modern Apartment Back Bay,20857768,1463140474528738801,Compass,,Back Bay,42.3459685,-71.0847361,Entire home/apt,365,30,0,,,77,288,0,
41785889,"Blueground | Downtown, gym, doorman, nr chinatown",107434423,1462889176402806013,Blueground,,Chinatown,42.35229,-71.05911,Entire home/apt,,30,0,,,227,351,0,
38168575,Evon | Back Bay Convention CTR | Cozy Studio S9,212359760,1469109115483128123,Evonify Corporate & Medical Housing,,Back Bay,42.34373,-71.08324,Entire home/apt,275,29,18,2020-03-23,0.22,65,118,0,Exempt: This listing is a unit used for furnished institutional or business stays
704785038887176281,"Blueground | Back Bay, gym, nr Copley Sq",107434423,1462889176402806013,Blueground,,Back Bay,42.348129,-71.080849,Entire home/apt,,30,0,,,227,335,0,
1318863300761922605,"Blueground | Back Bay, gym & w/d, nr Copley Sq",107434423,1462889176402806013,Blueground,,Back Bay,42.348129,-71.080849,Entire home/apt,,30,0,,,227,318,0,
1318861362696113305,"Blueground | Back Bay, w/d & gym, nr T & shops",107434423,1462889176402806013,Blueground,,Back Bay,42.348129,-71.080849,Entire home/apt,,30,0,,,227,297,0,
683768558849092912,"Blueground | Back Bay, w/d, nr Newbury St",107434423,1462889176402806013,Blueground,,Back Bay,42.3491652,-71.0807758,Entire home/apt,,30,0,,,227,305,0,
776610853880546976,"Blueground | Downtown, w/d & gym, nr greenway",107434423,1462889176402806013,Blueground,,Chinatown,42.3522851,-71.05910879999999,Entire home/apt,,30,0,,,227,148,0,
1167376221611564356,"Blueground | Chinatown, w/d, nr green line & bars",107434423,1462889176402806013,Blueground,,Downtown,42.35119,-71.06402,Entire home/apt,,30,0,,,227,180,0,
1618877150048011347,"Great Beacon Hill location, close to Mass General.",452895007,1617627524024076770,Christopher,,Beacon Hill,42.35848,-71.0704,Private room,141,29,0,,,2,156,0,Exempt: This listing is a unit used for furnished institutional or business stays
22627055,The Boston Christopher Grand Studio Suite,48494513,1465734787384062854,Inn Boston,,South End,42.34291,-71.07848,Entire home/apt,223,29,4,2020-03-01,0.04,8,364,0,STR-423341
1583274153530895477,"Blueground | Downtown Crossing, view, nr Park",107434423,1462889176402806013,Blueground,,Downtown,42.3568745,-71.06073909999999,Entire home/apt,,30,0,,,227,295,0,
2126053,"Studio, w kitchenette, in owner's Beacon Hill home",10844648,1462850932370176166,Janet,,Beacon Hill,42.35771,-71.06978,Entire home/apt,99,29,134,2026-05-01,0.90,1,235,5,STR-395757
1585596595608495826,704M New Apartment Downtown Near Hospitals Subway,716073438,1498513307530667402,Metro Luxe Stays,,Downtown,42.35606138609535,-71.06173410275468,Entire home/apt,277,29,2,2026-05-31,0.77,10,160,2,
849316099483773204,Charming Theater District 1Br | Walk Anywhere!,275849638,1469454850382219508,Healing Homes,,Bay Village,42.34974,-71.06737,Entire home/apt,230,29,39,2023-12-07,0.99,53,184,0,STR-481123
46791156,One-Bedroom in Back Bay with Boston Skyline Views,22541573,1463182329140437053,Furnished Quarters,,Fenway,42.34353,-71.08747,Entire home/apt,265,32,1,2023-08-08,0.03,42,359,0,
1503695076978927816,Beacon Hill - Historic Elegance,505202449,1470271047431864686,Joseph,,Beacon Hill,42.35974,-71.06427,Entire home/apt,547,1,24,2026-06-05,2.61,11,339,24,LB-128070
23127262,Single family home on historic Winthrop Square.,18598927,1463057433232031174,Kim,,Charlestown,42.37489,-71.05995,Entire home/apt,,2,36,2024-08-05,0.38,1,0,0,STR-545099
50074885,Comfortable Downtown Retreat Near Public Garden,5615582,1462541485493209733,RoomPicks Accommodations,,Downtown,42.3510893,-71.0698111,Private room,,1,0,,,10,0,0,Exempt: This listing is a hotel or motel
8231382,Sunny Studio near Airport & Train station,23777641,1462626605689154292,Gavin,,East Boston,42.37594,-71.03634,Entire home/apt,51,31,165,2026-03-17,1.28,2,247,2,
23287236,Lrge 2 Bed/Bath by MGH | Modern Bldg | Safe Area,20079643,1463098884216487275,Boston Corporate Housing,,West End,42.3643198,-71.068221,Entire home/apt,255,29,11,2024-07-06,0.12,7,325,0,STR-595461
39199659,Private Designed Bedroom Long Term by Downtown,299340250,1469538225643491927,Teresa,,Roxbury,42.32351,-71.06885,Private room,95,12,19,2026-04-05,0.25,5,13,2,STR-470482
8112652,Boston University Harvard MIT,30489899,1462651743684773518,Home On Blaine,,Allston,42.35602,-71.13658,Private room,15,91,12,2022-12-22,0.09,3,303,0,
23289684,Large 1BD Apt by MGH | Modern Bldg I Quite | Safe,20079643,1463098884216487275,Boston Corporate Housing,,West End,42.3645578,-71.0692521,Entire home/apt,,29,16,2024-11-16,0.17,7,308,0,Exempt: This listing is a unit used for furnished institutional or business stays
40481158,Hospital Haven,235950637,1469255850502504262,Lorraine,,Mission Hill,42.32787,-71.10877,Private room,76,30,24,2025-09-30,0.32,1,54,2,
36237250,"Staypineapple Boston, Back Bay King",270119796,1469427037932342737,A Delightful Hotel,,South End,42.34692,-71.07065,Private room,,1,791,2025-11-09,9.82,1,0,2,Exempt: This listing is a hotel or motel
8552338,Sunny Room  Allston,17892292,1463031332446561174,Marlene,,Allston,42.36019,-71.13518,Private room,,91,27,2018-07-02,0.21,5,0,0,
23147024,"Clean, cozy, and close to everything!",156565411,1468527464584981184,Carolina,,Longwood Medical Area,42.33837,-71.10728,Entire home/apt,,91,26,2018-09-27,0.25,2,0,0,
23316169,Charming Boston Condo - 5 Stars & Superhost!,129108155,1462937499893730856,Yusuf,,Roxbury,42.33031,-71.09377,Entire home/apt,42,91,56,2026-04-26,0.58,1,200,1,STR-613875
23380501,Private room with Queen bed and two closets.,67103816,1466829193913695209,Firlian,,Roxbury,42.31672,-71.09001,Private room,17,40,11,2024-12-11,0.11,8,312,0,
7664646,Large Luxury Condo near Boston T,40235019,1465600020381244501,Praveen,,Jamaica Plain,42.31399,-71.10814,Entire home/apt,58,180,0,,,1,362,0,
8584276,Furnished Back Bay 345,3521413,1462631583238217513,Elly,,Back Bay,42.34904,-71.08749,Entire home/apt,,180,9,2021-12-18,0.07,1,0,0,
23800657,Luxurious Back Bay Studio,34124402,1465499511550472418,Ella,,Back Bay,42.35364,-71.07666,Entire home/apt,,29,68,2026-04-04,0.67,1,55,3,
40023655,Steps away from the Shawmut station!!(room 2),67637928,1462774929540051908,Yuki,,Dorchester,42.29158,-71.06867,Private room,,30,8,2025-11-22,0.11,4,61,1,
40538985,Contemporary South End Condo,314025657,1469591192465629744,Mary,,South End,42.33943,-71.07558,Entire home/apt,,60,7,2023-04-18,0.10,1,0,0,STR-422993
23801768,Cozy Studio in East Boston 2120,18202088,1463038550988947246,Luxurious,,East Boston,42.36603,-71.04077,Entire home/apt,,91,1,2019-09-03,0.01,12,89,0,
8908145,"Elegant, spacious boudoir with fireplace.",45402419,1465673870088681248,Jil,,Jamaica Plain,42.30932,-71.11197,Private room,60,91,15,2019-10-21,0.12,3,365,0,STR-413427
8645254,"Lovely, Quiet Room",41306542,1465614134529299063,Rebecca,,Hyde Park,42.25933,-71.11792,Private room,15,91,18,2026-05-10,0.15,1,220,1,
41262612,Guest Room and Private Bath in Meeting House Hill,96043149,1467156857027485778,Abigail,,Dorchester,42.30409,-71.0647,Private room,,7,87,2024-09-21,1.10,1,0,0,STR-544853
41785294,"Blueground | Downtown, gym, doorman, nr chinatown",107434423,1462889176402806013,Blueground,,Chinatown,42.35229,-71.05911,Entire home/apt,,30,0,,,227,7,0,
8923817,"Elegant studio,kitchn, soaking tub",45402419,1465673870088681248,Jil,,Jamaica Plain,42.30918,-71.11283,Private room,69,91,23,2018-10-21,0.18,3,365,0,
24090510,D room,23953876,1462627334049101067,Kexi & Anthony,,Dorchester,42.31105,-71.05139,Private room,,29,114,2020-03-10,1.13,3,0,0,STR-416108
24094681,LARGE studio in heart of Back Bay Marathon closeby,37825111,1465566096197687044,Drew,,Back Bay,42.34978,-71.07918,Entire home/apt,,91,1,2018-04-16,0.01,1,0,0,
24087726,C room,23953876,1462627334049101067,Kexi & Anthony,,Dorchester,42.31012,-71.05149,Private room,,29,131,2020-03-15,1.30,3,0,0,STR-416108
41876957,The Roseclair Redline ~ Bedroom #3 | w/AC & W/D,71783,1462508362719740106,Swank Properties Boston,,Dorchester,42.3228,-71.06016,Private room,53,29,4,2025-08-16,0.05,52,285,1,
9216838,"Big, Bright, and Spacious Bedroom",47928798,1465724061321785942,Jessica,,Allston,42.35295,-71.12866,Private room,,91,10,2018-02-25,0.08,1,0,0,
9301075,Double in Arts & Crafts Bungalow,9241244,1462809171232162718,⁨Keith (& Beth)⁩,,West Roxbury,42.2779,-71.14423,Private room,,29,66,2019-10-30,0.51,2,0,0,STR-397944
24600107,Entire Home in JP! Perfect for families!,13960633,1462927229858876203,Charles,,Jamaica Plain,42.29836,-71.11046,Entire home/apt,,29,10,2020-08-28,0.10,2,0,0,STR-389183
9340410,Two rooms in Arts & Crafts Bungalow,9241244,1462809171232162718,⁨Keith (& Beth)⁩,,West Roxbury,42.2779,-71.14423,Private room,,29,133,2020-02-03,1.07,2,0,0,STR-397944
24265005,Eclectic 2 bd. apt in Victorian artist home.,145681148,1468431440263797380,Marianne,,Jamaica Plain,42.30561,-71.11643,Entire home/apt,,2,54,2025-05-26,0.56,2,0,0,STR-414689
24563107,Sunny 2Bed Apt River View By Mass General Hospital,20079643,1463098884216487275,Boston Corporate Housing,,West End,42.3645578,-71.0692521,Entire home/apt,296,29,23,2025-01-22,0.28,7,308,0,Exempt: This listing is a unit used for furnished institutional or business stays
40299766,Back Bay-Around corner from Famous Newbury St,38997,1462507326675374812,Michelle,,Back Bay,42.3504,-71.08411,Entire home/apt,54,91,0,,,12,309,0,
24219094,Private Home,14399992,1462937791206518885,Barry,,Jamaica Plain,42.3008,-71.11699,Entire home/apt,,180,113,2021-07-09,1.13,1,0,0,STR-416154
24412927,Cozy Colonial (entire home) near Lower Mills,46315640,1465693657071829993,Richmond,,Mattapan,42.27528,-71.08823,Entire home/apt,,91,3,2018-09-03,0.03,2,0,0,
9941923,"Big, Bright, Boston Brownstone",51094247,1465793350767708265,Jud,,Fenway,42.3507,-71.09611,Entire home/apt,,91,0,,,1,0,0,
9616816,Stunning triplex loft style condo - Quiet building,10778805,1462849418760982740,Paul,,Roxbury,42.33445358276367,-71.07862854003906,Entire home/apt,96,91,0,,,2,362,0,
24969609,Beautiful Private Two Bedroom Apt in Boston,33131531,1462660838926631094,Wenqi,,Brighton,42.33911,-71.14733,Entire home/apt,,91,0,,,3,0,0,
47954520,Cozy studio in Bay Village near Public Garden,12788484,1462895653336773673,Pauline,,Downtown,42.35063,-71.06822,Entire home/apt,,3,115,2026-06-21,1.75,1,0,37,STR-481124
40173876,Luxurious Boston Penthouse w/roof deck and hot tub,90009360,1467089733600177121,Anmol,,Bay Village,42.34791,-71.07216,Entire home/apt,178,75,0,,,1,122,0,
10299047,"2BR w deck near subway, downtown & hospitals",52989144,1465858249777173224,Brian,,Jamaica Plain,42.31442,-71.1046,Entire home/apt,81,45,55,2026-06-03,0.44,1,137,3,
10524872,Spacious loft in the quiet suburbs #1,7324551,1462729042518230903,Bo,,Brighton,42.34488,-71.15435,Private room,,60,17,2026-05-31,0.14,4,35,1,
25025114,Perfect Location in an All Female's Floor,156053359,1468523196451698383,Ken,,Dorchester,42.29125,-71.06643,Private room,,91,8,2018-08-24,0.08,8,90,0,
41992786,Home Sweet Home,30732884,1465452227435581847,Jeffery,,Dorchester,42.28883,-71.06714,Entire home/apt,48,91,4,2024-12-22,0.06,2,177,0,
24965806,Back Bay Apartment near MIT and Newbury Street - G,51079261,1465793099212388066,Riverside Team,,Back Bay,42.35016,-71.09055,Entire home/apt,208,29,88,2025-07-12,0.89,2,47,1,STR-391273
25775084,Comfortable & Convenient in Boston w Free Parking!,62852803,1462751620087690468,Tina,,West Roxbury,42.28065,-71.16837,Private room,26,91,27,2022-08-26,0.27,1,365,0,STR-460484
26104302,Studio Apartment at East Pier Near Water,18202088,1463038550988947246,Luxurious,,East Boston,42.3663,-71.04144,Entire home/apt,,91,1,2019-05-20,0.01,12,0,0,
11973196,630 Washington,50232369,1465767899964256911,Osvaldo,,Downtown,42.35158,-71.0636,Entire home/apt,,91,0,,,1,0,0,
25416313,Newly renovated Female floor Center of Boston,156053359,1468523196451698383,Ken,,Dorchester,42.29058,-71.06868,Private room,19,91,11,2023-10-05,0.11,8,365,0,
12170576,The Metropolitan - in Roslindale,16853932,1462996522933808930,Joanne,,Roslindale,42.28015,-71.1313,Private room,,91,3,2018-10-28,0.03,1,89,0,
26104687,Lovely Studio Apartment at East Pier,18202088,1463038550988947246,Luxurious,,East Boston,42.36682,-71.03979,Entire home/apt,,91,7,2019-11-04,0.08,12,0,0,
11739985,Two Room Master Suite with Spa Bath,35411494,1465523157964741953,Jonathan,,Jamaica Plain,42.31912,-71.10675,Private room,,29,180,2021-01-24,1.44,1,0,0,STR383312
12320063,room in beautiful house,66462220,1466821319242525441,Jana,,Mission Hill,42.33279,-71.10945,Private room,,91,3,2016-08-14,0.02,1,0,0,
42708089,"Blueground | Allston, laundry in basement",107434423,1462889176402806013,Blueground,,Brighton,42.3496531,-71.14948140000001,Entire home/apt,,30,1,2021-03-22,0.02,227,1,0,
25476466,"River Location, City Views-Safe, Walkable,Central!",9529655,1462569979695574564,Suzanne,,Fenway,42.3508,-71.09509,Entire home/apt,85,92,0,,,4,362,0,
26105250,Studio Apartment at East Boston Pier Near Water,18202088,1463038550988947246,Luxurious,,East Boston,42.36853,-71.04053,Entire home/apt,,91,7,2019-09-18,0.07,12,0,0,
11871190,Spacious loft in the quiet suburbs #2,7324551,1462729042518230903,Bo,,Brighton,42.34423,-71.15483,Private room,,60,20,2025-08-22,0.16,4,0,1,
26109264,Beautiful Executive Studio in East Boston EB2-31,18202088,1463038550988947246,Luxurious,,East Boston,42.36811,-71.04018,Entire home/apt,,91,0,,,12,0,0,
26109200,Lovely Executive Studio in East Boston EB2-29,18202088,1463038550988947246,Luxurious,,East Boston,42.36639,-71.04165,Entire home/apt,,91,4,2019-06-15,0.05,12,0,0,
12343708,Walk/Bus to Redline Renovated Easy to MIT/Harvard,18517776,1463055670185507901,Huggy,,Dorchester,42.30536,-71.07221,Private room,13,91,9,2017-10-19,0.07,31,365,0,
41907280,The Grand View ~ Yellow Bedroom | 5BR 2B w/AC & WD,71783,1462508362719740106,Swank Properties Boston,,Dorchester,42.31322,-71.06005,Private room,49,29,6,2025-02-06,0.08,52,227,0,
26131758,Nice Executive Studio in East Boston EB2-33,18202088,1463038550988947246,Luxurious,,East Boston,42.36786,-71.04024,Entire home/apt,,91,0,,,12,0,0,
26132566,Cozy Studio In East Boston EB2-39,18202088,1463038550988947246,Luxurious,,East Boston,42.36784,-71.0415,Entire home/apt,,91,1,2019-10-20,0.01,12,0,0,
12492474,Stay with Fun Family (queen size bed),67637928,1462774929540051908,Yuki,,Mattapan,42.2727,-71.07064,Private room,35,45,17,2025-08-15,0.14,4,305,1,
26132354,Wonderful Studio In East Boston EB2-37,18202088,1463038550988947246,Luxurious,,East Boston,42.36831,-71.04189,Entire home/apt,,91,0,,,12,0,0,
13044229,"Andrew Sq, South Boston - Modern Condo",72163500,1466891656295244313,Chris,,South Boston,42.32949,-71.0552,Entire home/apt,,91,18,2017-10-27,0.15,1,0,0,
43566910,Fort Point Corner of Windows brick & beam loft,16906498,1462997780168378165,Walker,,South Boston Waterfront,42.34923,-71.0492,Entire home/apt,83,29,9,2026-05-06,0.18,1,220,4,
26130154,"Spacious Boston Bedroom, Free Parking, next to T!",196415169,1469024049433655255,Josh & Whitney,,Jamaica Plain,42.32661,-71.10743,Private room,,2,50,2022-09-18,0.52,1,0,0,STR-398242
12949270,"Elegant room, colorful artist home",18896448,1463064067956010105,Sandy,,Jamaica Plain,42.3211,-71.11429,Private room,,91,14,2025-09-28,0.11,2,67,1,STR-523050
43977877,Lovely Boston Back Bay/BVTownhouse  Heartof City,2355815,1462592869023152294,Francine,,Bay Village,42.34871,-71.06951,Entire home/apt,,91,2,2025-12-20,0.18,1,37,2,
26109078,Executive Studio in East Boston,18202088,1463038550988947246,Luxurious,,East Boston,42.36681,-71.04119,Entire home/apt,67,91,5,2019-12-08,0.06,12,269,0,
44906627,Ultra Comfy Modern in the Center of the South End,32870796,1465481597756843516,Jessica Brooke,,South End,42.3425,-71.07495,Entire home/apt,180,29,16,2026-04-09,0.27,4,43,4,
44242670,"Blueground | Back Bay, gym, nr esplanade",107434423,1462889176402806013,Blueground,,Back Bay,42.348633,-71.074088,Entire home/apt,,30,0,,,227,113,0,
44549370,"Sunny & Bright 1BR, Longwood Medical Hospitals",31340713,1465460976217419594,Kama,,Brighton,42.34004,-71.14526,Entire home/apt,,180,1,2021-01-03,0.01,19,170,0,Exempt: This listing is a unit used for furnished institutional or business stays
45133862,Cozy Studio,127551415,1468282215541142913,Paul,,Brighton,42.34411,-71.15613,Entire home/apt,,91,9,2026-05-09,0.14,1,113,2,
26395595,Separate entrance in-law suite in heart of JP,145681148,1468431440263797380,Marianne,,Jamaica Plain,42.30534,-71.11785,Entire home/apt,,1,117,2026-04-20,1.20,2,0,5,STR-414689
12351909,Freshly Renovated Studio close to T,18150109,1463037348248195266,Alex,,Roxbury,42.32659,-71.09618,Entire home/apt,34,91,191,2019-11-13,1.54,5,180,0,
1697995430464457571,"Historic trolley
Scenic trails
Fenway Park/Boston",92951639,1697995431623991159,Jay,,Mattapan,42.2698,-71.09032,Entire home/apt,354,1,1,2026-06-14,1,1,365,1,Exempt: This listing is a unit used for furnished institutional or business stays
45095953,"Blueground | Downtown, doorman, nr boston common",107434423,1462889176402806013,Blueground,,Downtown,42.3522052,-71.06442279999999,Entire home/apt,,30,0,,,227,2,0,
26849307,Apartment near transit/free parking/self check-in,201935605,1463144659436428083,Sherwin,,Hyde Park,42.2506,-71.11746,Entire home/apt,,36,64,2026-06-26,0.66,7,37,4,
27501160,Classic Boston:  lovely 1br renovated condo!,101356888,1467216096910673397,Erik,,East Boston,42.37294,-71.03854,Entire home/apt,,29,92,2025-08-31,0.96,1,3,1,
13239143,Small Room Renovated House Walk/Bus to Redline,18517776,1463055670185507901,Huggy,,Dorchester,42.30536,-71.07221,Private room,12,91,7,2018-06-20,0.06,31,365,0,
27404136,"2 Bed Apt By Boston Childrens Hosptial, Brigham Hp",20079643,1463098884216487275,Boston Corporate Housing,,Mission Hill,42.33351,-71.10182,Entire home/apt,211,29,19,2023-09-01,0.23,7,311,0,Exempt: This listing is a unit used for furnished institutional or business stays
27784901,"3br house in S. Boston, near Seaport,BCEC&downtown",10717877,1462847972447210014,Shervin,,South Boston,42.33404,-71.04539,Entire home/apt,,29,86,2020-03-08,0.90,1,0,0,STR-383578
27661676,"Luxury 3bd/2ba Townhouse S. Boston, BCEC, Seaport",41210370,1465612989049623732,Rachel,,South Boston,42.33541,-71.04086,Entire home/apt,,29,59,2020-08-09,0.62,1,0,0,STR-394166
50879406,Simple Studio on Beacon Hill,407385860,1469861895445608638,Lihua,,Downtown,42.35892,-71.06152,Entire home/apt,227,29,23,2026-04-30,0.39,1,310,5,
45680018,"Blueground | Symphony, doorman, nr mfa",107434423,1462889176402806013,Blueground,,Fenway,42.34518,-71.08706,Entire home/apt,,30,2,2024-05-31,0.06,227,37,0,
27879776,"Room w/ private bathroom, near public transit",201935605,1463144659436428083,Sherwin,,Hyde Park,42.24936,-71.1174,Private room,25,60,45,2026-06-28,0.47,7,72,4,
26532751,For students/business Pro Awesome roommate needed,156053359,1468523196451698383,Ken,,Dorchester,42.28968,-71.06634,Private room,18,91,3,2019-07-25,0.03,8,124,0,
50573372,"(G) Cozy comfortable room near Harvard, MIT & BU",37035419,1462673914681141593,Wendy,,Allston,42.35695,-71.1304,Private room,19,91,2,2023-06-14,0.05,9,199,0,
13166405,Spacious loft in the quiet suburbs #4,7324551,1462729042518230903,Bo,,Brighton,42.34636,-71.15563,Private room,25,60,13,2026-05-03,0.11,4,202,2,
45354534,"Cozy room in Allston near Harvard, MIT, BU",37035419,1462673914681141593,Wendy,,Allston,42.35767,-71.13035,Private room,18,91,7,2026-05-31,0.12,9,236,1,
45863993,1 Bedroom City Bungalow close to Downtown Boston,349400956,1469695093760483549,Danny,,East Boston,42.38007,-71.03074,Entire home/apt,,29,3,2021-02-15,0.04,1,0,0,STR-436098
13239882,Off-St. Parking Large Room Clean Renovated House,18517776,1463055670185507901,Huggy,,Roxbury,42.31676,-71.08,Private room,13,91,0,,,31,365,0,
13249923,"Walk/Bus to Redline/Rail stations, Private Balcony",18517776,1463055670185507901,Huggy,,Dorchester,42.30536,-71.07221,Private room,13,91,3,2017-10-29,0.02,31,365,0,
27904192,Large 2 Bed/ 2 Bath | Modern Building | Across MGH,20079643,1463098884216487275,Boston Corporate Housing,,West End,42.364629,-71.069212,Entire home/apt,,29,10,2024-10-19,0.11,7,119,0,Exempt: This listing is a unit used for furnished institutional or business stays
863788,South End | 2BR 2BA | Pet OK | Walk Everywhere!,775932,1462529049448446956,Andrew,,South End,42.344162,-71.070381,Entire home/apt,,3,25,2024-05-21,0.16,1,0,0,STR-397937
3463914,4th of July Dream Spot!,17452489,1463010441672186212,Nathaniel,,Back Bay,42.35229,-71.08762,Entire home/apt,,91,27,2016-07-17,0.19,1,0,0,
4757808,Romantic Beacon Hill Studio,3085882,1462618011267105850,Nino,,Beacon Hill,42.35645,-71.07088,Entire home/apt,,91,5,2015-10-25,0.04,1,0,0,
5856633,Condo overlooking Boston Harbour,30408736,1465447329900126729,Kate,,South Boston,42.33073,-71.04691,Entire home/apt,,91,1,2016-05-13,0.01,1,0,0,
7913309,Studio apartment conveniently located in Downtown,41726345,1465620819444365635,Mufaddal,,Downtown,42.35419,-71.06178,Entire home/apt,,91,21,2017-08-13,0.18,1,0,0,
9750118,BACKBAY!!!,50292464,1465769079173432366,Mario,,Back Bay,42.34867,-71.08432,Entire home/apt,98,91,0,,,1,365,0,
12599820,North End Furnished Condo!,68369590,1466844956267829081,David,,North End,42.36665,-71.05626,Entire home/apt,,91,2,2016-08-27,0.02,1,0,0,
13083058,Sunny Studio at Fenway,48018479,1465725445694040941,Yining,,Fenway,42.34552,-71.10481,Entire home/apt,,91,12,2016-08-27,0.10,1,0,0,
13249829,Sunny and renovated 2 BDR in Beacon Hill,741190,1462527929309927808,Vincent,,Beacon Hill,42.36047,-71.06828,Entire home/apt,,60,7,2019-08-28,0.06,1,0,0,
15085512,Cozy private  room,95460673,1467150400894533185,Jacinter,,Roxbury,42.32394,-71.07377,Private room,,91,46,2024-07-27,0.39,1,201,0,
15660279,Lrg 4 Bdrm Prvt. Patio Quiet Top Location Parking,66257167,1462771348534099944,Victoria,,Bay Village,42.34897,-71.06817,Entire home/apt,,2,365,2026-06-13,3.10,5,0,37,STR-445531
18240259,"Cozy, comfortable, and convenient.",14904600,1462949702565460632,Brian,,Jamaica Plain,42.31947,-71.10335,Private room,,91,12,2017-06-01,0.11,1,0,0,
18159981,Sunny Boston Apartment,30732884,1465452227435581847,Jeffery,,Dorchester,42.29048,-71.0676,Entire home/apt,46,91,77,2025-06-24,0.69,2,313,0,
19996537,Cozy studio in Fenway,33529388,1465490503927363990,Liqin,,Fenway,42.3406,-71.09712,Entire home/apt,,91,0,,,1,0,0,
21006936,One bedroom apartment in Beacon Hill/MGH,151248865,1468485898701942347,Yao,,Beacon Hill,42.36006,-71.06883,Entire home/apt,,91,6,2021-12-31,0.06,7,89,0,
23502271,"Comfy, cozy and perfect location.",21000237,1463143952618478266,Sue,,North End,42.36665,-71.05569,Entire home/apt,,29,10,2019-11-11,0.10,1,0,0,STR-413767
25324358,"The Small room Aka ""The Affordable room""",20672298,1463135666492717246,Ikem,,Hyde Park,42.26313,-71.12141,Private room,23,91,8,2019-03-05,0.08,1,270,0,
26127318,RIVER & CITY VIEWS! LOCATION!  Parking Available+,9529655,1462569979695574564,Suzanne,,Fenway,42.35088,-71.09431,Entire home/apt,105,91,1,2018-08-15,0.01,4,362,0,
27641994,Furnished room in city with free parking,70796747,1466876241573503677,Lillian,,Brighton,42.3619,-71.13613,Private room,26,91,0,,,2,365,0,
29010062,1 Bedroom in 4B2B apartment for short stay,73102139,1466901916646761359,Jason,,Allston,42.36019,-71.13086,Private room,,91,5,2019-07-07,0.05,1,0,0,
32632691,Cozy private room w/ priv. Entrance GREAT LOCATION,160748778,1468563467207540244,Nacho,,Allston,42.35097,-71.12687,Private room,,91,32,2019-11-07,0.37,1,0,0,
36687285,Private condo great for work trips,463127,1462519008638731746,Janice,,South End,42.33755,-71.07502,Entire home/apt,,91,1,2019-08-14,0.01,1,0,0,
37749165,LUxury condo in downtown Boston best location,275833371,1469454784512399508,Karl,,Beacon Hill,42.35504,-71.06365,Entire home/apt,137,91,0,,,2,358,0,
38382899,Lovely place in Jamaica Plain,292283551,1469514237422131287,Vitanur,,Jamaica Plain,42.32249,-71.10845,Entire home/apt,,29,3,2020-02-23,0.04,5,0,0,Exempt: This listing is a unit used for furnished institutional or business stays
41949812,Riverway the best of Boston and Brookline!,331970881,1469639466685523103,Isaac,,Mission Hill,42.33355,-71.11133,Entire home/apt,15,180,0,,,1,358,0,
41474462,Boston Brownstone Gem GREAT location on Silverline,228074003,1469214775445881808,Donna,,South End,42.33849,-71.07491,Entire home/apt,34,91,2,2024-12-13,0.05,1,91,0,
45354353,(B) Cozy & comfortable room in Allston,37035419,1462673914681141593,Wendy,,Allston,42.35741,-71.13022,Private room,18,91,2,2022-05-01,0.03,9,206,0,
48131435,3 Bdrm 2BA Apt Quiet Spotless Parking Top Location,66257167,1462771348534099944,Victoria,,Bay Village,42.34869,-71.06858,Entire home/apt,901,2,215,2026-06-15,3.29,5,23,32,STR-398206
51644354,"(E) Cozy bedroom near Harvard, MIT and BU",37035419,1462673914681141593,Wendy,,Allston,42.35765,-71.13002,Private room,18,91,3,2023-07-05,0.06,9,305,0,
544750698666940056,"(C) Cozy bedroom near BU, Harvard & MIT",37035419,1462673914681141593,Wendy,,Allston,42.3577,-71.13048,Private room,20,91,3,2023-07-21,0.07,9,279,0,
681783562025076195,"(F) Cozy room near Harvard, MIT, BU",37035419,1462673914681141593,Wendy,,Allston,42.35866,-71.12894,Private room,19,91,5,2025-04-24,0.12,9,248,0,
723597701376842186,Lovely 420 friendly home,41645684,1465619375898584310,Kensley,,Dorchester,42.28705,-71.07101,Private room,27,91,0,,,2,365,0,
690399625055881984,Divine Studio  suburb of Boston,8015347,1462747033415280964,Edwin,,West Roxbury,42.27171,-71.1627,Entire home/apt,36,91,3,2024-10-15,0.08,3,365,0,
794844467165235714,"Light-filled, stylish JP home",1450086,1462546160195888739,Peter,,Jamaica Plain,42.31652,-71.10153,Entire home/apt,,3,16,2024-07-23,0.40,2,0,0,STR-520279
838766480218443526,Bed:King + Bath:Down The Hall,228911273,1469219730072440820,The Revolution Hotel,,South End,42.34564,-71.07154,Private room,,1,383,2023-08-27,4.77,15,0,0,Exempt: This listing is a hotel or motel
863829091185949070,"Room Available, Jamaica Plain, Roomate + 2 Cats!",508875857,1470287613636643209,Andrew,,Jamaica Plain,42.30708,-71.10523,Private room,,29,3,2023-09-02,0.08,1,0,0,STR-415715
883551925352400121,"Boston 1bed/living, 7minute to T",40995423,1465610092642600562,Bonnie,,Dorchester,42.31935,-71.05806,Entire home/apt,,31,0,,,9,30,0,
960827063707223984,3BD House on Subway,52471469,1465849379779819695,Shannyn,,Dorchester,42.281,-71.0578,Entire home/apt,56,91,0,,,1,362,0,
1003531679355880592,Best location Beacon Hill 2b apt,373675137,1463554206153655871,Lilith,,Beacon Hill,42.35815,-71.06946,Entire home/apt,170,29,6,2026-02-21,0.26,117,46,3,
1015868677826243857,Two queen kitchenette studio suite,544558363,,,,Longwood Medical Area,42.3383407,-71.1066156,Private room,329,1,1,2025-10-26,0.12,3,279,1,
1096275080117536971,Accessible king bed plus bath down the hall room,545223253,,The Revolution Hotel,,South End,42.346155,-71.070907,Private room,186,1,24,2026-07-02,1.68,12,197,23,
1096276251054025035,Queen bed plus bath in room,545223253,,The Revolution Hotel,,South End,42.346155,-71.070907,Private room,208,1,8,2026-07-03,0.59,12,344,7,
1105789386751288163,One bedroom ADA queen suite,565526469,,,,North End,42.366842,-71.05097,Private room,266,1,0,,,7,353,0,
1105789776965283602,Deluxe ADA two double beds,565526469,,,,North End,42.366842,-71.05097,Private room,294,1,1,2026-05-22,0.65,7,291,1,
1132565368755767770,Superior room,571767922,,"Club Quarters Hotel Faneuil Hall, Boston",,Downtown,42.3564,-71.05731,Private room,221,1,0,,,4,362,0,
1220614735671380681,Private Bed & Bath | Downtown/Seaport/BCC + Subway,502043395,1468163786770865383,Jessica,,South Boston,42.32963,-71.05607,Private room,,29,0,,,23,0,0,Exempt: This listing is a unit used for furnished institutional or business stays
1314661038454845476,Cozy 1Bedroom in Beacon Hill area,373675137,1463554206153655871,Lilith,,Dorchester,42.31566,-71.06648,Private room,,29,0,,,117,0,0,
1337960307181275066,Top Quality 1Bedroom in Beacon Hill,373675137,1463554206153655871,Lilith,,Beacon Hill,42.36028,-71.06916,Private room,,29,3,2026-06-01,0.92,117,0,3,
1434205589350054340,Outdoor Fireplace & Harbor Views! 1BR nr Airport,30283594,1465445680495565156,Global Luxury Suites I,,South Boston Waterfront,42.35144,-71.043151,Entire home/apt,434,30,0,,,31,365,0,
1476397356828357471,Charming 1BR Apt in Boston w/ free parking!,578741487,1470581791435581826,Michael,,Allston,42.3519,-71.1423,Entire home/apt,174,1,70,2026-06-24,6.19,15,327,70,STR-599120
27906365,Alaska Street R51,188939923,1468979307082740201,Mort,,Roxbury,42.32047,-71.08017,Private room,117,2,63,2025-05-28,0.66,7,53,0,STR-415018
28202522,FiFA Boston 3 Minute Walk to train Station Stadium,156053359,1468523196451698383,Ken,,Dorchester,42.28977,-71.06858,Private room,,3,1,2019-05-19,0.01,8,0,0,STR-628373
13298137,EZ to Downtown/Longwood Off-St Parking Renovated,18517776,1463055670185507901,Huggy,,Roxbury,42.31676,-71.08,Private room,12,91,2,2017-01-24,0.02,31,365,0,
13578425,"Small Room near Redline & Commuter Rail, Renovated",18517776,1463055670185507901,Huggy,,Dorchester,42.30536,-71.07221,Private room,12,91,2,2017-11-23,0.02,31,365,0,
13675884,Near Redline & Commuter Rail Renovated Clean Sunny,18517776,1463055670185507901,Huggy,,Dorchester,42.30536,-71.07221,Private room,13,91,2,2016-10-09,0.02,31,365,0,
28298193,Luxury North End (Waterfront) walk to MGH Subway,180283497,1468740504050487740,Michelle,,North End,42.36602,-71.05232,Entire home/apt,82,60,0,,,7,364,0,
50919398,Near Train Station Gorgeous Apartment with Patios,61449231,1462747963157221216,Ruby,,Dorchester,42.28048,-71.06898,Entire home/apt,,2,49,2025-05-26,0.85,1,0,0,STR-452491
28635984,Beautiful apartment in the area of Dorchester,213613694,1463191171062774802,Manuel,,Dorchester,42.30318,-71.08325,Entire home/apt,,400,0,,,1,364,0,
601750,145R1 | The Redlands 1 | 2BR 1BA w/AC | Private,71783,1462508362719740106,Swank Properties Boston,,West Roxbury,42.29082,-71.15339,Entire home/apt,178,28,0,,,52,36,0,Exempt: This listing is a unit used for furnished institutional or business stays
28161172,"Room w/ Private Bathroom, near MBTA transit",201935605,1463144659436428083,Sherwin,,Hyde Park,42.24922,-71.11594,Private room,48,32,35,2026-03-18,0.37,7,115,2,
18711,The Dorset Redline ~ Pvt Apt | 3BR 1BA | w/AC & WD,71783,1462508362719740106,Swank Properties Boston,,Dorchester,42.32212,-71.06096,Entire home/apt,138,29,51,2023-08-19,0.26,52,224,0,
530983,The Grand View ~ House! | 5BR 2BA w/AC & WD,71783,1462508362719740106,Swank Properties Boston,,Dorchester,42.31368,-71.0612,Entire home/apt,283,29,65,2019-10-29,0.39,52,227,0,
45632722,Charming 2 Bed-Charlestown Gaslight/Freedom Trail,30366968,1465446796069077142,Michael,,Charlestown,42.38155,-71.06613,Entire home/apt,,29,45,2023-11-04,0.97,1,0,0,STR-466621
13951579,TWO FLOOR CONDO W/ PRIVATE DECK & ROOF DECK,73203009,1466903197597452818,Alex,,Charlestown,42.38211,-71.07146,Entire home/apt,,91,17,2017-11-19,0.15,1,0,0,
13422887,"Small Room, Off-St. Parking, AC, Renovated Clean",18517776,1463055670185507901,Huggy,,Roxbury,42.31676,-71.08,Private room,12,91,1,2016-08-28,0.01,31,365,0,
42870430,The Dorset Redline ~ Bedroom #2 | 3BR 1B w/AC & WD,71783,1462508362719740106,Swank Properties Boston,,Dorchester,42.32237,-71.05982,Private room,45,29,6,2023-05-02,0.10,52,224,0,
14220964,Serenity Room near Harvard Square,26956083,1465385857456219985,Todd,,Allston,42.36181,-71.12706,Private room,,55,67,2026-03-20,0.55,10,32,1,
29037205,Entire Place 2 Bedrooms near BU & BC,25244802,1465338664514785433,Timothy,,Allston,42.34718,-71.13543,Entire home/apt,,29,48,2021-01-18,0.51,2,0,0,STR-412987
14071446,Twins in a peaceful room.,18896448,1463064067956010105,Sandy,,Jamaica Plain,42.32221,-71.11273,Private room,24,91,9,2025-09-13,0.07,2,363,1,STR-523050
45717383,Tucked-away Home in Boston’s Historic Charlestown,369754035,1469747307509830858,Colleen,,Charlestown,42.38054,-71.06865,Entire home/apt,,3,46,2023-08-29,0.69,1,0,0,STR-441124
29489346,Downtown Boston Moontower Loft!,88360952,1467061163936069904,Anthony,,Downtown,42.35376,-71.05897,Private room,,91,0,,,2,90,0,
14091605,One Month in a Shared Loft Apartment,12452436,1462888066729686654,Drew,,South End,42.33959,-71.07446,Private room,,29,118,2022-11-14,0.97,2,0,0,STR-447270
1092093,Duplex Penthouse in Longwood Area,26988,1462507068700680197,Anne,,Mission Hill,42.33395767211914,-71.10222625732422,Entire home/apt,66,91,32,2026-01-04,0.20,4,309,1,
753446,6 miles away from downtown Boston!,3962517,1462643726706987545,Sami,,Roslindale,42.28596,-71.12386,Private room,19,91,141,2019-07-27,1.07,1,365,0,STR-397984
46117175,Contemporary 1 Bedroom in Fenway Cultural District,22541573,1463182329140437053,Furnished Quarters,,Fenway,42.34335,-71.09668,Entire home/apt,280,32,0,,,42,350,0,
14686119,Stay with Fun Family ( twin size bed),67637928,1462774929540051908,Yuki,,Mattapan,42.27366,-71.07243,Private room,,45,12,2026-02-18,0.10,4,28,1,
14452500,1 Bedroom in prime North End,3387042,1462627403535176864,Nirmal,,North End,42.36654,-71.05573,Entire home/apt,,91,17,2017-07-04,0.14,1,0,0,
30397078,"Blueground | Back Bay, gym, nr newbury st",107434423,1462889176402806013,Blueground,,Back Bay,42.348633,-71.074088,Entire home/apt,,30,0,,,227,187,0,
46332155,West Roxbury Tree House Condo - Entire Unit,60362084,1466742051741304833,Bradford,,West Roxbury,42.29058,-71.15306,Entire home/apt,,45,2,2021-04-30,0.03,1,0,0,
14470701,Renovated near Redline/Commuter Rail 4 Harvard MIT,18517776,1463055670185507901,Huggy,,Dorchester,42.30555,-71.0723,Private room,13,91,3,2017-09-06,0.03,31,365,0,
1252489,Beacon Hill 1-Bed,6824319,1462716200442458462,Samantha,,Beacon Hill,42.3597,-71.06571,Entire home/apt,,91,64,2017-08-28,0.40,1,0,0,
973695,Best Location Luxury Beacon Hill North End Condo,1760577,1462577720903327903,Le,,Downtown,42.359764099121094,-71.06116485595703,Private room,67,91,61,2022-09-11,0.39,1,365,0,
46078424,A place that speaks on your behalf,191639793,1463100700824856199,Niki,,Roxbury,42.32148,-71.07629,Private room,30,91,0,,,1,365,0,
29831173,Rose Room/Harvard Business School/free parking早餐方便,224379152,1463216565982457523,⁨Tingying(Helen)⁩,,Brighton,42.3525,-71.15275,Private room,62,29,21,2026-05-09,0.23,3,31,5,
30273160,"Bed, Bath and Beyond in Jamaica Plain",14303759,1462935212676970899,Susan,,Jamaica Plain,42.29658,-71.11295,Private room,18,91,48,2019-12-21,0.52,2,309,0,
30286717,"Bed, Bath and Beyond II in Jamaica Plain",14303759,1462935212676970899,Susan,,Jamaica Plain,42.2961,-71.11156,Private room,17,91,49,2019-12-20,0.55,2,365,0,
15177273,Renovated House Clean Room near Orange line & Park,18517776,1463055670185507901,Huggy,,Roxbury,42.31313,-71.09335,Private room,13,91,2,2017-11-21,0.02,31,365,0,
1596470,4-story Central Luxury-two blocks to Boston Common,480310,1462512091358983932,Michael,,Bay Village,42.34988,-71.06918,Entire home/apt,,29,172,2024-02-13,1.42,2,0,0,STR-466119
29878773,NONE SMOKING 1:Spacious & clean.SUPER Safe & Quiet,165422704,1463030729315680868,Mimi,,Dorchester,42.28796,-71.05572,Private room,51,29,72,2024-11-27,0.77,3,229,0,STR-439516
31161436,A minute walk from the Red Line (Shawmut) Room 3,67637928,1462774929540051908,Yuki,,Dorchester,42.29036,-71.06707,Private room,,30,6,2026-05-12,0.07,4,22,1,
15251516,Sunny 1-bed apt in central Boston's Bay Village,96990964,1467168313349431846,Duncan,,Bay Village,42.35016,-71.06705,Entire home/apt,399,2,142,2020-03-01,1.22,1,44,0,STR-396906
1545185,Large Studio Apt w/ Full Kitchen & Bath + Parking!,697401,1462526512255198719,Nick,,Brighton,42.34701,-71.15764,Entire home/apt,86,55,317,2025-12-15,2.04,3,310,28,STR-383211
1819994,"RIVERVIEWS-Walk Everywhere! Central, Safe LOCATION",9529655,1462569979695574564,Suzanne,,Fenway,42.35048,-71.09317,Entire home/apt,102,91,2,2018-05-24,0.02,4,362,0,
16545081,"Renovated, Clean, Quiet & Safe Near Orange Line",18517776,1463055670185507901,Huggy,,Roxbury,42.31341,-71.09356,Private room,13,100,3,2019-10-18,0.03,31,365,0,
31484506,"Blueground | Beacon Hill, nr state house",107434423,1462889176402806013,Blueground,,West End,42.365516,-71.067291,Entire home/apt,,30,0,,,227,339,0,
47576607,"Blueground | Back Bay, roofdeck, nr commons",107434423,1462889176402806013,Blueground,,Back Bay,42.35066,-71.07739,Entire home/apt,,30,1,2022-01-18,0.02,227,1,0,
32281287,Master Suite: Whole house + Parking in JP,13960633,1462927229858876203,Charles,,Jamaica Plain,42.29713,-71.10935,Entire home/apt,,29,3,2020-12-27,0.04,2,0,0,STR-389183
30955485,Luxury apt in the heart of Boston,183422988,1468947843130172074,Lauren,,Leather District,42.35054,-71.05952,Private room,,91,25,2019-11-10,0.28,1,0,0,
2141306,Modern 2Bd1BA in Downtown Boston,5355690,1462678875187237402,Kyle,,Downtown,42.35475,-71.06026,Entire home/apt,,91,7,2017-06-18,0.05,1,0,0,
47355116,Updated 1-Bed near Harvard w/ parking and office!,4111092,1462647709254338358,Holden,,Allston,42.36106,-71.12807,Entire home/apt,,2,13,2026-02-13,0.19,1,0,2,STR-443485
15714436,Family Home Near Downtown + Beautiful Harbor Views,7651528,1462737652266850014,Bronwyn,,East Boston,42.36515,-71.03113,Entire home/apt,,29,32,2021-04-28,0.33,1,0,0,STR-439247
51562101,Serene Private Room for Extended Stay in Allston,131288031,1468314401735640488,Arash,,Brighton,42.3589,-71.14161,Private room,16,91,10,2025-07-01,0.18,3,191,0,
32546785,Quiet getaway in a Boston home,81492503,1466990595677896594,Mark,,West Roxbury,42.26407,-71.16367,Entire home/apt,315,91,2,2019-05-09,0.02,3,269,0,
48120609,"(I) Cozy room near Harvard, MIT, BU",37035419,1462673914681141593,Wendy,,Allston,42.35848,-71.12906,Private room,20,91,7,2026-05-16,0.13,9,214,2,
32924105,Charming 19th Century Boston Home  Private Unit,247718902,1469313873978271356,Wanda,,Roxbury,42.32129,-71.07872,Entire home/apt,,29,38,2025-10-06,0.46,1,47,2,STR-445523
17210305,Renovated House Clean room,18517776,1463055670185507901,Huggy,,Roxbury,42.31313,-71.09335,Private room,13,91,3,2017-12-01,0.03,31,365,0,
1472520,Andrea's Private Bath T Downtown,6608084,1462546398706263512,Mary And Barney Carney,,Dorchester,42.30856,-71.04646,Private room,148,2,764,2026-07-04,4.87,2,11,13,STR-487240
52928607,"Blueground | South End, laundry & gym",107434423,1462889176402806013,Blueground,,South End,42.33856,-71.06907,Entire home/apt,,30,0,,,227,14,0,
17430142,Renovated Clean Quiet House near Orange line,18517776,1463055670185507901,Huggy,,Roxbury,42.31341,-71.09358,Private room,8,150,2,2017-06-22,0.02,31,180,0,
33446838,Studio 1 Bedroom 1 Bath at East Boston,22402141,1463178904072957885,Mirian G,,East Boston,42.3895263671875,-71.00364685058594,Entire home/apt,,4,1,2019-08-18,0.01,3,0,0,STR-613306
34020206,"Private, Quiet, Comfy, Clean Apartment in Boston",22727717,1463186885386377322,Kirjuan,,Roxbury,42.32385,-71.07626,Entire home/apt,,91,5,2019-08-04,0.06,1,0,0,
2723274,Lofty Modern 2BD Apt 800 sq ft,8790904,1462787099697308353,Albert,,Bay Village,42.34868,-71.07043,Entire home/apt,,29,26,2019-10-27,0.18,1,0,0,STR-398102
16040760,Artist Luxury Apt in Boston Free Park & Walk to T,104174476,1467252029481699061,Cora,,Allston,42.35248,-71.13269,Entire home/apt,113,91,67,2019-08-10,0.58,1,365,0,
34342016,Quiet Pondside Room Near Boston College,259272534,1469369674387834701,Haydee,,Brighton,42.34295,-71.16633,Private room,57,29,47,2025-09-29,0.54,1,49,1,STR-399235
2754975,Perfect Location to Explore Boston,6885890,1462717755998487908,Jonathan,,Beacon Hill,42.3592,-71.06306,Entire home/apt,,365,99,2018-10-10,0.68,1,308,0,
2864688,Beautiful 3 bedroom 2 bath apt in Charlestown,887148,1462514927454911252,Dawn,,Charlestown,42.38093,-71.06966,Entire home/apt,,91,0,,,3,79,0,Exempt: This listing is a unit that has contracts with hospitals
17588460,Fenway/Back Bay Luxury Apt-,38997,1462507326675374812,Michelle,,Fenway,42.34607,-71.09009,Entire home/apt,51,91,4,2024-12-21,0.04,12,364,0,
34670613,CAILLOU ESTATES,51772323,1465813041753062865,Vanessa,,Hyde Park,42.26784,-71.10634,Private room,,91,1,2019-05-19,0.01,2,89,0,STR-415873
46580146,"Smart House in Boston, comfy beds, dogs OK",75960211,1466932462935999446,Magdalena,,Brighton,42.34886169433594,-71.16592407226562,Entire home/apt,,3,9,2023-06-17,0.21,1,0,0,STR-494326
2395326,* Brownstone Classic South End,12230539,1462883021160445527,Timothy A,,South End,42.34568,-71.07169,Entire home/apt,,29,407,2020-09-20,2.74,1,0,0,STR-416118
48285608,"Downtown Crossing, Large Lofted Condo, Location!",388391823,1469801440672683388,Elliott And Layla,,Downtown,42.35529,-71.06087,Entire home/apt,,3,107,2025-04-22,1.66,1,0,0,STR-545379
17942707,Newly Renovated 1 BR close to T & Longwood Med!,18150109,1463037348248195266,Alex,,Roxbury,42.32817,-71.09671,Entire home/apt,38,91,98,2019-11-24,0.87,5,270,0,
2886933,BEAUTIFUL SINGLE FAMILY VICTORIAN in Hyde Park!,13776857,1462922345319888006,Katy,,Hyde Park,42.25985,-71.11945,Entire home/apt,392,2,147,2026-06-28,1.00,1,4,12,STR-429200
18170647,"Steps to public transport, Boston Coll, Roof Deck",31340713,1465460976217419594,Kama,,Brighton,42.33959,-71.14526,Entire home/apt,,30,4,2023-01-03,0.04,19,24,0,Exempt: This listing is a unit used for furnished institutional or business stays
17791011,Back Bay Cozy Studio In Brownstone first floor,57329784,1465937574318098205,David,,Back Bay,42.351228418558804,-71.08858946710825,Entire home/apt,,29,218,2025-08-29,4.48,4,16,1,STR-586728
17969508,Renovated House Large Bay Windows Near Orange Line,18517776,1463055670185507901,Huggy,,Roxbury,42.31343,-71.09345,Private room,8,150,0,,,31,365,0,
3441982,Urban Travelers Modern Studio,13819661,1462923807412610119,Jennifer,,Roxbury,42.31902,-71.09303,Entire home/apt,,28,153,2026-06-23,1.62,4,29,6,STR-396299
18220200,Near Orange Line Renovated Clean AC Easy Parking,18517776,1463055670185507901,Huggy,,Roxbury,42.31337,-71.09339,Private room,9,120,1,2017-09-01,0.01,31,365,0,
17541222,Room for up to 4 in Updated 1 BR apt by T!,18150109,1463037348248195266,Alex,,Roxbury,42.32847,-71.094,Entire home/apt,39,91,159,2019-12-09,1.40,5,269,0,
18526885,"Spacious, stylish, modern apartment on Orange Line",106950426,1467296529995491540,Paul,,Roxbury,42.31565,-71.0951,Private room,23,90,17,2024-10-31,0.15,2,362,0,Exempt: This listing is a unit used for furnished institutional or business stays
35547817,"Allston village, Boston University, near Harvard",30489899,1462651743684773518,Home On Blaine,,Allston,42.35861,-71.12674,Private room,24,91,10,2024-01-06,0.12,3,363,0,
19071875,Big newly renovated 2 bedroom condo in East Boston,15943555,1462595989552331546,Monya,,East Boston,42.37863,-71.03866,Entire home/apt,,2,9,2019-07-31,0.08,4,0,0,STR-387383
18886077,"Stylish, modern duplex near Orange Line, Downtown",106950426,1467296529995491540,Paul,,Roxbury,42.31735,-71.09588,Private room,25,60,8,2022-02-15,0.07,2,362,0,STR-424669
34422276,🎖The Boiler Room | Close to Subway + Downtown🎖,102027626,1462875158153903955,Eddie,,Dorchester,42.28879,-71.06708,Entire home/apt,115,30,271,2026-04-21,3.17,3,43,2,STR-386945
17779084,Huge rm Renovated Clean Subway Safe neighborhood,18517776,1463055670185507901,Huggy,,Roxbury,42.31333,-71.09339,Private room,13,91,0,,,31,365,0,
33682929,Perfect BiG Space for Couples near Red Line,156053359,1468523196451698383,Ken,,Dorchester,42.28973,-71.06773,Private room,19,91,11,2026-06-07,0.13,8,274,2,
19100282,"Large, sunny hilltop home, nature lovers' paradise",133415983,1468332787939826527,Christina,,Jamaica Plain,42.30262,-71.13228,Entire home/apt,970,2,39,2026-06-27,0.40,1,35,6,STR-398981
3656168,Parking Close 2 Downtown Renovated,18517776,1463055670185507901,Huggy,,Roxbury,42.31676,-71.08,Private room,13,91,6,2018-12-17,0.05,31,365,0,
33586214,1 SINGLE ROOM-in Shared Decorator's Gorgeous home,11826335,1462580102069327226,Rich,,Jamaica Plain,42.31928,-71.11145,Private room,,91,32,2019-11-30,0.36,1,0,0,Exempt: This listing is a unit used for furnished institutional or business stays
19593368,COZY THEATRE DISTRICT STUDIO NEAR BOSTON COMMON,56359408,1465922611132469243,Billy,,Downtown,42.35145,-71.06461,Entire home/apt,,91,49,2023-07-30,0.45,3,365,0,
35027638,Private Bedroom & Bath in Brand New Luxury Condo,4231359,1462534362862306228,John And Inna,,East Boston,42.37455,-71.03218,Private room,,29,83,2023-06-05,0.96,1,0,0,STR-401089
3705824,Small Rm +walk-in closet Easy to Longwood/Downtown,18517776,1463055670185507901,Huggy,,Roxbury,42.31676,-71.08,Private room,12,91,0,,,31,365,0,
3520353,Luxury Beacon Hill Apartment 1-BR,6508758,1462708259378621027,Xerxes,,Beacon Hill,42.35884,-71.06332,Entire home/apt,45,91,254,2024-10-31,1.75,1,140,0,
20035860,"Private Studio on top floor, (yellow tulip room)",133457702,1468333096613367408,Selim,,Jamaica Plain,42.32464,-71.10553,Entire home/apt,,2,40,2024-08-30,0.37,10,0,0,STR-414742
20055667,Newly Renovated Private Bedroom Close to  Airport,15943555,1462595989552331546,Monya,,East Boston,42.37934,-71.03915,Private room,,1,37,2019-11-03,0.34,4,0,0,STR-387383
35714054,"Bright & Airy BR- Driveway Parking, Commuter Rail",38879163,1465580917335582734,Daniela,,Hyde Park,42.25599,-71.13004,Private room,,29,39,2020-03-14,0.45,1,0,0,STR-398627
36040459,Walk to Copley or Prudential & Historic Locations,102134649,1462875416332828491,Cambridge,,South End,42.34686,-71.07493,Private room,102,60,2,2019-07-28,0.02,1,180,0,
18617002,Artist's loft in the South End,43666185,1465648402045992026,Shanta,,South End,42.34289,-71.0671,Entire home/apt,,91,6,2017-08-17,0.05,1,0,0,
19182289,"Renovated House, Sunny & Clean room, New Window AC",18517776,1463055670185507901,Huggy,,Roxbury,42.31343,-71.0935,Private room,8,150,2,2018-11-23,0.02,31,365,0,
36145390,Pet-Friendly Top Floor Suite w/ a Deck!,80799606,1462827573833180931,Toni,,Dorchester,42.31054,-71.06366,Entire home/apt,99,35,36,2025-10-04,0.42,1,155,1,STR-455874
3890373,Beacon Hill Fabulous One Bedroom Apartment,19357187,1463076901291366945,Paul,,Beacon Hill,42.3591,-71.06602,Entire home/apt,173,29,261,2026-05-10,1.81,1,169,6,
18736738,Spacious pet friendly 1BD APT w/ Devoted Entrance.,130336134,1468306080306111853,Elie,,West Roxbury,42.29312,-71.15977,Entire home/apt,22,91,21,2025-10-06,0.20,1,228,1,
20268369,Large Private Bedroom Close to Airport,15943555,1462595989552331546,Monya,,East Boston,42.37966,-71.03981,Private room,,2,16,2019-10-20,0.15,4,0,0,STR-387383
4173285,"Bright, cozy bedroom in Victorian",2851756,1462610653269243024,Angela,,Dorchester,42.28398,-71.06747,Private room,19,91,14,2024-12-01,0.10,1,268,0,
20420751,Sunny Private Room in Beautiful Chestnut hill,33131531,1462660838926631094,Wenqi,,Brighton,42.33814,-71.14802,Private room,,91,11,2019-08-17,0.10,3,0,0,STR-415268
20446955,Your Other Home in a Different Town,51772323,1465813041753062865,Vanessa,,Hyde Park,42.26724,-71.10521,Private room,29,91,18,2019-05-21,0.17,2,179,0,STR-415873
20588785,The Moontower Apartment,88360952,1467061163936069904,Anthony,,Downtown,42.35452,-71.05865,Private room,,91,61,2018-11-18,0.57,2,0,0,
52747167,"Blueground | S. Boston, e broadway",107434423,1462889176402806013,Blueground,,South Boston,42.33569,-71.04285,Entire home/apt,,30,0,,,227,1,0,
20547874,Sunny Private Room in Chestnut hill,33131531,1462660838926631094,Wenqi,,Brighton,42.33975,-71.14919,Private room,,91,5,2018-06-25,0.05,3,0,0,
50017083,"Blueground | Back Bay, near prudential center",107434423,1462889176402806013,Blueground,,Back Bay,42.34449,-71.08237,Entire home/apt,,30,0,,,227,187,0,
36829501,Drastic price reduction 6 month rental-IN BACK BAY,38997,1462507326675374812,Michelle,,Fenway,42.34586,-71.09128,Entire home/apt,38,120,0,,,12,364,0,
20417844,Private Suite in South Boston | Convenient to BCEC,17487234,1463011272597821506,Andrew,,South Boston,42.33905,-71.05183,Private room,,1,115,2024-04-16,1.07,1,0,0,STR-413146
36033983,Cozy bedroom in the middle of Allston,27601419,1465407635301314907,Johannes,,Allston,42.35071,-71.13619,Private room,,2,11,2024-10-14,0.13,1,0,0,STR-523675
4593974,Parking EZ 2 Downtown/Longwood Larg,18517776,1463055670185507901,Huggy,,Roxbury,42.31676,-71.08,Private room,13,91,7,2018-02-15,0.05,31,365,0,
19655960,Nice clean room to stay,78195008,1466957891261584461,Alen,,Roxbury,42.323,-71.08627,Private room,16,91,11,2018-11-11,0.10,1,263,0,
4602191,Large Comfortable 2 Bed 2 Bath Across Mass General,20079643,1463098884216487275,Boston Corporate Housing,,West End,42.3645578,-71.0692521,Entire home/apt,272,30,17,2021-06-04,0.14,7,317,0,STR-595465
4593985,Parking Renovated Close to Downtown,18517776,1463055670185507901,Huggy,,Roxbury,42.31676,-71.08,Private room,13,91,1,2015-06-20,0.01,31,365,0,
4624582,Parking Easy to downtown/Longwood,18517776,1463055670185507901,Huggy,,Roxbury,42.31676,-71.08,Private room,13,91,4,2016-10-31,0.03,31,365,0,
4410765,"Grt Location, Big 3 Bed, Nr all Colleges, parking",9795590,1462823634991700551,Patrick,,Brighton,42.35474,-71.14764,Entire home/apt,99,45,16,2025-08-03,0.12,1,270,1,
37092569,"Cute, quiet 2br house near South End",266009,1462514134122201764,Joanie,,Roxbury,42.32488,-71.08376,Entire home/apt,,3,26,2026-06-16,0.31,1,0,2,STR-463246
49380252,Entire Apartment - 1BR - Near Downtown Boston,5208833,1462675359936882352,Lisa,,Dorchester,42.3249,-71.05919,Entire home/apt,,29,0,,,1,0,0,STR-450291
4630071,Charming studio,12165186,1462881543336885640,Masha,,Brighton,42.34232,-71.15504,Entire home/apt,22,91,22,2026-05-31,0.20,3,193,2,
4710583,Cozy Attic Bedroom in Allston,17892292,1463031332446561174,Marlene,,Allston,42.3606,-71.13498,Private room,,91,3,2018-06-19,0.02,5,0,0,
4737304,Cosy Celtic Retreat,24158689,1465283936753938521,Deborah,,Brighton,42.34946,-71.16377,Private room,16,91,31,2025-11-03,0.23,1,214,2,
51654389,Private small bedroom with balcony in shared Apt,131288031,1468314401735640488,Arash,,Brighton,42.36117,-71.14011,Private room,13,91,4,2024-07-01,0.07,3,133,0,
38148436,Private bedroom in South Boston nr Downtown 130-1A,26704689,1465376315554690275,Mac,,South Boston,42.33536,-71.05459,Private room,,91,3,2021-05-08,0.04,3,90,0,
50397482,Close to everything - parking/downtown/airport,7427795,1462560827873077335,Ella,,East Boston,42.38001,-71.02969,Entire home/apt,,29,90,2026-06-07,1.48,7,0,1,STR-445655
36733785,Master bedroom w/ private bath - close to airport,15943555,1462595989552331546,Monya,,East Boston,42.37876,-71.04014,Private room,,1,1,2019-08-11,0.01,4,0,0,STR-387383
38164617,Private bedroom in South Boston nr Downtown 130-1C,26704689,1465376315554690275,Mac,,South Boston,42.33473,-71.05396,Private room,,91,1,2019-10-16,0.01,3,90,0,
38384895,"Lovely place in Jamaica Plain, Room #1",292283551,1469514237422131287,Vitanur,,Jamaica Plain,42.32236,-71.11014,Private room,,29,21,2020-03-08,0.25,5,0,0,Exempt: This listing is a unit used for furnished institutional or business stays
37768013,Casa de Benny,12982278,1462900218167974960,Benny,,Roxbury,42.32689,-71.08739,Private room,,29,27,2022-09-03,0.32,1,0,0,STR-414006
5746844,Share South End Multi-level Loft/ with parking,10778805,1462849418760982740,Paul,,Roxbury,42.33523,-71.07916,Private room,33,91,9,2015-08-21,0.07,2,247,0,
5495267,Parking Renovated Close to Downtown,18517776,1463055670185507901,Huggy,,Roxbury,42.31676,-71.08,Private room,13,91,2,2016-08-30,0.02,31,365,0,
50074895,"Iconic Historic Hotel, Near Boston’s Theater Scene",5615582,1462541485493209733,RoomPicks Accommodations,,Downtown,42.3510893,-71.0698111,Private room,,1,0,,,10,0,0,Exempt: This listing is a hotel or motel
48748471,City apartment with parking Logan/Downtown,7427795,1462560827873077335,Ella,,East Boston,42.37995,-71.03032,Entire home/apt,,29,91,2025-08-01,1.41,7,0,1,STR-445655
51402086,Peaceful Spacious Private Room in Allston,131288031,1468314401735640488,Arash,,Brighton,42.36037,-71.14087,Private room,16,91,7,2026-01-06,0.12,3,197,1,
6646604,"Cozy 1B, Green Line, Boston Coll, Elev, Roof Deck",31340713,1465460976217419594,Kama,,Brighton,42.33942,-71.14549,Entire home/apt,,180,41,2025-06-30,0.31,19,0,0,Exempt: This listing is a unit used for furnished institutional or business stays
38385513,"Lovely place in Jamaica Plain, Room #5",292283551,1469514237422131287,Vitanur,,Jamaica Plain,42.32364,-71.10983,Private room,,29,15,2020-04-02,0.18,5,0,0,Exempt: This listing is a unit used for furnished institutional or business stays
6800522,"Small room Easy to Downtown, Longwood Clean Sunny",18517776,1463055670185507901,Huggy,,Roxbury,42.31676,-71.08,Private room,12,91,11,2016-09-21,0.09,31,365,0,
21454153,Minion? *Family*Tourist/Convention/Subway 130-1,26704689,1465376315554690275,Mac,,South Boston,42.33612,-71.0535,Entire home/apt,,91,43,2019-08-11,0.41,3,90,0,
38385157,"Lovely place in Jamaica Plain, Room #3",292283551,1469514237422131287,Vitanur,,Jamaica Plain,42.32247,-71.10797,Private room,,29,8,2020-03-03,0.10,5,0,0,Exempt: This listing is a unit used for furnished institutional or business stays
21444743,Back Bay Studio on Marlborough St-min 3 months,155595193,1468519790552298186,Michelle,,Back Bay,42.35218,-71.07747,Entire home/apt,66,91,0,,,7,233,0,
6921672,French Country 2bd/2bth Heart of JP,36278389,1465538755174214381,Jessica,,Jamaica Plain,42.32081,-71.10922,Entire home/apt,,91,1,2016-08-08,0.01,1,0,0,
50393798,City place with roof top deck/parking/downtown,7427795,1462560827873077335,Ella,,East Boston,42.37993,-71.03111,Entire home/apt,,29,101,2024-10-04,1.64,7,0,0,STR-445655
21698478,Angel’s room in Boston,57812241,1462738306879323038,Alexia,,Dorchester,42.31934,-71.05806,Private room,,91,4,2018-07-01,0.04,1,0,0,
7093184,Easy to downtown/Longwood Free Parking Clean House,18517776,1463055670185507901,Huggy,,Roxbury,42.31676,-71.08,Private room,12,91,7,2017-05-01,0.05,31,365,0,
21683291,Richmond's Cozy Colonial near Lower Mills,46315640,1465693657071829993,Richmond,,Mattapan,42.27601,-71.08963,Private room,,91,28,2019-06-07,0.27,2,0,0,
21484706,Spacious for Friendly Female Roommates all utility,156053359,1468523196451698383,Ken,,Dorchester,42.29068,-71.0637,Private room,18,91,39,2025-12-27,0.37,8,304,2,
7298966,"Big Monthly Discount: Quiet, sunny studio on the T",31289781,1465460316728421629,Dustin,,Brighton,42.343,-71.14416,Entire home/apt,,80,18,2026-05-17,0.16,1,14,3,
7499960,Safe Central City Location! WalkToWork/Everywhere!,9529655,1462569979695574564,Suzanne,,Fenway,42.34906,-71.09384,Entire home/apt,71,91,15,2021-07-24,0.11,4,362,0,
46037756,3 BR/3 BA In Historic Charlestown Neighborhood,141347907,1468396760258903722,Cordell,,Charlestown,42.37917,-71.06547,Entire home/apt,,29,9,2021-08-24,0.15,1,0,0,STR-446549
50467770,Luxury Listing *free parking* #3,98987494,1467190359984244269,Jennifer,,Brighton,42.35013,-71.14904,Private room,,29,8,2021-08-01,0.13,1,0,0,STR-443965
7161203,Cozy Rm Off-Street Parking EZ 2 downtown/Longwood,18517776,1463055670185507901,Huggy,,Roxbury,42.31676,-71.08,Private room,12,91,6,2017-06-21,0.05,31,365,0,
38845207,"One If By Land, Two If By Sea... this is the place",297416224,1469530509371753853,Andrew,,North End,42.36481,-71.05503,Entire home/apt,,2,32,2024-06-02,0.40,1,0,0,STR-539291
38385300,"Lovely place in Jamaica Plain, Room #4",292283551,1469514237422131287,Vitanur,,Jamaica Plain,42.32351,-71.10868,Private room,,29,18,2020-04-11,0.22,5,0,0,Exempt: This listing is a unit used for furnished institutional or business stays
53056956,"Blueground | S. End, gym, nr dining & bumc",107434423,1462889176402806013,Blueground,,South End,42.33764,-71.07248,Entire home/apt,,30,0,,,227,0,0,
38923194,"Room near MBTA Forest Hills, keyless self check-in",201935605,1463144659436428083,Sherwin,,Roslindale,42.29157,-71.12322,Private room,46,29,22,2026-02-06,0.28,7,38,4,
21202475,"❤Boston Medical,NU,BU,Berkeley, Hynes, Public T",50437930,1462716398234958409,Misha,,Roxbury,42.33669,-71.08262,Entire home/apt,,30,86,2019-10-06,0.82,2,0,0,
7618925,Modern Classic Boston Brownstone by LMA & T,11228809,1462859998263522945,Jonathan,,Roxbury,42.3289,-71.09201,Entire home/apt,,2,3,2016-10-09,0.02,6,0,0,STR-619261
7920759,"Beacon Hill- 2br, 2 bath Personal Home",41766550,1465621401460624345,Mike,,Beacon Hill,42.357753697635744,-71.07018581917023,Entire home/apt,,29,35,2022-10-26,0.29,1,0,0,STR-416284
6843795,A Fenway Getaway,23249169,1465270638158082801,Helen,,Fenway,42.34315,-71.09551,Entire home/apt,,91,99,2026-05-04,0.74,1,60,1,
39984676,Country home in the city of Boston.,42947943,1465637787205454484,Emily,,Jamaica Plain,42.30429,-71.12877,Entire home/apt,,300,5,2020-03-09,0.06,1,179,0,STR-416110
22581254,"Brighton, MA Guesthouse for rent, Unit 1 (2nd Fl)",166004722,1468610383084939359,Wang,,Brighton,42.35759,-71.15669,Private room,16,91,2,2025-03-02,0.02,2,168,0,
22714438,Stunning South End Loft! Walk to Restaurants,37327467,1462674879515753741,Melissa,,South End,42.34167,-71.07539,Entire home/apt,,29,99,2025-08-16,0.98,1,0,1,STR-413762
23183205,The Brownstone Nook  -in Prestigious Back Bay Area,38997,1462507326675374812,Michelle,,Back Bay,42.35009,-71.08737,Entire home/apt,51,91,0,,,12,365,0,
8055839,Updated South Boston Condo,39621923,1465591719851603675,Kevin,,South Boston,42.33606,-71.05356,Entire home/apt,,91,5,2015-10-12,0.04,1,0,0,
1458792961723413941,Huge Bedroom with Walk in Closet,26956083,1465385857456219985,Todd,,Allston,42.36112,-71.12563,Private room,64,29,2,2026-05-01,0.29,10,257,2,
1451451655045291532,4 Mi to Fenway Park: Pet-Friendly Dorchester Apt!,122377513,1468126526837796926,Evolve,,Dorchester,42.29785,-71.07148,Entire home/apt,,2,20,2026-06-14,1.66,4,0,20,STR-595832
53558400,Loaded Condo! 15-min from City - Laundry & Parking,29241680,1465430885990554236,Chris,,Dorchester,42.28293,-71.05628,Entire home/apt,,2,8,2025-05-26,0.26,1,0,0,STR-545354
1472861201388588370,"Remodeled 3 bdrm, close to Ashmont Station",27842033,1465410891983561891,Bernard,,Dorchester,42.28497,-71.06934,Entire home/apt,,91,1,2025-12-01,0.14,7,256,1,
53079400,Modern Apt near Downtown and Airport,330545895,1469635098468122713,Nathalie,,East Boston,42.38073,-71.03142,Entire home/apt,,365,67,2023-07-27,1.28,1,0,0,STR-470200
1489063794374547491,Apartment in Boston's North End,407647560,1489063795168959469,Dj,,North End,42.36442027081523,-71.05658300220966,Entire home/apt,323,1,47,2026-07-01,4.53,1,79,47,STR-599181
53574233,near Longwood Medical Area/Harvard Med School,430192128,1469948528821198507,Matt,,Mission Hill,42.32715,-71.1062,Private room,,29,4,2024-11-30,0.16,1,0,0,
1470435359197778489,Lux Apt Downtown Seaport with Pool,20857768,1463140474528738801,Compass,,South Boston Waterfront,42.3498534,-71.0443746,Entire home/apt,,30,0,,,77,0,0,
1476791388297561656,West End Lux L3BR 2BA Condo Historic West End,543604484,1470434829630767211,Kareem,,Downtown,42.36139,-71.05984,Entire home/apt,,29,6,2026-04-05,0.75,4,53,6,STR-009877
53195225,Sunny room with Free parking,108560094,1467315211306893978,Lixia,,Brighton,42.356388,-71.159355,Private room,106,1,161,2026-06-27,2.88,2,3,21,STR-530798
547969758798128722,Cozy Bedroom in an Upscale Apartment,433688210,1469962820319699046,Blanca,,East Boston,42.37806,-71.03513,Private room,,29,22,2026-04-18,0.42,5,33,4,
557094168867486125,"Blueground | S. Boston, nr restaurants & shops",107434423,1462889176402806013,Blueground,,South Boston,42.34273169999999,-71.05663919999999,Entire home/apt,,30,0,,,227,3,0,
557094454595424536,"Blueground | S. Boston, nr restaurants & shops",107434423,1462889176402806013,Blueground,,South Boston,42.34273169999999,-71.05663919999999,Entire home/apt,,30,0,,,227,2,0,
1487754165893380978,Peaceful 2BR 2BA Oasis Close to Boston Downtown,150150201,1468477371156751878,Nova,,Brighton,42.3483,-71.14126,Entire home/apt,,29,4,2026-06-30,0.40,7,0,4,
568694788908431933,"Blueground | S. End, gym, w/d & pool, nr sowa",107434423,1462889176402806013,Blueground,,South End,42.33855729999999,-71.06907079999999,Entire home/apt,,30,0,,,227,5,0,
1495786066062982376,Private Apt with Kitchen & Gym,20857768,1463140474528738801,Compass,,Fenway,42.3427866,-71.0986693,Entire home/apt,,30,0,,,77,0,0,
569407505309687319,"Blueground | N. Station, roofdeck, nr td garden",107434423,1462889176402806013,Blueground,,Downtown,42.36504,-71.06029,Entire home/apt,,30,0,,,227,2,0,
1495782269899729567,Gorgeous Apt with Kitchen and Gym,20857768,1463140474528738801,Compass,,Fenway,42.3429115,-71.0990346,Entire home/apt,355,30,0,,,77,326,0,
592638086409776058,"Blueground | N Station, gym & w/d, nr td garden",107434423,1462889176402806013,Blueground,,Downtown,42.365947,-71.063473,Entire home/apt,,30,0,,,227,6,0,
53062424,2500 sqft artist condo steps from Copley/Back Bay,52569277,1465851040062538024,Minh,,South End,42.34679,-71.0751,Entire home/apt,,29,37,2023-08-19,0.72,1,0,0,STR-475905
595621385126373803,Lovely two bedroom apartment on a 2 floor unit.,8898973,1462789820330998349,Gianni,,Roxbury,42.32628,-71.09516,Entire home/apt,45,91,5,2025-04-27,0.10,5,199,0,
604234472085817955,"Blueground | Allston, gym, nr green line",107434423,1462889176402806013,Blueground,,Allston,42.34767,-71.13383,Entire home/apt,,30,0,,,227,2,0,
1498125312410287168,Private Guest Suite.,27842033,1465410891983561891,Bernard,,Dorchester,42.30976,-71.07,Entire home/apt,18,91,0,,,7,263,0,
595021507855065483,Spacious 4+ bedroom in central Jamaica Plain,6518778,1462708508228176511,Jessica,,Jamaica Plain,42.31138,-71.11633,Entire home/apt,,5,2,2023-07-17,0.04,1,0,0,STR-475181
1505777983725850383,"Spacious Bedroom with Office, Lounge & Walk In 1B",16612533,1462990857401466263,Matt,,Dorchester,42.283338,-71.052397,Private room,,90,0,,,16,56,0,
608359496810075683,"Blueground | Downtown/Financial Dist, w/d & gym",107434423,1462889176402806013,Blueground,,Downtown,42.35892,-71.05416,Entire home/apt,,30,0,,,227,4,0,
1503747263849309005,2BR Heaven - In-Unit Laundry - Parking - Gym,150150201,1468477371156751878,Nova,,Brighton,42.34745,-71.14219,Entire home/apt,,29,2,2026-05-30,0.27,7,0,2,
640790592484842073,Stunning 1 Bedroom Victorian | Mins to Downtown,7362903,1462729995248596690,Karim,,Roxbury,42.32489,-71.08683,Private room,,29,2,2022-07-26,0.04,3,0,0,STR-454960
1502411493237341277,Luxurious 1BD Loft Steps From South Station!,41272528,1465613750825248193,Wendi,,Leather District,42.35009,-71.05682,Entire home/apt,25,180,0,,,1,358,0,
635678610308167658,Private floor with home office in a house w/ dogs,5681297,1462686740716125881,Matt,,Roslindale,42.28227,-71.12364,Private room,,2,55,2024-11-09,1.11,3,0,0,STR-464402
1507276092088713355,Cozy Bedroom with Workspace 1D,16612533,1462990857401466263,Matt,,Dorchester,42.28252,-71.0521,Private room,,90,1,2026-02-28,0.23,16,0,1,
552878688771211713,Lovely bedroom in the heart of Boston.,437204027,1463699637796894133,Raja Jennings,,Dorchester,42.29468,-71.08052,Private room,13,91,6,2026-02-25,0.12,2,281,2,
1507350386065696162,Sunny Bedroom with Lounge and Workspace 1C,16612533,1462990857401466263,Matt,,Dorchester,42.28362,-71.05154,Private room,,90,0,,,16,0,0,
623619726219332946,"Blueground | S. End, w/d & gym",107434423,1462889176402806013,Blueground,,South End,42.33856,-71.06907,Entire home/apt,,30,0,,,227,2,0,
647924022015612987,Historic Home with Parking in East Boston,95772002,1467153747177900335,Matthew,,East Boston,42.38047,-71.03239,Entire home/apt,,3,2,2024-04-15,0.05,1,0,0,STR-522536
663554848165356274,"Blueground | N Station, gym & w/d, nr td garden",107434423,1462889176402806013,Blueground,,Downtown,42.365947,-71.063473,Entire home/apt,,30,0,,,227,172,0,
633275399907669824,Private room in a cheerful home with dogs,5681297,1462686740716125881,Matt,,Roslindale,42.28142,-71.12395,Private room,,2,94,2025-07-16,1.90,3,0,1,STR-464402
666383993088270320,"Blueground | Longwood, nr mission park",107434423,1462889176402806013,Blueground,,Mission Hill,42.32992410000001,-71.1043268,Entire home/apt,,30,0,,,227,2,0,
1511928728787720092,Stunning Modern Apartment in the heart of Boston!,87387772,1511928729420981104,Charissa,,Dorchester,42.31437,-71.0686,Entire home/apt,255,60,3,2026-04-21,0.34,1,270,3,STR-607734
638924072026713547,"Back Bay Cute Studio, Walk to Prudential & Newbury",95634275,1462860602231093532,Sophia,,Back Bay,42.35067,-71.08276,Entire home/apt,,29,101,2026-02-07,2.15,6,29,2,STR-480630
1513117370211694748,Luxury Apt Steps to Shops and Restaurants,20857768,1463140474528738801,Compass,,South Boston Waterfront,42.34985,-71.04438,Entire home/apt,386,30,0,,,77,363,0,
668818916257742515,Bright & Cozy Studio w/free Parking and Wifi,468915585,1463776131522724322,Rosa,,Hyde Park,42.26798,-71.12513,Private room,81,29,7,2026-05-17,0.15,1,92,1,
675147276041216943,"Blueground | N. Station, w/d & gym, nr td garden",107434423,1462889176402806013,Blueground,,Downtown,42.365947,-71.063473,Entire home/apt,,30,1,2023-06-12,0.03,227,1,0,
652014243703538999,Upscale Unit 1 at Perrin Place.,69967323,1462791300442620424,John,,Roxbury,42.32112,-71.07781,Entire home/apt,,29,33,2024-06-06,0.73,4,23,0,STR-568447
674134270871376710,Back Bay Gem: Cozy 1 bedroom Condo (main floor),83409489,1467009840026941505,Jorge,,Back Bay,42.35442865544264,-71.0755918174982,Entire home/apt,42,91,3,2026-04-30,0.15,1,187,2,
1513118645962792397,Luxury Apt in Seaport with Gym and Pool,20857768,1463140474528738801,Compass,,South Boston Waterfront,42.34985,-71.04438,Entire home/apt,,30,0,,,77,0,0,
1513114395130729869,Gorgeous Apt Walk to Restaurants,20857768,1463140474528738801,Compass,,South Boston Waterfront,42.3498534,-71.0443746,Entire home/apt,,30,1,2025-11-26,0.13,77,0,1,
1513113656539459930,Luxury & Bright Apt Downtown Seaport,20857768,1463140474528738801,Compass,,South Boston Waterfront,42.3498534,-71.0443746,Entire home/apt,338,30,0,,,77,358,0,
680165867255183002,"Blueground | N. Station, w/d & gym, nr td garden",107434423,1462889176402806013,Blueground,,Downtown,42.365947,-71.063473,Entire home/apt,,30,0,,,227,287,0,
681600270846334337,"Blueground | N. Station, w/d & gym, nr td garden",107434423,1462889176402806013,Blueground,,Downtown,42.365947,-71.063473,Entire home/apt,,30,0,,,227,330,0,
692231084096208961,Lovely 2 bed room apt in heart boston beacon hill,373675137,1463554206153655871,Lilith,,Beacon Hill,42.35858,-71.06981,Entire home/apt,144,29,3,2025-09-29,0.14,117,61,2,
663557367450319424,"Blueground | N. Station, w/d & gym, nr td garden",107434423,1462889176402806013,Blueground,,Downtown,42.365947,-71.063473,Entire home/apt,,30,0,,,227,340,0,
690400586934454556,"Blueground | Back Bay, w/d, nr copley t",107434423,1462889176402806013,Blueground,,Back Bay,42.3496958,-71.081231,Entire home/apt,,30,1,2023-08-28,0.03,227,1,0,
753864604867041831,Charm & Relaxing Studio near MGH,2356643,1462523722549277069,StayNue,,Downtown,42.3581,-71.06232,Entire home/apt,,30,26,2026-02-28,0.58,31,0,2,STR-428031
1273825139062685760,""" Stay at Burbank"" Fenway/Berklee/Symphony",100347729,1467204952794207842,Jeanne,,Fenway,42.344564310161935,-71.08898106962442,Entire home/apt,,180,1,2025-05-31,0.07,1,83,0,
747055377955571433,Transit friendly condo on quiet street,485328839,1470184864625203729,Andy,,Roslindale,42.28632,-71.14067,Entire home/apt,307,1,137,2026-06-12,3.11,1,71,25,STR-494903
772245719782019151,3 Bed Large Boston home for groups with parking,19610602,1463084059764904334,Emma,,Hyde Park,42.27083,-71.10783,Entire home/apt,,29,138,2025-12-07,3.17,2,0,1,STR-513973
776039493275240855,Lux 2Bed/2Bath in Seaport,20857768,1463140474528738801,Compass,,South Boston Waterfront,42.35098,-71.04459,Entire home/apt,,29,2,2024-03-02,0.05,77,0,0,Exempt: This listing is a unit used for furnished institutional or business stays
788431140364663238,Renovated 3Br/1.5baths. Parking. Great location.,49383,1462507622122248465,Tom,,Brighton,42.3466629,-71.1516072,Entire home/apt,58,91,3,2024-12-15,0.09,2,351,0,
1513119413444338988,Luxury Apt Downtown Seaport,20857768,1463140474528738801,Compass,,South Boston Waterfront,42.3498534,-71.0443746,Entire home/apt,,30,0,,,77,0,0,
1513121422444223363,Exclusive 2BR Apt Downtown Seaport,20857768,1463140474528738801,Compass,,South Boston Waterfront,42.34985,-71.04438,Entire home/apt,,30,1,2026-01-01,0.16,77,0,1,
776357275298272961,5 Bed Boston Home with free parking,19610602,1463084059764904334,Emma,,Roslindale,42.2824,-71.1145,Entire home/apt,,31,36,2025-03-02,0.85,2,1,0,STR-519654
755549554190811005,"Blueground | Back Bay, w/d, nr copley t",107434423,1462889176402806013,Blueground,,Back Bay,42.3496611,-71.0814631,Entire home/apt,,30,0,,,227,1,0,
791873378629717247,"Blueground | N Station, gym, nr boston landmarks",107434423,1462889176402806013,Blueground,,Downtown,42.365947,-71.063473,Entire home/apt,,30,0,,,227,325,0,
1515349239566519344,Sun-drenched expansive tastefully furnished oasis.,630381,1462524230876555262,Anand,,Jamaica Plain,42.31899,-71.10823,Entire home/apt,52,98,0,,,1,362,0,
1513119104755601198,Luxury Apt Heart of Seaport with Gym,20857768,1463140474528738801,Compass,,South Boston Waterfront,42.3498534,-71.0443746,Entire home/apt,,10,0,,,77,0,0,STR-590362
805804339902031542,1850s Charlestown Cottage,31227364,1465459474399531555,Chris,,Charlestown,42.37736,-71.05931,Entire home/apt,,2,29,2026-06-16,1.03,1,0,11,STR-549426
802780781022731649,"Blueground | N Station, w/d & gym, nr td garden",107434423,1462889176402806013,Blueground,,Downtown,42.365947,-71.063473,Entire home/apt,,30,1,2024-03-31,0.04,227,340,0,
1292108033290321888,145R1.1 | The Redlands 1 | 2BR 1B w/AC | Room #1,71783,1462508362719740106,Swank Properties Boston,,West Roxbury,42.2927,-71.15508,Private room,96,29,0,,,52,36,0,
1513122937704158669,Luxury Apt with Kitchen and Pool,20857768,1463140474528738801,Compass,,South Boston Waterfront,42.3498534,-71.0443746,Entire home/apt,,30,0,,,77,0,0,
1518173748955695652,Fully furnished-utilities included. 4 bed/3 baths.,131631445,1518173749497678254,Fiona,,Brighton,42.352795827674875,-71.15921052209015,Entire home/apt,122,91,0,,,1,340,0,
804444851986787690,StudioDeluxe near Harvard Business School,26956083,1465385857456219985,Todd,,Allston,42.3607929,-71.1262631,Entire home/apt,102,28,10,2026-04-30,0.26,10,216,4,STR-383892
831183455213858108,Cozy and Spacious Urban Oasis w/ Patio!,1210218,1462539796765939722,Xiaoyu,,Dorchester,42.32667,-71.05764,Entire home/apt,,3,5,2026-06-14,0.13,1,0,3,STR-522742
797634392623375373,"Blueground | Allston, nr boston u & green line",107434423,1462889176402806013,Blueground,,Allston,42.3527433,-71.12187410000001,Entire home/apt,,30,2,2025-06-23,0.07,227,1,0,
807100202775921535,"Cozy Private Room with TV,Co-living Apt near BOS",2356643,1462523722549277069,StayNue,,South Boston,42.33416,-71.03581,Private room,,29,5,2024-03-01,0.13,31,0,0,STR-522656
838765078792830910,Accessible Bed: Queen + Bath: Down the Hall,228911273,1469219730072440820,The Revolution Hotel,,South End,42.34529,-71.07112,Private room,,1,33,2024-01-02,0.42,15,0,0,Exempt: This listing is a hotel or motel
794842805414477219,Gorgeous Victorian House in JP,1450086,1462546160195888739,Peter,,Jamaica Plain,42.31717,-71.10152,Entire home/apt,,3,6,2025-05-26,0.15,2,0,0,STR-520279
835694068257078387,Private Study Room,458115828,1470062570215551797,Xiaoyou,,West Roxbury,42.27185,-71.1526,Private room,,2,74,2026-06-20,2.20,2,0,15,STR-545825
838763668660670089,Accessible Bed: King + Bath: Down the Hall,228911273,1469219730072440820,The Revolution Hotel,,South End,42.34526,-71.07013,Private room,,1,89,2022-08-07,1.14,15,0,0,Exempt: This listing is a hotel or motel
838775412112470886,Revolution Loft:Accessible Queen,228911273,1469219730072440820,The Revolution Hotel,,South End,42.34651,-71.07069,Private room,,1,1,2020-02-08,0.01,15,0,0,Exempt: This listing is a hotel or motel
838781939154266184,Revolution Loft: King,228911273,1469219730072440820,The Revolution Hotel,,South End,42.34704,-71.07032,Private room,,1,16,2022-06-29,0.20,15,0,0,Exempt: This listing is a hotel or motel
838784537837664266,Revolution Loft: One Bedroom Suite,228911273,1469219730072440820,The Revolution Hotel,,South End,42.34643,-71.07182,Private room,,1,6,2022-07-21,0.10,15,0,0,Exempt: This listing is a hotel or motel
838786293292910788,Revolution Loft: Queen,228911273,1469219730072440820,The Revolution Hotel,,South End,42.34538,-71.07,Private room,,1,13,2022-04-12,0.17,15,0,0,Exempt: This listing is a hotel or motel
1537787044584012957,"Blueground | West End, rooftop, nr Boston Common",107434423,1462889176402806013,Blueground,,Downtown,42.3659167,-71.0634338,Entire home/apt,,30,0,,,227,1,0,
1531525074015987343,Modern Luxury Comfort in Fenway Kenmore Longwood,236156502,1463251192211279489,Hara,,Fenway,42.3465004,-71.102746,Entire home/apt,,91,0,,,1,362,0,
1533740720979767340,6 Luxury North End Condo Free Valet Walk to Harbor,722012399,1524732197194720067,The Wharf Hospitality,,Downtown,42.35627,-71.05218,Entire home/apt,1704,2,11,2026-06-17,1.35,1,10,11,STR-462377
838776642994805648,Revolution Loft: Junior Suite,228911273,1469219730072440820,The Revolution Hotel,,South End,42.34685,-71.0698,Private room,,1,6,2022-03-20,0.09,15,0,0,Exempt: This listing is a hotel or motel
850765909224271702,Spacious Savin Hill Apt mins from Redline,21415420,1463154663290150417,Patrick,,Dorchester,42.31512,-71.05673,Entire home/apt,,29,2,2025-04-25,0.08,1,66,0,
805985491369734223,Sunlit 1BR top floor condo in historic South End,52268022,1465842458819075482,Elizabeth,,South End,42.34085,-71.06891,Entire home/apt,,3,12,2023-11-13,0.31,1,0,0,STR-518540
851622176051437463,Duplex Apartment in South Boston - 3BR/2BTH/2Decks,506331310,1470276059981996089,Melisa,,South Boston,42.3353,-71.04838,Entire home/apt,,29,69,2024-05-31,1.81,2,0,0,STR-523907
847346704941478843,Charming Private Room Close to Red Line and Beach,2356643,1462523722549277069,StayNue,,South Boston,42.33307,-71.05278,Private room,,29,3,2024-07-20,0.08,31,0,0,STR-522998
1548503787324771160,Newly renovated studio on beautiful street,311113,1462515371528532976,Hammad,,Dorchester,42.29564,-71.06583,Entire home/apt,,91,1,2026-05-31,0.81,1,1,1,STR-383178
864290529050408845,Stylish and Spacious 2-Bedroom Plus Office,508953862,1470287940420503568,Jon,,Dorchester,42.28877,-71.05672,Entire home/apt,,2,45,2024-11-10,1.17,1,0,0,STR-544911
1547337646366313732,5b/3b family friendly 29 days min stay,712561017,1484224426423189866,UrbanAxis,,Dorchester,42.32397,-71.05878,Entire home/apt,,29,0,,,5,0,0,STR-527321
865503096848277888,Quiet Private Room Near Longwood | Shared Bath,133457702,1468333096613367408,Selim,,Jamaica Plain,42.32255,-71.1045,Private room,138,29,9,2025-02-16,0.23,10,213,0,STR-550313
1546503661430681864,Backbay 1bed/1bath Condo,67229120,1466830784747849826,Michael,,Back Bay,42.34957,-71.0766,Entire home/apt,92,91,0,,,2,277,0,
881255998576454199,Victorian Home in Boston,7506334,1462733783068425496,Leah,,Roslindale,42.29236,-71.13471,Entire home/apt,,3,2,2024-12-27,0.05,1,0,0,STR-528092
873477040969697726,Spacious Apt - Newly Renovated - Private Parking!,510884157,1470297194068796073,Jock,,Dorchester,42.30316,-71.07405,Entire home/apt,,1,73,2024-08-25,2.08,1,0,0,STR-524577
1549373258536164946,"Studio near MGH, TD Garden, Shops | Peapod Rentals",130680380,1468309000716951437,Jodie,,North End,42.36709,-71.05697,Entire home/apt,209,30,1,2026-01-13,0.17,18,323,1,
892823240169717754,Cozy Oasis Minutes From Logan,190645992,1468989880232903544,Hans,,East Boston,42.36476,-71.03046,Entire home/apt,,2,28,2025-05-30,0.83,1,0,0,STR-528989
899216971894283310,Modern 2 bedroom/2 bathroom Condo (Free Parking),173101497,1468679793013170676,Dustin,,Roxbury,42.32122,-71.08218,Entire home/apt,,4,8,2024-05-23,0.22,1,0,0,STR-535041
899257714523301486,Sunny Apt - Historic Beacon Hill,144676466,1468423409696430991,John,,Beacon Hill,42.35918900000001,-71.0672568,Entire home/apt,,91,4,2026-04-28,0.12,1,1,2,
1551635991875950058,Oasis in Brighton!,284370640,1469488699174644986,Alli,,Brighton,42.33906,-71.15159,Entire home/apt,,91,0,,,1,363,0,
901704896907262133,Spacious Private Room Near Longwood Medical Area,133457702,1468333096613367408,Selim,,Jamaica Plain,42.32236,-71.10675,Private room,,29,4,2024-03-25,0.11,10,0,0,STR-550313
904970320098449606,Private Room and bathroom w/patio near down town,24613567,1465309707203332596,Eno,,Roxbury,42.3263,-71.08593,Private room,,1,63,2025-04-12,1.74,1,0,0,STR-530606
908403198727910931,Deluxe Room - Addison Residence,406915877,1469860338811300594,Harrington,,East Boston,42.38323,-71.00125,Private room,14,150,0,,,3,364,0,
1551705717523136081,Beautiful Centrally located 3 bedroom Apt,543604484,1470434829630767211,Kareem,,Downtown,42.36687,-71.06228,Entire home/apt,,29,2,2026-05-10,0.92,4,244,2,Str-981681
922408906158692278,Apt Downtown Seaport Near Restaurants,20857768,1463140474528738801,Compass,,South Boston Waterfront,42.34988,-71.04433,Entire home/apt,325,29,1,2024-12-18,0.05,77,325,0,Exempt: This listing is a unit used for furnished institutional or business stays
1553821337867758378,Room 2 in Spacious Modern Apartment in Boston,200425896,1469045852028962020,Kristen,,Roxbury,42.3207,-71.08738,Private room,371,1,1,2026-04-20,0.38,2,349,1,STR-611989
1556168668631568618,Spacious Boston Condo,12612608,1556168669368109966,Nate,,Roxbury,42.31876,-71.09524,Entire home/apt,,1,1,2026-06-21,1,1,0,1,STR-623770
846449916697294381,JP Gem: Near Orange Line & Food,69866787,1466864800339724222,Eric,,Jamaica Plain,42.3152,-71.10237,Private room,,5,78,2025-08-11,2.48,1,0,7,STR-538103
1559562135722635497,Luxury Apt Back Bay | Near Prudential Center,20857768,1463140474528738801,Compass,,Back Bay,42.34597,-71.08474,Entire home/apt,,30,0,,,77,21,0,
937865990648492956,Spacious Charlestown single family home w/ parking,378836011,1469774092264368687,Robert,,Charlestown,42.37759,-71.0614,Entire home/apt,,180,5,2023-10-24,0.14,1,0,0,STR-532285
939980174256820791,Modern Rooftop Retreat | Boston,75493943,1466927625374070188,Brandy,,Roxbury,42.31742,-71.09039,Entire home/apt,,1,1,2023-11-27,0.03,2,0,0,Str-536323
943923789049606336,"Blueground | Back Bay, gym & w/d, nr dining",107434423,1462889176402806013,Blueground,,Bay Village,42.34992,-71.06943,Entire home/apt,,30,0,,,227,329,0,
947048477211720567,Modern Condo in Beacon Hill,1921132,1462581819485737113,Matthew,,Beacon Hill,42.3600668,-71.0667461,Entire home/apt,,365,2,2023-12-23,0.06,1,363,0,Exempt: This listing is a unit used for furnished institutional or business stays
946429720712542961,Walk to ALL in 5 Min! Boston Dining/Boston Garden,278280097,1469466144472440136,David,,North End,42.36583,-71.05631,Entire home/apt,43,91,0,,,1,221,0,
947324219916375764,M. Large room easy commute to Boston Downtown.,89328922,1462846423058861810,Ehab,,Dorchester,42.32271,-71.05545,Private room,45,59,35,2025-10-26,1.03,11,364,4,STR-455882
1567499658801743443,"Single Twin Room Near HBS, Harvard, BU",657106909,1470650875580806809,Sab's Haus,,Allston,42.36338,-71.13113,Private room,,2,1,2026-01-23,0.18,8,0,1,STR-531830
949154671772958720,Spacious Apartment Back Bay,20857768,1463140474528738801,Compass,,Back Bay,42.3459685,-71.0847361,Entire home/apt,,30,1,2024-04-01,0.04,77,1,0,
957865467562485470,"One Bed + Office, 2nd Floor & Steps to Orange Line",32870796,1465481597756843516,Jessica Brooke,,Jamaica Plain,42.31581,-71.10748,Entire home/apt,,29,11,2026-04-25,0.38,4,2,4,
950250466870034563,"Roslindale Room near MBTA, self check-in",201935605,1463144659436428083,Sherwin,,Roslindale,42.29117,-71.12169,Private room,43,29,12,2025-07-20,0.35,7,48,1,
954908713931175650,"DowntownBoston,Nearly everything",208829554,1469089405828644240,Ping,,Chinatown,42.3481,-71.0612,Entire home/apt,45,60,26,2026-06-20,0.85,2,278,9,STR-399153
974108478241634667,"Back Bay Historic Sunny near hospitals, businesses",109550763,1467325971071811018,Wendy,,Back Bay,42.353319888698614,-71.07674818485975,Entire home/apt,67,91,0,,,1,358,0,
970923638522576532,Private Apt Downtown Walk to Harbor,20857768,1463140474528738801,Compass,,South Boston Waterfront,42.3527606,-71.04651439999999,Entire home/apt,358,30,3,2026-05-03,0.10,77,340,1,Exempt: This listing is a unit used for furnished institutional or business stays
973150249750755722,2BR walking distance to seaport/downtown,114667665,1487913823639412380,Elissa,,South Boston,42.33816,-71.04858,Entire home/apt,434,1,58,2026-06-30,1.73,1,5,35,STR-539404
975355188657429434,Private Room in the North End,130680380,1468309000716951437,Jodie,,Downtown,42.36702,-71.0592,Private room,,29,0,,,18,0,0,STR-461702
970182278615303492,My city sunshine apt,468418352,1470111990736322881,Ofri,,Brighton,42.33701,-71.1509,Entire home/apt,29,91,3,2025-12-20,0.11,1,227,2,
1567551015690674804,"Room+Bath. Walk to HBS, Quick to Downtown",657106909,1470650875580806809,Sab's Haus,,Allston,42.36338,-71.13115,Private room,,1,0,,,8,0,0,STR-531830
992981917510641760,Cozy Boston Getaway Apartment,230850564,1469230950090023607,Suzana,,West Roxbury,42.27338,-71.15045,Entire home/apt,42,91,0,,,2,204,0,
989426037045600878,Longwood/Fenway Hill Top 2-Levels Loft 1BR Apt,184906834,1468955763703496320,Janice,,Mission Hill,42.33017,-71.10808,Entire home/apt,307,1,90,2026-06-27,2.68,4,4,20,STR-536148
1010659956299296553,"Blueground | Back Bay, gym, close to garden",107434423,1462889176402806013,Blueground,,Bay Village,42.34992,-71.06943,Entire home/apt,,30,0,,,227,326,0,
1569318337520969932,P5 - riple Room In Savin Hill Station Area,351582312,1469681432539414292,Daniel,,Dorchester,42.31472,-71.05709,Private room,74,1,3,2026-04-08,0.64,15,98,3,STR-620121
1014290973000187924,"Blueground | Downtown, concierge, w/d & gym",107434423,1462889176402806013,Blueground,,Downtown,42.3537627,-71.05305440000001,Entire home/apt,,30,0,,,227,312,0,
1569320327559988064,P 6- Double Room Near Savin Hill Station,351582312,1469681432539414292,Daniel,,Dorchester,42.3152,-71.05869,Private room,74,1,6,2026-02-22,0.88,15,108,6,STR-620121
1013926815356332202,Beautiful Rental Unit in Fort Hill (Boston),53309087,1465866045991578923,Christopher Koffi,,Roxbury,42.32675,-71.09478,Entire home/apt,,2,135,2026-05-28,4.22,1,0,42,STR-544087
1021753022081406253,Modern Apartment in Boston's Best Neighborhood,106283400,1467288964186807101,Rose,,Jamaica Plain,42.30548,-71.11775,Entire home/apt,,2,59,2026-05-29,1.92,1,0,11,STR-581443
1569301579068501483,P1 - Triple Room In Savin Hill Station Area,351582312,1469681432539414292,Daniel,,Dorchester,42.314,-71.05792,Private room,85,1,5,2026-05-16,0.80,15,88,5,STR-620121
1569308860853926438,P2 -Triple Room In Savin Hill Station Area,351582312,1469681432539414292,Daniel,,Dorchester,42.31409,-71.05784,Private room,85,1,8,2026-06-13,1.62,15,102,8,STR-620121
1024778648677679058,Classic & Chic Apartment | 1 Bedroom,365116307,1469734785463392741,Brian & Heather,,Downtown,42.35743,-71.06165,Entire home/apt,,29,6,2026-01-01,0.36,35,7,4,Exempt: This listing is a unit that has contracts with hospitals
1029205665203211474,"Sunlit 1BR, Near Longwood Medical Hospitals",31340713,1465460976217419594,Kama,,Brighton,42.34129,-71.14615,Entire home/apt,,180,11,2025-12-13,0.42,19,170,1,Exempt: This listing is a unit used for furnished institutional or business stays
1569323644985474461,P7 - Double Room Near Savin Hill Station,351582312,1469681432539414292,Daniel,,Dorchester,42.31518,-71.05787,Private room,85,1,3,2026-05-04,0.80,15,109,3,STR-620121
1036342753760669033,Spacious Room w/ Living Area | Downtown Stay,495439249,1467843438231800144,RoomPicks,,Downtown,42.35104,-71.06971,Private room,,1,0,,,3,0,0,Exempt: This listing is a hotel or motel
1036342933806513367,Spacious Suite w/ Private Terrace & Living Area,495439249,1467843438231800144,RoomPicks,,Downtown,42.35104,-71.06971,Private room,,1,0,,,3,0,0,Exempt: This listing is a hotel or motel
1572690041293742025,Central Comfortable Airport Train Parking,7427795,1462560827873077335,Ella,,East Boston,42.36921,-71.03787,Entire home/apt,,29,0,,,7,0,0,STR-623188
1042997769409524618,Puddingstone Palace on the Hill,884747,1462532306527318727,Meg,,Jamaica Plain,42.31148,-71.09894,Entire home/apt,,2,2,2025-05-25,0.14,1,0,0,STR-589210
1046911896708234351,"Blueground | S Boston, gym, nr red line & shops",107434423,1462889176402806013,Blueground,,South Boston,42.341136,-71.049587,Entire home/apt,,30,0,,,227,2,0,
1577011717907245139,Fenway Park View + On-Site Dining. Bar. Gym.,589121956,1470610154748255775,Hotel Commonwealth,,Fenway,42.34964,-71.09597,Private room,333,1,4,2026-03-29,0.85,6,253,4,Exempt: This listing is a hotel or motel
1062426200153203900,luxurious and comfortable room(shared house),457840267,1470061274294470752,Ediana And Daniele,,East Boston,42.3660348,-71.0392373,Private room,,1,14,2024-10-13,0.50,2,0,0,STR-548558
1569315790493014897,P4- Double Room Near Savin Hill Station 4,351582312,1469681432539414292,Daniel,,Dorchester,42.31537,-71.05747,Private room,74,1,11,2026-05-25,2.00,15,108,11,STR-620121
1577015034365828172,Direct Fenway Park View + On-Site Dining. Bar. Gym,589121956,1470610154748255775,Hotel Commonwealth,,Fenway,42.34924,-71.09436,Private room,333,1,2,2026-03-15,0.36,6,259,2,Exempt: This listing is a hotel or motel
1577014918868052341,Steps to MGM Music Hall + On-Site Dining. Bar. Gym,589121956,1470610154748255775,Hotel Commonwealth,,Fenway,42.34804,-71.09467,Private room,,1,9,2026-05-28,1.58,6,265,9,Exempt: This listing is a hotel or motel
1577014805282672899,Walk to Boston University + Dining. Bar. Gym.,589121956,1470610154748255775,Hotel Commonwealth,,Fenway,42.34774,-71.0947,Private room,333,1,1,2026-02-21,0.22,6,263,1,Exempt: This listing is a hotel or motel
1074497198772804188,"Blueground | Seaport, gym, close to shops & dining",107434423,1462889176402806013,Blueground,,South Boston Waterfront,42.3490612,-71.04471360000002,Entire home/apt,,30,0,,,227,0,0,
1577011431630143293,Near Fenway Park + On-Site Dining. Bar. Gym.,589121956,1470610154748255775,Hotel Commonwealth,,Fenway,42.34794,-71.09496,Private room,333,1,14,2026-05-28,2.58,6,262,14,Exempt: This listing is a hotel or motel
1058544895983755433,Jamaica Plain apartment for travel nurses,31516518,1465463232397114219,Jessica,,Jamaica Plain,42.30985,-71.10193,Private room,27,91,0,,,1,267,0,
1072469352994023958,Roh Needs copywriter review,545223253,1470441095269262312,The Revolution Hotel,,South End,42.346155,-71.070907,Private room,,1,5,2024-02-29,0.17,12,0,0,Exempt: This listing is a hotel or motel
1077633125861184573,Longwood/Fenway Hill Top 1BR Garden Apt,184906834,1468955763703496320,Janice,,Mission Hill,42.33141,-71.10772,Entire home/apt,,3,71,2026-05-30,2.60,4,0,20,STR-489343
1577011180264415568,Steps to Fenway Park + On-Site Dining. Bar. Gym.,589121956,1470610154748255775,Hotel Commonwealth,,Fenway,42.34965,-71.09637,Private room,333,1,23,2026-05-28,3.90,6,265,23,Exempt: This listing is a hotel or motel
1074710686544766697,Rooms in Modern Appartment| Near Subway|Local,522128667,1470349305732500598,Thanh,,Dorchester,42.2904438,-71.06052489999999,Private room,,2,0,,,3,0,0,STR-539606
1081687562991773732,"Blueground | Brighton, gym & w/d, on the river",107434423,1462889176402806013,Blueground,,Brighton,42.359921,-71.149558,Entire home/apt,,30,0,,,227,2,0,
1569326468007825708,P8 - Double Room Near Savin Hill Station,351582312,1469681432539414292,Daniel,,Dorchester,42.315,-71.05753,Private room,74,1,5,2026-05-15,0.74,15,114,5,STR-620121
1592046459796823372,"Blueground | Downtown Crossing, lounge, nr Park",107434423,1462889176402806013,Blueground,,Downtown,42.3568745,-71.06073909999999,Entire home/apt,,30,0,,,227,309,0,
1081085744407800538,"Blueground | Fenway, gym, nr green line & dining",107434423,1462889176402806013,Blueground,,Fenway,42.3475057,-71.1010258,Entire home/apt,,30,1,2026-03-28,0.30,227,264,1,
1096277062565052148,Revolution loft accessible queen room,545223253,1470441095269262312,The Revolution Hotel,,South End,42.346155,-71.070907,Private room,399,1,0,,,12,333,0,
1606634730988004441,Large Private Room| 90-Day Min Stay,453800603,1470041787636044150,Samantha,,Roxbury,42.32042,-71.0747,Private room,22,91,0,,,1,365,0,
1609590725482776128,Boston Beacon Hill Historic Charm 1BD/1BA (#3),663373999,1470664938065114887,Al,,Beacon Hill,42.35978,-71.06969,Entire home/apt,,29,0,,,3,22,0,
1580892107729943285,Spacious 3-Story Boston Condo | 4 Beds | 1.5 Baths,703374799,1580892108553869285,William,,Jamaica Plain,42.32686634407932,-71.10751531216432,Entire home/apt,,91,0,,,1,6,0,
1604757295678653680,Boston Apartment Prime location,427302487,1463674673139705733,Icon Residences,,Fenway,42.3432086,-71.0866605,Entire home/apt,,91,0,,,1,310,0,
1613986393459221262,Private Furnished Ensuite Room at Brighton Boston,735408832,1582112772058517662,July,,Brighton,42.3473731,-71.1459656,Private room,24,91,0,,,4,228,0,
1103709153535062526,Park-Side Home in Jamaica Plain,66649895,1466823414357403940,Jesse,,Roxbury,42.30787626880737,-71.09994233862305,Entire home/apt,,2,38,2026-06-20,1.81,4,2,20,STR-552835
1096274183725080649,Quad bed plus bath down the hall room,545223253,,The Revolution Hotel,,South End,42.346155,-71.070907,Private room,399,1,60,2026-06-29,2.24,12,355,42,
1101474215168877109,Standard 2 doubles,563226634,,,,Downtown,42.36079,-71.05584,Private room,423,1,32,2026-06-30,1.80,3,312,22,
1096277776384583070,King bed plus bath in room,545223253,,The Revolution Hotel,,South End,42.346155,-71.070907,Private room,280,1,7,2026-06-23,1.62,12,360,7,
1096278140915229488,Revolution loft king bed room,545223253,,The Revolution Hotel,,South End,42.346155,-71.070907,Private room,399,1,2,2026-04-16,0.55,12,358,2,
1613961009745090266,Cozy Furnished Room w/ Private Bath at Brighton,735408832,1582112772058517662,July,,Brighton,42.3473731,-71.1459656,Private room,24,91,0,,,4,211,0,
1105789922891764882,Premier double water view,565526469,,,,North End,42.366842,-71.05097,Private room,229,1,1,2026-06-27,1,7,358,1,
1627005058808343843,1 bed/1 bath apartment in Oak Square Brighton MA.,747702192,1627005059449639990,Melika,,Brighton,42.35133,-71.168,Entire home/apt,,91,0,,,1,86,0,
1600199682574519335,"3BR Back Bay Townhouse-Marathon, FIFA & City Stays",740660741,1600199683210865177,Paul,,Back Bay,42.34432,-71.08074,Entire home/apt,189,91,0,,,1,365,0,
1115566855500310000,5BR 3BATH LUX | Walk to Subway,502043395,1468163786770865383,Jessica,,South Boston,42.331,-71.05547,Entire home/apt,528,29,52,2025-03-09,1.87,23,176,0,Exempt: This listing is a unit used for furnished institutional or business stays
1105789764990376221,Deluxe two double beds,565526469,,,,North End,42.366842,-71.05097,Private room,229,1,5,2026-06-28,0.21,7,329,2,
1624090891243523876,2BR/2BA Downtown | Skyline Views + Luxury Comfort,543604484,1470434829630767211,Kareem,,Downtown,42.35294,-71.0626,Entire home/apt,,29,1,2026-03-01,0.23,4,251,1,STR-091573
1115785771141188385,King Bedroom Downtown  10 min Sbwy 1 min,502043395,1468163786770865383,Jessica,,South Boston,42.3313,-71.05559,Private room,,29,2,2024-10-18,0.07,23,0,0,Exempt: This listing is a unit that has contracts with hospitals
1126126576247614696,Top floor charmer overlooking Charles Street,570240112,1470534105429688159,Beacon Hill Hotel,,Beacon Hill,42.3569413,-71.069678,Private room,,1,0,,,5,0,0,Exempt: This listing is a hotel or motel
1126126479996095931,Each room has a unique layout and distinct artwork,570240112,1470534105429688159,Beacon Hill Hotel,,Beacon Hill,42.3569413,-71.069678,Private room,,1,0,,,5,0,0,Exempt: This listing is a hotel or motel
1126126480033568201,Classy dining with locally sourced ingredients,570240112,1470534105429688159,Beacon Hill Hotel,,Beacon Hill,42.3569413,-71.069678,Private room,,1,2,2025-08-03,0.09,5,0,1,Exempt: This listing is a hotel or motel
1126126662837408595,Renovated boutique find in 19th century gem,570240112,1470534105429688159,Beacon Hill Hotel,,Beacon Hill,42.3569413,-71.069678,Private room,,1,0,,,5,0,0,Exempt: This listing is a hotel or motel
1118900044886008739,Sunny South Boston Condo,7069145,1462722629451641485,Brian,,South Boston,42.3325797,-71.04840709999999,Entire home/apt,,5,13,2026-05-10,0.50,1,3,3,STR-556715
1135784438724088835,Petite Bedroom | 3rd Floor | Fort Hill,501889213,1463849225445308817,J Lucky,,Roxbury,42.32745,-71.08636,Private room,,28,146,2026-04-05,5.48,7,0,54,STR-571341
1126126589036966513,Cocktails on the seasonal open air rooftop,570240112,1470534105429688159,Beacon Hill Hotel,,Beacon Hill,42.3569413,-71.069678,Private room,,1,0,,,5,0,0,Exempt: This listing is a hotel or motel
1620778913563923703,Second bedroom in large shared 3BR/1.5BA apartment,49383,1462507622122248465,Tom,,Brighton,42.3472,-71.15053,Private room,21,91,0,,,2,261,0,
1153575179370338634,Lively spot near the Children’s Museum & more,567083285,1470524370223289971,The Westin Boston Seaport District,,South Boston Waterfront,42.34703,-71.04371,Private room,196,1,61,2026-06-30,2.37,1,4,49,Exempt: This listing is a hotel or motel
1167455136455978542,Modern Two Bedroom Apartment in Boston's Back Bay,22541573,1463182329140437053,Furnished Quarters,,Back Bay,42.34768,-71.0811,Entire home/apt,406,32,0,,,42,349,0,
1132565540164388501,Club room,571767922,1470549551541175751,"Club Quarters Hotel Faneuil Hall, Boston",,Downtown,42.3564,-71.05731,Private room,221,1,6,2026-06-25,0.38,4,332,4,
1164522880416809577,Comfy Private Room with WiFi near Tufts/UMass,2356643,1462523722549277069,StayNue,,South Boston,42.33392,-71.03629,Private room,,1,6,2024-10-12,0.24,31,0,0,STR-522656
1178652628649113792,Private room 2A,458115828,1470062570215551797,Xiaoyou,,West Roxbury,42.2698,-71.15098,Private room,76,2,21,2026-06-19,1.21,2,9,17,STR-545825
1138521185034260588,Bright Boston Two Bedroom Near Iconic Fenway Park,22541573,1463182329140437053,Furnished Quarters,,Fenway,42.34335,-71.09652,Entire home/apt,386,32,0,,,42,344,0,
1211549629381798870,"Renovated 2.5 BR near the City, Harvard, BU, BC",2134782,1462522420000710446,Shlomi,,Allston,42.35623,-71.13677,Entire home/apt,,29,4,2024-11-30,0.18,4,32,0,STR-444227
1599693545777364865,Clean Room. Convenient Ashmont Station location.,27842033,1465410891983561891,Bernard,,Dorchester,42.28515,-71.06839,Private room,14,91,0,,,7,225,0,
1189829925948068202,Coziness and Convenience of Home!,235113659,1469251773297267216,Marie,,Dorchester,42.31428,-71.07224,Private room,19,91,4,2026-05-06,0.21,2,182,2,
1220594044212441608,Private Room near Public Transport,502043395,1468163786770865383,Jessica,,South Boston,42.33149,-71.0575,Private room,,29,0,,,23,0,0,Exempt: This listing is a unit used for furnished institutional or business stays
1214413178116610424,"Blueground | FiDi, gym, coffee bar, security, w/d",107434423,1462889176402806013,Blueground,,Chinatown,42.3522851,-71.05910879999999,Entire home/apt,,30,0,,,227,5,0,
1220619427971292950,2Bed 1Bath in the Room | Redline Subway,502043395,1468163786770865383,Jessica,,South Boston,42.3301,-71.05629,Private room,,29,0,,,23,0,0,Exempt: This listing is a unit used for furnished institutional or business stays
1189829506115257733,Comfort and Convenience of Home in Boston!,235113659,1469251773297267216,Marie,,Roxbury,42.3152811,-71.0732458,Private room,15,91,1,2024-12-18,0.05,2,173,0,
1220603541757574357,Modern KING Room | Subway 3 mins,502043395,1468163786770865383,Jessica,,South Boston,42.32978,-71.05707,Private room,,29,0,,,23,0,0,STR-535908
1690188540904049516,Swanky updated Unit close 2 City & Airport,386040727,1469793945044622039,Evans,,Dorchester,42.30972,-71.06132,Entire home/apt,269,1,4,2026-06-20,3.00,4,9,4,Str-582228
1220608183874062831,Private Bedroom in Boston,502043395,1468163786770865383,Jessica,,South Boston,42.3295,-71.05684,Private room,,29,0,,,23,0,0,Exempt: This listing is a unit used for furnished institutional or business stays
1232793066423022018,Bright cozy apartment in Boston - Private Parking!,4555261,1462660367189799105,Julian,,Roxbury,42.32086,-71.09092,Entire home/apt,,2,22,2025-09-28,1.06,1,0,6,STR-590462
1217700333000674447,The Harvard Room,26956083,1465385857456219985,Todd,,Allston,42.36122,-71.12766,Private room,28,58,3,2026-05-17,0.32,10,212,3,
1224214300598445552,Beautiful bright room,13561853,1462914138588652575,Olivera,,Brighton,42.3372541,-71.14780329999999,Private room,17,91,3,2025-12-30,0.16,2,179,2,
1279530713574142195,"Blueground | Longwood, parking, w/d, a/c",107434423,1462889176402806013,Blueground,,Mission Hill,42.3295719,-71.1040886,Entire home/apt,,30,0,,,227,2,0,
1279531014398412297,"Blueground | Longwood, elevator, w/d, a/c",107434423,1462889176402806013,Blueground,,Mission Hill,42.3295719,-71.1040886,Entire home/apt,,30,0,,,227,1,0,
1254430336062999677,"Stylish 2BR, In-Unit Laundry, Close to Downtown",150150201,1468477371156751878,Nova,,Brighton,42.34743,-71.14184,Entire home/apt,,29,1,2026-06-18,1,7,0,1,
1292116524756474540,145R1.2 | The Redlands 1 | 2BR 1B w/AC | Room #2,71783,1462508362719740106,Swank Properties Boston,,West Roxbury,42.29243,-71.15338,Private room,91,29,0,,,52,36,0,
1289108342843334314,Blueground | Dorchester 2bd apartment,107434423,1462889176402806013,Blueground,,Dorchester,42.29549919999999,-71.0471404,Entire home/apt,,30,0,,,227,2,0,
1292899675103262834,Comfortable 1Bedroom in Beacon Hill,373675137,1463554206153655871,Lilith,,Beacon Hill,42.3601102,-71.0660903,Private room,69,29,2,2025-05-01,0.11,117,33,0,
1229122043730849462,Walk to Faneuil Hall & the Freedom Trail!,597726772,1470630696354364950,Canopy By Hilton Boston Downtown,,Downtown,42.3616439,-71.0556778,Private room,404,1,77,2026-06-21,3.42,1,4,24,Exempt: This listing is a hotel or motel
1287842499954127508,*NEW* Ultra-Luxury 4bd Boston Designer Brownstone,45826547,1465684365259695013,Ellie,,South End,42.34484,-71.07215,Entire home/apt,2988,3,6,2026-03-31,0.41,1,31,3,STR-610550
1303007329769147797,Free street parking - Laundry - Close to Hospitals,18657505,1463058526298362395,Adam,,West Roxbury,42.29472,-71.15743,Entire home/apt,,91,0,,,1,0,0,
1305298199185838831,Bright 2BR/2BA Downtown Gem by Boston Common.,163848078,1463027460596198880,Adam,,Downtown,42.35196,-71.06479,Entire home/apt,1569,29,9,2025-09-02,0.65,18,138,6,STR-004582
1352271515655517652,25A1.2 | The Alameda 1 | 2BR 1B w/AC & WD | Room 2,71783,1462508362719740106,Swank Properties Boston,,West Roxbury,42.29154,-71.15438,Private room,62,28,0,,,52,204,0,Exempt: This listing is a unit used for furnished institutional or business stays
1403116550830434393,"Large Modern 1BR: Office, BCEC",57329784,1465937574318098205,David,,South Boston,42.33131,-71.04146,Entire home/apt,,1,3,2025-09-07,0.21,4,0,1,STR-594043
1432660883620615074,Stunning Apt with City Views,20857768,1463140474528738801,Compass,,Downtown,42.3655039,-71.0621412,Entire home/apt,,30,0,,,77,0,0,
1295275743299306712,One room Boston/2Bedroom 2 Bathroom/T stop-Andrew,39367641,1465587736273847704,Axel,,South Boston,42.32765,-71.05651,Private room,30,91,0,,,1,207,0,
1426972067389836145,Private Apt Seaport Walk to Restaurants,20857768,1463140474528738801,Compass,,South Boston Waterfront,42.35276,-71.04651,Entire home/apt,,30,0,,,77,0,0,
1444987445304680997,Roh Needs copywriter review,701648301,1470744836437859211,Pennyweight Hotel Boston,,Downtown,42.364208,-71.061363,Private room,,1,47,2025-11-21,3.87,1,0,47,Exempt: This listing is a hotel or motel
1447874180555680660,Luxury Apt Near TD Garden,20857768,1463140474528738801,Compass,,Downtown,42.3655039,-71.0621412,Entire home/apt,,30,0,,,77,0,0,
1460909989375420752,The Nantucketer,26956083,1465385857456219985,Todd,,Allston,42.36099,-71.12553,Private room,32,55,2,2026-05-17,0.30,10,233,2,
1458388764096393455,Private BR - Shared Lux Apt | North End,502043395,1468163786770865383,Jessica,,North End,42.36478,-71.05823,Private room,,29,0,,,23,0,0,Exempt: This listing is a unit used for furnished institutional or business stays
1310240194487500126,Stylish Downtown 2 Bedroom,365116307,1469734785463392741,Brian & Heather,,Downtown,42.35593,-71.06226,Entire home/apt,,29,4,2025-02-05,0.22,35,17,0,Exempt: This listing is a unit that has contracts with hospitals
1310941534895821763,Elegant 2BR-Prime Location!,365116307,1469734785463392741,Brian & Heather,,Beacon Hill,42.35663,-71.06223,Entire home/apt,,29,2,2025-07-20,0.13,35,4,1,Exempt: This listing is a unit that has contracts with hospitals
1311989661367529796,Colorful home in Jamaica Plain,100252,1462509579242611986,Christine,,Jamaica Plain,42.31757,-71.10842,Entire home/apt,,91,0,,,1,90,0,STR-583284
1310206953746318737,Luxurious Downtown 1 Bedroom!,365116307,1469734785463392741,Brian & Heather,,Downtown,42.35681,-71.06054,Entire home/apt,,29,3,2026-01-14,0.17,35,5,1,Exempt: This listing is a unit that has contracts with hospitals
1313804991960918153,Phenomenal 1 Bedroom in Beacon Hill Area,373675137,1463554206153655871,Lilith,,Dorchester,42.31466,-71.06698,Private room,,29,0,,,117,0,0,
1296701558985565239,Beacon Hill 4-Unit House: Historic&Modern Charm,663373999,1470664938065114887,Al,,Beacon Hill,42.35823,-71.07019,Entire home/apt,,91,0,,,3,57,0,
1318860607462343387,"Blueground | Back Bay, gym & w/d, nr Newbury St",107434423,1462889176402806013,Blueground,,Back Bay,42.348129,-71.080849,Entire home/apt,,30,0,,,227,2,0,
1323971633834734079,Downton Boston Luxurious 2 Bed!,365116307,1469734785463392741,Brian & Heather,,Downtown,42.35697,-71.06107,Entire home/apt,,29,7,2025-11-03,0.38,35,15,2,Exempt: This listing is a unit that has contracts with hospitals
1330479430857710833,"Blueground | Jamaica Plain, AC, gym, nr pond",107434423,1462889176402806013,Blueground,,Jamaica Plain,42.300862,-71.1118753,Entire home/apt,,30,0,,,227,1,0,
1331564791264557892,"Beacon Hill Apt with Balcony, Fast WiFi, Near MGH!",490478886,1470208162658648704,ITrip Boston And South Shore,,Beacon Hill,42.3594106,-71.0704413,Entire home/apt,,29,5,2026-06-01,0.40,2,0,4,
1331236418204728653,"Stylish Back Bay Retreat, Steps from Prudential",2356643,1462523722549277069,StayNue,,Back Bay,42.35137,-71.07831,Entire home/apt,158,91,0,,,31,302,0,
1335499045184313829,"Blueground | Theater Distr, gym, nr shops & T",107434423,1462889176402806013,Blueground,,Downtown,42.3511858,-71.06401699999999,Entire home/apt,,30,0,,,227,327,0,
1331564624307058245,Historic Beacon Hill Apt with Patio and Fast WiFi!,490478886,1470208162658648704,ITrip Boston And South Shore,,Beacon Hill,42.3594106,-71.0704413,Entire home/apt,,29,0,,,2,31,0,
1326639835259500872,Modern Studio Across Boston State House,667479162,1470674745714433717,StayNue,,Downtown,42.35902,-71.06217,Entire home/apt,,1,10,2025-03-17,0.59,4,0,0,STR-584505
1329724013282084988,"Blueground | East Boston, AC, balcony, nr park",107434423,1462889176402806013,Blueground,,East Boston,42.3772615,-71.0292983,Entire home/apt,,30,1,2025-11-01,0.12,227,283,1,
1335593934349496438,"Quiet Twin Room, City Center, Walk to MGH",489462133,1470203165765990443,Yi,,Beacon Hill,42.35468,-71.07048,Private room,,29,0,,,1,0,0,
1335565622712858485,Cozy Twin Room Near Harvard & MIT,657106909,1470650875580806809,Sab's Haus,,Allston,42.36323,-71.13288,Private room,,3,2,2026-01-02,0.16,8,0,1,STR-561537
1338523960427919439,Affordable 1Bedroom in Beacon Hill,373675137,1463554206153655871,Lilith,,Beacon Hill,42.35881,-71.06928,Private room,,29,1,2025-04-27,0.07,117,0,0,
1337947389332714220,Wonderful 1 Bedroom in Beacon Hill,373675137,1463554206153655871,Lilith,,Beacon Hill,42.3585,-71.06733,Private room,,29,5,2026-05-15,0.37,117,0,3,
1338450386422122183,Luxury Two Bedroom Apartment in Boston's Back Bay,22541573,1463182329140437053,Furnished Quarters,,Back Bay,42.34904,-71.08199,Entire home/apt,400,32,0,,,42,301,0,
1338585680566778841,Superior 1Bedroom in Beacon Hill,373675137,1463554206153655871,Lilith,,Beacon Hill,42.35987,-71.06822,Private room,,29,2,2025-06-10,0.14,117,3,0,
1343663043519090250,Wonderful 1Bedroom in Beacon Hill,373675137,1463554206153655871,Lilith,,Dorchester,42.31655,-71.06477,Private room,,29,0,,,117,0,0,
1345180827271165604,Best 1Bedroom in Beacon Hill,373675137,1463554206153655871,Lilith,,Dorchester,42.31501,-71.06662,Private room,,29,0,,,117,0,0,
1340902446838629906,Amazing Beacon Hill penthouse,516261630,1470322400980412945,Daniel,,Beacon Hill,42.35892,-71.06874,Entire home/apt,,4,2,2025-05-26,0.14,1,0,0,STR-581620
1345035725273819435,Spacious bedroom near Logan,433688210,1469962820319699046,Blanca,,East Boston,42.37856,-71.03351,Private room,,29,3,2026-05-12,0.45,5,17,3,
1357953937679549232,"Large Room Near Harvard, MIT, HBS",657106909,1470650875580806809,Sab's Haus,,Allston,42.36214,-71.1328,Private room,,1,0,,,8,0,0,STR-561537
1352475873636408336,Charming 1Bedroom in Beacon Hill,373675137,1463554206153655871,Lilith,,West End,42.36128,-71.06714,Private room,,29,0,,,117,34,0,
1352256858363743361,25A1.1 | The Alameda 1 | 2BR 1B w/AC & WD | Room 1,71783,1462508362719740106,Swank Properties Boston,,West Roxbury,42.29172,-71.15342,Private room,62,28,0,,,52,204,0,Exempt: This listing is a unit used for furnished institutional or business stays
1363746247718388497,Luxury 3 Bed 3 Bath Condo Eagle Hill East Boston,151222566,1468485669576519526,Zach,,East Boston,42.38016,-71.03271,Entire home/apt,153,100,0,,,1,358,0,
1370434405601054381,North End TD Garden Walk to Downtown,502043395,1468163786770865383,Jessica,,North End,42.36572,-71.05424,Entire home/apt,,29,7,2025-04-28,0.43,23,0,0,STR-476426
1365540105909575205,5BR3B | Walk to Subway + Downtown,502043395,1468163786770865383,Jessica,,South Boston,42.32969,-71.0558,Entire home/apt,,29,4,2025-03-19,0.25,23,0,0,Exempt: This listing is a unit that has contracts with hospitals
1384136267143703638,Historic Room Retreat – Among Cultural Treasures,5615582,1462541485493209733,RoomPicks Accommodations,,Downtown,42.3510893,-71.0698111,Private room,,1,0,,,10,0,0,Exempt: This listing is a hotel or motel
1411626125182621340,Studio in the Heart of Southie with Garage Parking,383016395,1469784919754603496,Christian,,South Boston,42.33931,-71.04726,Entire home/apt,46,91,0,,,1,253,0,
1410931989862533200,Beautiful Back Bay 1BR Apartment,141486314,1468398157231312464,Navid,,Back Bay,42.3525,-71.08639,Entire home/apt,65,91,0,,,1,365,0,
1414474806290933353,"(S2R) Back Bay, Near Fenway, Cozy Studio, Reno!",693817137,1470728992129206298,Foster's Homes,,Back Bay,42.35022,-71.08871,Entire home/apt,,29,32,2026-05-07,2.35,7,0,24,STR-623192
1419988018627726960,Private Modern 1BR Southie,57329784,1465937574318098205,David,,South Boston,42.33295,-71.03976,Private room,,1,3,2025-07-05,0.22,4,0,0,STR-594043
1424605259692577263,Entire Apt Downtown Seaport with Gym,20857768,1463140474528738801,Compass,,South Boston Waterfront,42.3535161,-71.0474239,Entire home/apt,342,30,0,,,77,359,0,
1426971810432319146,Luxury Apt with Water Views,20857768,1463140474528738801,Compass,,South Boston Waterfront,42.3527606,-71.04651439999999,Entire home/apt,,30,0,,,77,0,0,
1426970799985772384,Luxury Apt In Heart of Seaport,20857768,1463140474528738801,Compass,,South Boston Waterfront,42.3527606,-71.04651439999999,Entire home/apt,,30,1,2026-04-23,0.40,77,0,1,
1431225984103637170,Luxury Apt Near Prudential Center,20857768,1463140474528738801,Compass,,Back Bay,42.3459685,-71.0847361,Entire home/apt,,30,0,,,77,0,0,
1424605024338355843,Private Downtown Seaport Apt with Pool,20857768,1463140474528738801,Compass,,South Boston Waterfront,42.3535161,-71.0474239,Entire home/apt,,30,0,,,77,0,0,
1426972276869079694,Luxury Apt with Harbor Views and Gym,20857768,1463140474528738801,Compass,,South Boston Waterfront,42.3527606,-71.04651439999999,Entire home/apt,,30,0,,,77,0,0,
1431224577519176471,Spacious Apt In Back Bay,20857768,1463140474528738801,Compass,,Back Bay,42.3459685,-71.0847361,Entire home/apt,477,30,0,,,77,335,0,
1431224202832436792,Luxury Apartment Back Bay,20857768,1463140474528738801,Compass,,Back Bay,42.3459685,-71.0847361,Entire home/apt,429,30,0,,,77,333,0,
1447873185024884170,Chic North End Escape Near Waterfront,20857768,1463140474528738801,Compass,,North End,42.3634415,-71.0551778,Entire home/apt,,30,0,,,77,0,0,
1450228205793718101,Great room with a private bath,131222424,1468313821823781567,Raymond,,Brighton,42.34848,-71.14431,Private room,24,91,0,,,3,365,0,
1685888866788620547,Habitación individual tranquila,1671931541613423686,1672963217711250919,Delcy,,Jamaica Plain,42.3259486,-71.1049506,Private room,70,29,0,,,5,352,0,STR-626044
21779767,BACK BAY ONE BEDROOM ON COMMONWEALTH AVE-MONTHLY,155595193,1468519790552298186,Michelle,,Back Bay,42.35078,-71.08389,Entire home/apt,152,32,2,2024-12-23,0.02,7,305,0,
1703433478356642548,"A New Lower Unit, 2 Bedroom, Apt 19B",31070527,1462653788004243910,Daryl,,Hyde Park,42.2497886,-71.1319206,Entire home/apt,306,1,0,,,16,351,0,STR-491593
630270496932782519,Boston New One bedroom close to JFK station,40995423,1465610092642600562,Bonnie,,Dorchester,42.31967,-71.05772,Entire home/apt,136,31,1,2023-05-30,0.03,9,363,0,
775968020896070018,"Boston Studio, 7 minute walk to T",40995423,1465610092642600562,Bonnie,,Dorchester,42.31971,-71.05937,Entire home/apt,108,31,2,2025-02-09,0.07,9,362,0,
684685835346260348,The Ellie House 5- Cozy Back Bay Getaway!,454031378,1470042747790842420,⁨Airbnb Queen (Ellie House)⁩,,Back Bay,42.34252,-71.08402,Entire home/apt,291,1,145,2026-06-11,3.09,4,262,35,STR-595612
1053473433861729173,Conveniently located in Boston,65277362,1466807217560481932,Aman,,Jamaica Plain,42.31813,-71.10067,Entire home/apt,853,29,0,,,1,222,0,STR-546212
691827220063553170,Walk everywhere! Location! Location! Cute studio!,47584294,1465718059935171405,Jessy And Diego,,Back Bay,42.34433,-71.08268,Entire home/apt,187,1,189,2026-06-01,4.11,33,241,52,STR-465646
17616603,Charming South-End condo with large outdoor patio,55900538,1465915319037856935,Mike,,South End,42.33959,-71.08015,Entire home/apt,524,1,392,2026-05-29,3.50,1,221,34,STR-397947
21445050,LUXURY BACK BAY STUDIO NEAR BERKLEY & Northeastern,155595193,1468519790552298186,Michelle,,Fenway,42.34651,-71.0899,Entire home/apt,147,32,3,2025-05-01,0.03,7,311,0,
1292893398040848139,Convenient 1Bedroom in Boston,373675137,1463554206153655871,Lilith,,West End,42.361927431762,-71.06526306970092,Private room,70,29,0,,,117,170,0,
1670431129222484546,Modern Apartment in Boston’s Back Bay,1670430849656959308,1670431130030428528,Alan,,Back Bay,42.3454786,-71.07931049999999,Entire home/apt,238,30,0,,,1,365,0,STR-624404
610021158527991851,Central 4 Bed 2 Bath near MGH and Waterfront,130680380,1468309000716951437,Jodie,,Downtown,42.36611,-71.05918,Entire home/apt,539,29,0,,,18,342,0,STR-461702
1300419422153555822,2 BR 2 bath duplex steps from Back Bay Station,4224126,1462650873713104203,Emily,,South End,42.34647,-71.07081,Entire home/apt,696,29,0,,,1,364,0,STR-607180
1305199473392141372,Super 1 Bedroom in Beacon Hill Area,373675137,1463554206153655871,Lilith,,Beacon Hill,42.3594256,-71.069931,Private room,71,29,5,2026-05-11,0.35,117,254,3,
1131963649788157316,Best Boston Beacon Hill 2Bedroom Studio,373675137,1463554206153655871,Lilith,,Beacon Hill,42.36033286357713,-71.07095370041846,Entire home/apt,163,29,6,2026-04-26,0.27,117,178,2,
52253773,Boston Beacon Hill Charming 4 bed room apt close T,373675137,1463554206153655871,Lilith,,Beacon Hill,42.359,-71.06649,Entire home/apt,170,29,10,2026-05-16,0.18,117,82,2,
571988432134426101,Beacon Hill studio1queensizeBed downtown boston,373675137,1463554206153655871,Lilith,,Beacon Hill,42.36025332704906,-71.0673913389887,Entire home/apt,166,29,16,2026-05-02,0.32,117,216,5,
620556935741785812,Lovely studio in downtown boston,373675137,1463554206153655871,Lilith,,West End,42.36153,-71.06487,Entire home/apt,121,29,12,2025-08-07,0.26,117,197,2,
1322570830910433084,Prime Central Boston 2BR – South End w/ Workspace,332174718,1469639994443176746,Bernardo,,Roxbury,42.340221615518885,-71.08165763318539,Entire home/apt,303,29,2,2025-09-05,0.14,1,322,1,
1297299074129220337,Comfortable 1Bedroom in Beacon Hill Area,373675137,1463554206153655871,Lilith,,Beacon Hill,42.3594256,-71.069931,Private room,73,29,0,,,117,162,0,
775659358800865129,Boston 3bed apt with an office,373675137,1463554206153655871,Lilith,,Beacon Hill,42.35927181161496,-71.06496319938758,Entire home/apt,162,29,0,,,117,116,0,
1335801845926999821,Cozy 1 Bedroom in Beacon Hill,373675137,1463554206153655871,Lilith,,Beacon Hill,42.35839602181556,-71.0701858839737,Private room,77,29,0,,,117,73,0,
1339226504786293584,Wonderful 1Bedroom in Beacon Hill,373675137,1463554206153655871,Lilith,,Beacon Hill,42.35968,-71.06898,Private room,70,29,0,,,117,74,0,
1571086448479002776,1BR in Downtown nv8u,657483974,1470651798436237535,E Stays,,Downtown,42.35142,-71.06338,Entire home/apt,283,1,39,2026-05-30,6.29,18,334,39,STR-586071
1303750719040309054,Affordable 1Bedroom in Beacon Hill,373675137,1463554206153655871,Lilith,,Beacon Hill,42.3595002,-71.06847379999999,Private room,75,29,0,,,117,43,0,
35916196,Copley House Budget Studio,85130,1462509229002082786,Copley,,Back Bay,42.34458,-71.08019,Entire home/apt,342,1,438,2026-05-23,5.48,7,308,78,Exempt: This listing is a hotel or motel
849408,Perfect & Practical Boston Rental,4434391,1462657402985895990,Damon,,Roslindale,42.29038,-71.13919,Entire home/apt,548,3,121,2026-05-26,0.80,3,145,10,STR-456742
932667738850269074,Quaint studio apartment! Back Bay Area,523515799,1470355309937485363,Healing Homes,,South End,42.34153,-71.0828,Entire home/apt,371,1,73,2026-05-20,2.05,43,328,20,Exempt: This listing is a hotel or motel
6851459,"Stylish Downtown Studio in the SouthEnd, C.Ave# 31",22348222,1462620857010380237,Maverick,,South End,42.34441,-71.07633,Entire home/apt,464,1,272,2026-06-12,2.08,87,341,37,STR-441245
909901104136401529,Nicely furnished single family in boston,16052189,1462596404243949425,Jonathan,,Hyde Park,42.24348,-71.13853,Entire home/apt,170,30,0,,,12,250,0,
44821182,Non smoking Room S:Specious Super Safe QuietClean,165422704,1463030729315680868,Mimi,,Dorchester,42.28583,-71.05558,Private room,53,29,18,2025-07-05,0.25,3,269,1,STR-439516
1698799064730513243,"A New 3 Bedroom 4 Beds 2 Bath, Apt 2",31070527,1462653788004243910,Daryl,,Hyde Park,42.2497886,-71.1319206,Entire home/apt,421,1,0,,,16,334,0,STR-491593
1703568548786250094,"A New Lower Unit, 2 Bedroom, Apt 19A",31070527,1462653788004243910,Daryl,,Hyde Park,42.2497886,-71.1319206,Entire home/apt,306,1,0,,,16,350,0,STR-491593
1688589645032871335,Victorian Sapphire Stay,1688589321616761232,1688589645845412236,Sandy,,Hyde Park,42.25784,-71.1174,Entire home/apt,543,1,0,,,1,267,0,STR-623335
1630559410065963821,Theatre District.5 Bost. Common. DownTown.54.7,757253,1462528464270965620,Lee,,Chinatown,42.351225727115065,-71.06289983186629,Entire home/apt,386,29,8,2026-05-20,3.24,12,363,8,Exempt: This listing is a unit that has contracts with hospitals
958943626506580294,Peace love humility and safety,301580171,1469546571812784286,Donald,,Hyde Park,42.25749571383021,-71.11875652965605,Entire home/apt,364,29,7,2024-10-27,0.26,3,360,0,Str-144818
1048073482993646187,Beautiful peaceful and safe,301580171,1469546571812784286,Donald,,Hyde Park,42.2584698,-71.1198095,Entire home/apt,399,29,2,2024-10-21,0.10,3,360,0,StR-104774
1703084534848493727,Luxury Studio near Harvard psv5,657483974,1470651798436237535,E Stays,,Allston,42.363998266740275,-71.13502430583266,Entire home/apt,256,1,0,,,18,356,0,STR-585115
1553050844630738889,hiawatha Place Room 3,674435381,1546652045138526289,Leke,,Mattapan,42.2768699,-71.0956465,Private room,103,29,3,2025-11-25,0.42,3,365,3,Exempt: This listing is a unit used for furnished institutional or business stays
1050663785008931194,Modern/Clean Condo - Full Condo 15 min walk to T,4383223,1462655706337977731,Thea,,Roslindale,42.27556,-71.13127,Entire home/apt,188,29,3,2024-10-27,0.14,1,269,0,STR-123456
1678302510559213200,"(New3f) 1BR w/Pull Out Newbury St, Street Views",563246552,1470512703190615862,Together We Rise,,Back Bay,42.34863357635378,-71.08334151494378,Entire home/apt,291,1,3,2026-06-07,2.65,50,84,3,STR-627049
548409183091048221,Thatch™ Newbury Street | One-Bedroom Apt. #4,814298,1462514414319387899,Stay Thatch,,Back Bay,42.348644,-71.085091,Entire home/apt,546,1,67,2026-05-09,1.32,57,121,22,Exempt: This listing is a hotel or motel
662231064185723309,Walk to Seaport/FiDi- Leather District 2BR Loft,37907846,1465567199260055273,Boston,,Leather District,42.3504614,-71.0579946,Entire home/apt,282,29,4,2025-11-09,0.10,13,292,1,
23304072,The Boston Christopher One Bedroom,48494513,1465734787384062854,Inn Boston,,South End,42.3432,-71.07848,Entire home/apt,189,29,9,2020-08-01,0.09,8,303,0,STR-423343
42384526,"Luxurious Boston Rooftop Views, Walk Everywhere.",35395257,1465522932683612900,Claire,,Back Bay,42.34396743774414,-71.08158874511719,Entire home/apt,1484,1,99,2026-06-06,2.56,1,224,31,STR-551071
1431225330076153144,Luxury Apt In Heart of Back Bay,20857768,1463140474528738801,Compass,,Back Bay,42.3459685,-71.0847361,Entire home/apt,359,30,0,,,77,246,0,
50042062,"Blueground | Back Bay, near prudential center",107434423,1462889176402806013,Blueground,,Back Bay,42.34449,-71.08237,Entire home/apt,,30,1,2022-10-06,0.02,227,238,0,
1371956583652528205,Modern One Bedroom in Boston High-Rise,22541573,1463182329140437053,Furnished Quarters,,Back Bay,42.34855987676379,-71.07899588368507,Entire home/apt,275,32,0,,,42,293,0,
947814132068385867,Serene South End Studio,523515799,1470355309937485363,Healing Homes,,Back Bay,42.343985241791366,-71.0824229492576,Entire home/apt,226,1,44,2026-05-16,1.28,43,250,17,STR-531837
1365311920620211675,Best Quality 2 Bedroom Apt in Beacon Hill,373675137,1463554206153655871,Lilith,,Beacon Hill,42.358609074581615,-71.06803864756066,Entire home/apt,182,29,0,,,117,220,0,
23304141,The Boston Christopher One Bedroom,48494513,1465734787384062854,Inn Boston,,South End,42.3432,-71.07846,Entire home/apt,167,29,13,2020-02-29,0.14,8,306,0,STR-423346
32835031,"Boston Studio, Ready For Long & Short Stays",205269848,1463151654282309832,Temple Place,,Downtown,42.355056736770834,-71.06221200170934,Private room,168,29,103,2023-12-11,1.21,8,245,0,STR439290
1528261693694880950,Bay Village Charming 1 Bedroom Apartment,717946252,1505867861207707885,Healing Homes,,Downtown,42.34978,-71.06515,Entire home/apt,187,29,4,2025-12-07,0.52,35,342,4,Exempt: This listing is a unit that has contracts with hospitals
641974199506692966,Exquisite 1bedroom apartment Boston,380623623,1469777961228449083,Stella,,Beacon Hill,42.35864,-71.06899,Entire home/apt,177,29,7,2025-03-02,0.21,9,220,0,
670559820149361567,Great 3bedroom apt in downtown Boston,373675137,1463554206153655871,Lilith,,Beacon Hill,42.36023,-71.0711,Entire home/apt,169,29,7,2025-03-28,0.15,117,202,0,
41953381,"Blueground | Back Bay, gym, doorman, nr Esplanade",107434423,1462889176402806013,Blueground,,Back Bay,42.348129,-71.080849,Entire home/apt,,30,1,2022-10-02,0.02,227,47,0,
1115816138265936219,5-min walk to Prudential Ctr & 3 blocks to Fenway,567864561,1470526776801386184,Hilton Boston Back Bay,,Back Bay,42.34655,-71.08497,Private room,384,1,210,2026-02-21,7.86,1,30,143,Exempt: This listing is a hotel or motel
1346468315974613995,One Bedroom Apartment in Back Bay Building,22541573,1463182329140437053,Furnished Quarters,,Back Bay,42.347,-71.08089,Entire home/apt,285,32,0,,,42,301,0,
35915047,Copley House 1 Bedroom Suite,85130,1462509229002082786,Copley,,Back Bay,42.34458,-71.08019,Entire home/apt,625,1,299,2026-05-27,3.82,7,314,71,Exempt: This listing is a hotel or motel
1406047034731918852,"Boston South End 2BR,Back Bay, Pru, Copley, Fenway",691723935,1470724777250922605,Debjani,,South End,42.34324,-71.07814,Entire home/apt,734,1,45,2026-06-05,3.29,1,145,39,STR-590335
577093755825945609,Beacon Hill Room Next to Public Garden | Back Bay,232009663,1469236885489193999,Annie,,Beacon Hill,42.35664,-71.07152,Private room,125,29,7,2026-01-31,0.13,7,101,1,Exempt: This listing is a unit used for furnished institutional or business stays
54278398,"(T2) Bay Windows, Delicious Pizza, Prime Location!",563246552,1470512703190615862,Together We Rise,,South End,42.34264,-71.07674,Entire home/apt,368,1,255,2026-06-12,4.89,50,224,62,str-561975
1414147388334077396,"The Ellie House 10- Crowd Favorite, Back Bay!",693722844,1470728770948190062,Airbnb Queen- Ellie House,,Back Bay,42.342508685228985,-71.08211158413741,Entire home/apt,444,1,33,2026-06-06,2.63,5,274,29,STR-595610
1542201551999311510,Vibrant Studio | Prudential Area,717946252,1505867861207707885,Healing Homes,,South End,42.34224,-71.08182,Entire home/apt,241,1,5,2026-05-06,0.71,35,211,5,Exempt: This listing is a hotel or motel
1653103909580083789,Modern Double Queen Room | Pet Friendly Stay,501999514,1470257160985456019,RoomPicks,,Back Bay,42.34378,-71.08334,Hotel room,377,1,3,2026-05-25,3,12,363,3,Exempt: This listing is a hotel or motel
1539241018274447187,Simple & Spacious Apartment!,717946252,1505867861207707885,Healing Homes,,Downtown,42.35415,-71.06158,Entire home/apt,661,29,4,2026-01-01,0.69,35,194,4,STR-626093
933238026788932430,Modern South-End Studio Apt!,523515799,1470355309937485363,Healing Homes,,Back Bay,42.34300085036171,-71.08404904011313,Entire home/apt,315,1,34,2026-04-28,0.96,43,157,16,Exempt: This listing is a hotel or motel
1339930863354537673,Copley House Superior Queen Studio,85130,1462509229002082786,Copley,,Back Bay,42.34564,-71.07987,Entire home/apt,378,1,85,2026-05-27,7.22,7,313,85,STR-447237
873911041827061745,South End Stunner/Walk to NE/Back Bay/ the Charles,2881238,1462611424457227209,Jacquelyn,,South End,42.34268619963691,-71.07805605844173,Entire home/apt,1641,3,29,2026-05-30,0.84,1,315,6,STR-418362
45689038,"Beautiful 1 Bed, Adjacent to Rose Kennedy Greenway",22541573,1463182329140437053,Furnished Quarters,,Leather District,42.35122,-71.05838,Entire home/apt,270,32,1,2026-04-19,0.51,42,281,1,
1341364697160900701,2BR Apt in Downtown Crossing 6370,212359760,1469109115483128123,Evonify Corporate & Medical Housing,,Downtown,42.3552,-71.06033,Entire home/apt,313,29,6,2025-08-02,0.38,65,296,1,STR-557153
1700119843302737829,Polished South End Studio,1683540234995321877,1683540365202786410,Linden,,Back Bay,42.3429186,-71.08294049999999,Entire home/apt,238,1,0,,,18,159,0,STR-627349
1462953387314720153,"Blueground | Fenway–Kenmore, view, nr Fenway Park",107434423,1462889176402806013,Blueground,,Fenway,42.3437753,-71.0863087,Entire home/apt,,30,0,,,227,56,0,
1474090413103345579,Central 2BR Condo in Downtown Boston & T-Station,463475392,1469699457630744455,Jonah Magno,,Chinatown,42.35154466228414,-71.06083319999999,Entire home/apt,526,29,2,2026-05-30,1.33,8,148,2,STR-456448
1025437304700254406,Prime Location Boston Stay | Steps to Common,30283594,1465445680495565156,Global Luxury Suites I,,Chinatown,42.352093,-71.06081,Entire home/apt,222,30,4,2026-05-03,0.14,31,357,2,Exempt: This listing is a unit that has contracts with hospitals
1438417548692401463,Perfectly located Back Bay studio,25904385,1465352069831963911,Jacki,,Back Bay,42.34567047506077,-71.07976198095092,Entire home/apt,171,28,1,2025-10-20,0.13,1,309,1,STR-597751
43300494,Upscale Studio with Modern Kitchen Essentials,30283594,1465445680495565156,Global Luxury Suites I,,Chinatown,42.352093,-71.06081,Entire home/apt,222,30,78,2025-02-23,1.13,31,357,0,Exempt: This listing is a unit that has contracts with hospitals
1138479050138541651,One Bedroom Apartment W/ Luxury Amenities,22541573,1463182329140437053,Furnished Quarters,,Back Bay,42.347582874101285,-71.07896338066085,Entire home/apt,275,32,0,,,42,302,0,
934846903887237232,South End Serene Studio,523515799,1470355309937485363,Healing Homes,,Back Bay,42.34378,-71.08451,Entire home/apt,273,1,32,2026-04-14,0.96,43,185,21,Exempt: This listing is a hotel or motel
51320323,Super location! 1st Floor! Walk everywhere!,47584294,1465718059935171405,Jessy And Diego,,South End,42.34265,-71.08161,Entire home/apt,319,1,280,2026-06-10,4.81,33,260,43,STR-454274
1292909119009816278,Amazing 1Bedroom in Beacon Hill,373675137,1463554206153655871,Lilith,,Beacon Hill,42.35984,-71.06941,Private room,79,29,0,,,117,45,0,
785800229499535002,Exquisite 1 bedroom apartment in Beacon Hill,417546358,1469897762395867242,Leo,,Beacon Hill,42.35951,-71.06762,Entire home/apt,216,29,0,,,8,176,0,
1337926269671650140,Wonderful 3Bedroom Apartment in Beacon Hill,373675137,1463554206153655871,Lilith,,Beacon Hill,42.36061,-71.06799,Entire home/apt,164,29,0,,,117,136,0,
50205719,Upscale Boston Studio with Modern Elegance,30283594,1465445680495565156,Global Luxury Suites I,,Chinatown,42.352093,-71.06081,Entire home/apt,222,30,44,2023-11-13,1.06,31,357,0,Exempt: This listing is a unit that has contracts with hospitals
23302890,Luxury High-Floor 1BR in Downtown FIDI,30283594,1465445680495565156,Global Luxury Suites I,,Chinatown,42.352093,-71.06081,Entire home/apt,289,30,38,2026-04-04,0.43,31,361,1,Exempt: This listing is a unit that has contracts with hospitals
1508059100879053529,Light-filled Studio | Back Bay,717946252,1505867861207707885,Healing Homes,,Back Bay,42.34391389301513,-71.08307754261031,Entire home/apt,223,29,9,2026-02-14,1.21,35,324,9,Exempt: This listing is a unit that has contracts with hospitals
935480741617045500,Sleek Back Bay Studio,523515799,1470355309937485363,Healing Homes,,Fenway,42.34188,-71.08378,Entire home/apt,199,1,46,2026-06-01,1.30,43,185,26,Exempt: This listing is a hotel or motel
1138474734579494420,Stylish One Bedroom Apartment in Back Bay,22541573,1463182329140437053,Furnished Quarters,,Back Bay,42.34722,-71.08026,Entire home/apt,285,32,0,,,42,280,0,
1699469117999876721,"South End, Studio, Upscale Stay Near the T",586870169,1470604736184387893,Andrew,,South End,42.34052,-71.07771,Entire home/apt,351,1,1,2026-06-13,1,14,290,1,STR-626523
1352483854073233068,Wonderful 1Bedroom in Beacon Hill,373675137,1463554206153655871,Lilith,,Beacon Hill,42.36097313475994,-71.06671301497447,Private room,70,29,0,,,117,43,0,
1181310286178284057,"The Chester: Hip, Renovated, South End",43613912,1465647609109328116,Drew,,Roxbury,42.339042,-71.0803574,Entire home/apt,402,1,24,2026-05-04,1.02,9,275,13,STR-565043
23302453,High-End 1BR | Heart of Theater District,30283594,1465445680495565156,Global Luxury Suites I,,Chinatown,42.352093,-71.06081,Entire home/apt,289,30,35,2023-07-14,0.39,31,361,0,Exempt: This listing is a unit that has contracts with hospitals
1181121091793554837,Cozy Studio in Historic Brownstone,409684302,1469870389347785678,Justin And Mandy,,South End,42.34273,-71.08052,Entire home/apt,420,1,25,2026-05-23,2.54,18,349,25,STR-457097
705014899720892075,The Ellie House 8- Fan Favorite! Back Bay! W/D,454031378,1470042747790842420,⁨Airbnb Queen (Ellie House)⁩,,South End,42.34244,-71.08176,Entire home/apt,403,1,109,2026-05-30,2.58,4,277,21,STR-595607
1018290267718030960,Back-Bay Penthouse Downtown & Parking & GYM,463475392,1469699457630744455,Jonah Magno,,Bay Village,42.3504464,-71.06818659999999,Entire home/apt,583,29,34,2025-02-16,1.08,8,132,0,Exempt: This listing is a unit used for furnished institutional or business stays
51279945,South End 1800sqft 2BR Audiophile Paradise,8281556,1462753793562690416,Leslie,,South End,42.3413200378418,-71.0804443359375,Entire home/apt,454,1,252,2026-05-31,5.76,1,167,61,STR-494380
1181310640039457019,"The Chester: Modern Luxury, Historic Charm",43613912,1465647609109328116,Drew,,Roxbury,42.339042,-71.0803574,Entire home/apt,358,1,25,2026-04-25,1.04,9,260,11,STR-565048
1138307658954412215,"The Ellie House 6 -Back Bay, Shopping, Dining, W/D",563246552,1470512703190615862,Together We Rise,,Back Bay,42.34277681925472,-71.08390136209393,Entire home/apt,325,1,58,2026-06-04,2.28,50,266,17,STR-595611
41953347,"Blueground | Back Bay, gym, doorman, nr mall",107434423,1462889176402806013,Blueground,,Back Bay,42.3491652,-71.0807758,Entire home/apt,,30,1,2021-12-21,0.02,227,89,0,
776419658774901321,Art Penthouse / Roofdeck in the Heart of Boston,149688663,1468463171870344417,Ruta,,Back Bay,42.34925,-71.0841,Entire home/apt,1256,29,28,2025-10-27,0.71,1,362,2,STR-520200
51324293,Super location! One free parking spot! Walk Walk!,47584294,1465718059935171405,Jessy And Diego,,South End,42.34284,-71.08127,Entire home/apt,301,1,250,2026-05-23,4.30,33,241,53,STR-454275
958063393323060265,"(476-2) Clean & Cozy, South End / Back Bay!",563246552,1470512703190615862,Together We Rise,,South End,42.34214779250125,-71.07909586835892,Entire home/apt,350,1,109,2026-06-03,3.22,50,253,28,STR-599887
1671368913543286781,"Northeastern, Boston Medical, In unit laundry, C/A",57673810,1653919447397633405,Kama,,Roxbury,42.33791,-71.08416,Entire home/apt,378,30,0,,,15,343,0,Exempt: This listing is a unit used for furnished institutional or business stays
1298655083293226266,Wonderful 1 Bedroom in Beacon Hill,373675137,1463554206153655871,Lilith,,Beacon Hill,42.3607286,-71.06588049999999,Private room,134,29,3,2026-04-30,0.22,117,49,2,
914594515559273013,"(W-14) Budget Friendly, A+ Location Studio! W/D",371640674,1469752814550739834,Boston,,South End,42.33833,-71.07799,Entire home/apt,276,1,127,2026-05-13,3.50,11,249,39,STR-628643
45531759,Luxury 4 Bdrm Penthouse Brownstone Duplex,21609039,1463159476302585584,Susan,,Fenway,42.34163,-71.08367,Entire home/apt,1450,1,51,2026-04-21,0.76,3,215,4,STR-578466
11799953,Pristine private apt South End Walk everywhere,62835472,1466775443631178867,Maja,,South End,42.3428,-71.07836,Entire home/apt,522,2,87,2026-05-18,0.99,2,230,10,STR-545122
947863403518702980,Spacious Studio Apt | South End,523515799,1470355309937485363,Healing Homes,,Back Bay,42.34259,-71.08393,Entire home/apt,348,1,64,2026-04-13,1.84,43,237,22,Exempt: This listing is a hotel or motel
1272612531127769773,Chinatown Central Upscale Condo w/Pool & Parking,463475392,1469699457630744455,Jonah Magno,,Chinatown,42.3512,-71.0617,Entire home/apt,638,29,4,2025-03-17,0.20,8,365,0,Exempt: This listing is a hotel or motel
1136154358791638137,Family friendly 3 bed 3 bath,572279043,1470551287413374083,Peter,,Downtown,42.35718015235457,-71.06255274199684,Entire home/apt,1168,29,30,2025-02-09,1.14,5,256,0,Exempt: This listing is a unit that has contracts with hospitals
1138479655459786671,"Modern 1 Bed Apartment in Central Back Bay, Boston",22541573,1463182329140437053,Furnished Quarters,,Back Bay,42.34735001011338,-71.07892405459607,Entire home/apt,285,32,0,,,42,293,0,
50283962,Stay near the T & Tufts | 2BR in Prime Boston,30283594,1465445680495565156,Global Luxury Suites I,,Chinatown,42.352093,-71.06081,Entire home/apt,,29,11,2023-11-26,0.28,31,354,0,Exempt: This listing is a unit that has contracts with hospitals
1683540364360027433,Bright Newbury Street 1 Bedroom Apartment,1683540234995321877,1683540365202786410,Linden,,Back Bay,42.34881,-71.08205,Entire home/apt,433,1,2,2026-05-29,2,18,354,2,Exempt: This listing is a hotel or motel
934067944826518229,Charming Studio Apt! | Back Bay,523515799,1470355309937485363,Healing Homes,,Back Bay,42.34425,-71.08264,Entire home/apt,306,1,48,2026-05-14,1.37,43,261,29,Exempt: This listing is a hotel or motel
960685883806728060,Super location! Walk everywhere! 1 bed / 1 bath,47584294,1465718059935171405,Jessy And Diego,,Back Bay,42.34445218198396,-71.08105165816404,Entire home/apt,289,1,133,2026-05-31,3.92,33,269,51,STR-465643
7513605,"Walk to Chinatown, Boston Common, and South End",22348222,1462620857010380237,Maverick,,South End,42.34447,-71.07644,Entire home/apt,271,1,289,2026-06-07,2.23,87,281,46,STR-589703
1653103905059007621,Family-Friendly Stay | New England Aquarium-2.1 mi,501999514,1470257160985456019,RoomPicks,,Back Bay,42.34378,-71.08334,Hotel room,377,1,1,2026-05-31,1,12,363,1,Exempt: This listing is a hotel or motel
28360335,"Blueground | Back Bay, gym, nr the common",107434423,1462889176402806013,Blueground,,Bay Village,42.34992,-71.06943,Entire home/apt,,30,1,2019-04-27,0.01,227,33,0,
1364527542466260897,"Beacon Hill Room. Walk to MGH, Tufts Medical, MIT",232009663,1469236885489193999,Annie,,Beacon Hill,42.357,-71.07268,Private room,63,29,2,2025-10-01,0.21,7,129,2,
791467696621552585,Boston 2-bedroom apt w living room,373675137,1463554206153655871,Lilith,,Beacon Hill,42.35882959382679,-71.06726795707483,Entire home/apt,174,29,12,2026-06-01,0.33,117,209,2,
39686073,Luxury Beacon Hill Condo With Private Patio/Garden,305017623,1469561841828319426,Sean,,Beacon Hill,42.35847,-71.07298,Entire home/apt,214,32,4,2025-05-03,0.13,1,71,0,
52367950,Copley Queen - Copley Sq. Hotel,423875908,1469922849044617913,Copley Square Hotel,,Back Bay,42.34804,-71.07758,Private room,284,1,77,2026-04-27,1.58,6,318,29,Exempt: This listing is a hotel or motel
