geoid,state,DesignatedOZ,county,Type,Population,medhhincome,PovertyRate,unemprate,medvalue,medrent,severerentburden,vacancyrate,pctwhite,pctBlack,pctHispanic,pctunder18,pctover64,HSorlower,BAorhigher,CBSAType
25001010100,Massachusetts,1.0,Barnstable County,Low-Income Community,2962,42228.0,0.1324077248573303,0.089255258,490400.0,1064.0,0.4257095158100128,0.600177526,0.8457123637199402,0.029709655791521,0.055367995,0.064483456,0.2964213490486145,0.2561065852642059,0.4970392286777496,Metro
25001010206,Massachusetts,,Barnstable County,Low-Income Community,3168,48452.0,0.065714285,0.1160092800855636,485300.0,918.0,0.527999997,0.6526573300361633,0.9251893758773804,0.0246212128549814,0.003156566,0.1262626200914383,0.3800505101680755,0.2403071075677871,0.5424184203147888,Metro
25001010208,Massachusetts,,Barnstable County,Low-Income Community,1589,62051.0,0.1082441806793212,0.04587156,540500.0,931.0,0.1357142925262451,0.7499237656593323,0.9647576808929444,0.006922593,0.018879799,0.1038388907909393,0.3486469388008117,0.2576452493667602,0.538226306,Metro
25001010304,Massachusetts,,Barnstable County,Not Eligible,2107,61138.0,0.0432276657060518,0.070907195,480500.0,980.0,0.2549019607843137,0.6005154639175257,0.9724727100142384,0.0,0.0109159943046986,0.083531087,0.4361651637399146,0.2049689440993788,0.5217391304347826,Metro
25001010306,Massachusetts,,Barnstable County,Low-Income Community,2817,55455.0,0.068867587,0.094109192,422300.0,1081.0,0.1878787875175476,0.5991535782814026,0.9169328808784484,0.0252041183412075,0.0188143420964479,0.1185658499598503,0.30209443,0.2895204126834869,0.4671403169631958,Metro
25001010400,Massachusetts,,Barnstable County,Non-LIC Contiguous,3081,46741.0,0.0557939931750297,0.042341221,465700.0,1091.0,0.4089775681495666,0.386050284,0.9178838133811952,0.051282052,0.0253164563328027,0.1025641039013862,0.3300876319408417,0.2232522219419479,0.4712243974208832,Metro
25001010500,Massachusetts,,Barnstable County,Not Eligible,2766,68508.0,0.098698482,0.0215759849906191,767500.0,412.0,0.3684210526315789,0.5322302654257153,0.9779464931308748,0.002892263,0.0108459869848156,0.135936370209689,0.447939262,0.166079295,0.6220264317180617,Metro
25001010600,Massachusetts,,Barnstable County,Not Eligible,3238,66852.0,0.11003861003861,0.074257426,602600.0,897.0,0.3430232558139535,0.4884052800570817,0.8730697961704756,0.0555898702903026,0.061148857,0.1176652254478072,0.4169240271772699,0.2002319288751449,0.5411673753382296,Metro
25001010700,Massachusetts,,Barnstable County,Not Eligible,2904,64375.0,0.1444367657221838,0.055959302,556300.0,1282.0,0.4232558139534884,0.686062881,0.9452479338842976,0.022038567,0.002410468,0.1608126721763085,0.3560606060606061,0.2573749465583583,0.4869602394185549,Metro
25001010800,Massachusetts,,Barnstable County,Non-LIC Contiguous,4860,76768.0,0.059050065,0.071053691,452900.0,872.0,0.0,0.4032213985919952,0.97798353433609,0.006584362,0.004115226,0.1393004059791565,0.3024691343307495,0.1804320216178894,0.5969504714012146,Metro
25001010900,Massachusetts,,Barnstable County,Low-Income Community,5019,65231.0,0.03888889,0.0248075276613235,397400.0,1129.0,0.1129032224416732,0.4823238551616668,0.9374377131462096,0.0117553295567631,0.0276947598904371,0.1948595345020294,0.2827256321907043,0.2665955722332001,0.4265529215335846,Metro
25001011002,Massachusetts,,Barnstable County,Non-LIC Contiguous,4192,60044.0,0.063745022,0.06291391,384000.0,1005.0,0.2592592537403106,0.4928089082241058,0.9608778357505798,0.003339695,0.020753818,0.1853530555963516,0.2805343568325043,0.2851200103759765,0.3804799914360046,Metro
25001011100,Massachusetts,,Barnstable County,Not Eligible,4525,79766.0,0.054585635,0.043103448,382200.0,1135.0,0.0,0.3134377038486627,0.9425414364640884,0.002872928,0.017016575,0.1569060773480663,0.2917127071823204,0.2545300113250283,0.4382785956964892,Metro
25001011200,Massachusetts,,Barnstable County,Not Eligible,3450,68617.0,0.1092783505154639,0.054341037,353900.0,1000.0,0.1782608695652174,0.5492455418381345,0.9205797101449276,0.047246377,0.0171014492753623,0.1188405797101449,0.3492753623188406,0.234540798,0.5301866081229418,Metro
25001011300,Massachusetts,,Barnstable County,Not Eligible,2804,69148.0,0.05171184,0.083333333,543500.0,1184.0,0.3305084745762712,0.5487632508833922,0.9190442225392296,0.0,0.048858773,0.092724679,0.4450784593437946,0.257864238,0.4975165562913907,Metro
25001011400,Massachusetts,,Barnstable County,Not Eligible,3148,61108.0,0.1377990430622009,0.0601443464314354,423500.0,1223.0,0.3238095238095238,0.4533614924322421,0.963151207,0.0,0.036848792884371,0.098792884,0.4825285895806862,0.2334718549301095,0.4174537211938043,Metro
25001011500,Massachusetts,,Barnstable County,Non-LIC Contiguous,3912,49335.0,0.1137026250362396,0.1003460213541984,286100.0,885.0,0.2167300432920456,0.3619568943977356,0.8959611654281616,0.0593047030270099,0.002811861,0.125,0.3110940754413605,0.4128000140190124,0.2800000011920929,Metro
25001011600,Massachusetts,1.0,Barnstable County,Low-Income Community,2313,46813.0,0.078685686,0.068731114,314800.0,972.0,0.4282296597957611,0.7372485399246216,0.8417639136314392,0.072200604,0.058365759,0.1141374856233596,0.3004755675792694,0.389683336,0.3278855979442596,Metro
25001011700,Massachusetts,,Barnstable County,Non-LIC Contiguous,1890,60903.0,0.1158730164170265,0.078313254,413900.0,933.0,0.2898550629615783,0.6588447690010071,0.9285714030265808,0.002645503,0.043386243,0.09259259,0.3645502626895904,0.2654754221439361,0.4262922704219818,Metro
25001011801,Massachusetts,,Barnstable County,Not Eligible,2439,55507.0,0.048790488,0.0394456289978678,376400.0,865.0,0.1438356164383561,0.2027677496991576,0.912259122591226,0.0,0.008610086,0.067240672,0.5506355063550635,0.1696914700544464,0.5018148820326679,Metro
25001011802,Massachusetts,,Barnstable County,Non-LIC Contiguous,4028,65806.0,0.071251243,0.0402144789695739,334900.0,1428.0,0.1753246784210205,0.2521331012248993,0.9334657192230223,0.015392254,0.009433962,0.1785005033016204,0.3145481646060943,0.3095549643039703,0.4159031510353088,Metro
25001012001,Massachusetts,,Barnstable County,Low-Income Community,5767,53739.0,0.069032483,0.076072387,291200.0,1225.0,0.3235294222831726,0.2324044853448867,0.9741633534431458,0.001213803,0.002427605,0.1498179286718368,0.3100398778915405,0.3248159289360046,0.3012126386165619,Metro
25001012002,Massachusetts,1.0,Barnstable County,Low-Income Community,2743,44835.0,0.1713657975196838,0.1271596401929855,326900.0,929.0,0.086419754,0.567341685,0.8403208255767822,0.009843238,0.049216188,0.1618665754795074,0.2646737098693847,0.4453125,0.289550781,Metro
25001012101,Massachusetts,,Barnstable County,Non-LIC Contiguous,5585,67596.0,0.044412348,0.048221819,244200.0,1394.0,0.110629066824913,0.2763199508190155,0.872694731,0.0433303490281105,0.0275738593190908,0.1661593616008758,0.2132497727870941,0.396950215101242,0.259471059,Metro
25001012102,Massachusetts,,Barnstable County,Not Eligible,2986,65651.0,0.081044876,0.09608091,323900.0,1018.0,0.2740740740740741,0.5858585858585859,0.8660415271265908,0.031480241,0.0,0.1265907568653717,0.2726054922973878,0.2889069483949614,0.3709874034945144,Metro
25001012200,Massachusetts,,Barnstable County,Not Eligible,5016,87188.0,0.1372351160443995,0.037663986,516100.0,1383.0,0.240506329113924,0.2317164179104477,0.9659090909090908,0.009569378,0.009170654,0.1770334928229665,0.2745215311004784,0.1665336525671721,0.5227454110135674,Metro
25001012502,Massachusetts,,Barnstable County,Low-Income Community,3390,57042.0,0.1139088720083236,0.055310816,295300.0,1119.0,0.375565618276596,0.4370151460170746,0.7569321393966675,0.0581120960414409,0.1250737458467483,0.1156342178583145,0.2129793465137481,0.4037610590457916,0.360619456,Metro
25001012601,Massachusetts,,Barnstable County,Non-LIC Contiguous,3832,64000.0,0.1096688732504844,0.089963831,276900.0,1132.0,0.3734567761421203,0.085137084,0.7901878952980042,0.074895613,0.064718165,0.1829331964254379,0.1740605384111404,0.4557416141033172,0.1921850144863128,Metro
25001012602,Massachusetts,,Barnstable County,Low-Income Community,4278,37478.0,0.2508850693702698,0.081779055,197200.0,1259.0,0.3728590309619903,0.2768361568450928,0.6603553295135498,0.1778868585824966,0.079476394,0.2599345445632934,0.1166432946920394,0.6380728483200073,0.1308264732360839,Metro
25001012700,Massachusetts,,Barnstable County,Non-LIC Contiguous,3995,73646.0,0.018773466,0.036188733,360900.0,1254.0,0.072992697,0.4101281762123108,0.9839800000190736,0.0,0.004005006,0.1409261524677276,0.3081351816654205,0.2755322456359863,0.378586858510971,Metro
25001012800,Massachusetts,,Barnstable County,Low-Income Community,4051,64144.0,0.064099379,0.092788242,350900.0,1488.0,0.2103004306554794,0.202268436551094,0.9419896602630616,0.0,0.0,0.1821772456169128,0.2564798891544342,0.251144528388977,0.4257684648036957,Metro
25001012900,Massachusetts,,Barnstable County,Non-LIC Contiguous,3820,70404.0,0.0454784445464611,0.074369192,304100.0,1554.0,0.1512605100870132,0.1708074510097503,0.9591622948646544,0.0,0.02486911,0.1722513139247894,0.2293193787336349,0.3173673450946808,0.3704341948032379,Metro
25001013002,Massachusetts,,Barnstable County,Not Eligible,2987,68289.0,0.054435484,0.087903226,533300.0,1663.0,0.202020202020202,0.4826568265682657,0.9718781386006026,0.0103783059926347,0.0110478741211918,0.1104787412119183,0.4144626715768329,0.1952686447473937,0.5220529270248596,Metro
25001013100,Massachusetts,,Barnstable County,Not Eligible,5179,79659.0,0.065840434,0.037037037037037,328400.0,2083.0,0.1804878048780487,0.158675799,0.9391774473836648,0.0214327090171847,0.00231705,0.167213748,0.1648966982042865,0.2770994268626962,0.4191378021430351,Metro
25001013200,Massachusetts,,Barnstable County,Not Eligible,4882,70929.0,0.059401884,0.069982394,373700.0,1929.0,0.3757575757575757,0.2559109874826147,0.9416222859483818,0.008193363,0.034207292,0.1792298238426874,0.2480540761982794,0.2480495022867904,0.4912563895614743,Metro
25001013300,Massachusetts,,Barnstable County,Not Eligible,3285,68295.0,0.093410109,0.080191184,338400.0,962.0,0.2557377049180327,0.32,0.9257229832572298,0.0,0.026179604261796,0.1138508371385083,0.282800608828006,0.330278732,0.4196258113783887,Metro
25001013400,Massachusetts,,Barnstable County,Not Eligible,3848,87969.0,0.0447409733124018,0.071092525,491800.0,1589.0,0.054216867,0.3414322250639386,0.9566008316008316,0.0,0.0142931392931392,0.2066008316008316,0.2523388773388773,0.1856791856791856,0.5654615654615655,Metro
25001013500,Massachusetts,,Barnstable County,Not Eligible,6702,97689.0,0.042059572,0.074352332,340300.0,1556.0,0.069148936,0.1218457101658255,0.9670247687257536,0.00014920919128618324,0.008355715,0.2241122053118472,0.1741271262309758,0.2280988360220543,0.4802940575862773,Metro
25001013600,Massachusetts,,Barnstable County,Not Eligible,6657,93003.0,0.047287057,0.033889188,330300.0,1371.0,0.032183908,0.089759798,0.9508787742226228,0.0,0.033348355,0.2622803064443443,0.1161183716388763,0.2958382877526754,0.316052318668252,Metro
25001013700,Massachusetts,,Barnstable County,Not Eligible,4407,72031.0,0.085330073,0.061723281,292100.0,1120.0,0.1266055045871559,0.2132822477650063,0.9239845700022692,0.039028818,0.0152030859995461,0.1783526208304969,0.1756296800544588,0.4289348171701113,0.2972972972972973,Metro
25001013800,Massachusetts,,Barnstable County,Not Eligible,4951,73729.0,0.1399796541200406,0.068916519,350300.0,1174.0,0.080912863,0.1753246753246753,0.9161785497879216,0.0133306402746919,0.025449404,0.1858210462532821,0.1737022823671985,0.3023386869540715,0.3454494223724993,Metro
25001013900,Massachusetts,,Barnstable County,Not Eligible,5564,72344.0,0.090941769,0.0241427571728481,359700.0,1250.0,0.135693215339233,0.2511326860841424,0.9054636951833214,0.0203091301222142,0.0528396836808051,0.1835010783608914,0.2508986340762041,0.2919743968488429,0.4010339734121123,Metro
25001014002,Massachusetts,,Barnstable County,Not Eligible,4118,62543.0,0.069931774,0.0272479564032697,322200.0,1080.0,0.2769556025369979,0.3959311424100156,0.9184069936862554,0.0291403593977659,0.0354541039339485,0.1311316172899465,0.299174356,0.2950408035153798,0.3543628374136848,Metro
25001014100,Massachusetts,1.0,Barnstable County,Low-Income Community,756,44405.0,0.073275864,0.0,,1069.0,0.1506849378347396,0.4417475759983063,0.75,0.056878306,0.150793657,0.3756613731384277,0.005291005,0.2208121865987777,0.2918781638145447,Metro
25001014300,Massachusetts,,Barnstable County,Not Eligible,4175,86510.0,0.031540342,0.055009823,492300.0,1393.0,0.1818181818181818,0.5269021739130435,0.9405988023952097,0.00239521,0.0208383233532934,0.1554491017964072,0.3518562874251497,0.2335698858377044,0.562480716,Metro
25001014402,Massachusetts,,Barnstable County,Not Eligible,6937,84583.0,0.062965668,0.04809670781893,337400.0,1545.0,0.1063829787234042,0.2839470655926352,0.8608908750180193,0.0341646244774398,0.0377684878189419,0.201816347124117,0.1982124837826149,0.3577430972388956,0.3369347739095638,Metro
25001014500,Massachusetts,1.0,Barnstable County,Low-Income Community,5328,69236.0,0.1032282263040542,0.086823292,324600.0,1542.0,0.5319148898124695,0.3439531922340393,0.902402401,0.029842343,0.028903903,0.1745495498180389,0.1873123049736023,0.4545214176177978,0.2998413443565368,Metro
25001014600,Massachusetts,,Barnstable County,Non-LIC Contiguous,4166,64357.0,0.041234627,0.091339327,334600.0,1215.0,0.3564356565475464,0.2806236147880554,0.7976475954055786,0.070811331,0.0156024964526295,0.1663466095924377,0.3026884198188782,0.3583051860332489,0.3693583011627197,Metro
25001014700,Massachusetts,,Barnstable County,Not Eligible,3653,61875.0,0.062447728,0.053694843,333500.0,1285.0,0.2481203007518796,0.4598746081504702,0.8661374212975637,0.0306597317273473,0.035860936,0.1634273200109499,0.3180947166712291,0.3032616238723108,0.4077029840388619,Metro
25001014800,Massachusetts,,Barnstable County,Not Eligible,3517,36066.0,0.081339713,0.044849334,451100.0,837.0,0.1553985872855701,0.3263195435092724,0.809212397,0.0591413136195621,0.004833665,0.1074779641740119,0.4341768552743816,0.3408631153068105,0.4032366824005394,Metro
25001014900,Massachusetts,,Barnstable County,Not Eligible,3768,79856.0,0.079457364,0.057436518,571500.0,897.0,0.2374245472837022,0.4211387434554974,0.9609872611464968,0.0002653927813163482,0.012208067940552,0.1475583864118896,0.4033970276008493,0.1415189026430244,0.6925393108062897,Metro
25001015001,Massachusetts,,Barnstable County,Non-LIC Contiguous,4520,76356.0,0.067303322,0.055442314594984,273900.0,1450.0,0.2824074029922485,0.1695416420698166,0.8181415796279907,0.01659292,0.004646018,0.1955752223730087,0.181637167930603,0.4119282960891723,0.2651421427726745,Metro
25001015002,Massachusetts,,Barnstable County,Low-Income Community,3727,61412.0,0.071639389,0.090967327,332900.0,1302.0,0.3000000119209289,0.2058823555707931,0.85484302,0.066273145,0.0118057420477271,0.1306681036949157,0.4105178415775299,0.292443573474884,0.3699705600738525,Metro
25001015100,Massachusetts,,Barnstable County,Non-LIC Contiguous,3665,75625.0,0.079868712,0.056652807,329500.0,1321.0,0.2511627972126007,0.3479349315166473,0.9017735123634338,0.0160982273519039,0.05238745,0.1787175983190536,0.2379263341426849,0.2897058725357055,0.3650735318660736,Metro
25001015200,Massachusetts,,Barnstable County,Not Eligible,2168,85240.0,0.040129151,0.042694497,495700.0,1465.0,0.0,0.6546052631578947,0.9391143911439116,0.0,0.039667897,0.078874539,0.4409594095940959,0.1911134903640257,0.5342612419700214,Metro
25001015300,Massachusetts,1.0,Barnstable County,Low-Income Community,3068,32786.0,0.2933507263660431,0.079545453,222600.0,935.0,0.30239999294281,0.2341289967298507,0.7353324890136719,0.1013689711689949,0.062255543,0.1297262012958526,0.1098435446619987,0.5733519196510315,0.1253481954336166,Metro
25001990000,Massachusetts,,Barnstable County,Not Eligible,0,,,,,,,,,,,,,,,Metro
25003900100,Massachusetts,1.0,Berkshire County,Low-Income Community,3289,20310.0,0.3216374218463897,0.2290657460689544,142500.0,718.0,0.2609467506408691,0.1523595452308654,0.6725448369979858,0.086348437,0.1647917330265045,0.1772575229406356,0.1723928302526474,0.518714428,0.1493083834648132,Metro
25003900200,Massachusetts,1.0,Berkshire County,Low-Income Community,4227,28692.0,0.2192667126655578,0.1052401736378669,130900.0,781.0,0.2792674899101257,0.1026827022433281,0.7816418409347534,0.081854746,0.0489709,0.2036905586719513,0.1050390377640724,0.5270270109176636,0.1525604575872421,Metro
25003900300,Massachusetts,,Berkshire County,Low-Income Community,2693,43712.0,0.1273148208856582,0.085842408,138700.0,888.0,0.2781457006931305,0.060240965,0.8559227585792542,0.053100631,0.029335314,0.1722985506057739,0.1804678738117218,0.4164550602436065,0.1655662804841995,Metro
25003900400,Massachusetts,,Berkshire County,Low-Income Community,5224,46134.0,0.195856512,0.095611848,164000.0,792.0,0.2038690447807312,0.045734387,0.816615641,0.0474732,0.079632469,0.2630168497562408,0.1701761037111282,0.4460202753543854,0.2356005758047104,Metro
25003900500,Massachusetts,,Berkshire County,Not Eligible,3421,75929.0,0.058080808,0.0534729878721058,236900.0,877.0,0.198237885462555,0.070344828,0.919906460099386,0.020461853,0.0382928968137971,0.1613563285589009,0.267173341,0.3348382242287434,0.3852520692249812,Metro
25003900600,Massachusetts,,Berkshire County,Low-Income Community,3601,21938.0,0.3868082761764526,0.210840106,133600.0,807.0,0.3732673227787018,0.1324873119592666,0.7439600229263306,0.1699527949094772,0.0263815615326166,0.2018883675336837,0.1255206912755966,0.5854241251945496,0.1334129869937896,Metro
25003900700,Massachusetts,,Berkshire County,Non-LIC Contiguous,2781,52619.0,0.1459881067276001,0.063559324,159600.0,1022.0,0.1571428626775741,0.096036583,0.9579287767410278,0.0118662351742386,0.0201366413384675,0.163969799876213,0.2247392982244491,0.405075192451477,0.1997180432081222,Metro
25003900800,Massachusetts,,Berkshire County,Not Eligible,4777,80388.0,0.038606798,0.062178072,220200.0,1313.0,0.095588235,0.091869545,0.9579233828762822,0.007117438,0.010885493,0.1662131044588654,0.2227339334310236,0.2783278327832783,0.4702970297029702,Metro
25003900900,Massachusetts,,Berkshire County,Low-Income Community,5018,62699.0,0.1213630959391594,0.1180490851402282,203100.0,905.0,0.260450155,0.1533520668745041,0.8597050905227661,0.021522518,0.1024312451481819,0.2032682299613952,0.1420884877443313,0.3521907925605774,0.3580144345760345,Metro
25003901100,Massachusetts,,Berkshire County,Not Eligible,3516,56818.0,0.0610169491525423,0.032894737,169300.0,694.0,0.1891191709844559,0.0216718266253869,0.9112627986348124,0.014789534,0.0261660978384527,0.1348122866894198,0.2443117178612059,0.4390681003584229,0.2562724014336917,Metro
25003911100,Massachusetts,,Berkshire County,Not Eligible,3019,74519.0,0.0390857899966876,0.090136054,221900.0,994.0,0.2338308457711442,0.1661849710982658,0.9506459092414706,0.0175554819476647,0.0,0.2328585624378933,0.1480622722755879,0.298063297,0.4152102031176192,Metro
25003912100,Massachusetts,,Berkshire County,Low-Income Community,6682,55774.0,0.1112969443202018,0.069407366,186600.0,872.0,0.1858407109975814,0.1010197550058364,0.9437294006347656,0.003142772,0.0290332231670618,0.1750972718000412,0.1987428963184356,0.3090361356735229,0.3564257025718689,Metro
25003913100,Massachusetts,,Berkshire County,Not Eligible,5015,55777.0,0.07726503,0.057023644,356500.0,794.0,0.2439759036144578,0.1798347107438016,0.939581256231306,0.0113659022931206,0.0287138584247258,0.1607178464606181,0.3872382851445663,0.2639751552795031,0.5186335403726708,Metro
25003914100,Massachusetts,,Berkshire County,Not Eligible,5856,61507.0,0.1060845169209188,0.0481622306717363,239900.0,761.0,0.1434659090909091,0.2279146141215106,0.9330601092896176,0.0122950819672131,0.03159153,0.1857923497267759,0.2197745901639344,0.4,0.3288056206088993,Metro
25003920101,Massachusetts,,Berkshire County,Not Eligible,4311,73125.0,0.082963469,0.06261426,274800.0,1016.0,0.2402597402597402,0.1915776986951364,0.7954070981210856,0.0394340060310832,0.078172118,0.1709580143818139,0.1737415912781257,0.1984163949697251,0.632044714,Metro
25003920102,Massachusetts,,Berkshire County,Not Eligible,3281,72407.0,0.1583493282149712,0.065432099,368200.0,876.0,0.1932203389830508,0.2444076222038111,0.7708015848826577,0.056994819,0.063090521,0.1161231331911002,0.2371228284059738,0.2378779235596121,0.6149458071876782,Metro
25003921300,Massachusetts,,Berkshire County,Low-Income Community,4603,27863.0,0.1884958148002624,0.065098695,164800.0,631.0,0.212259829044342,0.1597981452941894,0.8687812089920044,0.0225939601659774,0.059526395,0.1151423007249832,0.1814034283161163,0.5626702904701233,0.2612397968769073,Metro
25003921400,Massachusetts,1.0,Berkshire County,Low-Income Community,1592,36231.0,0.2085427194833755,0.145916998386383,123400.0,754.0,0.3881579041481018,0.1563483774662017,0.92776382,0.005653266,0.02638191,0.1074120625853538,0.1928391903638839,0.5258215665817261,0.1721439808607101,Metro
25003921500,Massachusetts,,Berkshire County,Low-Income Community,3190,41959.0,0.1639498472213745,0.092402466,149800.0,666.0,0.1885245889425277,0.1005802676081657,0.9573667645454408,0.000940438883844763,0.0278996862471103,0.2141065895557403,0.1880877763032913,0.4491211771965027,0.2784458696842193,Metro
25003922100,Massachusetts,1.0,Berkshire County,Low-Income Community,2476,41829.0,0.1462626308202743,0.048324239,148200.0,553.0,0.2090729773044586,0.1676808595657348,0.9337641596794128,0.0141357025131583,0.023424879,0.2217285931110382,0.2136510461568832,0.4772727191448211,0.2142045497894287,Metro
25003922200,Massachusetts,,Berkshire County,Low-Income Community,3720,53304.0,0.1047952622175216,0.1044776141643524,151100.0,686.0,0.1618181765079498,0.098306939,0.9704301357269288,0.0,0.004569892,0.1682795733213424,0.1610215008258819,0.5672793984413147,0.2113970518112182,Metro
25003922300,Massachusetts,1.0,Berkshire County,Non-LIC Contiguous,2070,52569.0,0.0487922690808773,0.070638299,149600.0,732.0,0.1704545468091964,0.1160714253783226,0.9869565367698668,0.0,0.008212561,0.1826086938381195,0.1777777820825576,0.4667943716049194,0.2681992352008819,Metro
25003923100,Massachusetts,,Berkshire County,Non-LIC Contiguous,3192,58145.0,0.0485957711935043,0.089663051,198800.0,822.0,0.086956523,0.1156670749187469,0.9765037298202516,0.0,0.0206766910851001,0.1647869646549224,0.2136591523885727,0.4418509304523468,0.1912366896867752,Metro
25003924100,Massachusetts,,Berkshire County,Not Eligible,2110,56554.0,0.1029268292682926,0.047536733,426200.0,961.0,0.2297297297297297,0.4451073985680191,0.9004739336492891,0.0161137440758293,0.0279620853080568,0.1483412322274881,0.2990521327014218,0.3708807669263032,0.4218094667465548,Metro
25003925100,Massachusetts,,Berkshire County,Not Eligible,6933,56431.0,0.053712746253578,0.079249218,328700.0,936.0,0.1736111111111111,0.1816473535859693,0.8247511899610558,0.0285590653396797,0.1071686138756671,0.2006346458964373,0.2117409490840905,0.3768238528230069,0.4282089236625079,Metro
25003926100,Massachusetts,,Berkshire County,Not Eligible,3205,68603.0,0.1260530421216848,0.052140505,292200.0,883.0,0.1716417910447761,0.191108545034642,0.9875195007800311,0.00374415,0.004056162,0.1691107644305772,0.2652106084243369,0.4425171440096813,0.3432835820895522,Metro
25003931100,Massachusetts,,Berkshire County,Low-Income Community,1652,60404.0,0.091626212,0.06869369,174300.0,725.0,0.1538461595773697,0.096385539,0.9872881174087524,0.004237288,0.001815981,0.1949152499437332,0.2124697268009185,0.528678298,0.2186201214790344,Metro
25003931300,Massachusetts,,Berkshire County,Low-Income Community,1557,55417.0,0.1040051653981208,0.095238097,185300.0,888.0,0.1617647111415863,0.1370420604944229,0.894669235,0.0430314689874649,0.014771997,0.2003853619098663,0.1663455367088318,0.5730633735656738,0.1892605572938919,Metro
25003931400,Massachusetts,,Berkshire County,Not Eligible,1753,70852.0,0.073672187,0.070667957,237600.0,900.0,0.1724137931034483,0.2104097452934662,0.9577866514546493,0.005704507,0.0159726183685111,0.1677124928693668,0.1517398745008557,0.3527218493661446,0.3363161819537658,Metro
25003932200,Massachusetts,,Berkshire County,Non-LIC Contiguous,2247,72981.0,0.0578475333750247,0.066374905,259900.0,1115.0,0.041666668,0.5064229369163513,0.9479305744171144,0.013351134955883,0.0226969290524721,0.148197591304779,0.2051624357700348,0.4092427492141723,0.3418708145618438,Metro
25003932300,Massachusetts,,Berkshire County,Non-LIC Contiguous,1955,60511.0,0.064681724,0.0575022473931312,199500.0,723.0,0.2407407462596893,0.2727272808551788,0.9774935841560364,0.006138107,0.003580563,0.2092071622610092,0.1831202059984207,0.4868509769439697,0.3047876060009002,Metro
25003933200,Massachusetts,,Berkshire County,Not Eligible,1235,72386.0,0.1120196238757154,0.060162602,453900.0,979.0,0.1630434782608695,0.5362438220757826,0.9603238866396762,0.0105263157894736,0.0048583,0.134412955465587,0.3384615384615385,0.2655038759689923,0.5281007751937985,Metro
25003933300,Massachusetts,,Berkshire County,Not Eligible,1435,72321.0,0.070512821,0.054224464,364100.0,1228.0,0.25,0.3935361216730038,0.9637630662020906,0.009756098,0.0139372822299651,0.159581881533101,0.248780487804878,0.3276010318142734,0.4496990541702493,Metro
25003933400,Massachusetts,,Berkshire County,Not Eligible,2445,69306.0,0.063624948,0.067734887,274800.0,638.0,0.1376146788990825,0.5685449957947856,0.9631901840490796,0.00408998,0.0130879345603271,0.163599182,0.2408997955010225,0.3681434599156118,0.3359704641350211,Metro
25003934200,Massachusetts,,Berkshire County,Not Eligible,1194,69167.0,0.04614094,0.0129682997118155,333700.0,1219.0,0.2352941176470588,0.3790697674418604,0.8458961474036851,0.0175879396984924,0.0175879396984924,0.1499162479061976,0.2680067001675041,0.2659019812304484,0.4817518248175182,Metro
25003934300,Massachusetts,,Berkshire County,Not Eligible,1776,67156.0,0.0512387387387387,0.040275049,397700.0,1047.0,0.2307692307692307,0.4312114989733059,0.9239864864864864,0.0247747747747747,0.018018018018018,0.1238738738738738,0.3192567567567567,0.2374581939799331,0.5411371237458193,Metro
25003935100,Massachusetts,,Berkshire County,Not Eligible,2486,79091.0,0.049919485,0.0583456425406203,367900.0,1133.0,0.1167883211678832,0.3869288606130711,0.9517296862429606,0.010056315,0.008849558,0.1524537409493161,0.2634754625905068,0.3034274193548387,0.4430443548387097,Metro
25003935200,Massachusetts,,Berkshire County,Low-Income Community,5085,53365.0,0.1693913787603378,0.068627454,172700.0,885.0,0.1912144720554351,0.051270417869091,0.8967551589012146,0.006686332,0.040511306,0.2375614494085312,0.1958702057600021,0.3852075934410095,0.2513060271739959,Metro
25003935300,Massachusetts,1.0,Berkshire County,Low-Income Community,3941,31563.0,0.2017749994993209,0.1699239909648895,136900.0,698.0,0.3197115361690521,0.1686046570539474,0.878457248,0.009642223,0.0355239771306514,0.1862471401691436,0.202994167804718,0.5189785957336426,0.2129054516553878,Metro
25005600100,Massachusetts,,Bristol County,Not Eligible,4022,80000.0,0.046529763,0.04968339,327500.0,1105.0,0.1715976331360946,0.0201511335012594,0.9119840875186476,0.0206364992541024,0.020885132,0.2262555942317255,0.1954251616111387,0.2697254084115398,0.4483837330552659,Metro
25005600202,Massachusetts,,Bristol County,Not Eligible,4922,76068.0,0.0308817553839902,0.1139325091881055,272200.0,1383.0,0.3505154639175257,0.046066253,0.8563592035757822,0.068468102,0.0219422998780983,0.2147501015847216,0.1430312880942706,0.3310580204778157,0.3728668941979522,Metro
25005600203,Massachusetts,,Bristol County,Not Eligible,5644,127344.0,0.021793055,0.028571429,423100.0,,0.5,0.0345360824742268,0.9273564847625796,0.0193125442948263,0.041459957,0.255846917080085,0.1458185683912119,0.2160021124900977,0.5270662793768154,Metro
25005600204,Massachusetts,,Bristol County,Not Eligible,3894,112250.0,0.074216744,0.051674246,381500.0,1608.0,0.3459459459459459,0.032012195,0.8574730354391371,0.081664099,0.009758603,0.256291730868002,0.1127375449409347,0.2178792569659442,0.5305727554179567,Metro
25005610100,Massachusetts,,Bristol County,Not Eligible,5455,83006.0,0.0188817598533455,0.086968156,287700.0,1173.0,0.032166509,0.074058219,0.8595783684692943,0.02548121,0.047112741,0.2076993583868011,0.06507791,0.2672457843638222,0.4407256004087889,Metro
25005610202,Massachusetts,,Bristol County,Not Eligible,5511,127679.0,0.02350583090379,0.0554870530209617,406000.0,1785.0,0.102127659574468,0.047297297,0.9310469969152604,0.0148793322446017,0.0244964616222101,0.2756305570676828,0.094356741,0.1945558739255014,0.5404011461318051,Metro
25005610203,Massachusetts,,Bristol County,Not Eligible,6777,111647.0,0.0277818826658785,0.069928279,384100.0,1189.0,0.2454212454212454,0.0162323793250747,0.8570163789287295,0.029659141212926,0.028036004,0.2548325217647927,0.1420982735723771,0.1916939890710382,0.5984699453551913,Metro
25005610204,Massachusetts,,Bristol County,Not Eligible,5872,103870.0,0.033178614,0.089285714,433600.0,1097.0,0.1392757660167131,0.043457267,0.8591621253405994,0.0102179836512261,0.045640327,0.3022820163487738,0.061989101,0.1997819569364949,0.5587353502316708,Metro
25005611101,Massachusetts,,Bristol County,Not Eligible,4531,94939.0,0.048387097,0.06931435,347900.0,1419.0,0.1564885496183206,0.1116666666666666,0.947914367689252,0.003310527,0.005296844,0.2279849922754359,0.1392628558817038,0.3069948186528497,0.3876295336787564,Metro
25005611102,Massachusetts,,Bristol County,Not Eligible,5340,106250.0,0.1191196698762035,0.054403264,341900.0,770.0,0.067708333,0.018278751,0.8711610486891386,0.03258427,0.041385768,0.1374531835205992,0.087453184,0.2853782830262642,0.4116032928263426,Metro
25005611201,Massachusetts,,Bristol County,Not Eligible,2943,87404.0,0.071380014,0.0319025522041763,306600.0,1250.0,0.1263157894736842,0.0197433366238894,0.9531090723751274,0.009174312,0.0166496772001359,0.2881413523615359,0.099898063,0.271474019,0.4162248144220573,Metro
25005611202,Massachusetts,,Bristol County,Not Eligible,6595,92893.0,0.036,0.044614247,300100.0,1352.0,0.0,0.017324738,0.9593631539044732,0.008036391,0.0,0.1960576194086429,0.1300985595147839,0.379107726,0.3701849836779107,Metro
25005612100,Massachusetts,,Bristol County,Not Eligible,4695,97355.0,0.082142095,0.044247788,328100.0,1025.0,0.241860465116279,0.059210526,0.9252396166134186,0.0004259850905218317,0.0193823216187433,0.232800851970181,0.1478168264110756,0.3658461538461538,0.3750769230769231,Metro
25005612200,Massachusetts,,Bristol County,Not Eligible,9004,83259.0,0.070936406,0.084865076,316600.0,1365.0,0.2641083521444695,0.0308208727494659,0.841737006,0.058196357,0.0223234118169702,0.2357840959573522,0.16248334073745,0.3610113937880443,0.3454034649601998,Metro
25005613100,Massachusetts,,Bristol County,Not Eligible,6806,65625.0,0.0492212753452835,0.0623409669211195,225900.0,959.0,0.098455598,0.045145109,0.9196297384660592,0.053335292,0.016602997,0.174845724360858,0.1575080811049074,0.4824614151132491,0.2365203447584686,Metro
25005613300,Massachusetts,,Bristol County,Not Eligible,7151,71847.0,0.077894438,0.042010309,253300.0,1536.0,0.293859649122807,0.0,0.9100825059432248,0.0260103482030485,0.037896798,0.2075234232974409,0.1714445532093413,0.4009182736455464,0.2809917355371901,Metro
25005613400,Massachusetts,,Bristol County,Not Eligible,3447,75096.0,0.077661431,0.076578817,275600.0,1379.0,0.5180722891566265,0.079528719,0.930664346,0.0124746156077748,0.042935886,0.2172903974470554,0.1174934725848564,0.4255055716054478,0.2971522905489063,Metro
25005613600,Massachusetts,,Bristol County,Low-Income Community,3930,40833.0,0.1850025951862335,0.088760503,230100.0,893.0,0.2811917960643768,0.059098888,0.8002544641494751,0.060305342,0.077862598,0.2030534297227859,0.1318066120147705,0.576786995,0.1380042433738708,Metro
25005613700,Massachusetts,,Bristol County,Low-Income Community,4263,45348.0,0.1434567868709564,0.1121839061379432,223800.0,875.0,0.190476194,0.075711384,0.8590194582939148,0.0581749938428401,0.050668545,0.1813277006149292,0.2040816396474838,0.5646148920059204,0.1630679965019226,Metro
25005613800,Massachusetts,1.0,Bristol County,Low-Income Community,4564,34207.0,0.2245772331953048,0.1139940470457077,221300.0,887.0,0.1782477349042892,0.097997442,0.8227432370185852,0.059377737,0.069456615,0.2160385698080063,0.1411042958498001,0.5903803706169128,0.098711096,Metro
25005613901,Massachusetts,,Bristol County,Low-Income Community,2743,39637.0,0.1984620988368988,0.05169867,211000.0,897.0,0.1948051899671554,0.1196646317839622,0.7692307829856873,0.1265038251876831,0.084578931,0.217644914984703,0.155304417,0.5592464208602905,0.1492315381765365,Metro
25005613902,Massachusetts,,Bristol County,Not Eligible,5235,63491.0,0.1076009955964005,0.085099338,232800.0,1000.0,0.3459821428571428,0.092181467,0.8737344794651385,0.0578796561604584,0.0399235912129894,0.20286533,0.1814708691499522,0.4833690987124464,0.1984978540772532,Metro
25005614000,Massachusetts,,Bristol County,Low-Income Community,4606,39653.0,0.2928104698657989,0.0922473,241600.0,864.0,0.3108772039413452,0.072937623,0.5942249298095703,0.1163699552416801,0.1693443357944488,0.2609639465808868,0.09335649,0.566756546,0.1318273842334747,Metro
25005614101,Massachusetts,,Bristol County,Non-LIC Contiguous,6918,54258.0,0.1062445789575576,0.081719287,219900.0,1091.0,0.2830357253551483,0.069751382,0.7509396076202393,0.1454177498817443,0.060566638,0.2116218507289886,0.1238797307014465,0.5324618816375732,0.1564270108938217,Metro
25005614102,Massachusetts,,Bristol County,Not Eligible,6841,90236.0,0.053647128,0.048616125,256700.0,767.0,0.2822085889570552,0.075820445,0.927788335,0.0121327291331676,0.038152316912732,0.1751205964040345,0.1647419967840959,0.4693752552062066,0.2664352797060024,Metro
25005615100,Massachusetts,,Bristol County,Not Eligible,7320,92818.0,0.0387159,0.064788054,318400.0,647.0,0.0530612244897959,0.068064753,0.9371584699453552,0.0244535519125683,0.009836066,0.2222677595628415,0.1419398907103825,0.430984274898078,0.2840225198990487,Metro
25005616100,Massachusetts,,Bristol County,Not Eligible,6589,95186.0,0.0457585892368501,0.0549872122762148,339800.0,,0.1559633027522936,0.008130081,0.9705569889209288,0.00030353619669145547,0.0157838822279556,0.2349370162391865,0.098345728,0.3884038504589209,0.3022162525184688,Metro
25005617101,Massachusetts,,Bristol County,Not Eligible,5078,99213.0,0.04612286,0.0367751060820367,331000.0,1390.0,0.2590909090909091,0.040023895,0.961599055,0.001575423,0.0143757384797164,0.227451753,0.1356833398975974,0.4320156994673395,0.3097841323240818,Metro
25005617102,Massachusetts,,Bristol County,Not Eligible,4033,80953.0,0.035052579,0.054606086,303700.0,1030.0,0.0,0.1030729833546734,0.9176791470369452,0.003471361,0.0218199851227374,0.2177039424745847,0.157451029010662,0.4947515745276417,0.2298810356892932,Metro
25005630101,Massachusetts,1.0,Bristol County,Low-Income Community,2664,61250.0,0.1067119166254997,0.049212597,252700.0,1001.0,0.1686390489339828,0.1181959584355354,0.7563813924789429,0.032282281666994,0.079579577,0.2376126199960708,0.1107357367873191,0.420423687,0.338403046131134,Metro
25005630102,Massachusetts,1.0,Bristol County,Low-Income Community,4371,54550.0,0.096485019,0.1206011697649955,213200.0,958.0,0.071193866,0.082924433,0.8840082287788391,0.032029282,0.0251658651977777,0.1956074088811874,0.1226264014840126,0.4356938600540161,0.254684031009674,Metro
25005630200,Massachusetts,,Bristol County,Not Eligible,8034,112759.0,0.056260891,0.0492217080353386,355100.0,1173.0,0.2465277777777778,0.036616624,0.87403535,0.0189195917351257,0.073313418,0.2762011451331839,0.1081652974856858,0.2669093696110366,0.4422303123203679,Metro
25005630300,Massachusetts,,Bristol County,Not Eligible,9003,93160.0,0.053426636,0.064729459,353800.0,794.0,0.068093385,0.0501310615989515,0.8685993557702988,0.040097745,0.0282128179495723,0.2764634010885261,0.1102965678107297,0.26171875,0.4499289772727273,Metro
25005630400,Massachusetts,,Bristol County,Not Eligible,4873,83125.0,0.036389803,0.04088586,332800.0,1031.0,0.05360134,0.075453677,0.8904165811615021,0.0262671865380668,0.00943977,0.20788015596142,0.1282577467679047,0.2836959593105397,0.4504097202599604,Metro
25005631100,Massachusetts,,Bristol County,Not Eligible,8089,61273.0,0.084582043,0.06964842,224500.0,1143.0,0.2252141982864137,0.075278266,0.818024478,0.0442576338237112,0.09148226,0.2299418964025219,0.1626900729385585,0.4348907443595665,0.259904068,Metro
25005631200,Massachusetts,,Bristol County,Not Eligible,7443,90182.0,0.063609467,0.085835895,299800.0,438.0,0.068313953,0.0171673819742489,0.8755878006180303,0.0146446325406422,0.0411124546553808,0.2455998925164584,0.124546553808948,0.3566352986364509,0.3520261186863837,Metro
25005631300,Massachusetts,,Bristol County,Not Eligible,5132,83209.0,0.048519096,0.0510102683007618,309000.0,1060.0,0.2539473684210526,0.018295619,0.9384255650818394,0.004481684,0.0130553390491036,0.2116134060795011,0.1397116134060795,0.2793823277094652,0.3846153846153846,Metro
25005631400,Massachusetts,,Bristol County,Low-Income Community,2882,35393.0,0.3546797931194305,0.151114210486412,237000.0,1018.0,0.3966421782970428,0.1407942175865173,0.7814018130302429,0.0190839692950248,0.1301179677248001,0.2310895174741745,0.099236645,0.6385855674743652,0.1430057138204574,Metro
25005631500,Massachusetts,,Bristol County,Low-Income Community,2826,64742.0,0.1461429595947265,0.1273996531963348,236800.0,1156.0,0.2978303730487823,0.1508972197771072,0.9016277194023132,0.056617126,0.027246993,0.2324840724468231,0.107572541,0.5275132060050964,0.2365079373121261,Metro
25005631600,Massachusetts,,Bristol County,Low-Income Community,4052,58831.0,0.1357270181179046,0.091903716,222400.0,943.0,0.1806451678276062,0.064078867,0.6078479886054993,0.088351429,0.1739881485700607,0.2440769970417022,0.1034057289361953,0.4580792784690857,0.1894054859876632,Metro
25005631700,Massachusetts,,Bristol County,Not Eligible,6476,87022.0,0.072724379,0.049365692,299600.0,875.0,0.1263537906137184,0.077242525,0.823656578,0.0339715873996294,0.068097591,0.2683755404570723,0.1525633106856084,0.2665773610180844,0.4375976780531369,Metro
25005631800,Massachusetts,,Bristol County,Not Eligible,7221,67413.0,0.1025895004952596,0.052618328,278100.0,1019.0,0.2235401459854014,0.042800265,0.8875502008032129,0.05151641,0.0177260767206758,0.2294696025481235,0.151502561972026,0.3566139683810286,0.3362017210326196,Metro
25005632100,Massachusetts,,Bristol County,Not Eligible,6997,85074.0,0.036730027,0.078771365,284700.0,1267.0,0.1338582677165354,0.0402384500745156,0.9348292125196512,0.002000858,0.0305845362298127,0.1893668715163641,0.181506359868515,0.3473566641846612,0.3427029039463887,Metro
25005632200,Massachusetts,,Bristol County,Not Eligible,7656,77435.0,0.079284222,0.050055866,326500.0,1076.0,0.2861952861952861,0.041082803,0.967607106,0.002089864,0.0121473354231974,0.2183908045977011,0.1650992685475444,0.3595505617977528,0.35212033345415,Metro
25005633100,Massachusetts,,Bristol County,Not Eligible,5598,83897.0,0.035310988,0.0494782901380006,357300.0,1178.0,0.1137724550898203,0.069486405,0.948195784208646,0.002322258,0.016791711,0.2449088960342979,0.1373704894605216,0.2950377562028047,0.3851132686084142,Metro
25005633200,Massachusetts,,Bristol County,Not Eligible,6316,92259.0,0.0204989671063085,0.027798278,324400.0,981.0,0.0,0.069271758,0.9395186827105764,0.0109246358454718,0.007283091,0.1961684610512983,0.1106713109563014,0.2739948872879386,0.372995584,Metro
25005640100,Massachusetts,,Bristol County,Low-Income Community,4865,41995.0,0.1889391392469406,0.1574981212615966,227400.0,736.0,0.2009615451097488,0.0748422,0.8483042120933533,0.0,0.099280573,0.1942446082830429,0.1027749255299568,0.5985066294670105,0.1372774243354797,Metro
25005640200,Massachusetts,,Bristol County,Low-Income Community,5927,27917.0,0.2741373181343078,0.1934503763914108,207400.0,688.0,0.288152128458023,0.1281968206167221,0.8063101172447205,0.0177155397832393,0.1287329196929931,0.1656824648380279,0.1963894069194793,0.6928490400314331,0.1073779761791229,Metro
25005640300,Massachusetts,,Bristol County,Low-Income Community,3975,29833.0,0.2430188655853271,0.1229086220264434,222700.0,500.0,0.2884615361690521,0.052189562,0.6913207769393921,0.0316981114447116,0.1828930824995041,0.2686792314052582,0.1386163532733917,0.7300319671630859,0.079872206,Metro
25005640400,Massachusetts,,Bristol County,Low-Income Community,2667,37000.0,0.1618867963552475,0.1419705152511596,221200.0,622.0,0.2334869503974914,0.1967930048704147,0.8860142230987549,0.0183727033436298,0.060367454,0.2110986113548278,0.1263592094182968,0.6026666760444641,0.1861333400011062,Metro
25005640500,Massachusetts,,Bristol County,Low-Income Community,5256,41470.0,0.1792183071374893,0.1728012412786483,222600.0,768.0,0.2541613280773163,0.1203987747430801,0.759132445,0.007800609,0.1246194839477539,0.1402207016944885,0.1777016669511795,0.5951722264289856,0.1272315829992294,Metro
25005640600,Massachusetts,,Bristol County,Low-Income Community,4452,36750.0,0.1788470298051834,0.078846157,221500.0,757.0,0.2424722611904144,0.1386654078960418,0.8005390763282776,0.018418688,0.1075920909643173,0.2212488800287246,0.10579514503479,0.6378559470176697,0.1112227812409401,Metro
25005640700,Massachusetts,,Bristol County,Low-Income Community,2924,44940.0,0.1604810953140258,0.1326666623353958,221000.0,915.0,0.286868691,0.086206898,0.902188778,0.040013678,0.0136798908933997,0.2028043717145919,0.1535567641258239,0.5962441563606262,0.1159624382853508,Metro
25005640800,Massachusetts,,Bristol County,Low-Income Community,3962,40636.0,0.1446239203214645,0.062274367,230100.0,664.0,0.2210708111524582,0.1244472488760948,0.8001009821891785,0.018425038,0.075719334,0.1923271119594574,0.1256940960884094,0.6495916843414307,0.1013363003730773,Metro
25005640901,Massachusetts,,Bristol County,Low-Income Community,5420,26617.0,0.3319702744483948,0.1423714458942413,211800.0,762.0,0.3147295713424682,0.1213782280683517,0.7223247289657593,0.042435423,0.1800737977027893,0.2717712223529815,0.1636531352996826,0.6933413147926331,0.054045983,Metro
25005641000,Massachusetts,,Bristol County,Low-Income Community,2219,19255.0,0.372239738702774,0.1351025402545929,190300.0,625.0,0.2492917776107788,0.1418969333171844,0.8287516832351685,0.013519604,0.084272198,0.1829652935266494,0.2212708443403244,0.7219153046607971,0.0570902377367019,Metro
25005641101,Massachusetts,1.0,Bristol County,Low-Income Community,1647,16660.0,0.3275326192378998,0.1575757563114166,206400.0,603.0,0.3008849620819092,0.1897565126419067,0.6369156241416931,0.1092896163463592,0.1536126285791397,0.1627200990915298,0.3600485622882843,0.6405228972434998,0.1184640526771545,Metro
25005641200,Massachusetts,1.0,Bristol County,Low-Income Community,3228,29938.0,0.3529411852359772,0.080892608,211600.0,702.0,0.2527216076850891,0.06653747,0.7620818018913269,0.0483271367847919,0.073420078,0.2478314787149429,0.1118339523673057,0.6442577242851257,0.091970123,Metro
25005641300,Massachusetts,,Bristol County,Low-Income Community,5322,24375.0,0.3939394056797027,0.1907261610031128,219200.0,671.0,0.2373051792383194,0.079109065,0.6009019017219543,0.1048478037118911,0.1661029756069183,0.2829763293266296,0.098647125,0.6837580800056458,0.0439054332673549,Metro
25005641400,Massachusetts,,Bristol County,Low-Income Community,2429,26601.0,0.263071209,0.2155576348304748,229500.0,690.0,0.2764537632465362,0.1529160737991333,0.8209139704704285,0.0,0.1292712986469268,0.1832029670476913,0.2033758759498596,0.7553008794784546,0.052722063,Metro
25005641500,Massachusetts,,Bristol County,Low-Income Community,2165,38625.0,0.1538106203079223,0.052320674,254200.0,740.0,0.1815718114376068,0.1695583611726761,0.8397228717803955,0.0217090062797069,0.057274826,0.1875288635492324,0.1782909929752349,0.6593272089958191,0.095412843,Metro
25005641600,Massachusetts,,Bristol County,Low-Income Community,1986,40645.0,0.1213494464755058,0.072693385,205800.0,938.0,0.2272727340459823,0.1746880561113357,0.8841893076896667,0.086606242,0.0125881172716617,0.1948640495538711,0.1591137945652008,0.6029618978500366,0.2115655839443206,Metro
25005641700,Massachusetts,,Bristol County,Low-Income Community,5232,50256.0,0.1212362945079803,0.1378669589757919,229800.0,696.0,0.2768850326538086,0.082949311,0.8482415676116943,0.069954127,0.050076451152563,0.2175076454877853,0.1594036668539047,0.5384829640388489,0.2537646293640136,Metro
25005641800,Massachusetts,,Bristol County,Non-LIC Contiguous,2234,51373.0,0.1449341177940368,0.098287418,249700.0,823.0,0.1777003556489944,0.1233269572257995,0.8451208472251892,0.045210384,0.0581915862858295,0.1696508526802063,0.1056401059031486,0.5009734034538269,0.1966255605220794,Metro
25005641900,Massachusetts,,Bristol County,Low-Income Community,2158,31431.0,0.2279888838529586,0.1761612594127655,191800.0,728.0,0.2195121943950653,0.1977528035640716,0.7052826881408691,0.062094532,0.1237256750464439,0.2233549654483795,0.1246524527668953,0.5963488817214966,0.1615956723690033,Metro
25005642000,Massachusetts,1.0,Bristol County,Low-Income Community,3048,23359.0,0.3582677245140075,0.1822955757379531,238100.0,652.0,0.2337662279605865,0.1285362839698791,0.5787401795387268,0.1348425149917602,0.2004593163728714,0.2329396307468414,0.1118766367435455,0.7124183177947998,0.1030668690800666,Metro
25005642100,Massachusetts,,Bristol County,Low-Income Community,4047,47105.0,0.2127501815557479,0.059760958,229600.0,1017.0,0.2630288302898407,0.07692308,0.7988633513450623,0.033358041,0.1030392870306968,0.1509760320186615,0.2033605128526687,0.5629605054855347,0.1788345575332641,Metro
25005642200,Massachusetts,,Bristol County,Low-Income Community,3953,41042.0,0.2594501674175262,0.1078184098005294,248700.0,776.0,0.2143927961587906,0.086287625,0.7584113478660583,0.032633442,0.110043004,0.2001011818647384,0.2383000254631042,0.6072701215744019,0.132216677,Metro
25005642300,Massachusetts,,Bristol County,Not Eligible,2130,91221.0,0.042110358,0.062882096,278500.0,1020.0,0.303030303030303,0.047727273,0.9422535211267604,0.015962441,0.0258215962441314,0.1319248826291079,0.2502347417840375,0.3147815679233992,0.4236983842010772,Metro
25005642400,Massachusetts,,Bristol County,Low-Income Community,3144,51202.0,0.1221690624952316,0.076637827,212000.0,913.0,0.1931260228157043,0.0592383630573749,0.9395674467086792,0.0009541984763927758,0.0454834587872028,0.1972010135650634,0.1666666716337204,0.4580017626285553,0.2285587936639785,Metro
25005642500,Massachusetts,,Bristol County,Not Eligible,4512,67059.0,0.069995334,0.04605002,255500.0,1078.0,0.1341911764705882,0.062271062,0.9476950354609928,0.0152925531914893,0.019281915,0.1438386524822695,0.2052304964539007,0.4182464454976303,0.2947274881516588,Metro
25005644101,Massachusetts,,Bristol County,Not Eligible,6429,76414.0,0.070928605,0.078772082,264000.0,954.0,0.091649695,0.0172272354388843,0.9847565717841033,0.0,0.0,0.1731217918805413,0.2361175921605226,0.4393569393569393,0.2505087505087505,Metro
25005644102,Massachusetts,,Bristol County,Not Eligible,5216,78650.0,0.058282209,0.068120934,290500.0,994.0,0.1021671826625387,0.0278507619548081,0.9606978527607362,0.0005751533742331289,0.007860429,0.2118481595092024,0.1976610429447853,0.459437751004016,0.2471218206157965,Metro
25005644200,Massachusetts,1.0,Bristol County,Low-Income Community,6634,58502.0,0.086915597,0.1365691870450973,256000.0,957.0,0.1247563362121582,0.088165477,0.9645764231681824,0.007386192,0.009647272,0.1670183837413787,0.2577630281448364,0.4727799296379089,0.2160231620073318,Metro
25005645101,Massachusetts,,Bristol County,Non-LIC Contiguous,4674,70728.0,0.088767722,0.096254684,261800.0,880.0,0.1763085424900055,0.17696014046669,0.9706889390945436,0.006418485,0.009413779,0.1750106960535049,0.2201540470123291,0.4500989615917206,0.2479502409696579,Metro
25005645102,Massachusetts,,Bristol County,Not Eligible,5841,72632.0,0.0518287398162593,0.03129842,265800.0,855.0,0.0,0.0343580470162748,0.9780859441876392,0.00239685,0.0116418421503167,0.1936312275295326,0.1801061462078411,0.4577891791044776,0.216651119402985,Metro
25005645103,Massachusetts,,Bristol County,Not Eligible,5734,86042.0,0.029816104,0.0296789824348879,272200.0,950.0,0.2066420664206642,0.061251664,0.9888385071503314,0.0,0.0,0.2000348796651552,0.2221834670387164,0.4322654462242563,0.2183066361556064,Metro
25005646101,Massachusetts,,Bristol County,Not Eligible,7529,67841.0,0.0435191403626595,0.057135602,296300.0,918.0,0.1953255425709515,0.044761596,0.97410014610174,0.004914331,0.003054855,0.1928542967193518,0.2126444414928941,0.4674329501915709,0.2534209085933224,Metro
25005646103,Massachusetts,,Bristol County,Not Eligible,5488,86591.0,0.0449890270665691,0.064158549,400400.0,976.0,0.2788844621513944,0.074410163,0.9830539358600584,0.0,0.001639942,0.2020772594752186,0.1858600583090379,0.4207764952780692,0.3098111227701993,Metro
25005646104,Massachusetts,,Bristol County,Not Eligible,2736,100100.0,0.066885965,0.066045066,492300.0,1432.0,0.2605633802816901,0.3938428874734607,0.9846491228070176,0.0,0.0,0.1531432748538011,0.3618421052631579,0.1957116788321168,0.6099452554744526,Metro
25005650101,Massachusetts,,Bristol County,Non-LIC Contiguous,5708,69626.0,0.073933646,0.068244696,215100.0,949.0,0.2024169117212295,0.039816935,0.9279958009719848,0.007358094,0.016993692,0.1823756098747253,0.2252978235483169,0.5526254773139954,0.1862132847309112,Metro
25005650102,Massachusetts,,Bristol County,Low-Income Community,4986,50370.0,0.2035843729972839,0.068848759,205500.0,824.0,0.2803617715835571,0.0273069683462381,0.6995587348937988,0.046730846,0.2009626924991607,0.2671480178833008,0.1572402715682983,0.5632665157318115,0.1776847094297409,Metro
25005650201,Massachusetts,,Bristol County,Non-LIC Contiguous,3060,57568.0,0.0604575164616107,0.09398099,215500.0,925.0,0.1439588665962219,0.066066064,0.9333333373069764,0.004575164,0.012745098,0.1611111164093017,0.1624183058738708,0.4768356680870056,0.190559446811676,Metro
25005650202,Massachusetts,,Bristol County,Low-Income Community,2242,53139.0,0.1275646686553955,0.099221788,208500.0,831.0,0.070063695,0.055093557,0.8991971611976624,0.0214094556868076,0.058429975,0.2359500378370285,0.206958070397377,0.5726762413978577,0.1902682483196258,Metro
25005650300,Massachusetts,,Bristol County,Low-Income Community,3323,48225.0,0.1386018246412277,0.0372507870197296,220000.0,729.0,0.1684334576129913,0.031908106,0.7706891298294067,0.004814926,0.151068315,0.170929878950119,0.1658140271902084,0.5681102275848389,0.2649606168270111,Metro
25005650400,Massachusetts,,Bristol County,Low-Income Community,3454,38108.0,0.203596294,0.133450910449028,174000.0,858.0,0.3333333432674408,0.1453325897455215,0.8077591061592102,0.038506079,0.089751013,0.2162709832191467,0.1496815234422683,0.7298319339752197,0.076890759,Metro
25005650500,Massachusetts,,Bristol County,Low-Income Community,3158,43947.0,0.1890437006950378,0.120972641,194500.0,811.0,0.2109004706144333,0.1241655573248863,0.7973400950431824,0.0535148829221725,0.110196329653263,0.2286257147789001,0.1038632020354271,0.591460645,0.092584267,Metro
25005650600,Massachusetts,,Bristol County,Low-Income Community,2766,23929.0,0.3622559607028961,0.083050847,198700.0,795.0,0.3613074123859405,0.1064425781369209,0.5491684675216675,0.1015907451510429,0.3308025896549225,0.2378886491060257,0.1597975343465805,0.6967418789863586,0.089223057,Metro
25005650700,Massachusetts,,Bristol County,Low-Income Community,2267,32383.0,0.3604960143566131,0.1173835098743438,167500.0,792.0,0.3728129267692566,0.1766409277915954,0.41420379281044,0.0224966909736394,0.5368328094482422,0.2924569845199585,0.07807675,0.7483540773391724,0.0526700802147388,Metro
25005650800,Massachusetts,,Bristol County,Low-Income Community,3768,27366.0,0.3624196946620941,0.070343278,175300.0,766.0,0.1611665338277816,0.1226252168416976,0.5793524384498596,0.093683653,0.2661889493465423,0.2468152940273285,0.1165074333548545,0.810441792,0.05060241,Metro
25005650900,Massachusetts,,Bristol County,Low-Income Community,2949,27532.0,0.3736859858036041,0.1591569781303405,184900.0,504.0,0.2082352936267852,0.045689654,0.3841980397701263,0.094947442,0.3981010615825653,0.3492709398269653,0.088843673,0.597048819,0.1163450628519058,Metro
25005651001,Massachusetts,,Bristol County,Non-LIC Contiguous,2983,35469.0,0.1828108429908752,0.078114912,238300.0,927.0,0.2100977152585983,0.0212598424404859,0.7214213609695435,0.033523299,0.0616828687489032,0.1448206454515457,0.2366744875907898,0.451644092798233,0.1808510571718216,Metro
25005651002,Massachusetts,,Bristol County,Low-Income Community,3706,61088.0,0.1560123860836029,0.089361705,204200.0,814.0,0.1004098355770111,0.0519897304475307,0.6880733966827393,0.064490013,0.168645442,0.2334052920341491,0.1799784153699875,0.4310077428817749,0.231395348906517,Metro
25005651100,Massachusetts,,Bristol County,Low-Income Community,4369,30789.0,0.3202764987945556,0.1303219050168991,179800.0,738.0,0.3366159498691559,0.1198721379041671,0.5555046796798706,0.06408789,0.2973220348358154,0.2925154566764831,0.1364156603813171,0.6219959259033203,0.1054989844560623,Metro
25005651200,Massachusetts,1.0,Bristol County,Low-Income Community,2110,33875.0,0.4480769336223602,0.1553062945604324,151900.0,952.0,0.267123282,0.1836306452751159,0.4635071158409118,0.084834121,0.3488151729106903,0.1957345902919769,0.064454973,0.6536827087402344,0.1140226647257804,Metro
25005651300,Massachusetts,1.0,Bristol County,Low-Income Community,1991,22500.0,0.3230112195014953,0.2114649713039398,169300.0,761.0,0.3798449635505676,0.2069279849529266,0.5394273996353149,0.1155198365449905,0.1717729717493057,0.1803113967180252,0.1431441456079483,0.5625,0.1798611134290695,Metro
25005651400,Massachusetts,,Bristol County,Low-Income Community,3289,33832.0,0.2704706788063049,0.098251961,199600.0,814.0,0.2582056820392608,0.0282608699053525,0.6135603785514832,0.070234112,0.1672240793704986,0.2283368855714798,0.1295226514339447,0.6045976877212524,0.1250574737787246,Metro
25005651500,Massachusetts,,Bristol County,Low-Income Community,3056,42255.0,0.1636423617601394,0.1259259283542633,159100.0,635.0,0.1966205835342407,0.064017661,0.4237565398216247,0.1083115190267562,0.2509816884994507,0.251963347,0.1560863852500915,0.5888833403587341,0.146219328045845,Metro
25005651600,Massachusetts,,Bristol County,Low-Income Community,3991,51733.0,0.1257830113172531,0.1305130571126938,170600.0,920.0,0.1705539375543594,0.0602200329303741,0.529441237,0.081433222,0.1743923872709274,0.2144825905561447,0.1227762475609779,0.4801727533340454,0.2202591300010681,Metro
25005651700,Massachusetts,,Bristol County,Low-Income Community,2372,24920.0,0.334562212,0.017441861,196600.0,657.0,0.1837500035762787,0.1088495552539825,0.3216694891452789,0.2280775755643844,0.2377740293741226,0.2124789208173751,0.1593591868877411,0.5749414563179016,0.2014051526784896,Metro
25005651800,Massachusetts,1.0,Bristol County,Low-Income Community,1916,13337.0,0.5208768248558044,0.07060755,225000.0,471.0,0.342857152223587,0.1127933412790298,0.5788100361824036,0.1325678527355194,0.1445720195770263,0.1722338199615478,0.2839248478412628,0.5656077265739441,0.2127071768045425,Metro
25005651900,Massachusetts,1.0,Bristol County,Low-Income Community,1753,22593.0,0.3120365142822265,0.2149877101182937,187500.0,587.0,0.2106060534715652,0.1081081107258796,0.300057054,0.1568739265203476,0.2276098132133484,0.2270393669605255,0.1386195123195648,0.6770133972167969,0.076342285,Metro
25005652000,Massachusetts,,Bristol County,Low-Income Community,2630,34405.0,0.246928259730339,0.080977842,193300.0,865.0,0.3365231156349182,0.1140065118670463,0.5885931849479675,0.074524716,0.1996197700500488,0.2239543795585632,0.1779467612504959,0.6096112132072449,0.1187904998660087,Metro
25005652100,Massachusetts,,Bristol County,Low-Income Community,2785,48722.0,0.1256732493638992,0.09205021,228700.0,909.0,0.2673469483852386,0.1241935491561889,0.7490125894546509,0.0229802504181861,0.1529622972011566,0.2050269246101379,0.1719928234815597,0.5682556629180908,0.2101841866970062,Metro
25005652200,Massachusetts,,Bristol County,Not Eligible,2953,70410.0,0.0349083215796897,0.06936771,227700.0,953.0,0.2297872340425532,0.069354839,0.9089061970877074,0.0237047070775482,0.015916018,0.1625465628174737,0.2316288520149001,0.410351201478743,0.3354898336414048,Metro
25005652300,Massachusetts,,Bristol County,Low-Income Community,2914,40788.0,0.3061084449291229,0.096659556,215000.0,765.0,0.21072319149971,0.029618083,0.7254632711410522,0.025394646,0.1372683644294738,0.2275222986936569,0.1352093368768692,0.7125067710876465,0.1472658365964889,Metro
25005652400,Massachusetts,,Bristol County,Low-Income Community,2669,34643.0,0.1903853565454483,0.2314112335443496,195000.0,743.0,0.234979972243309,0.1029641181230545,0.720869243,0.0198576245456933,0.158486321568489,0.2251779735088348,0.1457474678754806,0.6744060516357422,0.090172783,Metro
25005652500,Massachusetts,,Bristol County,Low-Income Community,2663,28305.0,0.3855787515640259,0.1073883175849914,199600.0,805.0,0.2706185579299927,0.1276238411664962,0.5771685838699341,0.070597067,0.1896357536315918,0.268494189,0.084866695,0.6716507077217102,0.1369617283344268,Metro
25005652600,Massachusetts,,Bristol County,Low-Income Community,2768,30000.0,0.3735465109348297,0.1335559338331222,129900.0,738.0,0.1970705687999725,0.2000000029802322,0.4089595377445221,0.0289017334580421,0.4974710941314697,0.3052745759487152,0.072615609,0.7478890419006348,0.083232813,Metro
25005652700,Massachusetts,,Bristol County,Low-Income Community,3353,21571.0,0.3244855403900146,0.1101694926619529,182600.0,646.0,0.3255269229412079,0.1297327429056167,0.5338503122329712,0.053981509,0.3039069473743438,0.2326274961233139,0.1255591958761215,0.7105871438980103,0.056403145,Metro
25005652800,Massachusetts,,Bristol County,Low-Income Community,3036,58675.0,0.094545454,0.078805968,230200.0,787.0,0.1120000034570694,0.063157894,0.9219367504119872,0.034255598,0.037878789,0.1587615311145782,0.1923583596944809,0.508905828,0.2849872708320617,Metro
25005653101,Massachusetts,,Bristol County,Low-Income Community,6446,65777.0,0.1385767757892608,0.1232835799455642,270900.0,640.0,0.2132435441017151,0.090752244,0.8954390287399292,0.003257834,0.0345950983464717,0.1960905939340591,0.2249457091093063,0.4633991122245788,0.2811372876167297,Metro
25005653102,Massachusetts,,Bristol County,Not Eligible,5895,85257.0,0.039439089,0.094109195,360500.0,1299.0,0.2065217391304347,0.0107166778298727,0.8800678541136556,0.0249363867684478,0.043765903,0.1699745547073791,0.083969466,0.5360294117647059,0.2017156862745098,Metro
25005653203,Massachusetts,,Bristol County,Non-LIC Contiguous,4952,60099.0,0.084965974,0.0353136695921421,252800.0,1096.0,0.2410147935152053,0.004038365,0.9228594303131104,0.001009693,0.015549273,0.1563004851341247,0.2796849906444549,0.5511363744735718,0.2107437998056411,Metro
25005653204,Massachusetts,,Bristol County,Not Eligible,3131,68676.0,0.07181789,0.0405479452054794,307500.0,1044.0,0.090909091,0.0279776179056754,0.8821462791440434,0.006068349,0.021718301,0.1887575854359629,0.1986585755349728,0.4328358208955223,0.297228145,Metro
25005653301,Massachusetts,,Bristol County,Not Eligible,5182,56250.0,0.066782474,0.077796468,387400.0,639.0,0.3161189358372457,0.0935787,0.9166345040524894,0.006754149,0.00270166,0.1821690467001157,0.3305673485140872,0.3421052631578947,0.4642502482621648,Metro
25005653304,Massachusetts,,Bristol County,Not Eligible,3217,94583.0,0.031706559,0.096164536,446800.0,1158.0,0.065088757,0.2445316881660123,0.9847684177805408,0.003730183,0.0,0.1513832763444202,0.2502331364625427,0.2782608695652174,0.4541501976284585,Metro
25005654100,Massachusetts,,Bristol County,Not Eligible,6858,80365.0,0.030432226,0.078883495,297300.0,773.0,0.1818181818181818,0.0309084055785902,0.9343832020997376,0.0,0.001312336,0.1743948673082531,0.1781860600758238,0.5188359577436715,0.2240382698823998,Metro
25005654200,Massachusetts,,Bristol County,Low-Income Community,3556,58698.0,0.072737686,0.0540540553629398,225500.0,760.0,0.125,0.0381679385900497,0.908605158,0.0005624297191388905,0.044150732,0.1782902181148529,0.1971316039562225,0.5884645581245422,0.155884638428688,Metro
25005655100,Massachusetts,,Bristol County,Not Eligible,4283,76521.0,0.036992263,0.043066322,287800.0,921.0,0.0267175572519083,0.055995131,0.9661452253093626,0.001167406,0.007237917,0.1933224375437777,0.2021947233247723,0.4402295186483901,0.3076187440229518,Metro
25005655200,Massachusetts,,Bristol County,Low-Income Community,4752,47589.0,0.1417475789785385,0.025162689,245300.0,654.0,0.2992700636386871,0.031837918,0.7754629850387573,0.002525253,0.046717170625925,0.2245370298624038,0.2129629701375961,0.4365952610969543,0.2486971616744995,Metro
25005655300,Massachusetts,1.0,Bristol County,Non-LIC Contiguous,3332,44107.0,0.097416744,0.0561134070158004,263500.0,745.0,0.1987704932689666,0.04398625344038,0.9144657850265504,0.004201681,0.013805522583425,0.1842737048864364,0.2085834294557571,0.4133170843124389,0.2736500203609466,Metro
25005655400,Massachusetts,,Bristol County,Not Eligible,3711,67300.0,0.093236324,0.08421537,263500.0,1243.0,0.2291021671826625,0.2141219624025676,0.981945567232552,0.0,0.002425222,0.1320398814335758,0.2581514416599299,0.3885157824042982,0.3415043653458697,Metro
25005985500,Massachusetts,,Bristol County,Not Eligible,5732,82222.0,0.080775444,0.068655759,340100.0,1180.0,0.081632653,0.1157495256166983,0.7637822749476623,0.1088625261688764,0.052512212,0.0448360083740404,0.037159805,0.5038986354775828,0.2787524366471735,Metro
25005985600,Massachusetts,,Bristol County,Not Eligible,5288,113456.0,0.0317506554034372,0.0552016985138004,449500.0,1432.0,0.077253219,0.039556962,0.8903177004538578,0.040090771558245,0.041603631,0.166036308623298,0.093419062,0.1753355704697986,0.5478187919463087,Metro
25005990000,Massachusetts,,Bristol County,Not Eligible,0,,,,,,,,,,,,,,,Metro
25007200100,Massachusetts,,Dukes County,Low-Income Community,4072,46816.0,0.1042385399341583,0.069576494,612200.0,1326.0,0.2789115607738495,0.5515211224555969,0.8671414256095886,0.074165031,0.002701375,0.1800098270177841,0.1350687593221664,0.2953087985515594,0.3894701302051544,Micro
25007200200,Massachusetts,,Dukes County,Not Eligible,4647,57773.0,0.1219777826181659,0.0142917192097519,578800.0,1326.0,0.0223325062034739,0.6080966511233573,0.8624919302775984,0.028620615,0.0221648375295889,0.2328383903593716,0.2724338282763073,0.2612244897959184,0.4049562682215743,Micro
25007200300,Massachusetts,,Dukes County,Not Eligible,4247,70556.0,0.054934602,0.051369863,655100.0,1725.0,0.0561056105610561,0.7315617176968997,0.8822698375323758,0.0240169531433953,0.0221332705439133,0.1377442900871203,0.179185307275724,0.4910771191841938,0.2938177182919056,Micro
25007200400,Massachusetts,,Dukes County,Not Eligible,4171,78854.0,0.079883805,0.038776389,828000.0,1208.0,0.1815068493150685,0.6672504378283712,0.8657396307839846,0.0160632941740589,0.0187005514265164,0.1711819707504195,0.220570606569168,0.2284820031298904,0.5001564945226917,Micro
25007990000,Massachusetts,,Dukes County,Not Eligible,0,,,,,,,,,,,,,,,Micro
25009201100,Massachusetts,,Essex County,Not Eligible,3471,72625.0,0.0421299005266237,0.0243523316062176,519100.0,1272.0,0.1146245059288537,0.078341014,0.9533275713050994,0.0135407663497551,0.0247767214059348,0.1489484298473062,0.2267358110054739,0.2406866325785244,0.5157048940832725,Metro
25009202101,Massachusetts,,Essex County,Not Eligible,2044,108851.0,0.02739726,0.053393665,444900.0,1371.0,0.184931506849315,0.084367246,0.9031311154598826,0.0181017612524461,0.01223092,0.25146771,0.1634050880626223,0.1197954711468225,0.6669101533966398,Metro
25009202102,Massachusetts,,Essex County,Not Eligible,6264,74205.0,0.095432968,0.040050063,323500.0,1243.0,0.261271676,0.05445151,0.9075670498084292,0.007662835,0.05587484,0.2448914431673052,0.1971583652618135,0.3395565927654609,0.3894982497082847,Metro
25009202200,Massachusetts,,Essex County,Not Eligible,5942,133214.0,0.033832688,0.045577211,578100.0,1402.0,0.3333333333333333,0.0129533678756476,0.9545607539548974,0.0001682935038707506,0.0144732413328845,0.2191181420397172,0.1704813194210703,0.1201215237204954,0.6732881514372517,Metro
25009203100,Massachusetts,,Essex County,Not Eligible,6859,130404.0,0.053685303,0.043502985,593300.0,1565.0,0.5352941176470588,0.049199085,0.9068377314477328,0.0284298002624289,0.052339991,0.2644700393643388,0.2065898819069835,0.097345133,0.6949009692372524,Metro
25009203200,Massachusetts,,Essex County,Not Eligible,4806,101902.0,0.038285476,0.0430561418319966,649300.0,1283.0,0.1510574018126888,0.067907445,0.9486059092800666,0.005826051,0.0139409071993341,0.2324178110694964,0.2392842280482729,0.1099585062240663,0.7125074096028453,Metro
25009203301,Massachusetts,,Essex County,Not Eligible,4100,76625.0,0.07985348,0.082302569,500600.0,1268.0,0.1758957654723127,0.064257028,0.9519512195121952,0.007073171,0.020487805,0.2024390243902439,0.2426829268292683,0.1928832723644828,0.5809777186564682,Metro
25009203302,Massachusetts,,Essex County,Not Eligible,4598,89266.0,0.0630709,0.028105167724388,615400.0,1465.0,0.2740157480314961,0.1000438788942518,0.932361896,0.007394519,0.046107003044802,0.2461939973901696,0.2316224445411048,0.1198710433763188,0.738862837,Metro
25009204101,Massachusetts,,Essex County,Low-Income Community,4974,57525.0,0.155704379081726,0.070371591,291400.0,1133.0,0.2524807155132293,0.069126822,0.8208684921264648,0.0231202244758605,0.1103739440441131,0.1620426177978515,0.1021310836076736,0.3160708248615265,0.4303374588489532,Metro
25009204102,Massachusetts,,Essex County,Non-LIC Contiguous,5055,66953.0,0.069211826,0.042560931,306800.0,1099.0,0.1984127014875412,0.049395163,0.752720058,0.072205737,0.1214638948440551,0.1315529197454452,0.2065281867980957,0.3387592136859894,0.4302825629711151,Metro
25009204200,Massachusetts,1.0,Essex County,Low-Income Community,5141,40469.0,0.2820813655853271,0.082307421,342000.0,1050.0,0.2954410910606384,0.040062845,0.7411009669303894,0.03773585,0.1737016141414642,0.1347986757755279,0.1071775928139686,0.3364589214324951,0.3974076211452484,Metro
25009204300,Massachusetts,,Essex County,Low-Income Community,3985,37451.0,0.261395127,0.071461506,286000.0,1009.0,0.3257055580615997,0.080276452,0.4456712603569031,0.1074027568101883,0.4228356480598449,0.2208281010389328,0.092848182,0.4986247420310974,0.2628683745861053,Metro
25009204400,Massachusetts,,Essex County,Not Eligible,3546,65497.0,0.052080385,0.037875289,351400.0,1221.0,0.2154779969650986,0.1099674972914409,0.7656514382402707,0.0298928369994359,0.1398759165256627,0.1748448956570784,0.158770445572476,0.3267215568862275,0.4038173652694611,Metro
25009204500,Massachusetts,,Essex County,Not Eligible,3177,76769.0,0.064414272,0.0230923694779116,268400.0,1216.0,0.1893939393939394,0.1216367713004484,0.8693736229146994,0.03745672,0.040604344,0.1447906830343091,0.1548630783758262,0.2404912836767036,0.5340729001584786,Metro
25009204600,Massachusetts,,Essex County,Non-LIC Contiguous,5045,80757.0,0.1046580746769905,0.080105633,330000.0,1203.0,0.1695431470870971,0.063451774,0.8420218229293823,0.0525272563099861,0.081268586,0.1629336029291153,0.1226957365870475,0.3456421494483948,0.3801248967647552,Metro
25009204701,Massachusetts,1.0,Essex County,Low-Income Community,6267,59904.0,0.192184492945671,0.1215344965457916,313100.0,1147.0,0.234599158167839,0.090809226,0.6562948822975159,0.044838041,0.2219562828540802,0.2280197888612747,0.15110898,0.3558223247528076,0.3599039614200592,Metro
25009204702,Massachusetts,,Essex County,Non-LIC Contiguous,5614,63384.0,0.1248883306980133,0.045454547,340300.0,1072.0,0.277491420507431,0.026526315,0.7522265911102295,0.059494123,0.1368008553981781,0.2208763808012008,0.111685074865818,0.4280566275119781,0.3302445411682129,Metro
25009205100,Massachusetts,,Essex County,Not Eligible,4893,84694.0,0.03923973,0.03264,293100.0,1107.0,0.066225166,0.097634625,0.5518087063151441,0.044553444,0.3122828530553852,0.2027386061720825,0.1328428367054976,0.4356038923869491,0.2572982255294791,Metro
25009205200,Massachusetts,,Essex County,Not Eligible,5999,69853.0,0.083446635,0.057407407,261600.0,1223.0,0.2734082397003745,0.0487192365645404,0.4757459576596099,0.0483413902317052,0.3022170361726954,0.2592098683113852,0.1133522253708951,0.5184025058731402,0.2422344035499869,Metro
25009205300,Massachusetts,,Essex County,Not Eligible,4206,88300.0,0.0527068924397805,0.044913628,295800.0,1158.0,0.1236363636363636,0.025673137,0.7845934379457917,0.008796957,0.095577746,0.2042320494531621,0.1165002377555872,0.3718291054739653,0.2923898531375167,Metro
25009205400,Massachusetts,,Essex County,Not Eligible,4703,106014.0,0.007442058,0.050120982,330300.0,1825.0,0.1578947368421052,0.021824287,0.9011269402509036,0.017435679353604,0.0444397193280884,0.1686157771635126,0.1622368700829257,0.3252244425137561,0.401969302056183,Metro
25009205500,Massachusetts,,Essex County,Low-Income Community,4948,51307.0,0.2364152520895004,0.123342178761959,231600.0,1180.0,0.340453952550888,0.092279859,0.2805173695087433,0.1685529500246048,0.4927243292331695,0.3177041113376617,0.091754243,0.5883327722549438,0.1352336704730987,Metro
25009205600,Massachusetts,,Essex County,Low-Income Community,4087,42237.0,0.2620503902435303,0.086980306,268800.0,805.0,0.4066587388515472,0.0204620454460382,0.5091754198074341,0.1519451886415481,0.2439442127943039,0.2845607995986938,0.1335943192243576,0.4384920597076416,0.2404761910438537,Metro
25009205700,Massachusetts,,Essex County,Non-LIC Contiguous,4888,88015.0,0.1118623241782188,0.02292769,248400.0,1332.0,0.5382436513900757,0.0564133,0.5523731708526611,0.095335513,0.2285188287496566,0.2027414143085479,0.091857612,0.5091277956962585,0.1811069250106811,Metro
25009205800,Massachusetts,,Essex County,Low-Income Community,3632,58299.0,0.1966850757598877,0.092316516,225000.0,1163.0,0.2586206793785095,0.079295151,0.2626652121543884,0.1024229079484939,0.4694383144378662,0.3199339210987091,0.06690529,0.558694601,0.154408186674118,Metro
25009205900,Massachusetts,,Essex County,Low-Income Community,4387,71563.0,0.2511520683765411,0.1031872481107711,256000.0,1124.0,0.3327673971652984,0.082432434,0.372008204460144,0.1358559429645538,0.3824937343597412,0.2619102001190185,0.082744472,0.5794230103492737,0.1751824766397476,Metro
25009206000,Massachusetts,,Essex County,Low-Income Community,3453,40755.0,0.2298281341791153,0.087804876,260900.0,1054.0,0.1807647794485092,0.061061949,0.1505936831235885,0.1169997081160545,0.5977410674095154,0.2890240252017975,0.075586446,0.6822572350502014,0.1159125566482544,Metro
25009206100,Massachusetts,1.0,Essex County,Low-Income Community,4110,27929.0,0.3106559514999389,0.072269805,246200.0,1007.0,0.3406884372234344,0.038674034,0.1669099777936935,0.150121659040451,0.4849148392677307,0.3121654391288757,0.072506085,0.6610544919967651,0.0926008,Metro
25009206200,Massachusetts,,Essex County,Low-Income Community,5280,36199.0,0.300946981,0.1343405544757843,235300.0,1124.0,0.3295638263225555,0.068541303,0.1564393937587738,0.094128788,0.6185606122016907,0.3410984873771667,0.0513257570564746,0.6421833038330078,0.1108490601181984,Metro
25009206300,Massachusetts,,Essex County,Low-Income Community,4186,60169.0,0.1488294303417205,0.073917136,222400.0,1241.0,0.2814465463161468,0.0381388254463672,0.2673196494579315,0.190396562218666,0.4352603852748871,0.308647871017456,0.088150978,0.585463285,0.1521565467119217,Metro
25009206400,Massachusetts,,Essex County,Low-Income Community,5457,55188.0,0.1541502028703689,0.1111111119389534,246400.0,1297.0,0.3607594966888428,0.050264548510313,0.4086494445800781,0.1559464931488037,0.3406633734703064,0.2290635854005813,0.105369247496128,0.5031828880310059,0.160300925374031,Metro
25009206500,Massachusetts,,Essex County,Low-Income Community,3146,36031.0,0.2473326921463012,0.1009732335805893,229800.0,1171.0,0.3910533785820007,0.082945012,0.193897008895874,0.2078830301761627,0.4799745678901672,0.3229497671127319,0.07692308,0.5760555267333984,0.1723539680242538,Metro
25009206600,Massachusetts,,Essex County,Low-Income Community,4097,38197.0,0.2047839909791946,0.082593247,260900.0,1114.0,0.3815126121044159,0.089232303,0.5301440358161926,0.089821823,0.2972907125949859,0.1996582895517349,0.1413229256868362,0.405396044,0.2504323720932007,Metro
25009206700,Massachusetts,,Essex County,Low-Income Community,4472,34185.0,0.3394226431846618,0.094364353,246800.0,913.0,0.3208516836166382,0.0547667331993579,0.3942307829856872,0.1384168118238449,0.3517441749572754,0.2182468622922897,0.1254472285509109,0.4859437644481659,0.265394926,Metro
25009206800,Massachusetts,1.0,Essex County,Low-Income Community,3637,20778.0,0.3793484270572662,0.066242039,237200.0,525.0,0.2351443171501159,0.087563455,0.2108880877494812,0.137750893831253,0.562001646,0.2375584244728088,0.1396755576133728,0.6740196347236633,0.088643789,Metro
25009206900,Massachusetts,,Essex County,Low-Income Community,3819,26733.0,0.2484816461801529,0.1023546382784843,218400.0,796.0,0.1551618874073028,0.1182654425501823,0.4873003363609314,0.1557999402284622,0.3377847671508789,0.1662738919258117,0.256087989,0.4074204862117767,0.2826855182647705,Metro
25009207000,Massachusetts,1.0,Essex County,Low-Income Community,2359,22460.0,0.3957081437110901,0.0488346293568611,118800.0,750.0,0.1790878772735595,0.018849207,0.2267910093069076,0.1632047444581985,0.498516321,0.2937685549259186,0.2094107717275619,0.7102473378181458,0.072791517,Metro
25009207100,Massachusetts,,Essex County,Low-Income Community,3502,44514.0,0.2004588544368744,0.095238097,245400.0,1124.0,0.1578249335289001,0.056210335,0.1447744220495224,0.1247858330607414,0.5508280992507935,0.273557960987091,0.051970303,0.7756794095039368,0.078765549,Metro
25009207200,Massachusetts,1.0,Essex County,Low-Income Community,2813,32654.0,0.2382142841815948,0.064323112,255000.0,695.0,0.1710875332355499,0.017424976,0.1756132245063781,0.110202632844448,0.4937788844108581,0.277284026145935,0.1315321773290634,0.5878719687461853,0.1151038706302642,Metro
25009208101,Massachusetts,,Essex County,Non-LIC Contiguous,4944,76821.0,0.040073983,0.042545948177576,335900.0,955.0,0.1952380985021591,0.078560568,0.8220064640045166,0.0161812305450439,0.09911003,0.1630258858203888,0.1814320385456085,0.5336604118347168,0.2144998610019683,Metro
25009208102,Massachusetts,1.0,Essex County,Low-Income Community,3570,72647.0,0.1109522432088851,0.08797954,335000.0,,0.2239583283662796,0.061990213,0.7484593987464905,0.052661065,0.125210091471672,0.1831932812929153,0.184593841433525,0.5063632726669312,0.2232934832572937,Metro
25009208200,Massachusetts,,Essex County,Not Eligible,5601,76223.0,0.1140867702196036,0.031428571,335800.0,651.0,0.168141593,0.0520787746170678,0.8918050348152116,0.033565435,0.0371362256739867,0.2235315122299589,0.2044277807534369,0.4511424404472532,0.2812348079727759,Metro
25009208300,Massachusetts,,Essex County,Not Eligible,7502,74975.0,0.1118429896491464,0.150483203,355700.0,1093.0,0.2583479789103691,0.051236749,0.9145561183684352,0.019194881,0.021594242,0.1924820047987203,0.1712876566249,0.4456363636363636,0.2738181818181818,Metro
25009208400,Massachusetts,,Essex County,Not Eligible,6156,101488.0,0.017612524,0.057585825,400900.0,1911.0,0.1524008350730689,0.02716915,0.8935997400909682,0.006822612,0.0342755035737491,0.1536712150747238,0.2270955165692007,0.4001669100771959,0.2756102649697475,Metro
25009209100,Massachusetts,,Essex County,Not Eligible,6676,103346.0,0.024537107,0.061995311,545000.0,1528.0,0.4442477876106194,0.071455154,0.8821150389454764,0.0320551228280407,0.0340023966446974,0.1882863990413421,0.1905332534451767,0.2621976219762197,0.4270192701927019,Metro
25009209200,Massachusetts,,Essex County,Not Eligible,5813,143750.0,0.009289523,0.075190355,632400.0,1418.0,0.8105263157894737,0.052889324,0.937381731,0.001032169,0.008945467,0.2549458111130225,0.2012730087734388,0.2239372469635627,0.5845141700404858,Metro
25009210100,Massachusetts,,Essex County,Not Eligible,6519,99023.0,0.039176525,0.040961491,401600.0,,0.1834862385321101,0.0304709141274238,0.9309710078232858,0.005982513,0.055223194,0.1593802730480135,0.2012578616352201,0.3474387527839643,0.3464264021056894,Metro
25009210200,Massachusetts,,Essex County,Not Eligible,5296,100147.0,0.0528455284552845,0.0126171593366979,379200.0,,0.175438596491228,0.004552352,0.9616691842900302,0.007364048,0.0103851963746223,0.1531344410876133,0.2537764350453172,0.3726946721311475,0.345030737704918,Metro
25009210300,Massachusetts,,Essex County,Low-Income Community,8772,53101.0,0.066611744,0.050097276,319600.0,1966.0,0.3126526772975921,0.088865764,0.908800721168518,0.0158458724617958,0.0145918829366564,0.1246010065078735,0.3541951775550842,0.3668777644634247,0.403909683227539,Metro
25009210400,Massachusetts,,Essex County,Non-LIC Contiguous,7067,69143.0,0.07051646,0.090220049,333900.0,1288.0,0.230694979,0.0150375943630933,0.85029006,0.056601103,0.064525262,0.1733408868312835,0.1999433934688568,0.4382261931896209,0.29860574,Metro
25009210500,Massachusetts,,Essex County,Not Eligible,6295,80040.0,0.0447974583002382,0.0528692879914984,358700.0,1159.0,0.1927272727272727,0.0524405,0.9353455123113582,0.004130262,0.037648928,0.1858617950754567,0.1736298649722001,0.3691245266206282,0.2675428826019158,Metro
25009210600,Massachusetts,,Essex County,Low-Income Community,5026,58977.0,0.084745765,0.1060773506760597,326900.0,1244.0,0.2861150205135345,0.029115342,0.6516116261482239,0.04516514,0.2809391021728515,0.2695980966091156,0.1295264661312103,0.4806226193904876,0.231575608,Metro
25009210700,Massachusetts,1.0,Essex County,Low-Income Community,4253,47662.0,0.1606046259403228,0.0604351311922073,267600.0,1028.0,0.2797731459140777,0.041299559,0.697390079,0.0305666588246822,0.206677645,0.2137314826250076,0.093580998,0.5171688795089722,0.217238962650299,Metro
25009210800,Massachusetts,1.0,Essex County,Low-Income Community,4826,36860.0,0.1835888922214508,0.0176,262800.0,920.0,0.1563076972961425,0.0420482940971851,0.7374637126922607,0.0109821800142526,0.179444670677185,0.1983008682727813,0.1624533832073211,0.6569487452507019,0.1644494831562042,Metro
25009210900,Massachusetts,,Essex County,Low-Income Community,4181,64828.0,0.086842105,0.059233449,335200.0,891.0,0.1307086646556854,0.0549999997019767,0.8627122640609741,0.005979431,0.093518294,0.2162162214517593,0.1927768439054489,0.419657826,0.2848037481307983,Metro
25009211100,Massachusetts,,Essex County,Not Eligible,4152,75156.0,0.058959241,0.040913416,354600.0,1084.0,0.1902173913043478,0.0187382885696439,0.899325626,0.001445087,0.0578034682080924,0.1866570327552986,0.2567437379576108,0.3905799423261775,0.3319448894585068,Metro
25009211200,Massachusetts,,Essex County,Not Eligible,5868,62958.0,0.0470322804581742,0.0297651556526488,329700.0,1169.0,0.2089825847846012,0.048938467,0.93200408997955,0.02198364,0.023346967,0.1917177914110429,0.1901840490797546,0.3135245901639344,0.4050546448087431,Metro
25009211300,Massachusetts,,Essex County,Not Eligible,7139,87923.0,0.043960796,0.087136929,392400.0,1367.0,0.2452830188679245,0.022118743,0.955736097,0.0007003782042302844,0.0266143717607508,0.197086426670402,0.2176775458747723,0.2864896297732118,0.4371002132196162,Metro
25009211401,Massachusetts,,Essex County,Non-LIC Contiguous,4240,76616.0,0.1272034347057342,0.090490155,453600.0,1689.0,0.2236024886369705,0.073366217,0.7742924690246582,0.0462264157831668,0.070283018,0.1955188661813736,0.1181603744626045,0.3094764649868011,0.3853545486927032,Metro
25009211402,Massachusetts,,Essex County,Not Eligible,6159,98264.0,0.0132309702711532,0.040822072,374500.0,972.0,0.2530413625304136,0.082006369,0.9444715051144666,0.0103912972885208,0.0253287871407696,0.2367267413541159,0.1961357363208313,0.2316218050214883,0.4435648043429088,Metro
25009212100,Massachusetts,,Essex County,Not Eligible,9514,106326.0,0.043268039,0.056007227,441900.0,1805.0,0.1040189125295508,0.028269755,0.8419171746899307,0.0284843388690351,0.098066008,0.1928736598696657,0.1663863779693083,0.3708659049909801,0.3606434155141311,Metro
25009213100,Massachusetts,,Essex County,Not Eligible,8198,153578.0,0.0208587460356184,0.0600877192982456,607000.0,779.0,0.0,0.005518764,0.9297389607221274,0.0,0.0140278116613808,0.2437179799951207,0.1647962917784825,0.160436137071651,0.6253028729664244,Metro
25009214100,Massachusetts,,Essex County,Not Eligible,6434,128283.0,0.0137810866466022,0.043915828,552900.0,,0.0,0.017597888,0.944979795,0.0006216972334473111,0.0107242772769661,0.2405968293441094,0.2315822194591234,0.2281126264848218,0.5633523977122745,Metro
25009215101,Massachusetts,,Essex County,Not Eligible,5014,136279.0,0.1018346732632446,0.051752922,596300.0,1081.0,0.3274021352313167,0.082260772,0.8520143597925808,0.0161547666533705,0.0147586757080175,0.2716394096529717,0.128440366972477,0.1078521234341582,0.7363275282615338,Metro
25009215102,Massachusetts,,Essex County,Not Eligible,3122,85952.0,0.077514414,0.03034134,434800.0,1177.0,0.100502512562814,0.1221434200157604,0.9625240230621396,0.0,0.0144138372837924,0.2789878283151826,0.1659192825112107,0.154326923076923,0.5855769230769231,Metro
25009216100,Massachusetts,,Essex County,Not Eligible,5135,99375.0,0.026425591,0.0394166338194718,534100.0,978.0,0.1369047619047619,0.041407867494824,0.9084712755598832,0.0149951314508276,0.036806232,0.1863680623174294,0.1538461538461538,0.1657905378083299,0.6720582288718157,Metro
25009217100,Massachusetts,,Essex County,Not Eligible,7588,93079.0,0.0306247447937933,0.071873503,407200.0,1306.0,0.3173708920187793,0.073246431,0.8835002635740643,0.0217448603057459,0.0299156562994201,0.1893779652082235,0.2053241960991038,0.2606402328119316,0.4650782102582757,Metro
25009217201,Massachusetts,,Essex County,Not Eligible,4256,68191.0,0.072368421,0.0593978844589096,333000.0,917.0,0.0864,0.034920635,0.8902725563909775,0.0115131578947368,0.069078947,0.1788063909774436,0.1527255639097744,0.268385864374403,0.4683221903852276,Metro
25009217202,Massachusetts,,Essex County,Not Eligible,3415,88693.0,0.0345534407027818,0.046970409,352200.0,1290.0,0.2755102040816326,0.042033898,0.9730600292825768,0.0,0.0146412884333821,0.1701317715959004,0.1560761346998536,0.3079724807770133,0.4451639012545528,Metro
25009217300,Massachusetts,,Essex County,Low-Income Community,4782,53484.0,0.1415371745824813,0.099006385,323700.0,923.0,0.1953290849924087,0.066569485,0.8902133107185364,0.001882058,0.068590544,0.211208701133728,0.1200334578752517,0.3954983949661255,0.317041814,Metro
25009217400,Massachusetts,1.0,Essex County,Low-Income Community,5902,58944.0,0.1288060247898101,0.032899771,284400.0,1090.0,0.2755651175975799,0.074450642,0.9090138673782348,0.016265674,0.0355811603367328,0.1330057680606842,0.1091155558824539,0.3630136847496032,0.3682648539543152,Metro
25009217500,Massachusetts,,Essex County,Not Eligible,6490,78867.0,0.091214058,0.032046231,405000.0,1092.0,0.1393298059964726,0.041681385,0.905084745762712,0.0004622496147919877,0.064560863,0.2278890600924499,0.1332819722650231,0.1826750448833034,0.6225314183123878,Metro
25009217600,Massachusetts,,Essex County,Not Eligible,8534,93875.0,0.047910953,0.06462585,536900.0,986.0,0.1989342806394316,0.061810155,0.9518397000234357,0.010897586,0.017342395,0.154323880946801,0.2015467541598312,0.2482858923748182,0.5663827134843133,Metro
25009218100,Massachusetts,,Essex County,Not Eligible,5321,92604.0,0.077270164,0.085114361,737100.0,1262.0,0.1924242424242424,0.1075949367088607,0.9706822025934976,0.0,0.0187934598759631,0.2206352189438075,0.2403683518135689,0.2040712468193384,0.5961832061068703,Metro
25009220101,Massachusetts,,Essex County,Not Eligible,4172,67798.0,0.056056544,0.0508547008547008,517600.0,1002.0,0.2292993630573248,0.3102162565249813,0.9602109300095876,0.002157239,0.0340364333652924,0.1447746883988494,0.2869127516778523,0.2968197879858657,0.4852767962308598,Metro
25009220102,Massachusetts,,Essex County,Not Eligible,2995,69813.0,0.046076795,0.0516884906960716,429200.0,926.0,0.0238726790450928,0.1207883026064844,0.9539232053422372,0.039398998,0.0,0.2103505843071786,0.2898163606010017,0.2458943630714603,0.4753661784287616,Metro
25009221100,Massachusetts,,Essex County,Not Eligible,4568,82209.0,0.062705547,0.066270178,438600.0,1184.0,0.2169312169312169,0.1220196353436185,0.9678196147110332,0.007005254,0.007224168,0.180385288966725,0.2440893169877408,0.2533485323453975,0.4824736392134511,Metro
25009221300,Massachusetts,,Essex County,Not Eligible,4466,89435.0,0.0593372145096283,0.036418166,470900.0,1199.0,0.421188630490956,0.2166934189406099,0.9901477832512317,0.0,0.009852217,0.1334527541424093,0.2548141513658755,0.300799559,0.4772539288668321,Metro
25009221400,Massachusetts,1.0,Essex County,Low-Income Community,3373,50222.0,0.0747109428048133,0.04636785,281200.0,926.0,0.1381142139434814,0.0295500326901674,0.849688709,0.037651941,0.0340942777693271,0.2164245545864105,0.1274829506874084,0.4808390438556671,0.2505042254924774,Metro
25009221500,Massachusetts,1.0,Essex County,Low-Income Community,2881,36845.0,0.1498609185218811,0.09223301,282000.0,887.0,0.2519893944263458,0.1276102066040039,0.9725789427757264,0.004165221,0.0177021864801645,0.1332870572805404,0.2363762557506561,0.5011057257652283,0.2419283539056778,Metro
25009221600,Massachusetts,,Essex County,Low-Income Community,2761,50058.0,0.1320754736661911,0.08052709,268600.0,1019.0,0.1797979772090912,0.047531992,0.8645418286323547,0.0137631297111511,0.078956902,0.2774357199668884,0.1220572292804718,0.5084058046340942,0.2684057950973511,Metro
25009221700,Massachusetts,,Essex County,Low-Income Community,2465,49575.0,0.090057053,0.054198474,280500.0,1028.0,0.1892473101615905,0.1408024281263351,0.9472616910934448,0.0,0.033265721052885,0.1630831658840179,0.2097363024950027,0.4256035983562469,0.2959011793136596,Metro
25009221800,Massachusetts,,Essex County,Not Eligible,1827,73095.0,0.065298507,0.055489965,414500.0,1165.0,0.0579710144927536,0.076495132,0.9961685823754788,0.0,0.001094691,0.1127531472359058,0.3721948549534756,0.4425249169435216,0.3614617940199335,Metro
25009221901,Massachusetts,,Essex County,Not Eligible,3386,90156.0,0.081216775,0.085918854,398900.0,1106.0,0.1123287671232876,0.1336633663366336,0.98375664500886,0.0,0.005906675,0.1450088600118133,0.2111636148848198,0.3050133945656333,0.4485265977803291,Metro
25009221902,Massachusetts,,Essex County,Not Eligible,3819,80990.0,0.053155276,0.077495622,366000.0,1110.0,0.093541203,0.1676210307131702,0.92930086410055,0.0146635244828489,0.004451427,0.1581565854935847,0.175438596491228,0.3526619192946761,0.3930145812139708,Metro
25009222100,Massachusetts,,Essex County,Not Eligible,3632,103750.0,0.056442731,0.0406976744186046,516800.0,1134.0,0.1419558359621451,0.1008663366336633,0.9741189427312776,0.0,0.004955947,0.2142070484581497,0.1762114537444934,0.2483018867924528,0.5366037735849056,Metro
25009223100,Massachusetts,,Essex County,Not Eligible,4503,70250.0,0.097113448,0.076096303,480400.0,1057.0,0.2064393939393939,0.1128048780487804,0.927381746,0.021763269,0.0195425272040861,0.2005329780146569,0.2191872085276482,0.2437614120511259,0.5362142422398052,Metro
25009223200,Massachusetts,,Essex County,Not Eligible,3653,57326.0,0.1124031007751938,0.065249629,374300.0,917.0,0.2917293233082706,0.062751871,0.9668765398302764,0.002189981,0.0142348754448398,0.1946345469477142,0.1908020804817957,0.3055657943236269,0.4283081459638776,Metro
25009223300,Massachusetts,,Essex County,Not Eligible,5526,101103.0,0.0227272727272727,0.048161121,445800.0,1177.0,0.1383647798742138,0.054630815,0.9592833876221498,0.0,0.027687296,0.2164314151284835,0.2138979370249728,0.191317144959529,0.5263674270296786,Metro
25009250100,Massachusetts,1.0,Essex County,Low-Income Community,2930,20800.0,0.2832764387130737,0.1061007976531982,,807.0,0.2492690086364746,0.048398092,0.1174061447381973,0.065529011,0.7993174195289612,0.2726962566375732,0.1348122805356979,0.6385079622268677,0.1349423974752426,Metro
25009250200,Massachusetts,,Essex County,Low-Income Community,5484,40902.0,0.2446847558021545,0.1682114601135254,241100.0,1101.0,0.3724867701530456,0.086386003,0.1881838142871856,0.0109409186989068,0.7937636971473694,0.2292122542858123,0.088074401,0.6034681797027588,0.140751451,Metro
25009250300,Massachusetts,1.0,Essex County,Low-Income Community,2205,38063.0,0.3333333432674408,0.1735537201166153,263000.0,1103.0,0.3320079445838928,0.099423632,0.034920637,0.005895691,0.91020405292511,0.3006802797317505,0.0321995466947555,0.779629648,0.0490740723907947,Metro
25009250400,Massachusetts,,Essex County,Low-Income Community,3915,22865.0,0.4515964388847351,0.099389225,251000.0,989.0,0.2339656800031662,0.050037343,0.034993615,0.0,0.9634737968444824,0.2707535028457641,0.1243933588266372,0.8051455020904541,0.0278363563120365,Metro
25009250500,Massachusetts,,Essex County,Low-Income Community,4092,40764.0,0.287634402513504,0.1555555611848831,318000.0,1025.0,0.2991572916507721,0.027297543361783,0.043499511,0.0,0.9533235430717468,0.2883675396442413,0.0342130996286869,0.7068039178848267,0.037600715,Metro
25009250600,Massachusetts,,Essex County,Low-Income Community,5578,48173.0,0.2453545033931732,0.1561561524868011,207300.0,1129.0,0.3052536249160766,0.1051733940839767,0.1231624260544776,0.017748296,0.8431337475776672,0.3013624846935272,0.069200434,0.623397946,0.1179756820201873,Metro
25009250700,Massachusetts,,Essex County,Low-Income Community,5106,36325.0,0.2034530043601989,0.169911503791809,266000.0,1113.0,0.3950178027153015,0.083279952,0.1020368188619613,0.009204857,0.8803368806838989,0.2830003798007965,0.083822951,0.7364705801010132,0.1078991591930389,Metro
25009250800,Massachusetts,1.0,Essex County,Low-Income Community,7376,47314.0,0.194831296801567,0.1186626479029655,228400.0,1126.0,0.3818181753158569,0.043789472,0.2798264622688293,0.048129066824913,0.6441160440444946,0.2170553207397461,0.091106288,0.7089348435401917,0.109246976673603,Metro
25009250900,Massachusetts,,Essex County,Low-Income Community,2211,21774.0,0.3618272244930267,0.2213592231273651,181800.0,829.0,0.2815384566783905,0.046776231,0.01899593,0.006331977,0.9746720790863036,0.2926277816295624,0.104929894208908,0.721324086,0.0592763647437095,Metro
25009251000,Massachusetts,,Essex County,Low-Income Community,1658,35750.0,0.2562538087368011,0.1288837790489196,167600.0,885.0,0.3230403661727905,0.0299065429717302,0.035585042,0.0132689988240599,0.9511459469795228,0.1743063926696777,0.1091676726937294,0.7585227489471436,0.046401516,Metro
25009251100,Massachusetts,,Essex County,Low-Income Community,2819,16332.0,0.4878237247467041,0.1202531680464744,188200.0,536.0,0.2874889075756073,0.0150793651118874,0.2273855954408645,0.004256829,0.7506207823753357,0.273855984,0.2586023509502411,0.702917755,0.087533154,Metro
25009251200,Massachusetts,,Essex County,Low-Income Community,1544,17423.0,0.3441348075866699,0.102290079,167200.0,736.0,0.3327032029628753,0.034369886,0.0505181364715099,0.0,0.9255181550979614,0.2694300413131714,0.1204663217067718,0.7118834257125854,0.1098654717206955,Metro
25009251300,Massachusetts,,Essex County,Low-Income Community,3306,29259.0,0.3161720037460327,0.1557177603244781,139400.0,826.0,0.1942857205867767,0.0964467,0.04627949,0.033877797,0.8986690640449524,0.2961282432079315,0.079854809,0.736733615,0.052035034,Metro
25009251400,Massachusetts,,Essex County,Low-Income Community,5150,38015.0,0.2215616255998611,0.1375892162322998,221000.0,1074.0,0.3643486797809601,0.031007752,0.1320388317108154,0.026601942256093,0.7951456308364868,0.2947572767734527,0.07708738,0.7159479856491089,0.1006160154938697,Metro
25009251500,Massachusetts,,Essex County,Low-Income Community,5876,33639.0,0.2634445130825043,0.1432926803827285,209600.0,1012.0,0.2407834082841873,0.068451077,0.1608236879110336,0.0107215791940689,0.7559564113616943,0.2983321845531463,0.0798162,0.6143242716789246,0.095295176,Metro
25009251600,Massachusetts,1.0,Essex County,Low-Income Community,6536,39281.0,0.3084241151809692,0.1336712092161178,231000.0,1120.0,0.3943564891815185,0.1260426342487335,0.1771725863218307,0.033812728,0.7368420958518982,0.2985005974769592,0.0543145649135112,0.7159650325775146,0.072170585,Metro
25009251700,Massachusetts,,Essex County,Low-Income Community,5734,47527.0,0.1955139487981796,0.1258626282215118,243400.0,1138.0,0.2327656149864196,0.036150984,0.2485176175832748,0.0155214508995413,0.653470516,0.2582839131355285,0.087373562,0.585597813,0.1592391282320022,Metro
25009251800,Massachusetts,,Essex County,Low-Income Community,7817,53387.0,0.1606683731079101,0.097393014,227000.0,1079.0,0.2876254320144653,0.0,0.3776384890079498,0.084175512,0.4519636631011963,0.2494563162326812,0.1547908335924148,0.4543452262878418,0.2420905083417892,Metro
25009252101,Massachusetts,,Essex County,Non-LIC Contiguous,3810,69257.0,0.096816629,0.077497669,244100.0,1081.0,0.091588788,0.0304635763168334,0.5855643153190613,0.042519685,0.3272965848445892,0.2202099710702896,0.1349081397056579,0.3695245087146759,0.2197678834199905,Metro
25009252102,Massachusetts,,Essex County,Not Eligible,4075,107426.0,0.088834356,0.063753901,371300.0,980.0,0.5478260869565217,0.0202086049543676,0.8561963190184049,0.0,0.105521472392638,0.2137423312883435,0.1958282208588957,0.3258774948382656,0.3898830006882312,Metro
25009252201,Massachusetts,,Essex County,Not Eligible,3229,71875.0,0.092632888,0.082809823,284500.0,903.0,0.110091743119266,0.0174563591022443,0.8479405388665221,0.008981109,0.1056054506039021,0.2483741096314648,0.1694022917311861,0.3999081726354453,0.3466483011937557,Metro
25009252202,Massachusetts,,Essex County,Not Eligible,3166,96466.0,0.0170562223626026,0.09184197,328600.0,1110.0,0.0,0.0294388224471021,0.8806064434617814,0.0129500947567909,0.056538219,0.2185723310170562,0.1345546430827542,0.354419022,0.3328847016599371,Metro
25009252300,Massachusetts,1.0,Essex County,Low-Income Community,6975,49563.0,0.1486486494541168,0.079353236,261400.0,983.0,0.2368804663419723,0.072633892,0.5215770602226257,0.0160573478788137,0.4444444477558136,0.2364157736301422,0.134193555,0.5267857313156128,0.2005662024021148,Metro
25009252400,Massachusetts,1.0,Essex County,Low-Income Community,4531,44359.0,0.2423841059207916,0.099860013,241800.0,1088.0,0.2803837954998016,0.065835066,0.2242330610752105,0.050320018,0.6921209692955017,0.3498124182224273,0.092474066,0.5945003628730774,0.1266460120677948,Metro
25009252501,Massachusetts,,Essex County,Low-Income Community,3958,69107.0,0.1003031805157661,0.091881186,265600.0,1338.0,0.3762993812561035,0.028751753270626,0.5927236080169678,0.010358767,0.3496715426445007,0.204648807644844,0.1245578601956367,0.4338403046131134,0.2334600687026977,Metro
25009252502,Massachusetts,,Essex County,Not Eligible,4608,70202.0,0.109867979413739,0.06943367,287800.0,1172.0,0.4267515923566879,0.063139932,0.7358940972222222,0.0121527777777777,0.1990017361111111,0.2003038194444444,0.1733940972222222,0.4677419354838709,0.3067559342665855,Metro
25009252601,Massachusetts,,Essex County,Not Eligible,7350,77807.0,0.081081081,0.070542279,283000.0,1130.0,0.028747433264887,0.02322206095791,0.8374149659863945,0.00462585,0.094829932,0.2051700680272108,0.1598639455782313,0.3658923962676196,0.3432598769108596,Metro
25009252602,Massachusetts,,Essex County,Not Eligible,4423,110039.0,0.049738814,0.058407738095238,375600.0,1473.0,0.4206549118387909,0.040583386176284,0.791544201,0.029165725,0.082749265,0.2373954329640515,0.1207325344788605,0.280119482,0.3992698307334882,Metro
25009252603,Massachusetts,,Essex County,Not Eligible,2918,81463.0,0.0352981494174091,0.045717288,330400.0,1117.0,0.1031390134529148,0.020909091,0.7594242631939685,0.0233036326250856,0.1689513365318711,0.2193283070596298,0.1014393420150788,0.3284813197476953,0.4459000485201358,Metro
25009253100,Massachusetts,,Essex County,Not Eligible,5189,75804.0,0.1063788783966082,0.102984585109872,331500.0,1295.0,0.168396770472895,0.1066872825666795,0.8390826748891886,0.038543072,0.065908653,0.2073617267296203,0.1672769319714781,0.3059837993206166,0.4463025868826757,Metro
25009253201,Massachusetts,,Essex County,Not Eligible,2969,71729.0,0.086805556,0.0470446320868516,329400.0,1077.0,0.3267326732673267,0.084680523,0.8706635230717413,0.0171775008420343,0.047153924,0.1865948130683732,0.1933310879083866,0.2943722943722944,0.4203944203944204,Metro
25009253202,Massachusetts,,Essex County,Not Eligible,6905,86394.0,0.079268293,0.080400719,298200.0,1523.0,0.1542635658914728,0.0503517215845982,0.7559739319333816,0.049963794,0.1251267197682838,0.1986965966690803,0.093120927,0.2473118279569892,0.5303030303030303,Metro
25009253203,Massachusetts,,Essex County,Not Eligible,4504,145607.0,0.0130232558139534,0.0241730279898218,597600.0,1563.0,0.2795031055900621,0.05157767,0.8969804618117229,0.00777087,0.033081705,0.2413410301953819,0.2071492007104795,0.132456703014753,0.7228992944194996,Metro
25009253204,Massachusetts,,Essex County,Not Eligible,5825,150887.0,0.0181529784984138,0.0272386789240721,562400.0,1765.0,0.6242424242424243,0.019062339,0.8307296137339055,0.00360515,0.0204291845493562,0.2652360515021459,0.1471244635193133,0.13653603034134,0.7292035398230089,Metro
25009253205,Massachusetts,,Essex County,Not Eligible,4313,154844.0,0.021138211,0.035917652,573500.0,,0.0,0.0332155477031802,0.9047067006723858,0.0146070020867145,0.0322281474611639,0.2960816137259448,0.1328541618363088,0.1238811313999283,0.7010383100608665,Metro
25009254100,Massachusetts,,Essex County,Not Eligible,6257,102384.0,0.049384689,0.0560490045941807,487700.0,1159.0,0.1470588235294117,0.087719298,0.8059773054179319,0.024932076,0.0303659900910979,0.2251877896755633,0.1670129455010388,0.1683949504057709,0.6665915238954012,Metro
25009254200,Massachusetts,,Essex County,Not Eligible,5355,92279.0,0.1004555808656036,0.028318584,524600.0,1010.0,0.1939024390243902,0.0502260170768458,0.8489262371615313,0.0140056022408963,0.057329599,0.1957049486461251,0.1340802987861811,0.1333333333333333,0.693069307,Metro
25009254301,Massachusetts,,Essex County,Not Eligible,4211,159917.0,0.018559762,0.029539952,623300.0,,0.055555556,0.0202020202020202,0.8009973877938732,0.052481596,0.0140109237710757,0.2676323913559724,0.14580859653289,0.1345050215208034,0.7403156384505022,Metro
25009254302,Massachusetts,,Essex County,Not Eligible,4549,161875.0,0.0239613101780611,0.0372384937238493,617900.0,1393.0,0.1818181818181818,0.0413122721749696,0.800835348,0.009452627,0.0153879973620575,0.2673114970323147,0.1417894042646735,0.064015519,0.8115098609763983,Metro
25009254401,Massachusetts,,Essex County,Not Eligible,3426,133750.0,0.0408639813193228,0.057428872,563300.0,1903.0,0.034042553,0.051197358,0.6999416228838296,0.0175131348511383,0.058669002,0.2968476357267951,0.1471103327495621,0.1114635251472587,0.7661984594472134,Metro
25009254402,Massachusetts,,Essex County,Not Eligible,7204,154922.0,0.032343143,0.045949535,611100.0,1529.0,0.2144288577154308,0.0,0.7357023875624653,0.027901166,0.033870072,0.2772071071626873,0.096751805,0.101947057536644,0.7744476044629184,Metro
25009254403,Massachusetts,,Essex County,Not Eligible,3961,154191.0,0.0490170380078636,0.063859324,602600.0,1406.0,0.077669903,0.046735905,0.8422115627366826,0.00504923,0.034082302,0.2620550366069174,0.1550113607674829,0.1277006172839506,0.6871141975308642,Metro
25009260100,Massachusetts,,Essex County,Low-Income Community,5899,36508.0,0.2445059716701507,0.1384152472019195,167800.0,982.0,0.3484434783458709,0.086588807,0.5246651768684387,0.025767079,0.4075267016887665,0.2332598716020584,0.092049502,0.5649416446685791,0.1593099981546402,Metro
25009260200,Massachusetts,1.0,Essex County,Low-Income Community,3414,38979.0,0.3002754747867584,0.0621788278222084,217000.0,1013.0,0.2844364941120147,0.044957474,0.691564143,0.047158759,0.2337434142827987,0.1693028658628463,0.1900995969772339,0.5190033912658691,0.2014358043670654,Metro
25009260301,Massachusetts,,Essex County,Not Eligible,4348,72132.0,0.1451876019575856,0.071624266,270500.0,1078.0,0.4336099585062241,0.07632312,0.9330726770929164,0.004139834,0.020929163,0.2109015639374425,0.1465041398344066,0.4047927461139896,0.2558290155440414,Metro
25009260302,Massachusetts,,Essex County,Not Eligible,2796,96643.0,0.030548399,0.038898863,327900.0,783.0,0.4210526315789473,0.087748344,0.90379113,0.0182403433476394,0.018597997,0.1902718168812589,0.146280400572246,0.2769453842435959,0.3827936201063315,Metro
25009260401,Massachusetts,,Essex County,Not Eligible,3772,69318.0,0.031391327,0.08973747,275200.0,1099.0,0.052264808,0.020025031,0.9270943796394484,0.0193531283138918,0.011664899,0.168610816542948,0.2075821845174973,0.4184472934472934,0.3315527065527066,Metro
25009260402,Massachusetts,,Essex County,Not Eligible,6491,100000.0,0.032623893,0.022194199,316900.0,996.0,0.077160494,0.031902324,0.8752118317670621,0.0286550608534894,0.052380219,0.1896472038206748,0.1440456016022184,0.321161460624725,0.3983721953365596,Metro
25009260500,Massachusetts,,Essex County,Not Eligible,3819,83587.0,0.062800566,0.08950328,297100.0,1201.0,0.053511706,0.0573426573426573,0.8617439120188531,0.034302173,0.067818801,0.2199528672427337,0.1866980885048442,0.3355311355311355,0.3285714285714285,Metro
25009260600,Massachusetts,,Essex County,Low-Income Community,3413,49625.0,0.1919905841350555,0.1138888895511627,248400.0,1304.0,0.2660427689552307,0.07437408,0.6803398728370667,0.009082918,0.2754175066947937,0.247289777,0.094052151,0.4415867626667022,0.2345248460769653,Metro
25009260700,Massachusetts,,Essex County,Low-Income Community,4790,56167.0,0.1270281821489334,0.1287961900234222,229900.0,1081.0,0.3273885250091553,0.017174516,0.6889352798461914,0.0116910226643085,0.2597077190876007,0.220250517129898,0.1160751581192016,0.4589674770832062,0.2318710833787918,Metro
25009260800,Massachusetts,1.0,Essex County,Low-Income Community,5103,41422.0,0.2102473527193069,0.092094861,204000.0,1106.0,0.3686868548393249,0.141919195652008,0.413678228855133,0.0195963159203529,0.5387027263641357,0.3062904179096222,0.068391144,0.5719649791717529,0.1392365396022796,Metro
25009260900,Massachusetts,,Essex County,Low-Income Community,5342,62870.0,0.1517620384693145,0.061967466,217300.0,875.0,0.273324579,0.1000935435295105,0.7055410146713257,0.0,0.2633844912052154,0.239797830581665,0.1147510260343551,0.4097421169281006,0.2513675391674042,Metro
25009261000,Massachusetts,,Essex County,Low-Income Community,3917,64005.0,0.1001026704907417,0.083924845,230300.0,1167.0,0.2249357253313064,0.09318579,0.7957620620727539,0.021955578,0.1524125635623932,0.2455961257219314,0.085014038,0.4237608909606933,0.2217177450656891,Metro
25009261101,Massachusetts,,Essex County,Not Eligible,4665,98942.0,0.048483507,0.034274953,302100.0,1534.0,0.4246575342465753,0.035356511,0.8988210075026796,0.0205787781350482,0.038156484,0.2409431939978563,0.1163987138263665,0.1928851174934726,0.4765013054830287,Metro
25009261102,Massachusetts,,Essex County,Non-LIC Contiguous,4571,66563.0,0.1043535321950912,0.0493007004261016,243000.0,1045.0,0.1537433117628097,0.055849783,0.8258586525917053,0.02231459133327,0.096259028,0.1848610788583755,0.1262305825948715,0.3185092508792877,0.2871907353401184,Metro
25009262100,Massachusetts,,Essex County,Not Eligible,6695,77481.0,0.055613850996852,0.086783042,322100.0,1332.0,0.4371428571428571,0.036834427,0.9758028379387602,0.001493652,0.022106049,0.2059746079163555,0.1814787154592979,0.2757595071170597,0.4633524537922243,Metro
25009263100,Massachusetts,,Essex County,Not Eligible,4484,138947.0,0.046407854,0.030876904,489300.0,1250.0,0.0,0.056939502,0.9801516503122212,0.0,0.004237288,0.2584745762711864,0.1529884032114183,0.170945726356841,0.5742606434839129,Metro
25009264100,Massachusetts,,Essex County,Not Eligible,6681,96512.0,0.016614279,0.0370658372213582,372600.0,1259.0,0.2130750605326876,0.047738693,0.9474629546475078,0.007034875,0.035024697,0.21029786,0.1595569525520131,0.2700198544010589,0.386499007279947,Metro
25009265101,Massachusetts,,Essex County,Not Eligible,3801,100227.0,0.01292535,0.0621809744779582,380600.0,1024.0,0.0462184873949579,0.065019506,0.9492238884504078,0.0,0.0186792949223888,0.2367797947908445,0.1557484872401999,0.2320754716981132,0.4324528301886792,Metro
25009265102,Massachusetts,,Essex County,Not Eligible,4713,114539.0,0.026734564,0.031988368,431000.0,1580.0,0.226950354609929,0.02942841,0.9180988754508804,0.009972417,0.040101846,0.2569488648419266,0.1364311478888181,0.2561776665624022,0.4917109790428526,Metro
25009266100,Massachusetts,,Essex County,Not Eligible,4062,93839.0,0.0438770451165096,0.0387661525635681,351700.0,1113.0,0.3650306748466257,0.045375218,0.9571639586410636,0.0002461841457410143,0.0238798621368783,0.2117183653372722,0.1275233874938454,0.2280883367839889,0.4734299516908212,Metro
25009266200,Massachusetts,,Essex County,Not Eligible,5441,73462.0,0.056896874,0.045885592,309200.0,1011.0,0.1090651558073654,0.094860008,0.9266678919316302,0.019114133,0.0141518103289836,0.2192611652269803,0.1281014519389818,0.2802283341982356,0.4221587960560456,Metro
25009266300,Massachusetts,,Essex County,Not Eligible,3901,68768.0,0.0581120168288193,0.083219645,271700.0,1276.0,0.1477832512315271,0.074829932,0.9187387849269418,0.004357857,0.034350167,0.1750833119712894,0.2048192771084337,0.3687872763419483,0.3840291583830351,Metro
25009266400,Massachusetts,,Essex County,Not Eligible,3678,72561.0,0.065252855,0.048653755,292200.0,988.0,0.3152610441767068,0.0,0.9532354540511148,0.006797172,0.008428494,0.2158781946710168,0.1277868406742795,0.3296044746304434,0.3819416699960048,Metro
25009267101,Massachusetts,,Essex County,Not Eligible,3735,66597.0,0.1446625436945415,0.06776283,329500.0,1078.0,0.3443223443223443,0.3741770299926847,0.8966532797858099,0.003748327,0.0291834,0.1416331994645247,0.2348058902275769,0.3860268172194778,0.3048694424841214,Metro
25009267102,Massachusetts,,Essex County,Not Eligible,5147,64338.0,0.073022709,0.070567986,310300.0,1420.0,0.2146892655367231,0.0242669362992922,0.9475422576258016,0.01301729162619,0.0170973382552943,0.1733048377695745,0.14765883,0.3794968893697593,0.2667027319448201,Metro
25009268100,Massachusetts,,Essex County,Not Eligible,2700,131667.0,0.002973978,0.0192678227360308,485300.0,1929.0,0.2121212121212121,0.026666667,0.9351851851851852,0.001851852,0.0277777777777777,0.2937037037037037,0.096666667,0.1541617819460727,0.6318874560375146,Metro
25009268200,Massachusetts,,Essex County,Not Eligible,6354,88519.0,0.091681647,0.068737417,448300.0,1141.0,0.4500846023688663,0.037329505,0.8777148253068933,0.0295876613157066,0.0212464589235127,0.2074283915643689,0.2066414856783128,0.1960867715865589,0.5616758826031476,Metro
25009268300,Massachusetts,,Essex County,Not Eligible,4091,65227.0,0.0870202884380347,0.063125816,421500.0,1075.0,0.1774834437086092,0.071774549,0.9364458567587388,0.009044243,0.0273771693962356,0.1476411635296993,0.2383280371547299,0.1399698340874811,0.652790347,Metro
25009268400,Massachusetts,,Essex County,Not Eligible,4692,90185.0,0.095402547,0.079218865,520800.0,1207.0,0.2162162162162162,0.092260603,0.9654731457800512,0.003623188,0.0257885763000852,0.1715686274509804,0.1898976982097186,0.1965948390529396,0.6379356211758447,Metro
25009269100,Massachusetts,,Essex County,Not Eligible,6905,92454.0,0.048851836,0.034508816,459300.0,1135.0,0.1702127659574468,0.057614555,0.9706010137581462,0.00391021,0.0108616944243301,0.1901520637219406,0.1826212889210716,0.1393571148569188,0.5970207761662093,Metro
25009270100,Massachusetts,,Essex County,Not Eligible,6145,85496.0,0.048545303,0.0509572901325478,420600.0,1174.0,0.233160621761658,0.031565103,0.9757526444263628,0.0,0.0112286411716842,0.2377542717656631,0.1401139137510171,0.306907742234585,0.4191006026889198,Metro
25009990100,Massachusetts,,Essex County,Not Eligible,0,,,,,,,,,,,,,,,Metro
25011040100,Massachusetts,1.0,Franklin County,Low-Income Community,4583,53160.0,0.1274165213108062,0.072837025,199700.0,939.0,0.2346368730068206,0.2708649337291717,0.9515601396560668,0.003927558,0.013310059,0.1907047778367996,0.2197250723838806,0.4073416292667389,0.2898164689540863,Micro
25011040200,Massachusetts,,Franklin County,Non-LIC Contiguous,4507,66950.0,0.072192512,0.038365006,240000.0,1004.0,0.046931408,0.069494121,0.9394275546073914,0.0124251162633299,0.0259596183896064,0.1624140292406082,0.1892611533403396,0.3486238420009613,0.3663990795612335,Micro
25011040300,Massachusetts,,Franklin County,Not Eligible,3006,63963.0,0.042646071,0.07251462,234500.0,782.0,0.086206897,0.1185964912280701,0.949767132,0.003992016,0.0316034597471723,0.2122421823020625,0.1699933466400532,0.3260008798944127,0.365156181,Micro
25011040400,Massachusetts,1.0,Franklin County,Low-Income Community,3426,55489.0,0.1188997328281402,0.0548748,198700.0,855.0,0.2926829159259796,0.1256668716669082,0.943082333,0.0116754230111837,0.017805021,0.1803852915763855,0.1929363757371902,0.4259969294071197,0.2630368173122406,Micro
25011040501,Massachusetts,1.0,Franklin County,Low-Income Community,4246,36902.0,0.1964074671268463,0.1134389340877533,136600.0,759.0,0.5275590419769287,0.065556154,0.9583137035369872,0.003061705,0.0200188420712947,0.2147903889417648,0.1401318907737732,0.5856708288192749,0.120648868381977,Micro
25011040502,Massachusetts,1.0,Franklin County,Low-Income Community,3463,37308.0,0.062518343,0.104712039232254,187500.0,688.0,0.2525510191917419,0.1378728151321411,0.9639041423797609,0.001155068,0.016170951,0.1908749639987945,0.2041582465171814,0.4719057083129883,0.1992141455411911,Micro
25011040600,Massachusetts,,Franklin County,Non-LIC Contiguous,4786,80690.0,0.071593054,0.054285713,290300.0,1123.0,0.2318181842565536,0.08576642,0.9341830611228944,0.005850397,0.02361053,0.1955704092979431,0.1978687793016433,0.1927744895219802,0.6121930480003357,Micro
25011040701,Massachusetts,1.0,Franklin County,Low-Income Community,4029,40526.0,0.2271560579538345,0.1150314137339592,179700.0,831.0,0.2982283532619476,0.091282055,0.8577811121940613,0.033755273,0.054852322,0.1863986104726791,0.1700173765420913,0.4444444477558136,0.2212121188640594,Micro
25011040702,Massachusetts,,Franklin County,Non-LIC Contiguous,4296,60313.0,0.093808196,0.06170119,225300.0,679.0,0.1111111119389534,0.059029516,0.916201115,0.00023277467698790133,0.0118715083226561,0.1757448762655258,0.2353352010250091,0.3742460906505584,0.324788898,Micro
25011040800,Massachusetts,,Franklin County,Non-LIC Contiguous,5029,59583.0,0.142484962940216,0.0337349399924278,288000.0,1246.0,0.3402061760425567,0.0308724828064441,0.8256114721298218,0.0230662152171134,0.0524955242872238,0.1407834589481353,0.11572877317667,0.2473309636116027,0.531731904,Micro
25011040900,Massachusetts,,Franklin County,Not Eligible,5054,80000.0,0.07040259,0.032820513,284800.0,1014.0,0.1833976833976834,0.0524326877657061,0.9123466561139691,0.0138504155124653,0.022160665,0.1913335971507716,0.1616541353383458,0.1826821541710665,0.5258711721224921,Micro
25011041000,Massachusetts,,Franklin County,Non-LIC Contiguous,3341,67172.0,0.1687344908714294,0.0230769235640764,220900.0,800.0,0.2093749940395355,0.0,0.923675537,0.008380724,0.026040107011795,0.1894642263650894,0.1915594190359115,0.3618188798427582,0.3477067947387695,Micro
25011041100,Massachusetts,,Franklin County,Non-LIC Contiguous,3697,65658.0,0.068889499,0.02734375,217100.0,855.0,0.132584273815155,0.067738235,0.9318366050720216,0.00027048957417719066,0.033270217,0.1777116507291793,0.2080064862966537,0.2479941695928573,0.4383661448955536,Micro
25011041200,Massachusetts,,Franklin County,Low-Income Community,3105,55417.0,0.067183465,0.033613447,173400.0,942.0,0.2072538882493972,0.1002087667584419,0.9236714839935304,0.008695652,0.060547505,0.197423518,0.1423510462045669,0.3504504561424255,0.3445945978164673,Micro
25011041300,Massachusetts,1.0,Franklin County,Low-Income Community,4479,34622.0,0.1387387365102768,0.072274879,154400.0,836.0,0.220275342464447,0.075859345,0.8792141079902649,0.0118329981341958,0.065862916,0.1690109372138977,0.172359899,0.4081751704216003,0.2061313837766647,Micro
25011041400,Massachusetts,1.0,Franklin County,Low-Income Community,2855,33967.0,0.2409882545471191,0.1532137542963028,159800.0,728.0,0.2157676368951797,0.0402449704706668,0.7183887958526611,0.042732049,0.214360774,0.2234676033258438,0.1467600762844085,0.4902702569961548,0.1632432490587234,Micro
25011041501,Massachusetts,,Franklin County,Not Eligible,3392,80347.0,0.042882668,0.037488285,288300.0,980.0,0.2227722772277227,0.1740125930165998,0.9684551886792452,0.001179245,0.0153301886792452,0.1804245283018868,0.1842570754716981,0.1984375,0.539453125,Micro
25011041502,Massachusetts,,Franklin County,Non-LIC Contiguous,3622,52829.0,0.099610463,0.070831284,245500.0,798.0,0.1065573766827583,0.1223290562629699,0.9544450640678406,0.003036996,0.001656543,0.1463280022144317,0.2308117002248764,0.3142755627632141,0.4421164691448211,Micro
25013800101,Massachusetts,,Hampden County,Low-Income Community,3902,45505.0,0.2437211722135543,0.1061560809612274,133700.0,957.0,0.2028423845767974,0.1245530396699905,0.4079959094524383,0.1745258867740631,0.3400820195674896,0.247309073805809,0.1066119968891143,0.5024038553237915,0.2199519276618957,Metro
25013800102,Massachusetts,,Hampden County,Low-Income Community,4881,31406.0,0.3245236575603485,0.1480519473552703,150800.0,847.0,0.2782461941242218,0.1510048955678939,0.2642900943756103,0.2198320031166076,0.4611759781837463,0.3663183748722076,0.083179675,0.6095420122146606,0.071755722,Metro
25013800201,Massachusetts,,Hampden County,Low-Income Community,6919,39107.0,0.2604834139347076,0.1298523843288421,132400.0,860.0,0.57260555,0.0199157409369945,0.4403815567493438,0.060268827,0.4554126262664795,0.2383292317390442,0.1159127056598663,0.5765905380249023,0.1367767751216888,Metro
25013800202,Massachusetts,,Hampden County,Low-Income Community,1226,35592.0,0.2046014815568924,0.0619307830929756,110400.0,876.0,0.420560747,0.063047282,0.6386623382568359,0.004078303,0.3295269310474396,0.2756932973861694,0.1525285542011261,0.520245373,0.1312883496284485,Metro
25013800300,Massachusetts,,Hampden County,Low-Income Community,4258,41080.0,0.1831845939159393,0.0959357246756553,135200.0,960.0,0.3625557124614715,0.1043985188007354,0.3454673588275909,0.1122592762112617,0.502583385,0.2684358954429626,0.1141380965709686,0.4824175834655761,0.2000000029802322,Metro
25013800400,Massachusetts,,Hampden County,Low-Income Community,6008,35604.0,0.2969424724578857,0.1062091514468193,125200.0,990.0,0.3713235259056091,0.1489536315202713,0.345872164,0.083055928,0.5401132106781006,0.2794607281684875,0.1075232997536659,0.6256157755851746,0.087027915,Metro
25013800500,Massachusetts,,Hampden County,Low-Income Community,3381,40159.0,0.2728932201862335,0.1477572619915008,163100.0,916.0,0.3650000095367431,0.1362903267145156,0.2540668547153473,0.076013014,0.6406388878822327,0.273587704,0.1064773723483085,0.4551690220832824,0.2920137047767639,Metro
25013800600,Massachusetts,1.0,Hampden County,Low-Income Community,2951,16107.0,0.6185248494148254,0.2910244762897491,172200.0,768.0,0.374055415,0.069714285,0.025076246,0.094883092,0.8800406455993652,0.3896984159946441,0.0477804131805896,0.8041236996650696,0.0110456552356481,Metro
25013800700,Massachusetts,,Hampden County,Low-Income Community,4198,17352.0,0.4790376424789428,0.2135678380727768,141700.0,342.0,0.1900081932544708,0.0149346608668565,0.028823249,0.104811817407608,0.8616007566452026,0.2639352083206177,0.096236303,0.7217497229576111,0.070878901,Metro
25013800800,Massachusetts,,Hampden County,Low-Income Community,2225,13469.0,0.5612612366676331,0.3097484409809112,118800.0,563.0,0.3183391094207763,0.077868849,0.1128089874982833,0.090786517,0.773483157,0.3168539404869079,0.088988766,0.7122781276702881,0.067307696,Metro
25013800900,Massachusetts,1.0,Hampden County,Low-Income Community,4003,16215.0,0.4928803443908691,0.2165467590093612,128800.0,438.0,0.3101343214511871,0.0322580635547637,0.105920560657978,0.082937799,0.805645764,0.2635523378849029,0.1628778427839279,0.7866396903991699,0.067611337,Metro
25013801101,Massachusetts,1.0,Hampden County,Low-Income Community,1963,12628.0,0.6393275856971741,0.2242503315210342,52100.0,759.0,0.3951690793037414,0.1453534513711929,0.1079979613423347,0.1390728503465652,0.712684691,0.2236372828483581,0.093734078,0.5330225229263306,0.08857809,Metro
25013801102,Massachusetts,,Hampden County,Low-Income Community,1216,31958.0,0.2724745273590088,0.1286549717187881,,915.0,0.2302284687757492,0.190344825387001,0.3322368562221527,0.1299342066049575,0.5057565569877625,0.1217105239629745,0.1595394760370254,0.525739312,0.3767798542976379,Metro
25013801200,Massachusetts,1.0,Hampden County,Low-Income Community,2317,12907.0,0.6649746298789978,0.1459459513425827,260200.0,720.0,0.3624220788478851,0.125739648938179,0.1251618415117263,0.2088908106088638,0.6460940837860107,0.2317652106285095,0.070781186,0.6077762842178345,0.1384720355272293,Metro
25013801300,Massachusetts,,Hampden County,Low-Income Community,5161,29010.0,0.4169425368309021,0.123860590159893,150000.0,715.0,0.2541544437408447,0.1009933799505233,0.1085061058402061,0.3326874673366546,0.4867273867130279,0.2701026797294616,0.1038558408617973,0.5468553304672241,0.1918238997459411,Metro
25013801401,Massachusetts,,Hampden County,Low-Income Community,3623,23021.0,0.3981257677078247,0.1499634236097335,126200.0,838.0,0.3678160905838012,0.1376959830522537,0.099641182,0.4140215218067169,0.4496273696422577,0.2925752103328705,0.07038366,0.5105204582214355,0.1461794078350067,Metro
25013801402,Massachusetts,,Hampden County,Not Eligible,1974,55445.0,0.1195484864032837,0.092850511,119100.0,846.0,0.4259259259259259,0.094202899,0.2725430597771023,0.3085106382978723,0.3515704154002026,0.2249240121580547,0.1231003039513677,0.5526717557251909,0.1274809160305343,Metro
25013801501,Massachusetts,,Hampden County,Low-Income Community,5598,50765.0,0.084367692,0.1367339640855789,133200.0,1113.0,0.4067164063453674,0.097123995,0.2259735614061355,0.3620935976505279,0.3738835155963897,0.2459807097911834,0.1320114284753799,0.4793082177639007,0.1596664637327194,Metro
25013801502,Massachusetts,,Hampden County,Low-Income Community,3157,32446.0,0.2037627547979354,0.1259411424398422,136400.0,585.0,0.2047244161367416,0.070517629,0.197022483,0.3275261223316192,0.3892936408519745,0.2926829159259796,0.1029458343982696,0.5439673066139221,0.1109406948089599,Metro
25013801503,Massachusetts,,Hampden County,Low-Income Community,4094,38087.0,0.240029364824295,0.090575919,126100.0,976.0,0.2399232238531112,0.072134964,0.3544211089611053,0.2093307226896286,0.3925256431102752,0.2327796816825866,0.1504640877246856,0.4688179790973663,0.1606236398220062,Metro
25013801601,Massachusetts,,Hampden County,Low-Income Community,4584,45951.0,0.1583444625139236,0.091412745,146200.0,1663.0,0.5289078950881958,0.0154320988804101,0.614310622,0.1884816735982895,0.1677574217319488,0.1472513079643249,0.2092059403657913,0.4737039804458618,0.2813673913478851,Metro
25013801602,Massachusetts,,Hampden County,Low-Income Community,4587,50953.0,0.1902674287557602,0.1056218072772026,156900.0,684.0,0.17529881,0.0354648046195507,0.5718334317207336,0.1925005465745926,0.2177894115447998,0.2119031995534896,0.1362546384334564,0.4348646998405456,0.2444933950901031,Metro
25013801603,Massachusetts,,Hampden County,Low-Income Community,4138,53125.0,0.1261478960514068,0.081115879,156000.0,1024.0,0.1448863595724105,0.058982685,0.6227646470069885,0.1609473228454589,0.1655389070510864,0.2155630737543106,0.1776220351457595,0.4039801061153412,0.2636815905570984,Metro
25013801604,Massachusetts,,Hampden County,Not Eligible,3843,71172.0,0.049153908,0.084745763,173400.0,,0.3571428571428571,0.04837683,0.7285974499089253,0.1163153786104605,0.1126723913609159,0.1821493624772313,0.2034868592245641,0.3769313690262307,0.2748832195472511,Metro
25013801605,Massachusetts,,Hampden County,Low-Income Community,4681,50018.0,0.259568840265274,0.094412334,167400.0,421.0,0.1980676352977752,0.033426184207201,0.504165769,0.2003845274448394,0.2307199388742447,0.3052766621112823,0.143772691,0.3963686227798462,0.2723535597324371,Metro
25013801700,Massachusetts,1.0,Hampden County,Low-Income Community,7728,31712.0,0.298482596874237,0.1149463802576065,131300.0,991.0,0.4681861400604248,0.1427882313728332,0.3046066164970398,0.4030797183513641,0.2691511511802673,0.197981372475624,0.087474123,0.6179305911064148,0.1008997410535812,Metro
25013801800,Massachusetts,1.0,Hampden County,Low-Income Community,4011,26507.0,0.4445643424987793,0.2330033034086227,94000.0,990.0,0.5652725100517273,0.1838028132915496,0.1206681653857231,0.346547008,0.515332818,0.3009224534034729,0.062328596,0.6585236191749573,0.070631973,Metro
25013801901,Massachusetts,,Hampden County,Low-Income Community,3811,22038.0,0.4363732635974884,0.1393609791994094,117000.0,762.0,0.3808647692203522,0.1730168610811233,0.1487798541784286,0.278667002916336,0.5465757250785828,0.3311466872692108,0.083967462,0.7160253524780273,0.068192892,Metro
25013801902,Massachusetts,1.0,Hampden County,Low-Income Community,3365,14176.0,0.5929573178291321,0.2163965702056884,151600.0,733.0,0.4611066579818725,0.1827896535396576,0.1753343194723129,0.1893016397953033,0.6121842265129089,0.2950965762138366,0.1072808355093002,0.6549439430236816,0.1335372030735016,Metro
25013802000,Massachusetts,,Hampden County,Low-Income Community,3110,19366.0,0.544051468,0.182974562048912,127900.0,781.0,0.4054325819015503,0.098765433,0.088745981,0.1212218627333641,0.70900321,0.2790996730327606,0.085852087,0.8398520350456238,0.0491543337702751,Metro
25013802100,Massachusetts,,Hampden County,Low-Income Community,5915,39764.0,0.2452061772346496,0.071502589,195700.0,865.0,0.4190140962600708,0.1266102343797683,0.4469991624355316,0.1335587501525879,0.3856297433376312,0.2459847778081894,0.12256974,0.3980891704559326,0.3113057315349579,Metro
25013802200,Massachusetts,,Hampden County,Low-Income Community,3529,29231.0,0.4354838728904724,0.1802949011325836,137500.0,864.0,0.3418803513050079,0.082408875,0.1683196425437927,0.1518843919038772,0.6066874265670776,0.3230376839637756,0.088410318,0.6526917815208435,0.095759884,Metro
25013802300,Massachusetts,,Hampden County,Low-Income Community,7886,28699.0,0.4109814763069153,0.185161293,119200.0,1012.0,0.4114583432674408,0.092534989,0.1897032707929611,0.2132893800735473,0.4808521568775177,0.3782652914524078,0.03601319,0.6359272599220276,0.094492167,Metro
25013802400,Massachusetts,,Hampden County,Non-LIC Contiguous,3978,69946.0,0.0925088,0.069063388,166000.0,1430.0,0.7385621070861816,0.044362292,0.6410256624221802,0.069632985,0.1948215216398239,0.2058823555707931,0.181749627,0.3015759289264679,0.3972063064575195,Metro
25013802500,Massachusetts,,Hampden County,Low-Income Community,6456,64643.0,0.076779611,0.054339428,149000.0,1172.0,0.2594234943389892,0.095986038,0.7199504375457764,0.107496902346611,0.1133828982710838,0.1719330847263336,0.1694547683000564,0.4291547536849975,0.2790935039520263,Metro
25013802601,Massachusetts,,Hampden County,Low-Income Community,7418,46972.0,0.1870395690202713,0.074261606,146900.0,1048.0,0.3209486305713653,0.1227630600333213,0.3468589782714844,0.1562415808439254,0.4143974184989929,0.2888918817043304,0.1048800200223922,0.5522589087486267,0.1710496693849563,Metro
25013802602,Massachusetts,,Hampden County,Non-LIC Contiguous,1896,61200.0,0.067231342,0.0595667883753776,154100.0,1262.0,0.1620370298624038,0.0293819662183523,0.7906118035316467,0.088080168,0.055379748,0.1466244757175445,0.2056961953639984,0.2699724435806274,0.3808539807796478,Metro
25013810100,Massachusetts,,Hampden County,Not Eligible,6213,55727.0,0.070362473,0.086409845,192700.0,634.0,0.2727272727272727,0.06803972,0.9538065346853372,0.0141638499919523,0.023499115,0.1891195879607275,0.1546756800257524,0.3944223107569721,0.2886232846392209,Metro
25013810200,Massachusetts,,Hampden County,Low-Income Community,2637,45938.0,0.118603728711605,0.035893153,184900.0,867.0,0.3815789520740509,0.1207191795110702,0.981418252,0.004171407,0.0121350018307566,0.2445961385965347,0.1778536140918731,0.3593913912773132,0.2502623200416565,Metro
25013810300,Massachusetts,1.0,Hampden County,Low-Income Community,3295,56500.0,0.2473444640636444,0.1242038235068321,165800.0,831.0,0.2325000017881393,0.088150293,0.890440047,0.0130500756204128,0.038543247,0.203641877,0.1371775418519973,0.5056382417678833,0.2147045582532882,Metro
25013810403,Massachusetts,1.0,Hampden County,Low-Income Community,4215,45888.0,0.1600287854671478,0.081787921,174400.0,858.0,0.2049356251955032,0.1188847944140434,0.8918149471282959,0.013523131608963,0.073784105,0.2308422327041626,0.1480427086353302,0.6097804307937622,0.1330672055482864,Metro
25013810404,Massachusetts,,Hampden County,Not Eligible,3860,65946.0,0.04119171,0.076886569,201000.0,907.0,0.049046322,0.0217391304347826,0.9090673575129534,0.009067358,0.04119171,0.1748704663212435,0.1834196891191709,0.4290123456790123,0.2880658436213992,Metro
25013810412,Massachusetts,,Hampden County,Not Eligible,6048,66653.0,0.0227159675012435,0.049670856,226200.0,715.0,0.041994751,0.06943367,0.9680886243386244,0.0,0.0176917989417989,0.1648478835978836,0.201058201058201,0.5558671268334772,0.1967213114754098,Metro
25013810414,Massachusetts,,Hampden County,Not Eligible,7229,81667.0,0.024364406779661,0.058494263,273500.0,1018.0,0.271137026239067,0.051464766,0.8393968737031401,0.0219947433946603,0.115091990593443,0.1957393830405312,0.1599114676995435,0.4335436986039395,0.2461273666092943,Metro
25013810601,Massachusetts,,Hampden County,Low-Income Community,4012,47017.0,0.1075566783547401,0.08139535,157200.0,740.0,0.1627033799886703,0.09010271,0.6727318167686462,0.0500997006893157,0.2387836426496505,0.1655034869909286,0.2365403771400451,0.5754082798957825,0.1239193081855773,Metro
25013810602,Massachusetts,,Hampden County,Not Eligible,2475,79559.0,0.039004149,0.076576577,231300.0,,0.2115384615384615,0.0114942528735632,0.9591919191919192,0.006868687,0.0125252525252525,0.1139393939393939,0.2391919191919192,0.4774193548387097,0.2218362282878412,Metro
25013810700,Massachusetts,,Hampden County,Low-Income Community,6856,59224.0,0.1572492271661758,0.088895284,179800.0,737.0,0.1762208044528961,0.0508100129663944,0.7574387192726135,0.054259043,0.1543173789978027,0.196178525686264,0.1767794638872146,0.5253651142120361,0.200230598449707,Metro
25013810800,Massachusetts,1.0,Hampden County,Low-Income Community,3913,41955.0,0.1479683071374893,0.1278600245714187,187000.0,896.0,0.1661750227212906,0.1333333402872085,0.7835420370101929,0.0245336052030324,0.1783797591924667,0.2085356563329696,0.1400460004806518,0.445716381072998,0.1709748953580856,Metro
25013810901,Massachusetts,,Hampden County,Low-Income Community,1805,26518.0,0.3357340693473816,0.1643026024103164,166000.0,770.0,0.3378582298755646,0.135983258485794,0.623268723,0.067590028,0.2764542996883392,0.2432132959365844,0.1224376708269119,0.5363709330558777,0.1422861665487289,Metro
25013810902,Massachusetts,,Hampden County,Low-Income Community,4251,51827.0,0.1385063529014587,0.084579237,174800.0,765.0,0.099878199,0.101394847035408,0.7268877625465393,0.0305810403078794,0.2302987575531005,0.1594918817281723,0.1630204617977142,0.3985480964183807,0.3219600617885589,Metro
25013811000,Massachusetts,,Hampden County,Low-Income Community,4561,45239.0,0.076079808,0.079002082,174900.0,830.0,0.156077355146408,0.037037037,0.8311773538589478,0.0,0.1172988414764404,0.2082876563072204,0.2080684006214141,0.5539861917495728,0.1534839868545532,Metro
25013811101,Massachusetts,,Hampden County,Low-Income Community,5052,42551.0,0.2096410244703292,0.127324179,162400.0,861.0,0.2212529778480529,0.077665217,0.6015439629554749,0.060372129,0.2996833026409149,0.215162307024002,0.1347980946302414,0.6179582476615906,0.1100943684577941,Metro
25013811102,Massachusetts,,Hampden County,Low-Income Community,5889,32538.0,0.2480896562337875,0.092506275,160700.0,760.0,0.2482435554265976,0.063286312,0.5764985680580139,0.019188317,0.3572762906551361,0.2555612027645111,0.1119035482406616,0.6586715579032898,0.14522931,Metro
25013811200,Massachusetts,,Hampden County,Non-LIC Contiguous,5565,65946.0,0.081801802,0.0535894855856895,171600.0,909.0,0.2803180813789367,0.0550161823630332,0.7665768265724182,0.0,0.2154537290334701,0.2019766420125961,0.2269541770219802,0.6050264835357666,0.116931214928627,Metro
25013811301,Massachusetts,,Hampden County,Low-Income Community,6019,56835.0,0.1038378477096557,0.0487288124859333,190700.0,928.0,0.1589958220720291,0.0125195616856217,0.8423326015472412,0.043694966,0.096361525,0.1794317960739135,0.1714570522308349,0.3856881558895111,0.2281664311885833,Metro
25013811302,Massachusetts,,Hampden County,Non-LIC Contiguous,5702,57697.0,0.1452122032642364,0.0592938028275966,159900.0,1115.0,0.190476194,0.066350713,0.8111189007759094,0.071378462,0.061557349,0.172395646572113,0.1829182803630828,0.4156534969806671,0.23328267,Metro
25013811400,Massachusetts,1.0,Hampden County,Low-Income Community,2674,18060.0,0.4775617122650146,0.2171189934015274,114600.0,445.0,0.2497027367353439,0.062436029,0.033283472,0.0201944652944803,0.937546730041504,0.3534031510353088,0.079281971,0.804169774,0.017125838,Metro
25013811500,Massachusetts,,Hampden County,Low-Income Community,2328,14408.0,0.6439003348350525,0.3239669501781463,137500.0,540.0,0.287037044763565,0.0575980395078659,0.0326460488140583,0.053264603,0.886168361,0.3127147853374481,0.048539519,0.8132578730583191,0.0194017793983221,Metro
25013811600,Massachusetts,,Hampden County,Low-Income Community,3627,14068.0,0.5888704061508179,0.2077375948429107,144000.0,643.0,0.373219371,0.1529245972633361,0.1078025922179222,0.0184725672006607,0.871519148,0.3804797232151031,0.059553351,0.6845443844795227,0.076124564,Metro
25013811700,Massachusetts,1.0,Hampden County,Low-Income Community,2144,17719.0,0.4552238881587982,0.1305595338344574,113300.0,454.0,0.1803680956363678,0.0600393712520599,0.2677238881587982,0.0144589552655816,0.7038246393203735,0.246735081,0.1954291015863418,0.6587193608283997,0.1559945493936538,Metro
25013811800,Massachusetts,,Hampden County,Low-Income Community,4439,34618.0,0.4078440368175506,0.1839080452919006,152100.0,816.0,0.323475033044815,0.088181265,0.3365622758865356,0.0211759414523839,0.6318990588188171,0.2861004769802093,0.06735751,0.5588914752006531,0.2047729045152664,Metro
25013811900,Massachusetts,,Hampden County,Not Eligible,3685,73971.0,0.04531886,0.06264289,260300.0,1159.0,0.1963190184049079,0.082113304,0.8545454545454545,0.049660787,0.078697422,0.1867028493894165,0.201899592944369,0.2377802278574053,0.4913634693127526,Metro
25013812001,Massachusetts,,Hampden County,Low-Income Community,2871,29886.0,0.3047718703746795,0.1401037871837616,144300.0,730.0,0.3370043933391571,0.1512444168329239,0.4583768844604492,0.065482408,0.4263322949409485,0.1511668413877487,0.1853012889623642,0.5234741568565369,0.2460093945264816,Metro
25013812002,Massachusetts,,Hampden County,Low-Income Community,4506,49321.0,0.2305699437856674,0.086153843,188100.0,765.0,0.2359192371368408,0.1196447238326072,0.473146915,0.0257434528321027,0.4525077641010284,0.2234798073768615,0.1311584562063217,0.3838688135147095,0.2623828649520874,Metro
25013812101,Massachusetts,,Hampden County,Not Eligible,5478,82759.0,0.02425876,0.012637179913535,198900.0,813.0,0.3065693430656934,0.034058657,0.7984665936473165,0.001277839,0.1956918583424607,0.1584519897772909,0.1951442132165023,0.3239595050618672,0.3388076490438695,Metro
25013812103,Massachusetts,,Hampden County,Low-Income Community,3905,48164.0,0.1848545968532562,0.046875,130600.0,903.0,0.1349282264709472,0.1086956486105918,0.3523687720298767,0.1106273978948593,0.4524967968463897,0.2138284295797348,0.1959026902914047,0.5582112669944763,0.2316885143518448,Metro
25013812104,Massachusetts,,Hampden County,Low-Income Community,4623,52163.0,0.1648589968681335,0.079389311,169000.0,853.0,0.3473193347454071,0.082578048,0.5226043462753296,0.0248756222426891,0.3662124276161194,0.225178450345993,0.1161583364009857,0.408143937587738,0.3368055522441864,Metro
25013812201,Massachusetts,,Hampden County,Non-LIC Contiguous,5079,48750.0,0.1606227755546569,0.1318897604942321,177400.0,880.0,0.1540265828371048,0.067765571,0.630832851,0.068911202,0.1071076989173889,0.1783815771341323,0.1447135210037231,0.4760428369045257,0.2559188306331634,Metro
25013812202,Massachusetts,,Hampden County,Low-Income Community,3809,40193.0,0.1510148793458938,0.094123505,186700.0,739.0,0.1666666716337204,0.0699334,0.6692045331001282,0.025991073,0.2236807495355606,0.2034654766321182,0.1730112880468368,0.3541147112846374,0.3152832090854645,Metro
25013812300,Massachusetts,1.0,Hampden County,Low-Income Community,5749,30848.0,0.2875175178050995,0.1108941808342933,122900.0,873.0,0.3262679874897003,0.091182798,0.7676117420196533,0.0104365972802042,0.1094103306531906,0.2991824746131897,0.067316055,0.535942018,0.211594209074974,Metro
25013812401,Massachusetts,,Hampden County,Not Eligible,6312,85691.0,0.0244135950215414,0.0274255381893246,260500.0,,0.0,0.0224,0.9177756653992396,0.013466413181242,0.056717364,0.192807351077313,0.2029467680608365,0.3539412673879443,0.372267609,Metro
25013812403,Massachusetts,,Hampden County,Low-Income Community,3763,48750.0,0.080980286,0.088275865,180100.0,843.0,0.1620839387178421,0.0228440891951322,0.8952963352203369,0.01913367,0.071485519,0.1961201131343841,0.1745947450399398,0.3462949395179748,0.247615560889244,Metro
25013812404,Massachusetts,,Hampden County,Not Eligible,3863,76821.0,0.068081802,0.06779661,225300.0,,0.060344828,0.0358649789029535,0.8594356717577013,0.019932695,0.070411597,0.2404866683924411,0.1718871343515402,0.3856975381008206,0.3036342321219226,Metro
25013812500,Massachusetts,,Hampden County,Not Eligible,7456,64331.0,0.1068399452804377,0.070364428,225500.0,957.0,0.200652529,0.062583668,0.9232832618025753,0.021325107,0.033395923,0.2136534334763948,0.149543991,0.3504635227730753,0.3649738008867392,Metro
25013812600,Massachusetts,,Hampden County,Not Eligible,6486,80208.0,0.019309262166405,0.089290257,267000.0,1133.0,0.1717032967032967,0.0147003392385978,0.9259944495837188,0.001695961,0.0394696268886833,0.2016651248843663,0.1612704286154795,0.2514026758739749,0.4363400949503668,Metro
25013812701,Massachusetts,,Hampden County,Low-Income Community,3999,44263.0,0.1451654881238937,0.05843544,196800.0,870.0,0.2709030210971832,0.084199019,0.8604651093482971,0.003750938,0.127531886100769,0.2323080748319625,0.1642910689115524,0.4239328801631927,0.3039036989212036,Metro
25013812702,Massachusetts,1.0,Hampden County,Low-Income Community,5944,36000.0,0.1554702520370483,0.098447204,162800.0,822.0,0.1900252550840377,0.1313780695199966,0.7150067090988159,0.063257068,0.1628533005714416,0.2128196507692337,0.1440107673406601,0.5675022602081299,0.1295680999755859,Metro
25013812800,Massachusetts,,Hampden County,Non-LIC Contiguous,6650,68125.0,0.06225564,0.091558278,221200.0,786.0,0.1372950822114944,0.0534296035766601,0.8831579089164734,0.0,0.083157897,0.1836090236902237,0.1730827093124389,0.4042006134986877,0.263823390007019,Metro
25013812901,Massachusetts,,Hampden County,Non-LIC Contiguous,3566,66433.0,0.1074032559990882,0.090515167,195100.0,913.0,0.1713395565748214,0.034985423,0.8869882225990295,0.0,0.0157038699835538,0.2206954509019851,0.1688165962696075,0.3530884683132171,0.3560100197792053,Metro
25013812902,Massachusetts,,Hampden County,Not Eligible,4582,75000.0,0.1095018652622339,0.072202166,241400.0,1191.0,0.2918918918918919,0.068862275,0.8334788302051506,0.009384548,0.096246181,0.1988214753382802,0.1946748144914884,0.3103961870717903,0.3693774203157581,Metro
25013812903,Massachusetts,,Hampden County,Not Eligible,2803,,0.083333333,0.039817975,276500.0,,,0.0,0.882625758,0.046022119,0.05208705,0.004994649,0.0206921155904388,0.1206896551724138,0.4827586206896552,Metro
25013813000,Massachusetts,,Hampden County,Not Eligible,7337,73594.0,0.066648419,0.0622242860459716,240600.0,861.0,0.1267123287671233,0.2025813692480359,0.9614283767207306,0.003271092,0.0152650947253645,0.1875425923401935,0.1551042660487938,0.4182933630786392,0.2792340583751627,Metro
25013813101,Massachusetts,,Hampden County,Not Eligible,5950,74000.0,0.076048209,0.042051282,281700.0,938.0,0.2305140961857379,0.075441413,0.9529411764705882,0.0001680672268907563,0.0001680672268907563,0.202016806722689,0.1831932773109243,0.375,0.3495238095238095,Metro
25013813102,Massachusetts,,Hampden County,Not Eligible,3700,81934.0,0.0286486486486486,0.046435272,286500.0,876.0,0.2133333333333333,0.063380282,0.9648648648648648,0.0,0.003783784,0.2035135135135135,0.1789189189189189,0.3604693802713605,0.3472680601393472,Metro
25013813204,Massachusetts,,Hampden County,Not Eligible,3236,96510.0,0.056786271,0.0306230200633579,252300.0,246.0,0.0,0.0225,0.911619283,0.006489493,0.0491347342398022,0.1946847960444993,0.1684177997527812,0.3159235668789809,0.4033970276008493,Metro
25013813205,Massachusetts,,Hampden County,Not Eligible,7219,66524.0,0.091550289,0.029389215435727,234700.0,,0.081939799,0.0153129161118508,0.9301842360437734,0.0175924643302396,0.05014545,0.1692755229256129,0.2014129380800665,0.3917581428828504,0.2832463559474537,Metro
25013813206,Massachusetts,,Hampden County,Non-LIC Contiguous,4134,57093.0,0.057122022,0.036056597,231600.0,821.0,0.1060606092214584,0.016676594,0.8642960786819458,0.031446543,0.073294632,0.2157716453075409,0.1640058010816574,0.4161533117294311,0.2744695544242859,Metro
25013813207,Massachusetts,1.0,Hampden County,Low-Income Community,4751,46592.0,0.1951701492071151,0.063455656,204800.0,806.0,0.3802083432674408,0.072925761,0.7882550954818726,0.016417596489191,0.1408124566078186,0.21132393181324,0.146074503660202,0.4342990815639496,0.2335381954908371,Metro
25013813208,Massachusetts,,Hampden County,Not Eligible,2959,74412.0,0.05204461,0.0354033662217063,213400.0,991.0,0.1809954751131221,0.0610490111779879,0.8496113551875634,0.009800608,0.0226427847245691,0.2240621831699898,0.1439675566069618,0.3383060635226179,0.3123195380173243,Metro
25013813209,Massachusetts,,Hampden County,Non-LIC Contiguous,6402,54941.0,0.079939671,0.07818792,169200.0,1254.0,0.4957368969917297,0.0363569594919681,0.8923773765563965,0.002967823,0.072164945,0.1911902576684951,0.2697594463825226,0.3806588649749756,0.272688627,Metro
25013813301,Massachusetts,,Hampden County,Not Eligible,7498,97153.0,0.039660871,0.047181224,280900.0,1113.0,0.3830508474576271,0.0168855534709193,0.9021072285942918,0.007068552,0.036676447,0.2241931181648439,0.1496399039743931,0.1840390879478827,0.6205211726384365,Metro
25013813303,Massachusetts,,Hampden County,Not Eligible,4397,122976.0,0.044545021,0.059572301,412000.0,,0.3948717948717948,0.0474537037037037,0.8339777120764157,0.0131908119172162,0.061632932,0.2326586308846941,0.2949738458039572,0.188039457,0.6482737361282368,Metro
25013813304,Massachusetts,,Hampden County,Not Eligible,3942,124844.0,0.038305429,0.047826087,332000.0,2163.0,0.6,0.058056099,0.8508371385083714,0.009639777,0.02435312,0.2234906139015728,0.2288178589548452,0.1355463347164592,0.6639004149377593,Metro
25013813401,Massachusetts,,Hampden County,Not Eligible,5404,73494.0,0.072630982,0.08452579,220800.0,1007.0,0.1401515151515151,0.024425287,0.9265358993338269,0.024241302738712,0.0135085122131754,0.1880088823094004,0.178941524796447,0.349492385786802,0.3385786802030457,Metro
25013813403,Massachusetts,,Hampden County,Not Eligible,3897,71389.0,0.0428534770336156,0.048989899,261900.0,1680.0,0.5702005730659025,0.065332549,0.9317423659225044,0.002309469,0.0210418270464459,0.2299204516294585,0.2109314857582755,0.246176256372906,0.4235251274581209,Metro
25013813404,Massachusetts,,Hampden County,Not Eligible,6762,97083.0,0.019534884,0.035072712,315100.0,617.0,0.1633802816901408,0.0472840953497459,0.8078970718722271,0.1212658976634132,0.044661343,0.2163561076604555,0.2233067139899438,0.2785641025641026,0.5074871794871795,Metro
25013813500,Massachusetts,,Hampden County,Not Eligible,5190,80375.0,0.050314465408805,0.067209776,271200.0,913.0,0.174496644,0.051243781,0.9705202312138728,0.001926782,0.020423892,0.1830443159922928,0.22061657,0.3709081309398099,0.351636747624076,Metro
25013813601,Massachusetts,,Hampden County,Not Eligible,8125,82966.0,0.048421853213335,0.0491597692500627,270600.0,736.0,0.085784314,0.031838856,0.8969846153846154,0.0260923076923076,0.049107692,0.1885538461538461,0.233476923076923,0.3527426160337553,0.3596624472573839,Metro
25013813602,Massachusetts,,Hampden County,Not Eligible,6391,111607.0,0.025992439,0.0250329380764163,311000.0,509.0,0.096774194,0.0127640845070422,0.907526209,0.0265999061179784,0.027225786,0.2526991081207949,0.1671099984352996,0.2172421678481591,0.5556825977589755,Metro
25013813701,Massachusetts,,Hampden County,Not Eligible,3515,66667.0,0.038406828,0.095679012,243100.0,788.0,0.2513812154696133,0.0448160535117056,0.9669985775248932,0.007396871,0.00512091,0.1994310099573257,0.1524893314366998,0.3916866506794564,0.2753796962430056,Metro
25013813702,Massachusetts,,Hampden County,Not Eligible,5226,76857.0,0.067086366,0.052557319,216600.0,1048.0,0.089361702,0.054820415879017,0.9469957902793724,0.004975124,0.0200918484500574,0.2014925373134328,0.1792958285495599,0.4277456647398844,0.2661586967945349,Metro
25013813801,Massachusetts,,Hampden County,Not Eligible,4390,62750.0,0.054832077,0.081640781,195600.0,1027.0,0.1530612244897959,0.2435233160621761,0.962870159,0.007517084,0.023006833712984,0.2043280182232346,0.1478359908883827,0.4063097514340344,0.2466539196940726,Metro
25013813802,Massachusetts,,Hampden County,Not Eligible,3718,83273.0,0.0258433079434167,0.058510638,267400.0,773.0,0.2846975088967972,0.096188748,0.984400215,0.002420656,0.0115653577192038,0.1823561054330285,0.1597633136094674,0.3142026879767526,0.375227025063567,Metro
25015820101,Massachusetts,,Hampshire County,Not Eligible,6513,59706.0,0.1193339500462534,0.084942085,191700.0,754.0,0.3349056603773584,0.039882913,0.9387379087977892,0.007062797,0.0196530016889298,0.2005220328573622,0.1816367265469061,0.4970886348932499,0.2383006254043562,Metro
25015820102,Massachusetts,1.0,Hampshire County,Low-Income Community,3390,38728.0,0.1776177585124969,0.085047245,160300.0,749.0,0.2107329815626144,0.2041139304637909,0.8755162358283997,0.005899705,0.089085549,0.2091445475816726,0.1477876156568527,0.4836885631084442,0.1892126947641372,Metro
25015820202,Massachusetts,,Hampshire County,Non-LIC Contiguous,1300,91518.0,0.058687259,0.0608931,322200.0,1602.0,0.2134831398725509,0.1160862371325492,0.870769203,0.0292307697236537,0.073076926,0.1953846216201782,0.2323076874017715,0.2151639312505722,0.5850409865379333,Metro
25015820203,Massachusetts,,Hampshire County,Non-LIC Contiguous,8244,72886.0,0.1002690121531486,0.0602155067026615,236500.0,839.0,0.2178477644920349,0.048828125,0.9161814451217652,0.009340126,0.0257156714797019,0.2094856798648834,0.1826783120632171,0.3602855801582336,0.3773866891860962,Metro
25015820204,Massachusetts,,Hampshire County,Non-LIC Contiguous,6644,95200.0,0.089516006,0.066839375,286200.0,961.0,0.4530120491981506,0.05045278,0.9102950096130372,0.007224564,0.0139975920319557,0.2834136188030243,0.090608068,0.2049469947814941,0.5002524256706238,Metro
25015820300,Massachusetts,1.0,Hampshire County,Low-Income Community,6829,39144.0,0.3691205084323883,0.051621746,357200.0,1223.0,0.5600991249084473,0.069532707,0.7526724338531494,0.031190511,0.059452336,0.1235905662178993,0.072631426,0.1616899669170379,0.6810673475265503,Metro
25015820400,Massachusetts,,Hampshire County,Low-Income Community,13101,,0.6915254,0.191836729645729,,1099.0,0.4885496199131012,0.2765957415103912,0.7272727489471436,0.051293794,0.053202044,0.008396306,7.633004861418158e-05,0.2548076808452606,0.3269230723381042,Metro
25015820500,Massachusetts,,Hampshire County,Low-Income Community,6342,32679.0,0.4346551597118377,0.039332915,344900.0,1130.0,0.5106970071792603,0.1282712817192077,0.8356985449790955,0.044465467,0.0184484384953975,0.072374642,0.1578366458415985,0.1632363349199295,0.6781405210494995,Metro
25015820600,Massachusetts,,Hampshire County,Low-Income Community,1833,103021.0,0.2800000011920929,0.079584777,,714.0,0.093023255,0.122448980808258,0.6775777339935303,0.069285326,0.064920895,0.007092198,0.0,0.0,0.8524590134620667,Metro
25015820700,Massachusetts,,Hampshire County,Low-Income Community,4970,79821.0,0.3134808838367462,0.079523623,360100.0,1138.0,0.4445983469486236,0.052602738,0.6412475109100342,0.070824951,0.1261569410562515,0.2205231338739395,0.1078470796346664,0.2090605199337005,0.6542888879776001,Metro
25015820801,Massachusetts,,Hampshire County,Low-Income Community,5467,61875.0,0.2818730473518371,0.1140118986368179,333200.0,1290.0,0.2549203336238861,0.075463742,0.6804463267326355,0.087616608,0.041156027,0.1693799197673797,0.1551124900579452,0.1757777035236358,0.6288130283355713,Metro
25015820802,Massachusetts,,Hampshire County,Not Eligible,1182,,,0.1547987616099071,,,,,0.7648054145516074,0.043147208,0.079526227,0.016920474,0.0,0.0,0.7857142857142857,Metro
25015820900,Massachusetts,,Hampshire County,Non-LIC Contiguous,6327,86692.0,0.049041532,0.041766427,261200.0,786.0,0.369272232055664,0.026171874,0.9092776775360109,0.0,0.068911016,0.1869764477014541,0.1569464206695556,0.3388924598693847,0.3504383265972137,Metro
25015821000,Massachusetts,,Hampshire County,Not Eligible,4157,69033.0,0.061275118,0.078222222,227700.0,1140.0,0.1194968553459119,0.035115304,0.8814048592735145,0.006976185,0.037286505,0.1604522492181861,0.2229973538609574,0.3033363942454851,0.3795531068258341,Metro
25015821100,Massachusetts,1.0,Hampshire County,Low-Income Community,7048,51073.0,0.1364997923374176,0.067830928,189600.0,863.0,0.2481902837753296,0.030293468,0.8950057029724121,0.031498298048973,0.063847899,0.1692678779363632,0.1689841151237487,0.363198459,0.2953757345676422,Metro
25015821200,Massachusetts,,Hampshire County,Not Eligible,2344,123125.0,0.0528846153846153,0.091489362,281300.0,1092.0,0.1818181818181818,0.042553191,0.6296928327645052,0.066979522,0.059300341,0.01919795221843,0.0119453924914675,0.1172839506172839,0.7160493827160493,Metro
25015821300,Massachusetts,,Hampshire County,Non-LIC Contiguous,4204,79773.0,0.072027624,0.017808219,290400.0,1041.0,0.4154488444328308,0.048585157841444,0.8950998783111572,0.0325880125164985,0.046384394,0.1579448133707046,0.2416746020317077,0.1896442174911499,0.5721092820167542,Metro
25015821400,Massachusetts,,Hampshire County,Non-LIC Contiguous,5338,62634.0,0.073945694,0.010090467,325900.0,1072.0,0.1296296268701553,0.062218584,0.8984638452529907,0.0226676650345325,0.0447733215987682,0.1656050980091095,0.2255526483058929,0.2875912487506866,0.4975669085979461,Metro
25015821500,Massachusetts,,Hampshire County,Not Eligible,3298,64427.0,0.057610673,0.023967364,276400.0,1033.0,0.1372031662269129,0.064911206,0.9663432383262583,0.0133414190418435,0.004244997,0.1470588235294117,0.2465130382049727,0.3650674662668666,0.3744377811094452,Metro
25015821601,Massachusetts,,Hampshire County,Not Eligible,3446,52981.0,0.184338817794028,0.0570276497695852,238600.0,1062.0,0.313161875945537,0.084944347,0.7263493905977946,0.012188044109112,0.1639582124201973,0.2225769007544979,0.2275101567034242,0.2442539929879236,0.5301908843007401,Metro
25015821602,Massachusetts,1.0,Hampshire County,Low-Income Community,3941,53125.0,0.2006277740001678,0.049746193,321600.0,866.0,0.16553595662117,0.039018951,0.7911697626113892,0.01801573112607,0.099213399,0.2377569079399109,0.1649327576160431,0.2691473960876465,0.5791184902191162,Metro
25015821700,Massachusetts,,Hampshire County,Not Eligible,3635,69504.0,0.134672179562906,0.1035791757049891,283200.0,928.0,0.1478696741854636,0.051229508,0.8987620357634113,0.0200825309491059,0.0305364511691884,0.18707015130674,0.2253094910591472,0.2858189813118358,0.5294979846097472,Metro
25015821901,Massachusetts,,Hampshire County,Not Eligible,3608,78214.0,0.1186386768447837,0.04600172,452700.0,1236.0,0.2819314641744548,0.0303030303030303,0.8697339246119734,0.0221729490022172,0.039911308,0.1377494456762749,0.136640798226164,0.1235570756733646,0.7712697734074391,Metro
25015821903,Massachusetts,1.0,Hampshire County,Low-Income Community,3237,33147.0,0.3004423379898071,0.1160313934087753,287800.0,918.0,0.1994003057479858,0.037436187,0.7797343134880066,0.065801665,0.1139944419264793,0.089898057,0.146431878209114,0.2677939534187317,0.5005898475646973,Metro
25015821904,Massachusetts,,Hampshire County,Not Eligible,2542,61835.0,0.1112896745680996,0.0189573459715639,326900.0,1137.0,0.2178571428571428,0.1034236804564907,0.8678206136900078,0.0326514555468135,0.074350905,0.1144767899291896,0.085759245,0.1501355013550135,0.6260162601626016,Metro
25015822000,Massachusetts,,Hampshire County,Low-Income Community,2257,63125.0,0.1869158893823623,0.083991386,,1103.0,0.2285714298486709,0.1726618707180023,0.6561807990074158,0.064244576,0.091271602,0.0163934417068958,0.005759858,0.240641713142395,0.6310160160064697,Metro
25015822200,Massachusetts,,Hampshire County,Not Eligible,5868,92159.0,0.094984541,0.066666667,310300.0,1037.0,0.0,0.060721868,0.8244717109747784,0.00732788,0.07208589,0.2080777096114519,0.1818336741649625,0.2272189349112426,0.5429585798816569,Metro
25015822300,Massachusetts,,Hampshire County,Low-Income Community,4942,46932.0,0.086556166,0.069335938,216300.0,896.0,0.1830484271049499,0.060354583,0.919263482,0.008498584,0.0621205978095531,0.1313233524560928,0.2045730501413345,0.3521161377429962,0.3590058982372284,Metro
25015822401,Massachusetts,,Hampshire County,Not Eligible,5705,82857.0,0.052262364,0.0244430693069306,261000.0,529.0,0.3108108108108108,0.0330047149592798,0.906222611744084,0.0005258545135845749,0.045398773,0.1831726555652936,0.2043821209465381,0.4006003232509812,0.2789194181482337,Metro
25015822402,Massachusetts,1.0,Hampshire County,Low-Income Community,5395,55417.0,0.1812778562307357,0.126259446,241200.0,932.0,0.1990891396999359,0.063918307,0.8150138854980469,0.0498609840869903,0.1030583903193473,0.1516218781471252,0.1334569007158279,0.3636138141155243,0.3862000405788421,Metro
25015822500,Massachusetts,,Hampshire County,Not Eligible,6081,90318.0,0.041276106,0.056432201,322000.0,979.0,0.1388888888888889,0.020456333595594,0.9833908896563064,0.0,0.003946719,0.18746916625555,0.1859891465219536,0.3364444444444444,0.3711111111111111,Metro
25015822601,Massachusetts,,Hampshire County,Not Eligible,1962,68958.0,0.1013306038894575,0.023339318,214500.0,906.0,0.1176470588235294,0.2396931927133269,0.918960245,0.04841998,0.004077472,0.1890927624872579,0.1549439347604485,0.4349621472814866,0.18238128,Metro
25015822603,Massachusetts,,Hampshire County,Not Eligible,1830,82788.0,0.042191781,0.066202091,293800.0,1139.0,0.2833333333333333,0.1031207598371777,0.9475409836065574,0.0,0.0306010928961748,0.2021857923497267,0.1415300546448087,0.344224924012158,0.3541033434650456,Metro
25015822605,Massachusetts,,Hampshire County,Not Eligible,1243,66500.0,0.0619469026548672,0.092140921,231100.0,1129.0,0.5510204081632653,0.1949685534591195,0.9782783588093322,0.0,0.0120675784392598,0.1874497184231697,0.1592920353982301,0.3443344334433443,0.407040704070407,Metro
25015822606,Massachusetts,,Hampshire County,Not Eligible,3618,72778.0,0.08291874,0.056117755,271100.0,919.0,0.3114186851211072,0.1292962356792144,0.974571587,0.001658375,0.0157545605306799,0.1898839137645107,0.1763405196241017,0.2626373626373626,0.4611721611721612,Metro
25015822700,Massachusetts,,Hampshire County,Non-LIC Contiguous,3194,64226.0,0.064110622,0.031796504,255300.0,763.0,0.1435406655073166,0.1693774610757827,0.9474014043807985,0.0128365689888596,0.0115842204540967,0.1562304347753524,0.2091421484947204,0.3581134974956512,0.3741007149219513,Metro
25017300100,Massachusetts,,Middlesex County,Not Eligible,3196,89934.0,0.077455919,0.056415929,247000.0,1243.0,0.2845528455284553,0.059928444,0.9680851063829788,0.004067584,0.017209011,0.1980600750938673,0.1339173967459324,0.4488986784140969,0.2537444933920705,Metro
25017301101,Massachusetts,,Middlesex County,Not Eligible,4092,72303.0,0.061944719,0.034669068,249800.0,870.0,0.2232142857142857,0.0366146458583433,0.9337732160312804,0.00024437927663734115,0.0205278592375366,0.241446725317693,0.1224340175953079,0.3612810363440086,0.3224181360201511,Metro
25017301102,Massachusetts,,Middlesex County,Not Eligible,5277,98750.0,0.033199771,0.049536593,269600.0,955.0,0.109090909090909,0.0617801047120418,0.9672162213378812,0.001326511,0.0174341481902596,0.2349819973469774,0.1190070115595982,0.358076174589936,0.3505699193772588,Metro
25017310100,Massachusetts,1.0,Middlesex County,Low-Income Community,5962,31550.0,0.2957746386528015,0.1438693851232528,191300.0,943.0,0.3318010866641998,0.041872732,0.4590741395950317,0.083193563,0.2636699080467224,0.1571620255708694,0.1001341864466667,0.4129942059516907,0.3457567393779754,Metro
25017310200,Massachusetts,,Middlesex County,Low-Income Community,6735,55035.0,0.1113671287894249,0.0576385,232700.0,1122.0,0.338929683,0.084872469,0.6368225812911987,0.05077951,0.2626577615737915,0.2690423130989074,0.097253159,0.5962963104248047,0.1619753092527389,Metro
25017310300,Massachusetts,,Middlesex County,Low-Income Community,6353,36861.0,0.3586538434028625,0.1034717485308647,192100.0,1161.0,0.2870588302612304,0.0604534000158309,0.4907917380332947,0.135683923959732,0.2753030061721802,0.3148118853569031,0.08311034,0.5922723412513733,0.1799513697624206,Metro
25017310400,Massachusetts,,Middlesex County,Low-Income Community,3306,28567.0,0.3014324903488159,0.1220897212624549,171700.0,1098.0,0.4464993476867676,0.0576441101729869,0.5054446458816528,0.085904419,0.2828191220760345,0.2698124647140503,0.0499092563986778,0.6950696706771851,0.080385849,Metro
25017310500,Massachusetts,,Middlesex County,Low-Income Community,3465,51101.0,0.2824665307998657,0.0374186560511589,214900.0,1164.0,0.3304964601993561,0.05049669,0.6202020049095154,0.07965368,0.056277055,0.145454541,0.076479077,0.490700215101242,0.2193654328584671,Metro
25017310601,Massachusetts,,Middlesex County,Non-LIC Contiguous,6411,67404.0,0.063280597,0.1016058400273323,259400.0,890.0,0.1566879004240036,0.017635843,0.5164560675621033,0.067384183,0.1478708535432815,0.2158789634704589,0.1614412665367126,0.4815971553325653,0.2556324005126953,Metro
25017310602,Massachusetts,,Middlesex County,Non-LIC Contiguous,5345,51989.0,0.1731030493974685,0.1043098047375679,228400.0,1167.0,0.4707259833812713,0.1218142583966255,0.6645463109016418,0.0295603368431329,0.1537885814905166,0.1676332950592041,0.1277829706668853,0.4776000082492828,0.2248000055551529,Metro
25017310700,Massachusetts,,Middlesex County,Low-Income Community,4749,34712.0,0.207396999,0.076954067,166000.0,956.0,0.2709271013736725,0.084745765,0.3876605629920959,0.049273532,0.1983575522899627,0.2377342581748962,0.070120022,0.6398144364356995,0.1362294405698776,Metro
25017311100,Massachusetts,,Middlesex County,Low-Income Community,2498,45694.0,0.2690763175487518,0.1224806234240531,242100.0,1055.0,0.2263843715190887,0.073459715,0.2510007917881012,0.04443555,0.292233794927597,0.2437950372695922,0.04443555,0.6500328183174133,0.1490479260683059,Metro
25017311200,Massachusetts,,Middlesex County,Low-Income Community,3411,39486.0,0.2491166144609451,0.1313394010066986,171100.0,953.0,0.2610250413417816,0.088597208,0.2017003744840622,0.1363236606121063,0.1319261193275451,0.2782175242900848,0.045734387,0.6742565035820007,0.1417286247014999,Metro
25017311300,Massachusetts,,Middlesex County,Low-Income Community,3853,49000.0,0.1392235606908798,0.079943232,276700.0,970.0,0.2603254020214081,0.1155261248350143,0.3976122438907623,0.067739427,0.072930187,0.2203477770090103,0.1084868907928466,0.5414615869522095,0.1900795102119445,Metro
25017311400,Massachusetts,,Middlesex County,Low-Income Community,5700,43750.0,0.1737575978040695,0.094357364,242500.0,1118.0,0.2031076550483703,0.041798107,0.453157902,0.1084210500121116,0.135087713599205,0.1729824542999267,0.1347368359565735,0.4663721024990082,0.3114874958992004,Metro
25017311500,Massachusetts,,Middlesex County,Low-Income Community,3131,64583.0,0.2823379039764404,0.092869982,261100.0,1186.0,0.349056602,0.1000926792621612,0.4164803624153137,0.1034813150763511,0.2733950912952423,0.2810603678226471,0.085276268,0.4570848047733307,0.2346368730068206,Metro
25017311600,Massachusetts,1.0,Middlesex County,Low-Income Community,5642,64122.0,0.1202859729528427,0.079509743,249000.0,1107.0,0.1292307674884796,0.020418849,0.5707195997238159,0.0535271167755126,0.086316906,0.260368675,0.1159163415431976,0.4420348107814789,0.3151271641254425,Metro
25017311700,Massachusetts,1.0,Middlesex County,Low-Income Community,4954,53281.0,0.2313509136438369,0.1215024888515472,233100.0,1133.0,0.3737658560276031,0.0537294559180736,0.324384331703186,0.0266451351344585,0.1342349648475647,0.2638272047042846,0.074081548,0.6200597882270813,0.1262039244174957,Metro
25017311800,Massachusetts,1.0,Middlesex County,Low-Income Community,3335,36702.0,0.2311649024486541,0.1343697905540466,236900.0,996.0,0.302325577,0.037313432,0.2713643312454223,0.020989506,0.2071963995695114,0.2026986479759216,0.081859067,0.6736889481544495,0.1438816636800766,Metro
25017311900,Massachusetts,1.0,Middlesex County,Low-Income Community,2525,24654.0,0.429027110338211,0.1424892693758011,174000.0,824.0,0.2679874897003174,0.0408858619630336,0.4487128853797912,0.1104950457811355,0.2586138546466827,0.2356435656547546,0.1120792105793953,0.5953854918479919,0.145751267671585,Metro
25017312000,Massachusetts,,Middlesex County,Low-Income Community,3060,42800.0,0.2728468179702759,0.1273842006921768,214100.0,988.0,0.1984732896089553,0.053742804,0.4483660161495209,0.087581702,0.2862745225429535,0.2875817120075226,0.1035947725176811,0.7149681448936462,0.085987262,Metro
25017312100,Massachusetts,,Middlesex County,Low-Income Community,3038,43607.0,0.2820934951305389,0.099796332,184500.0,1072.0,0.3050397932529449,0.063070543,0.434167206287384,0.053982884,0.2570770382881164,0.2593811750411987,0.092824228,0.6439431309700012,0.1652770936489105,Metro
25017312200,Massachusetts,,Middlesex County,Non-LIC Contiguous,4143,63200.0,0.1346850097179412,0.055378485,218200.0,1152.0,0.3486842215061188,0.084337346,0.4412261545658111,0.077480085,0.2111996114253997,0.2155442982912063,0.095100172,0.4907934367656708,0.2427184432744979,Metro
25017312300,Massachusetts,,Middlesex County,Low-Income Community,4814,66537.0,0.041136555,0.073900841,225100.0,1226.0,0.1596516668796539,0.053468209,0.7008724808692932,0.0186954718083143,0.080182798,0.1316992044448852,0.1248442009091377,0.5175505876541138,0.2792723476886749,Metro
25017312400,Massachusetts,,Middlesex County,Low-Income Community,2592,30739.0,0.2711996734142303,0.1629760861396789,196400.0,856.0,0.2377717345952987,0.085148513,0.334876537322998,0.099537037,0.4297839403152466,0.3402777910232544,0.096450619,0.7247769236564636,0.074124917,Metro
25017312501,Massachusetts,,Middlesex County,Not Eligible,4384,67361.0,0.1421692272414584,0.064112903,300500.0,1267.0,0.534446764,0.039481105,0.7208029197080292,0.0241788321167883,0.1548813868613138,0.2379105839416058,0.1202098540145985,0.4027731924727633,0.353251898,Metro
25017312502,Massachusetts,,Middlesex County,Not Eligible,4090,66964.0,0.056834885,0.069826492,322900.0,1057.0,0.3824228028503563,0.0440821256038647,0.8427872860635697,0.003178484,0.056479218,0.1960880195599022,0.1699266503667481,0.3643779741672331,0.4024473147518694,Metro
25017313101,Massachusetts,,Middlesex County,Not Eligible,6227,110117.0,0.089449173,0.058124516,359700.0,1080.0,0.2140077821011673,0.024390243902439,0.8455114822546973,0.0165408704030833,0.0150955516299983,0.2431347358278464,0.09394572,0.2480547040792265,0.4666352275406744,Metro
25017313102,Massachusetts,,Middlesex County,Not Eligible,5906,98294.0,0.059931506849315,0.0436681222707423,334600.0,852.0,0.0,0.0269283432222729,0.9124619031493396,0.0,0.004571622,0.1911615306467998,0.093633593,0.3568530207394049,0.4050946798917944,Metro
25017314101,Massachusetts,,Middlesex County,Not Eligible,6643,97457.0,0.05869862,0.018631955079122,292200.0,1229.0,0.3083778966131907,0.0218531468531468,0.8360680415474936,0.038085202,0.0298058106277284,0.2425109137437904,0.1094385066987806,0.5200887902330744,0.2057713651498335,Metro
25017314102,Massachusetts,,Middlesex County,Low-Income Community,7611,71479.0,0.0408619120717048,0.069062717,244600.0,1250.0,0.3527131676673889,0.0152335818856954,0.8119826316833496,0.005912495,0.075154379,0.2081198245286941,0.1606884747743606,0.4798567593097687,0.2376007139682769,Metro
25017314200,Massachusetts,,Middlesex County,Non-LIC Contiguous,5422,71423.0,0.067909211,0.0457965321838855,300700.0,1241.0,0.1156773194670677,0.0216515604406595,0.8369605541229248,0.062891923,0.070638143,0.2371818572282791,0.1300258189439773,0.4582326114177704,0.256244957,Metro
25017314301,Massachusetts,,Middlesex County,Not Eligible,8205,93382.0,0.072760512,0.049822064,307300.0,1215.0,0.1853448275862069,0.028807947,0.8503351614868982,0.0444850700792199,0.050091408,0.2148689823278488,0.1501523461304083,0.36002886002886,0.3760822510822511,Metro
25017314302,Massachusetts,,Middlesex County,Not Eligible,3059,125938.0,0.031485733,0.060883621,370800.0,1675.0,0.1403508771929824,0.041708043694141,0.9274272638117032,0.034651847,0.0120954560313828,0.2477933965348153,0.1131088591042824,0.2994214079074253,0.375602700096432,Metro
25017315100,Massachusetts,,Middlesex County,Not Eligible,6062,101649.0,0.075752564,0.044481512,372600.0,1482.0,0.1911262798634812,0.0109539023277042,0.8525239194985154,0.051468162,0.0359617288023754,0.2048828769383042,0.1478060046189376,0.3234539089848308,0.4228704784130688,Metro
25017315200,Massachusetts,,Middlesex County,Not Eligible,7867,91667.0,0.035995355,0.05302714,357300.0,1720.0,0.2459736456808199,0.053435115,0.896911148,0.009406381,0.0233888394559552,0.2057963645608237,0.1910512266429388,0.3185031902052078,0.354888773926539,Metro
25017315401,Massachusetts,,Middlesex County,Not Eligible,3869,65139.0,0.091456422,0.036712329,289000.0,486.0,0.2013888888888889,0.037323037,0.9082450245541484,0.009563195,0.0263634013957094,0.15921426725252,0.2202119410700439,0.4286189683860233,0.3257903494176373,Metro
25017315402,Massachusetts,,Middlesex County,Not Eligible,3063,112991.0,0.039054808,0.0253090052972336,383400.0,1662.0,0.0,0.0102230483271375,0.910871694,0.0127326150832517,0.0228534116878876,0.217107411034933,0.1570355860267711,0.3852534562211981,0.3161290322580645,Metro
25017315403,Massachusetts,,Middlesex County,Not Eligible,1779,102218.0,0.0207982012366498,0.091350826,356500.0,1344.0,0.3111111111111111,0.0295566502463054,0.9792017987633502,0.002248454,0.004496908,0.1956155143338954,0.1630129286115795,0.4490777866880513,0.2413793103448276,Metro
25017315500,Massachusetts,,Middlesex County,Not Eligible,7738,85239.0,0.0489891135303265,0.061055386,315200.0,1301.0,0.2876712328767123,0.0136268343815513,0.972085810286896,0.0,0.0,0.2017317136210907,0.1668389764797105,0.4140044576523031,0.2591010401188707,Metro
25017316101,Massachusetts,,Middlesex County,Not Eligible,4974,100972.0,0.025308767,0.053980184,368600.0,1387.0,0.0,0.003544005,0.952151186,0.001608363,0.0168878166465621,0.2094893445918777,0.1564133494169682,0.4229651162790697,0.2930232558139535,Metro
25017316102,Massachusetts,,Middlesex County,Not Eligible,6758,107383.0,0.0316117542297417,0.067640277,372900.0,933.0,0.045751634,0.008989726,0.9489493933116306,0.0,0.037141166,0.174015981059485,0.1823024563480319,0.3526570048309179,0.3691626409017713,Metro
25017316201,Massachusetts,,Middlesex County,Not Eligible,4212,105365.0,0.05373776,0.05439864,377600.0,1861.0,0.4736842105263157,0.037010676,0.9617758784425452,0.0121082621082621,0.007122507,0.2082146248812915,0.1583570750237417,0.3727333781061114,0.2981867024848892,Metro
25017316202,Massachusetts,,Middlesex County,Not Eligible,4607,103472.0,0.030822661,0.0578330893118594,356200.0,1585.0,0.2087912087912088,0.0209459459459459,0.8146299110049924,0.029520295,0.023442587,0.2376817885825917,0.1193835467766442,0.406086387,0.3157722513089005,Metro
25017316300,Massachusetts,,Middlesex County,Not Eligible,8500,85958.0,0.060666745,0.063159916,330900.0,1356.0,0.1769398114575779,0.0521481481481481,0.808235294,0.028117647,0.02,0.2092941176470588,0.1188235294117647,0.3798397863818424,0.3619826435246996,Metro
25017316400,Massachusetts,,Middlesex County,Not Eligible,6999,101713.0,0.0289027054276592,0.0356149137451307,357400.0,1792.0,0.1014492753623188,0.0269994905756495,0.8196885269324189,0.032004572,0.077439634,0.1975996570938705,0.1028718388341191,0.4641158221302999,0.2992761116856256,Metro
25017316500,Massachusetts,,Middlesex County,Not Eligible,6178,95288.0,0.054590985,0.064298224,344000.0,1189.0,0.1824480369515011,0.065566652,0.8527031401748139,0.033505989,0.070087407,0.1947232113952735,0.1497248300420848,0.3672791675891078,0.3418197918972769,Metro
25017317101,Massachusetts,,Middlesex County,Not Eligible,6197,98694.0,0.042601259,0.035383319,353300.0,1191.0,0.2457231726283048,0.0435080507022953,0.8223333871228014,0.0,0.083588833,0.1715346135226722,0.1700822978860739,0.2810226564123882,0.4899189357721887,Metro
25017317102,Massachusetts,,Middlesex County,Not Eligible,4661,104483.0,0.025316456,0.053418005,343100.0,1379.0,0.03,0.0,0.7841664878781377,0.009654581,0.035829221,0.2319244797253808,0.1145676893370521,0.2730080296479308,0.4654107473749228,Metro
25017317103,Massachusetts,,Middlesex County,Not Eligible,5065,127798.0,0.037982196,0.036795048,392000.0,1733.0,0.0,0.0225352112676056,0.8993089832181639,0.0122408687068114,0.009871668,0.2268509378084896,0.1613030602171767,0.200885445489762,0.5525733259546209,Metro
25017317201,Massachusetts,,Middlesex County,Not Eligible,2771,128571.0,0.0194875496210754,0.049180328,410900.0,,0.0,0.074252652,0.9252977264525442,0.0,0.0137134608444604,0.2259112233850595,0.2140021652832912,0.1761038961038961,0.5953246753246754,Metro
25017317202,Massachusetts,,Middlesex County,Not Eligible,3565,129350.0,0.021879383,0.0441805225653206,434500.0,1550.0,0.09375,0.008647799,0.8973352033660589,0.0244039270687237,0.0213183730715287,0.2053295932678822,0.1966339410939691,0.1991622239146991,0.6142421934501142,Metro
25017317203,Massachusetts,,Middlesex County,Not Eligible,4195,96972.0,0.033325225,0.041507634,335500.0,903.0,0.095435685,0.053808948,0.8812872467222884,0.002145411,0.005244338,0.2088200238379022,0.2174016686531585,0.275988043839256,0.4898704749252739,Metro
25017317301,Massachusetts,,Middlesex County,Not Eligible,2735,75591.0,0.026676547,0.074889868,316300.0,1362.0,0.2895377128953771,0.032894737,0.8010968921389396,0.004021938,0.05630713,0.2010968921389396,0.2541133455210237,0.3700787401574803,0.4414370078740157,Metro
25017317302,Massachusetts,,Middlesex County,Not Eligible,5717,80278.0,0.0454783977610634,0.052905199,281200.0,676.0,0.2428571428571428,0.035521236,0.8437991953821935,0.013468602,0.040405807,0.2177715585097079,0.16494665,0.2968861421440456,0.4616115997147611,Metro
25017318100,Massachusetts,,Middlesex County,Not Eligible,7150,120417.0,0.0173523649594178,0.059232552,402700.0,2207.0,0.0,0.074716981,0.7737062937062937,0.0,0.010909091,0.3025174825174825,0.1377622377622377,0.1619047619047619,0.6301218161683277,Metro
25017318200,Massachusetts,,Middlesex County,Not Eligible,4515,115670.0,0.047037941,0.0186706497386109,373000.0,1649.0,0.1253481894150417,0.0569620253164556,0.7605758582502768,0.007751938,0.0267995570321151,0.270874862,0.081949059,0.174430128840436,0.6171126527915428,Metro
25017318300,Massachusetts,,Middlesex County,Not Eligible,8109,151549.0,0.0197270471464019,0.031509526,524300.0,2010.0,0.0,0.0111982082866741,0.8316685164631891,0.0,0.0275003082994203,0.275743002,0.1148107041558761,0.102130087485736,0.7329783187523773,Metro
25017318400,Massachusetts,,Middlesex County,Not Eligible,4076,148529.0,0.0223258096172718,0.0469330855018587,545300.0,1443.0,0.3501945525291828,0.0,0.8010304219823356,0.0184003925417075,0.02747792,0.2627576054955839,0.1324828263002944,0.1552958914436487,0.7067470787787411,Metro
25017320102,Massachusetts,,Middlesex County,Not Eligible,5449,140230.0,0.0259191176470588,0.060657985,505000.0,1102.0,0.0,0.05734767,0.8678656634244816,0.004404478,0.0148651128647458,0.302073775,0.079647642,0.1111111111111111,0.7078496406854616,Metro
25017320103,Massachusetts,,Middlesex County,Not Eligible,2910,153750.0,0.039086821,0.069916613,486300.0,1200.0,0.2989130434782608,0.057958478,0.8206185567010309,0.0137457044673539,0.0123711340206185,0.2738831615120275,0.1103092783505154,0.1552511415525114,0.6925418569254186,Metro
25017320104,Massachusetts,,Middlesex County,Not Eligible,7898,146875.0,0.020939734,0.038603791,575200.0,1693.0,0.1476635514018691,0.007380074,0.9194732843757912,0.0150671055963535,0.021777665,0.2814636616865029,0.1019245378576854,0.1523646071700991,0.6311975591151793,Metro
25017321100,Massachusetts,,Middlesex County,Not Eligible,6854,82000.0,0.060597103,0.0618265777321703,359500.0,1273.0,0.1429712460063897,0.075777202,0.7366501313101839,0.0145900204260285,0.1105923548292967,0.196965275751386,0.1740589436825211,0.2727452141306493,0.4442470890073021,Metro
25017321200,Massachusetts,1.0,Middlesex County,Low-Income Community,6339,64896.0,0.052648272,0.0272774063050746,288600.0,1287.0,0.1106906309723854,0.044287309,0.7244044542312622,0.0140400696545839,0.1836251765489578,0.1747909784317016,0.1687963455915451,0.4077226519584656,0.3250986039638519,Metro
25017321300,Massachusetts,1.0,Middlesex County,Low-Income Community,8084,60558.0,0.1020534411072731,0.0263549424707889,296700.0,1022.0,0.177754670381546,0.056767255,0.5721177458763123,0.0262246411293745,0.3309005498886108,0.2502473890781402,0.095373578,0.4779235124588012,0.3288379907608032,Metro
25017321400,Massachusetts,,Middlesex County,Not Eligible,2903,94293.0,0.0302478134110787,0.079976649,344100.0,1766.0,0.1671826625386996,0.1203416149068323,0.8325869789872545,0.009300723,0.067516362,0.1743024457457802,0.1725800895625215,0.2188065099457504,0.5547016274864376,Metro
25017321500,Massachusetts,,Middlesex County,Not Eligible,7483,75472.0,0.077122577,0.050782998,297400.0,1293.0,0.1592920353982301,0.0778157,0.7113457169584392,0.0400908726446612,0.166510758,0.2496325003340906,0.092075371,0.4741641337386018,0.3170592705167173,Metro
25017321600,Massachusetts,,Middlesex County,Not Eligible,7882,84038.0,0.078493937,0.050408163,327300.0,1273.0,0.2729658792650918,0.0200647249190938,0.7153006851053032,0.057726465,0.1094899771631565,0.2033747779751332,0.1374016747018523,0.3777944767987977,0.4133007702423445,Metro
25017322100,Massachusetts,,Middlesex County,Not Eligible,4642,110086.0,0.030374838,0.046967456,364000.0,1778.0,0.4227642276422764,0.0151941474395047,0.9065058164584232,0.0,0.028651443,0.2005601034037053,0.1512279190004308,0.2738965214849459,0.4790996784565916,Metro
25017322200,Massachusetts,,Middlesex County,Not Eligible,3817,77131.0,0.035723667,0.033960532,345700.0,1181.0,0.125858123569794,0.050090525,0.8912758711029605,0.020696882,0.0170290804296567,0.1951794603091433,0.1946554886036154,0.296695652,0.4539130434782609,Metro
25017322300,Massachusetts,,Middlesex County,Not Eligible,6203,63571.0,0.085890567,0.0294117647058823,273900.0,962.0,0.1273644388398487,0.035094485,0.8508786071255844,0.0266000322424633,0.081895857,0.206351765,0.173948089634048,0.3511348464619492,0.3749443702714731,Metro
25017322400,Massachusetts,,Middlesex County,Not Eligible,5018,80272.0,0.092467118,0.048575603,283400.0,1302.0,0.1880650994575045,0.0496794871794871,0.8744519728975687,0.010960542,0.058389797,0.2136309286568354,0.1542447190115584,0.4634760705289673,0.3047858942065491,Metro
25017323100,Massachusetts,,Middlesex County,Not Eligible,7027,146799.0,0.043404013,0.041612484,452600.0,1589.0,0.2186234817813765,0.037079511,0.9213035434751672,0.00014230823964707555,0.024050093,0.2691048811726199,0.158246762487548,0.1427056827820186,0.6774809160305344,Metro
25017324101,Massachusetts,,Middlesex County,Not Eligible,4936,102778.0,0.0273915750155633,0.053676471,380300.0,863.0,0.2285714285714285,0.0433436532507739,0.9203808752025932,0.006280389,0.006280389,0.2238654781199351,0.2036061588330632,0.241187899,0.5198445739661394,Metro
25017324102,Massachusetts,,Middlesex County,Not Eligible,4602,113000.0,0.029642546,0.058252427,410900.0,1350.0,0.1223404255319148,0.032992036,0.8670143415906127,0.005432421,0.007388092,0.2033898305084746,0.130160799652325,0.1760500446827524,0.6058981233243967,Metro
25017325100,Massachusetts,,Middlesex County,Not Eligible,7929,77112.0,0.1285515847960601,0.057466353,290600.0,908.0,0.192212096106048,0.0366506907245559,0.8316307226636398,0.038214151,0.047546979,0.195863286669189,0.1172909572455543,0.3080082135523614,0.377823409,Metro
25017326101,Massachusetts,,Middlesex County,Not Eligible,4242,128981.0,0.04610951,0.043533931,398100.0,1338.0,0.3377483443708609,0.047381546,0.892975012,0.0101367279585101,0.0174446016030174,0.2692126355492692,0.1140971239981141,0.1726565394590589,0.6628380881808077,Metro
25017326102,Massachusetts,,Middlesex County,Not Eligible,6940,115227.0,0.035878963,0.0578804347826086,440100.0,1012.0,0.1411764705882353,0.059483726,0.9361671469740634,0.0,0.0135446685878962,0.226657061,0.1497118155619596,0.1563255439161966,0.6279210314262691,Metro
25017327101,Massachusetts,,Middlesex County,Not Eligible,3973,106750.0,0.016612132,0.033459001,335300.0,1159.0,0.46,0.0258684405025868,0.9290208910143468,0.006544173,0.009564561,0.2816511452303045,0.099672791,0.3382297551789077,0.3977401129943503,Metro
25017327102,Massachusetts,,Middlesex County,Not Eligible,4297,77829.0,0.080205176,0.087062653,263900.0,1294.0,0.1204545454545454,0.099706745,0.9076099604375144,0.025831976,0.0465441005352571,0.2445892483127763,0.1328834070281591,0.3450993831391364,0.2597669636737491,Metro
25017327103,Massachusetts,,Middlesex County,Not Eligible,3761,86389.0,0.0475937250731188,0.0495199595755432,341100.0,894.0,0.2176165803108808,0.032085561,0.9486838606753524,0.0,0.0103695825578303,0.2177612337144376,0.1534166445094389,0.2760215882806476,0.4660755589822667,Metro
25017328100,Massachusetts,,Middlesex County,Not Eligible,3310,118984.0,0.0235649546827794,0.039205156,436600.0,1375.0,0.15625,0.028356964,0.9268882175226586,0.0,0.006042296,0.245619335347432,0.1374622356495468,0.2298850574712643,0.555260831,Metro
25017330100,Massachusetts,,Middlesex County,Not Eligible,8730,146650.0,0.035853379,0.025816862,491400.0,1958.0,0.3805309734513274,0.031718963,0.9171821305841924,0.003894616,0.0107674684994272,0.2392898052691867,0.140893471,0.240533778148457,0.5371142618849041,Metro
25017330200,Massachusetts,,Middlesex County,Not Eligible,6746,99792.0,0.0262048192771084,0.050743209,382100.0,1310.0,0.1789819376026272,0.073684211,0.8705899792469611,0.018974207,0.0128965312777942,0.202193892677142,0.1489771716572784,0.2908334983171649,0.4747574737675707,Metro
25017331101,Massachusetts,,Middlesex County,Not Eligible,3347,100508.0,0.0108140582757584,0.0300560366785532,385000.0,1956.0,0.3271375464684015,0.007839721,0.8766059157454437,0.024499552,0.009262026,0.2145204660890349,0.1592470869435315,0.3223684210526316,0.4325657894736842,Metro
25017331102,Massachusetts,,Middlesex County,Not Eligible,7277,99456.0,0.0176915394492794,0.078789335,387200.0,1659.0,0.095744681,0.019207683,0.9058678026659338,0.032843205,0.016627731,0.2300398515871925,0.1741102102514772,0.3705401634442894,0.3593781144110026,Metro
25017331200,Massachusetts,,Middlesex County,Not Eligible,5436,98077.0,0.062362031,0.080890643,389100.0,1600.0,0.3470149253731343,0.0182599355531686,0.9229212656364976,0.001839588,0.005518764,0.2220382634289919,0.1140544518027961,0.3922049604796947,0.3232488416462251,Metro
25017331300,Massachusetts,,Middlesex County,Not Eligible,7250,116146.0,0.0226206896551724,0.066540374,397300.0,1514.0,0.1257861635220125,0.0,0.9126896551724136,0.003172414,0.027034483,0.2420689655172413,0.140551724137931,0.3525121555915721,0.4228119935170178,Metro
25017332100,Massachusetts,,Middlesex County,Not Eligible,6407,111326.0,0.0004682378648353364,0.038178733,452800.0,2329.0,0.0,0.046545106,0.8534415483065397,0.0104573123146558,0.005306696,0.2353675667238957,0.1503043546121429,0.2967563837129054,0.4748102139406487,Metro
25017332200,Massachusetts,,Middlesex County,Not Eligible,8515,91000.0,0.079154433,0.068055556,423900.0,1722.0,0.1123213070115725,0.098925324,0.7154433352906635,0.061890781,0.033587786,0.1830886670581327,0.1770992366412213,0.2727133913574591,0.5012979080775691,Metro
25017332300,Massachusetts,,Middlesex County,Not Eligible,6948,78750.0,0.046200345,0.031428571,429700.0,1364.0,0.1638330757341576,0.045933735,0.7109959700633276,0.079591249,0.0082038,0.2202072538860103,0.1954519286125503,0.3001027749229188,0.4606372045220966,Metro
25017332400,Massachusetts,,Middlesex County,Not Eligible,3828,93816.0,0.086729363,0.076233184,455700.0,2095.0,0.2760511882998172,0.051282051,0.8158307210031348,0.0185475444096133,0.0402298850574712,0.1977533960292581,0.2270114942528735,0.3162973552537527,0.5178699070764832,Metro
25017333100,Massachusetts,,Middlesex County,Not Eligible,7829,91065.0,0.047723462,0.0542669584245076,417500.0,1446.0,0.1312056737588652,0.052631579,0.8419977008557926,0.0583727168220717,0.007536084,0.1677097969089283,0.1926171924894622,0.3627264883520276,0.4248490077653149,Metro
25017333200,Massachusetts,,Middlesex County,Not Eligible,4769,72656.0,0.073613162,0.086213445,367500.0,1253.0,0.2938461538461538,0.0548266166822867,0.8876074648773328,0.0358565737051792,0.051792829,0.1901866219333193,0.1639756762423988,0.3192528735632184,0.4362068965517241,Metro
25017333300,Massachusetts,,Middlesex County,Not Eligible,3896,74632.0,0.0539014373716632,0.077075884,350200.0,1311.0,0.2292490118577075,0.1013623978201634,0.7885010266940452,0.088552361,0.0598049281314168,0.1742813141683778,0.1216632443531827,0.4631470689064107,0.3260198834418923,Metro
25017333400,Massachusetts,,Middlesex County,Not Eligible,6014,88367.0,0.089291653,0.0219518645860883,355000.0,1379.0,0.1590013140604468,0.0603972436157276,0.8717991353508481,0.0447289657465912,0.03026272,0.1739275024941802,0.1612903225806451,0.3777340332458442,0.3488626421697288,Metro
25017333501,Massachusetts,,Middlesex County,Not Eligible,5268,102750.0,0.053822746,0.0135396518375241,369700.0,1368.0,0.1689587426326129,0.00987013,0.886294609,0.0157555049354593,0.024677296886864,0.2038724373576309,0.1503416856492027,0.3065015479876161,0.4646542827657379,Metro
25017333502,Massachusetts,,Middlesex County,Not Eligible,3548,69432.0,0.064619883,0.086043022,369900.0,1104.0,0.2352941176470588,0.036236934,0.8596392333709132,0.047632469,0.064261556,0.2229425028184893,0.1727733934611048,0.4255823134622977,0.3505724437425977,Metro
25017333600,Massachusetts,,Middlesex County,Not Eligible,7896,90123.0,0.1039766970618034,0.063816605,375800.0,1551.0,0.2444017914267434,0.046212648,0.6738855116514691,0.071681864,0.0477456940222897,0.2346757852077001,0.08345998,0.3361550037622272,0.4074492099322799,Metro
25017334100,Massachusetts,,Middlesex County,Not Eligible,7251,115463.0,0.040684044,0.0303256276410638,547300.0,1775.0,0.1596516690856313,0.039135296,0.8655357881671494,0.010343401,0.042063164,0.2719624879326989,0.1119845538546407,0.1597383414222409,0.6794682422451994,Metro
25017334200,Massachusetts,,Middlesex County,Not Eligible,3966,108750.0,0.0165985699693564,0.0454744206383909,460900.0,1167.0,0.1384248210023866,0.095095694,0.940998487140696,0.0,0.0181543116490166,0.2228946041351487,0.170196672,0.2053231939163498,0.5834773591427583,Metro
25017334300,Massachusetts,,Middlesex County,Not Eligible,7640,128911.0,0.00783949,0.027849894,519800.0,980.0,0.0,0.0165257494235203,0.9524869109947643,0.00013089005235602096,0.008638743,0.2713350785340314,0.1310209424083769,0.1523677432137903,0.6859520507232019,Metro
25017334400,Massachusetts,,Middlesex County,Not Eligible,6633,84385.0,0.038072216,0.0539068881023686,407200.0,1302.0,0.2272727272727272,0.055924502,0.8941655359565808,0.003165988,0.0101010101010101,0.195838987,0.1840796019900497,0.2601283594063378,0.4993983152827918,Metro
25017335100,Massachusetts,,Middlesex County,Not Eligible,5655,89868.0,0.044784077,0.042571932,443100.0,1179.0,0.1347626339969372,0.0470169893322797,0.9628647214854112,0.0104332449160035,0.002829355,0.1623342175066313,0.1778956675508399,0.2564927602849919,0.5578028039531142,Metro
25017335200,Massachusetts,,Middlesex County,Not Eligible,6334,100588.0,0.019845111,0.025414365,434500.0,999.0,0.2352941176470588,0.036256324,0.9336911904010105,0.0146826649826334,0.0410483107041364,0.2006630880959899,0.1676665614145879,0.3192519251925192,0.5185918591859185,Metro
25017335301,Massachusetts,,Middlesex County,Not Eligible,4242,78429.0,0.099834005,0.039985326,393600.0,1271.0,0.2600834492350486,0.040578099,0.8392267798208393,0.0162659123055162,0.059170203,0.1687883074021688,0.1435643564356435,0.3345418589321028,0.4291364535266974,Metro
25017335302,Massachusetts,,Middlesex County,Not Eligible,5101,87292.0,0.0272495589100176,0.035942224,466500.0,1328.0,0.083778966,0.0235776524859046,0.8908057243677711,0.00568516,0.040384238,0.2232895510684179,0.1342873946285042,0.284931506849315,0.5161643835616438,Metro
25017335400,Massachusetts,,Middlesex County,Not Eligible,5067,95078.0,0.0169008348605172,0.062687563,413900.0,1420.0,0.1035856573705179,0.030286641,0.9358594829287546,0.0110519044799684,0.033550424,0.2127491612393921,0.1813696467337675,0.3454790823211875,0.4267206477732793,Metro
25017336100,Massachusetts,,Middlesex County,Not Eligible,5567,73633.0,0.0267099801479877,0.03750775,447900.0,985.0,0.0399500624219725,0.063346614,0.8176755882881265,0.1005927788755164,0.0330519130590982,0.1993892581282557,0.216454104544638,0.2292065009560229,0.5645315487571702,Metro
25017336200,Massachusetts,,Middlesex County,Not Eligible,6091,117303.0,0.050016728,0.0178846746839346,548500.0,1522.0,0.341692789968652,0.039911308,0.9791495649318668,0.001313413,0.0141191922508619,0.2309965522902643,0.1697586603185027,0.1692593452519155,0.6064546087764104,Metro
25017336300,Massachusetts,,Middlesex County,Not Eligible,6437,104505.0,0.015269554,0.037427517,434000.0,1309.0,0.1020408163265306,0.0231372549019607,0.8763399098959143,0.005437316,0.0205064471026875,0.2314742892651856,0.1315830355755786,0.2284899034240562,0.5711150131694469,Metro
25017336401,Massachusetts,,Middlesex County,Not Eligible,4597,61839.0,0.072003481,0.06875,356100.0,1318.0,0.2126044039483675,0.051438535,0.7733304328910159,0.050250163,0.062867087,0.1794648683924298,0.1031107243854687,0.2558604917095483,0.4556889651229274,Metro
25017336402,Massachusetts,,Middlesex County,Not Eligible,5095,81250.0,0.031606321,0.0560186728909636,394200.0,949.0,0.1421911421911421,0.0067659,0.8987242394504417,0.0241413150147203,0.02983317,0.1990186457311089,0.1638861629048086,0.3113131853436748,0.4466434875635197,Metro
25017337101,Massachusetts,,Middlesex County,Not Eligible,3136,77727.0,0.07488,0.0304422745548535,419600.0,613.0,0.1016949152542373,0.0,0.9215561224489796,0.015625,0.0184948979591836,0.2142857142857142,0.2021683673469387,0.2881049298959747,0.4789687924016282,Metro
25017337102,Massachusetts,,Middlesex County,Not Eligible,5017,99875.0,0.0279903342730567,0.0416809019473864,448800.0,1344.0,0.1894736842105263,0.0347394540942928,0.9421965317919077,0.017141718,0.00777357,0.1929439904325294,0.178792106836755,0.2993178717598909,0.4542974079126876,Metro
25017337201,Massachusetts,,Middlesex County,Not Eligible,3091,61875.0,0.060892218,0.0183649289099526,450000.0,1204.0,0.3210445468509985,0.073074391,0.8770624393400194,0.0203817534778388,0.0336460692332578,0.1572306696861857,0.2135231316725978,0.3426229508196721,0.4110655737704918,Metro
25017337202,Massachusetts,,Middlesex County,Not Eligible,4874,76615.0,0.0276231704803133,0.044459644,429400.0,1603.0,0.2925877763328999,0.02128666,0.9376282314320886,0.003282725,0.0590890439064423,0.1495691423881822,0.2041444398851046,0.3131766569844204,0.3665170319514127,Metro
25017337300,Massachusetts,,Middlesex County,Not Eligible,5713,89003.0,0.0600421348314606,0.086690747,392500.0,1535.0,0.3448940269749518,0.017343486,0.865219674,0.0227551199019779,0.0194293716086119,0.1699632417293891,0.15613513,0.2967452300785634,0.4141414141414141,Metro
25017338100,Massachusetts,,Middlesex County,Not Eligible,3213,160586.0,0.003423592,0.038644471,693900.0,1770.0,0.0,0.028210117,0.7320261437908496,0.0146280734516028,0.0236539060068471,0.3227513227513227,0.1020852785558667,0.171007371,0.686977887,Metro
25017338200,Massachusetts,,Middlesex County,Not Eligible,4133,103333.0,0.034114053,0.037857802,494600.0,1500.0,0.038554217,0.05982906,0.7466731187999032,0.0133075248003871,0.0254052746189208,0.2334865714977014,0.2044519719332204,0.2194955691888207,0.5610088616223585,Metro
25017338300,Massachusetts,,Middlesex County,Not Eligible,3294,128897.0,0.015625,0.072124756,1035600.0,1550.0,0.2006578947368421,0.0501212611156022,0.9077109896782029,0.009107468,0.0121432908318154,0.3020643594414086,0.1839708561020036,0.1103573043871551,0.7770239710538218,Metro
25017338400,Massachusetts,,Middlesex County,Not Eligible,5931,177935.0,0.0124768167256786,0.0253756260434056,899300.0,2511.0,0.417910448,0.045240339,0.849603777,0.005058169,0.0150059011970999,0.2852807283763278,0.1969313775080087,0.1240857503152585,0.7997477931904161,Metro
25017338500,Massachusetts,,Middlesex County,Not Eligible,5920,197125.0,0.04375,0.030551905,889500.0,1233.0,0.4897959183673469,0.037518038,0.8913851351351352,0.003716216,0.01097973,0.3067567567567567,0.1354729729729729,0.06610703,0.8323714585519413,Metro
25017339100,Massachusetts,,Middlesex County,Non-LIC Contiguous,6280,55593.0,0.080962442,0.050000001,473200.0,795.0,0.2481343299150467,0.0232477448880672,0.8621019124984741,0.0292993634939193,0.0606687888503074,0.1485668718814849,0.253025472164154,0.3025971353054046,0.4467485547065735,Metro
25017339200,Massachusetts,,Middlesex County,Non-LIC Contiguous,5779,120766.0,0.032610610127449,0.052178901,470600.0,1589.0,0.028124999,0.036422316,0.9378785490989684,0.006229451,0.0237065237015485,0.1957086026668548,0.1884409040212631,0.2170212715864181,0.5581560134887695,Metro
25017339300,Massachusetts,,Middlesex County,Non-LIC Contiguous,2872,81375.0,0.084852733,0.036052011,415300.0,1494.0,0.1852731555700302,0.098070741,0.5383008122444153,0.2977019548416137,0.0282033421099185,0.1626044511795044,0.1601671278476715,0.2793005704879761,0.4829867780208587,Metro
25017339400,Massachusetts,,Middlesex County,Low-Income Community,3333,68670.0,0.1567666828632354,0.0297777783125638,425200.0,1560.0,0.2210796922445297,0.038841344,0.8238824009895325,0.015601560473442,0.086708672,0.1050105020403862,0.111911192536354,0.2661324441432953,0.590468168,Metro
25017339500,Massachusetts,,Middlesex County,Non-LIC Contiguous,5849,81964.0,0.1243878528475761,0.0293228533118963,399400.0,1450.0,0.1974359005689621,0.06219212,0.7479910850524902,0.1061719954013824,0.053684391,0.099504188,0.087707303,0.2949467301368713,0.5359230041503906,Metro
25017339600,Massachusetts,,Middlesex County,Not Eligible,5382,79915.0,0.1619154089808086,0.041366906,407100.0,1712.0,0.2660332541567696,0.0528455284552845,0.7361575622445188,0.1105536975102192,0.0209959123002601,0.091044221,0.08974359,0.3158333333333333,0.5061111111111111,Metro
25017339700,Massachusetts,1.0,Middlesex County,Low-Income Community,4413,57708.0,0.1435069292783737,0.0487001091241836,436800.0,1482.0,0.1785714328289032,0.0197287295013666,0.6823022961616516,0.1361885368824005,0.070473604,0.1502379328012466,0.1117153838276863,0.4139950573444366,0.4078298509120941,Metro
25017339801,Massachusetts,,Middlesex County,Non-LIC Contiguous,4947,86031.0,0.1049120649695396,0.0438799075782299,404700.0,2100.0,0.1405371576547622,0.0,0.5443703532218933,0.058621388,0.1142106354236602,0.1083484962582588,0.1291691958904266,0.2307073920965194,0.5964630246162415,Metro
25017339802,Massachusetts,,Middlesex County,Low-Income Community,4419,69375.0,0.1885078400373459,0.076892741,339300.0,1421.0,0.2521327137947082,0.06477733,0.6372482180595398,0.1330617815256118,0.081240103,0.1846571564674377,0.1364562064409256,0.362430602,0.4231955707073211,Metro
25017339900,Massachusetts,,Middlesex County,Low-Income Community,4742,65804.0,0.061577395,0.050907657,414900.0,1337.0,0.1610169559717178,0.1031175032258033,0.7859553098678589,0.1064951494336128,0.035849851,0.1822016090154647,0.1288485825061798,0.3538286387920379,0.3837176263332367,Metro
25017340000,Massachusetts,,Middlesex County,Low-Income Community,2539,64879.0,0.1247516870498657,0.064821064,369900.0,1469.0,0.3786231875419616,0.034389142,0.6695549488067627,0.1283970028162002,0.0575029551982879,0.2418274879455566,0.094525404,0.3655439019203186,0.4362230896949768,Metro
25017340100,Massachusetts,,Middlesex County,Not Eligible,6625,98569.0,0.054584815,0.1155107187894073,392800.0,1331.0,0.320855614973262,0.017305315,0.7557735849056604,0.082415094,0.042716981,0.1634716981132075,0.1823396226415094,0.3953934740882917,0.3865642994241842,Metro
25017341101,Massachusetts,,Middlesex County,Non-LIC Contiguous,3977,76816.0,0.1154136285185813,0.055851065,390700.0,1337.0,0.3426724076271057,0.0227434262633323,0.5385969281196594,0.0631129,0.0238873530179262,0.1136535108089447,0.112144835,0.386904776,0.4467592537403106,Metro
25017341102,Massachusetts,,Middlesex County,Low-Income Community,4019,49627.0,0.1935804933309555,0.062121823,360300.0,1133.0,0.2234042584896087,0.090228871,0.4909181296825409,0.084349342,0.081114702,0.083602883,0.1380940526723861,0.3200253546237945,0.4616603255271911,Metro
25017341200,Massachusetts,1.0,Middlesex County,Low-Income Community,7725,62226.0,0.1518446654081344,0.097388223,343700.0,1347.0,0.161849707,0.039667547,0.4532038867473602,0.1425242722034454,0.067961164,0.1795469224452972,0.1244012936949729,0.5031152367591858,0.302570105,Metro
25017341300,Massachusetts,1.0,Middlesex County,Low-Income Community,5145,37813.0,0.3065111637115478,0.078673348,316700.0,1323.0,0.2481572479009628,0.073988438,0.4351797997951507,0.087269194,0.060252674,0.1426627784967422,0.1403304189443588,0.3638473451137543,0.4734399318695068,Metro
25017341400,Massachusetts,,Middlesex County,Low-Income Community,6902,62930.0,0.091310754,0.046677217,299800.0,1276.0,0.2492401152849197,0.063229963,0.435960591,0.1940017342567443,0.086062014,0.2002318203449249,0.1059113293886184,0.4859696626663208,0.2980669438838959,Metro
25017341500,Massachusetts,,Middlesex County,Low-Income Community,5476,58770.0,0.1482430398464203,0.1071428582072258,307400.0,1386.0,0.353515625,0.048306495,0.336559534,0.254747986793518,0.1568663269281387,0.2195032835006714,0.084550768,0.5034124851226807,0.2465192526578903,Metro
25017341600,Massachusetts,,Middlesex County,Low-Income Community,6403,66150.0,0.15977443754673,0.095989652,343600.0,1382.0,0.3524150252342224,0.0232108309864997,0.5498985052108765,0.1621115058660507,0.075121038,0.1796033084392547,0.132437914609909,0.4111247956752777,0.3442118167877197,Metro
25017341700,Massachusetts,,Middlesex County,Not Eligible,5205,64136.0,0.10835734870317,0.056849315,348900.0,1010.0,0.2219804134929271,0.0199430199430199,0.6247838616714697,0.1048991354466858,0.060518732,0.2134486071085494,0.1779058597502401,0.4162176724137931,0.3173491379310345,Metro
25017341800,Massachusetts,,Middlesex County,Low-Income Community,5915,35672.0,0.2237087190151214,0.0513320341706275,326100.0,697.0,0.2520687580108642,0.08862745,0.4177514910697937,0.1802197843790054,0.2157227396965026,0.2277261167764663,0.1234150454401969,0.54264313,0.1744382679462432,Metro
25017341901,Massachusetts,,Middlesex County,Low-Income Community,1482,63988.0,0.0182186234742403,0.04252734,310400.0,1479.0,0.2350230365991592,0.063461542,0.6808366775512695,0.1410256475210189,0.073549256,0.2348178178071975,0.1268555968999862,0.4281314313411712,0.1889117062091827,Metro
25017341902,Massachusetts,,Middlesex County,Non-LIC Contiguous,8483,75533.0,0.1102204397320747,0.089566931,308300.0,1649.0,0.3024293482303619,0.082465522,0.5388423800468445,0.1386301964521408,0.1146999895572662,0.2197335809469223,0.087822706,0.4206399917602539,0.3739199936389923,Metro
25017342101,Massachusetts,,Middlesex County,Low-Income Community,4601,44087.0,0.2032337784767151,0.077582687,337800.0,1222.0,0.3643243312835693,0.058276504,0.4953271150588989,0.07650511,0.3175396621227264,0.2455987781286239,0.1167137548327446,0.7069797515869141,0.123834029,Metro
25017342102,Massachusetts,,Middlesex County,Low-Income Community,3699,35372.0,0.1816448867321014,0.063668519,336600.0,1042.0,0.2176795601844787,0.069115818,0.531765342,0.1238172501325607,0.2506082653999328,0.2433090060949325,0.1370640695095062,0.6366980075836182,0.1659174561500549,Metro
25017342201,Massachusetts,,Middlesex County,Low-Income Community,4661,53902.0,0.1362368613481521,0.08697135,301300.0,1426.0,0.3185117840766907,0.081591025,0.5037545561790466,0.180218830704689,0.2284917384386062,0.2044625580310821,0.1313022971153259,0.5703524947166443,0.1666164547204971,Metro
25017342202,Massachusetts,,Middlesex County,Low-Income Community,4109,64861.0,0.074944891,0.0303534306585788,322500.0,1389.0,0.2330677360296249,0.096883468,0.6108542084693909,0.1647602766752243,0.1328790485858917,0.2470187395811081,0.1328790485858917,0.5067126750946045,0.1634062081575393,Metro
25017342300,Massachusetts,,Middlesex County,Low-Income Community,7414,66498.0,0.1290628314018249,0.062967159,353800.0,1367.0,0.1842293888330459,0.059348334,0.4840841591358185,0.1618559509515762,0.1944968998432159,0.2404909580945968,0.080253571,0.4875451922416687,0.2348332703113556,Metro
25017342400,Massachusetts,1.0,Middlesex County,Low-Income Community,7025,46471.0,0.2044128179550171,0.07237488,348300.0,1210.0,0.3360323905944824,0.053831775,0.429466188,0.2488256245851516,0.2267615646123886,0.2344484031200409,0.1020640581846237,0.5657579302787781,0.2041439414024353,Metro
25017342500,Massachusetts,,Middlesex County,Low-Income Community,7979,46664.0,0.088846877,0.079418346,347600.0,1327.0,0.3659855723381042,0.04626203,0.4691064059734344,0.239002376794815,0.178844466805458,0.2336132377386093,0.1119187846779823,0.5219399333000183,0.1716705113649368,Metro
25017342600,Massachusetts,,Middlesex County,Low-Income Community,5148,57733.0,0.1709401756525039,0.090668432,350700.0,1290.0,0.268554688,0.0767441838979721,0.3848096430301666,0.2455322444438934,0.2579642534255981,0.238539233803749,0.083333336,0.5977784395217896,0.161064014,Metro
25017350103,Massachusetts,1.0,Middlesex County,Low-Income Community,1392,100336.0,0.048850574,0.06372045,425800.0,1810.0,0.1808219105005264,0.0,0.8196839094161987,0.089798853,0.040948275,0.086206898,0.1192528754472732,0.360805869,0.3928571343421936,Metro
25017350104,Massachusetts,,Middlesex County,Low-Income Community,7484,51890.0,0.1827465742826461,0.052443992,500600.0,1194.0,0.2169454991817474,0.052614272,0.4827632308006286,0.1754409372806549,0.1893372535705566,0.210048109,0.093399249,0.4737745523452759,0.3082204759120941,Metro
25017350200,Massachusetts,,Middlesex County,Non-LIC Contiguous,6601,80694.0,0.087713979,0.091727011,422000.0,1465.0,0.1752958595752716,0.073995017,0.699136496,0.1060445383191108,0.070140891,0.1711861789226532,0.095137097,0.3222710788249969,0.4652139246463775,Metro
25017350300,Massachusetts,,Middlesex County,Non-LIC Contiguous,2635,71953.0,0.078764476,0.042519685,392300.0,1514.0,0.1909547746181488,0.066835873,0.659203053,0.044402275,0.1396584510803222,0.130550280213356,0.075142317,0.3712723553180694,0.4880715608596802,Metro
25017350400,Massachusetts,,Middlesex County,Not Eligible,5631,91071.0,0.100179211469534,0.045712874,638700.0,1740.0,0.077380952,0.014889336,0.8611259101402948,0.0477712662049369,0.039424614,0.1150772509323388,0.1069081868229444,0.1356738391845979,0.7590033975084938,Metro
25017350500,Massachusetts,,Middlesex County,Not Eligible,1510,97344.0,0.0609271523178807,0.077797203,678600.0,1818.0,0.1503416856492027,0.079301075,0.8397350993377484,0.0125827814569536,0.0516556291390728,0.088741722,0.1059602649006622,0.1484437350359138,0.7733439744612929,Metro
25017350600,Massachusetts,,Middlesex County,Non-LIC Contiguous,4264,109318.0,0.1199796646833419,0.023838881,628700.0,1905.0,0.1203703731298446,0.1199999973177909,0.7753283381462097,0.037757974,0.0612101331353187,0.0576923079788684,0.054174483,0.1276202201843261,0.7768187522888184,Metro
25017350700,Massachusetts,,Middlesex County,Low-Income Community,6424,73704.0,0.1947179287672042,0.077772871,555300.0,1355.0,0.1960784345865249,0.04737014,0.7478206753730774,0.1004047319293022,0.0389165617525577,0.087951429,0.1443026214838028,0.3883270025253296,0.4801938533782959,Metro
25017350800,Massachusetts,,Middlesex County,Not Eligible,2027,115893.0,0.0587074494326591,0.0121638924455825,609300.0,1879.0,0.082039911,0.0436634717784877,0.7844104588061174,0.0439072520966946,0.0458806117414898,0.090281204,0.098667982,0.1410488245931284,0.7908378541289933,Metro
25017350900,Massachusetts,,Middlesex County,Not Eligible,3727,115250.0,0.078615508,0.0133790737564322,663000.0,1938.0,0.1096837944664031,0.004920049,0.8650389052857527,0.009659243,0.0195867990340756,0.080762007,0.073785887,0.1017069701280227,0.7908961593172119,Metro
25017351000,Massachusetts,,Middlesex County,Low-Income Community,7692,93906.0,0.1782371252775192,0.048298959,472900.0,1840.0,0.1517275869846344,0.0357366763055324,0.7852314114570618,0.0101404059678316,0.050702028,0.098933958,0.078263134,0.1368205845355987,0.7646958827972412,Metro
25017351100,Massachusetts,,Middlesex County,Non-LIC Contiguous,6059,96952.0,0.1041944101452827,0.0159443076699972,514900.0,1682.0,0.1344639658927917,0.0517435334622859,0.7258623242378235,0.009902624,0.1059580817818641,0.1158607006072998,0.1127248704433441,0.2510566413402557,0.6800507307052612,Metro
25017351203,Massachusetts,,Middlesex County,Low-Income Community,4751,81952.0,0.1435487270355224,0.036206897,548100.0,1861.0,0.1507991701364517,0.024710035,0.7091138958930969,0.028625551611185,0.089454852,0.084403284,0.077246897,0.2029365450143814,0.7302045226097107,Metro
25017351204,Massachusetts,,Middlesex County,Low-Income Community,4375,69541.0,0.1638742238283157,0.06576784,469400.0,1582.0,0.2158920466899871,0.023554605,0.6532571315765381,0.038400002,0.1353142857551574,0.1257142871618271,0.0541714280843734,0.1616430282592773,0.7207446694374084,Metro
25017351300,Massachusetts,,Middlesex County,Non-LIC Contiguous,4248,70202.0,0.1567796617746353,0.065210409,618100.0,1278.0,0.087384619,0.0160080045461654,0.7095103859901428,0.021186441,0.066854991,0.0913371,0.1518361568450927,0.3228148519992828,0.5495671629905701,Metro
25017351403,Massachusetts,,Middlesex County,Low-Income Community,4304,60774.0,0.1391728669404983,0.02223926410079,446300.0,1287.0,0.2171428501605987,0.05882353,0.5580855011940002,0.083875462,0.2021375447511673,0.1489312201738357,0.097583644,0.5135593414306641,0.3298304975032806,Metro
25017351404,Massachusetts,,Middlesex County,Low-Income Community,3994,54835.0,0.123069129884243,0.1218665614724159,385500.0,1303.0,0.1532338261604309,0.03365973,0.4672008156776428,0.086379573,0.1925388127565384,0.1507260948419571,0.083625436,0.488919199,0.3327650725841522,Metro
25017351500,Massachusetts,1.0,Middlesex County,Low-Income Community,2389,60357.0,0.1519464254379272,0.027925532311201,379800.0,1483.0,0.253148615,0.0153015302494168,0.6061113476753235,0.1511092483997345,0.1033905372023582,0.1226454600691795,0.1703641712665557,0.3254943788051605,0.5130946040153503,Metro
25017352101,Massachusetts,,Middlesex County,Low-Income Community,1726,84659.0,0.2578215599060058,0.011482254602015,549300.0,2712.0,0.2772108912467956,0.2496423423290252,0.38296639919281,0.039976824,0.1964078843593597,0.056778681,0.071263038,0.083989501,0.8206474184989929,Metro
25017352102,Massachusetts,,Middlesex County,Not Eligible,2376,112784.0,0.1070219966159052,0.061087355,672600.0,1859.0,0.2169197396963123,0.1643550624133148,0.6481481481481481,0.0505050505050505,0.1043771043771043,0.1022727272727272,0.1721380471380471,0.164271047227926,0.8008213552361396,Metro
25017352200,Massachusetts,,Middlesex County,Non-LIC Contiguous,1691,31845.0,0.1549379080533981,0.0383451059460639,389100.0,643.0,0.0793854,0.084642231,0.6954464912414551,0.1395623832941055,0.066824362,0.058545239,0.2560614943504333,0.3791130185127258,0.5228898525238037,Metro
25017352300,Massachusetts,,Middlesex County,Low-Income Community,3911,93369.0,0.1629098355770111,0.076649547,542900.0,2047.0,0.2144224643707275,0.1926483660936355,0.5141907334327698,0.036563538,0.1324469447135925,0.146254152059555,0.088468425,0.1383794546127319,0.8069356679916382,Metro
25017352400,Massachusetts,,Middlesex County,Low-Income Community,2087,39698.0,0.246286541,0.067183465,486500.0,959.0,0.1812297701835632,0.089953274,0.3296597898006439,0.3210349678993225,0.1835170090198516,0.2458073794841766,0.072831817,0.3073496520519256,0.4268745481967926,Metro
25017352500,Massachusetts,,Middlesex County,Not Eligible,2760,87829.0,0.1583333333333333,0.069826707,505900.0,1847.0,0.1746666666666666,0.096198604,0.6434782608695652,0.1123188405797101,0.075724638,0.1144927536231884,0.0659420289855072,0.1322115384615384,0.7254807692307692,Metro
25017352600,Massachusetts,,Middlesex County,Low-Income Community,2597,62100.0,0.2133230715990066,0.092699885,595400.0,1331.0,0.1978171914815902,0.0163043476641178,0.5529457330703735,0.1366961896419525,0.1613400131464004,0.1443973779678344,0.09279938,0.3793686628341675,0.5287485718727112,Metro
25017352700,Massachusetts,,Middlesex County,Low-Income Community,2184,52112.0,0.1382783949375152,0.1609353572130203,579900.0,1385.0,0.3113342821598053,0.0485148504376411,0.5654761791229248,0.1483516544103622,0.087454215,0.1254578828811645,0.086080588,0.354285717010498,0.5257142782211304,Metro
25017352800,Massachusetts,,Middlesex County,Not Eligible,2078,88173.0,0.1020211742059672,0.025923526,540000.0,1675.0,0.12,0.080329557,0.7006737247353224,0.045717036,0.115014436958614,0.1106833493743984,0.071222329,0.2178090967328635,0.6668802049967969,Metro
25017352900,Massachusetts,,Middlesex County,Not Eligible,2909,98071.0,0.08839779,0.039265681,685000.0,1705.0,0.2269938650306748,0.062543921,0.8198693709178412,0.0,0.0470952217256789,0.1674114816088003,0.1289102784462014,0.090358841,0.8019887591872028,Metro
25017353000,Massachusetts,,Middlesex County,Not Eligible,3482,59821.0,0.1908462867012089,0.029810298,557400.0,1703.0,0.2465331278890601,0.1341281669150521,0.6278001148765078,0.1206203331418724,0.085295807,0.09276278,0.1668581275129236,0.1606326889279437,0.755360281,Metro
25017353101,Massachusetts,,Middlesex County,Low-Income Community,2598,90144.0,0.1905417740345001,0.0405002981424331,582100.0,1911.0,0.1931216865777969,0.1592417061328888,0.5484988689422607,0.1285604238510131,0.136643573641777,0.111239418387413,0.042725172,0.1259987652301788,0.7258758544921875,Metro
25017353102,Massachusetts,,Middlesex County,Low-Income Community,4801,100476.0,0.1761006265878677,0.077985376,,2531.0,0.2412280738353729,0.2784810066223144,0.5217663049697876,0.0408248268067836,0.092480734,0.022495312616229,0.007081858,0.016649324,0.9115504622459412,Metro
25017353200,Massachusetts,,Middlesex County,Non-LIC Contiguous,5040,83472.0,0.1598360687494278,0.048126712,667500.0,1802.0,0.1773255765438079,0.045950603,0.6212301850318909,0.079563491,0.084523812,0.081349209,0.08730159,0.155077264,0.743653417,Metro
25017353300,Massachusetts,,Middlesex County,Not Eligible,3619,96544.0,0.090632771,0.0292764533667921,651500.0,1899.0,0.1432664756446991,0.1046321525885558,0.7358386294556507,0.0613429124067421,0.051119094,0.1644100580270793,0.1403702680298425,0.08583691,0.8079399141630901,Metro
25017353400,Massachusetts,,Middlesex County,Low-Income Community,2943,79167.0,0.1117906868457794,0.033199195,543300.0,1716.0,0.2155287861824035,0.077727951,0.4858987331390381,0.2293577939271927,0.1036357432603836,0.1583418250083923,0.064220183,0.2013327032327652,0.6496906280517578,Metro
25017353500,Massachusetts,,Middlesex County,Not Eligible,2671,81063.0,0.1284163234743541,0.045235223,595600.0,1556.0,0.143698469,0.07761194,0.5990265818045676,0.169973792587046,0.0400599026581804,0.1430175964058405,0.1242980157244477,0.1889218595450049,0.7037586547972304,Metro
25017353600,Massachusetts,,Middlesex County,Not Eligible,4827,95750.0,0.072002679,0.059957924,916400.0,1849.0,0.1826809015421115,0.066666667,0.6867619639527657,0.058007044,0.088875078,0.094261446,0.082452869,0.0584028605482717,0.8673023440603893,Metro
25017353700,Massachusetts,,Middlesex County,Not Eligible,5754,70150.0,0.1750783153498085,0.056971514,778500.0,1783.0,0.3315266485998193,0.1553610503282275,0.6501564129301356,0.037017727,0.085505735,0.04779284,0.063086548,0.03654224,0.9284872298624754,Metro
25017353800,Massachusetts,,Middlesex County,Low-Income Community,4652,77484.0,0.1657507121562957,0.063531607,497900.0,1944.0,0.2515068352222442,0.1716566830873489,0.6506878733634949,0.019561479,0.1003869324922561,0.059974205,0.076526225,0.094031535,0.8353040814399719,Metro
25017353900,Massachusetts,,Middlesex County,Low-Income Community,6287,54239.0,0.2310620546340942,0.051944282,671900.0,1917.0,0.3301805555820465,0.1081830784678459,0.560839832,0.073644027,0.1089549884200096,0.038969301,0.0259265154600143,0.079555556,0.8666666746139526,Metro
25017354000,Massachusetts,,Middlesex County,Not Eligible,4153,69279.0,0.1494899753781217,0.0293398533007334,573100.0,1872.0,0.2990654205607476,0.1801330798479087,0.6901035396099205,0.0303395136046231,0.070310619,0.062123766,0.1358054418492656,0.030366057,0.8843594009983361,Metro
25017354100,Massachusetts,,Middlesex County,Not Eligible,2791,113973.0,0.056619145,0.0346682606096832,864000.0,1898.0,0.1023513139695712,0.1790419161676646,0.7968470082407739,0.0254389107846649,0.048728054,0.074883554,0.2242923683267646,0.041275797,0.9061913696060038,Metro
25017354200,Massachusetts,,Middlesex County,Not Eligible,3408,150976.0,0.0486935866983372,0.052251251,1225600.0,2168.0,0.2010178117048346,0.0184397163120567,0.8987676056338029,0.004988263,0.0325704225352112,0.2256455399061032,0.2074530516431925,0.0317586343787217,0.9019452163556968,Metro
25017354300,Massachusetts,,Middlesex County,Not Eligible,3282,68929.0,0.098649073,0.032545932,563400.0,1696.0,0.3235955056179775,0.08452381,0.6608775137111518,0.093540524,0.053321146,0.1983546617915905,0.1581352833638025,0.2041564792176039,0.6385493072534637,Metro
25017354400,Massachusetts,,Middlesex County,Not Eligible,1775,135714.0,0.07074137,0.020852221,716700.0,2078.0,0.1846689895470383,0.03379224,0.8135211267605634,0.025352113,0.063098592,0.1690140845070422,0.1515492957746478,0.088435374,0.8321995464852607,Metro
25017354500,Massachusetts,,Middlesex County,Not Eligible,2224,75066.0,0.1339928057553956,0.045665635,1064600.0,1849.0,0.195906433,0.063579278,0.8246402877697842,0.018435252,0.054856115,0.1160071942446043,0.2576438848920863,0.056603774,0.8650657518582047,Metro
25017354600,Massachusetts,,Middlesex County,Not Eligible,5461,79706.0,0.1062112966785513,0.096153846,612800.0,1789.0,0.1963350785340314,0.071244001,0.5731550997985717,0.2407983885735213,0.045779161,0.1441127998535067,0.1505218824391137,0.2182203389830508,0.6862052730696798,Metro
25017354700,Massachusetts,,Middlesex County,Not Eligible,2750,101027.0,0.090181818,0.046116505,715400.0,1925.0,0.1101083032490974,0.049918167,0.7672727272727272,0.078909091,0.044,0.1592727272727272,0.168,0.0549450549450549,0.8546453546453546,Metro
25017354800,Massachusetts,,Middlesex County,Not Eligible,2154,116898.0,0.05946201,0.0249343832020997,606200.0,1817.0,0.125,0.063,0.7892293407613742,0.042246982,0.0399257195914577,0.1295264623955431,0.1146703806870937,0.092298289,0.8147921760391198,Metro
25017354900,Massachusetts,1.0,Middlesex County,Low-Income Community,6553,54507.0,0.220882311463356,0.065185547,488500.0,1099.0,0.1953916996717453,0.0648086,0.3079505562782287,0.331756442785263,0.1089577302336692,0.2095223516225814,0.1045322716236114,0.3250811696052551,0.5044642686843872,Metro
25017355000,Massachusetts,,Middlesex County,Not Eligible,3213,95037.0,0.1170245876128229,0.0394866732477788,524400.0,1362.0,0.1023316062176165,0.0353333333333333,0.6613756613756614,0.1223155929038282,0.058201058,0.1574852163087457,0.1571739807033924,0.1850711812235475,0.718737976,Metro
25017356100,Massachusetts,,Middlesex County,Not Eligible,3026,125091.0,0.032055519,0.040586797,542600.0,1721.0,0.1666666666666666,0.1050035236081747,0.7848645076007931,0.0,0.056510245,0.1890284203569068,0.1150033046926635,0.1632825719120135,0.7508460236886633,Metro
25017356300,Massachusetts,,Middlesex County,Not Eligible,5125,87622.0,0.0286885245901639,0.051177394,469700.0,1480.0,0.1832599118942731,0.0219010074463425,0.7586341463414634,0.010536585,0.092097561,0.2136585365853658,0.1352195121951219,0.1805705059203444,0.6404736275565124,Metro
25017356400,Massachusetts,,Middlesex County,Not Eligible,7399,120163.0,0.052439519,0.034680639,561400.0,1418.0,0.1411290322580645,0.0581867388362652,0.8467360454115421,0.0336531963778889,0.0116231923232869,0.228409244,0.1824570887957832,0.1802073515551366,0.6655984919886899,Metro
25017356500,Massachusetts,,Middlesex County,Not Eligible,6793,98750.0,0.051002358,0.030334457,531000.0,1324.0,0.1415830546265329,0.032292032,0.8358604445752981,0.0276755483586044,0.023406448,0.229648167230973,0.1669365523332842,0.2042860004005607,0.6525135189264971,Metro
25017356601,Massachusetts,,Middlesex County,Not Eligible,4297,87273.0,0.06764082,0.034260379,548800.0,1343.0,0.2419974391805377,0.074726321,0.7742611124040027,0.03723528,0.0328135908773562,0.1994414707935769,0.1584826623225506,0.175817397,0.6853793954349168,Metro
25017356602,Massachusetts,,Middlesex County,Not Eligible,4330,126083.0,0.0394420394420394,0.0112185686653771,542900.0,1500.0,0.1791044776119403,0.0220588235294117,0.8039260969976906,0.0140877598152424,0.048729792147806,0.2554272517321016,0.1454965357967667,0.129126214,0.7310679611650486,Metro
25017356701,Massachusetts,,Middlesex County,Not Eligible,6500,85514.0,0.072153846,0.0517888416312234,525800.0,1542.0,0.1469098277608916,0.0385237941081256,0.7644615384615384,0.020461538,0.017692308,0.1895384615384615,0.132,0.1518038102959059,0.7349006890960681,Metro
25017356702,Massachusetts,,Middlesex County,Not Eligible,6938,94938.0,0.051282051,0.066735913,614100.0,1405.0,0.1794642857142857,0.059625753,0.8146439896223696,0.00230614,0.040645719,0.1948688382819256,0.1974632458921879,0.1309118426031025,0.681044268,Metro
25017357100,Massachusetts,,Middlesex County,Not Eligible,4386,99583.0,0.037391701,0.050067659,771300.0,1721.0,0.2035573122529644,0.014018691588785,0.7487460100319198,0.019607843,0.0104879160966712,0.2471500227998176,0.2024623803009576,0.094490711,0.7530429212043562,Metro
25017357200,Massachusetts,,Middlesex County,Not Eligible,3291,159375.0,0.036074595,0.04784689,763700.0,1942.0,0.2457627118644068,0.0,0.8009723488301428,0.0100273473108477,0.0370707991491947,0.2309328471589182,0.1738073533880279,0.109090909090909,0.7597402597402597,Metro
25017357300,Massachusetts,,Middlesex County,Not Eligible,3097,120167.0,0.040684533,0.025224215,577100.0,1774.0,0.1737451737451737,0.082283173,0.7468517920568292,0.0132386180174362,0.061349693,0.2331288343558282,0.1388440426218921,0.073159579,0.828989483,Metro
25017357400,Massachusetts,,Middlesex County,Not Eligible,2373,136250.0,0.036502547,0.046887631,811200.0,1830.0,0.1815286624203821,0.06092437,0.8284871470712178,0.0,0.078381795,0.293299620733249,0.169827222924568,0.1154562383612663,0.7827436374922409,Metro
25017357500,Massachusetts,,Middlesex County,Not Eligible,2111,105625.0,0.0450023685457129,0.03653356,643800.0,1843.0,0.258160237,0.0609480812641083,0.7408810990052108,0.038370441,0.025106585,0.261013738,0.1402179062055897,0.1062371487320082,0.7587388622344071,Metro
25017357600,Massachusetts,,Middlesex County,Not Eligible,2613,72656.0,0.0276923076923076,0.056,475300.0,1655.0,0.1895306859205776,0.071691176,0.7657864523536165,0.004975124,0.081515499,0.2544967470340604,0.1079219288174512,0.1443181818181818,0.634090909,Metro
25017357700,Massachusetts,,Middlesex County,Not Eligible,3708,72169.0,0.094652559,0.0412021328162869,585000.0,1393.0,0.2052194543297746,0.078500293,0.703613808,0.0415318230852211,0.067691478,0.1655879180151024,0.1925566343042071,0.1881944444444444,0.61875,Metro
25017357800,Massachusetts,,Middlesex County,Not Eligible,3976,155667.0,0.06747536,0.0264008620689655,973300.0,1414.0,0.092307692,0.066666667,0.8262072434607646,0.009557344,0.048038229,0.3113682092555332,0.1556841046277666,0.0970835,0.7586895725129844,Metro
25017358100,Massachusetts,,Middlesex County,Not Eligible,5390,156618.0,0.0120967741935483,0.0258831759356418,744700.0,1679.0,0.03971119133574,0.0275897969807391,0.7460111317254174,0.021706865,0.018181818,0.2410018552875695,0.1974025974025974,0.104221635883905,0.7825857519788918,Metro
25017358300,Massachusetts,,Middlesex County,Not Eligible,5855,155118.0,0.049690509,0.073991031,804500.0,2074.0,0.3007518796992481,0.0418825561312607,0.6432109308283518,0.008881298,0.023398804,0.2754910333048676,0.1870196413321947,0.080428287,0.8510956175298805,Metro
25017358400,Massachusetts,,Middlesex County,Not Eligible,5104,121992.0,0.053905174,0.041876696,790700.0,1412.0,0.3251231527093596,0.031937173,0.6937695924764891,0.0143025078369905,0.037617555,0.2615595611285266,0.2041536050156739,0.1188594014680971,0.7803500846979108,Metro
25017358500,Massachusetts,,Middlesex County,Not Eligible,5162,165625.0,0.034441569,0.067351129,848400.0,2098.0,0.1541666666666666,0.064463705,0.6627276249515691,0.014916699,0.009104998,0.2524215420379698,0.1679581557535839,0.1358267716535433,0.7390326209223848,Metro
25017358600,Massachusetts,,Middlesex County,Not Eligible,6246,152768.0,0.038104387,0.070873786,723300.0,,0.1070422535211267,0.0785777,0.7159782260646814,0.0,0.002401537,0.2801793147614473,0.1500160102465578,0.088051823,0.789827255,Metro
25017358700,Massachusetts,,Middlesex County,Not Eligible,5179,158750.0,0.0214327090171847,0.0438215554678247,747100.0,2505.0,0.2732919254658385,0.0264550264550264,0.6659586792817146,0.0003861749372465727,0.0181502220505889,0.2486966595867928,0.1851708824097316,0.066723212,0.8312128922815946,Metro
25017359100,Massachusetts,,Middlesex County,Not Eligible,6731,111129.0,0.031026993,0.039941263,585000.0,1616.0,0.1714285714285714,0.0,0.7245580151537662,0.033278859,0.078888724,0.2467686822166097,0.2014559500817115,0.1136842105263157,0.7082105263157895,Metro
25017359300,Massachusetts,,Middlesex County,Not Eligible,7357,123399.0,0.025471568,0.0584183673469387,604400.0,1771.0,0.1669658886894075,0.047141797,0.7738208508903085,0.04567079,0.0233790947397036,0.2498300937882289,0.1559059399211635,0.1303138657131505,0.6479936432260628,Metro
25017360100,Massachusetts,,Middlesex County,Not Eligible,1873,84583.0,0.050186866,0.087671233,,2522.0,0.2937743190661478,0.056880734,0.7351841964762413,0.0112119594233849,0.1265349706353443,0.4751735184196476,0.00373732,0.06993007,0.5361305361305362,Metro
25017360200,Massachusetts,,Middlesex County,Not Eligible,4778,143750.0,0.042875158,0.021606196,863200.0,1626.0,0.2661290322580645,0.036156513,0.7907074089577228,0.0339054,0.048346589,0.2203850983675178,0.228128924236082,0.0551136363636363,0.8286931818181819,Metro
25017361100,Massachusetts,,Middlesex County,Not Eligible,5853,134597.0,0.0557341907824222,0.0310108739428111,693900.0,1752.0,0.3273942093541203,0.126066718,0.9082521783700668,0.0109345634717239,0.0259695882453442,0.254057748163335,0.2475653511019989,0.1304556354916067,0.7239808153477219,Metro
25017361200,Massachusetts,,Middlesex County,Not Eligible,7487,124297.0,0.061056106,0.049281984,676900.0,1899.0,0.3053152039555006,0.0267126238690219,0.7474288767196474,0.063843996,0.1053826632830239,0.1963403232269266,0.1461199412314678,0.292561065877128,0.5997409326424871,Metro
25017361300,Massachusetts,,Middlesex County,Not Eligible,6092,167778.0,0.040918508,0.012852553,863900.0,1423.0,0.1884498480243161,0.074958814,0.8619500984898227,0.0154300722258699,0.02232436,0.2588640840446487,0.1843401181877872,0.081910475,0.8082602676511306,Metro
25017362100,Massachusetts,,Middlesex County,Not Eligible,5125,167400.0,0.0220487804878048,0.043245312,757900.0,2085.0,0.1323529411764706,0.0318681318681318,0.8472195121951219,0.0,0.0177560975609756,0.2550243902439024,0.1738536585365853,0.070925978,0.8443568815085843,Metro
25017363102,Massachusetts,,Middlesex County,Not Eligible,6044,99741.0,0.064461408,0.0452215857702743,569200.0,1356.0,0.2204007285974499,0.042331972,0.6244209133024488,0.0284579748510919,0.0236598279285241,0.2061548643282594,0.1431171409662475,0.1215494211932324,0.7284060552092609,Metro
25017363103,Massachusetts,,Middlesex County,Not Eligible,3627,126618.0,0.0113259668508287,0.075686884,589200.0,1296.0,0.2849462365591398,0.026819923,0.6906534325889164,0.0195754066721808,0.010752688172043,0.2925282602701957,0.092914254,0.064612751,0.8031664527171587,Metro
25017363104,Massachusetts,,Middlesex County,Not Eligible,6472,155239.0,0.0132880098887515,0.033457249,510000.0,1167.0,0.119047619047619,0.030055817947617,0.7115265760197775,0.018850433,0.038627936,0.2598887515451174,0.1379789864029666,0.069862085,0.8042052905267918,Metro
25017363201,Massachusetts,,Middlesex County,Not Eligible,3348,151500.0,0.0271804062126642,0.059649123,537700.0,,0.094339623,0.046606705,0.7948028673835126,0.0,0.018817204,0.2682198327359618,0.1272401433691756,0.089525515,0.770367055,Metro
25017363202,Massachusetts,,Middlesex County,Not Eligible,3718,137250.0,0.029316837,0.023572076,491700.0,1288.0,0.3066666666666666,0.0,0.7816030123722432,0.009951587,0.005110274,0.272996234534696,0.1169983862291554,0.071807426,0.773969808,Metro
25017364101,Massachusetts,,Middlesex County,Not Eligible,5407,94625.0,0.083255379,0.028003908,339000.0,782.0,0.3218390804597701,0.055334395,0.8895875716663584,0.005918254,0.0399482152764934,0.1712594784538561,0.2088034029961161,0.3001432664756447,0.4847182425978987,Metro
25017364102,Massachusetts,,Middlesex County,Not Eligible,5119,82375.0,0.1006055870287165,0.059157754,307900.0,1214.0,0.3115015974440894,0.1034482758620689,0.923813245,0.059191248,0.010939637,0.2521976948622778,0.1127173276030474,0.2388355002826455,0.5486150367439231,Metro
25017365100,Massachusetts,,Middlesex County,Not Eligible,7867,174634.0,0.008897928,0.0272405339144647,701400.0,,0.0,0.0155656795747911,0.8554722257531461,0.012584213,0.0137282318545824,0.3181644845557391,0.1130036862844794,0.1004728132387706,0.7834909377462569,Metro
25017365201,Massachusetts,,Middlesex County,Not Eligible,5971,163030.0,0.0300957592339261,0.053807426,596500.0,947.0,0.091549296,0.036706349,0.8558030480656507,0.0,0.0224418020432088,0.2816948584826662,0.1460391894155082,0.085822785,0.7992405063291139,Metro
25017365202,Massachusetts,,Middlesex County,Not Eligible,4756,140625.0,0.021194605,0.044525216,655000.0,,0.1139705882352941,0.036188179,0.8650126156433978,0.0006307821698906644,0.0117746005046257,0.2758620689655172,0.2001682085786375,0.091725465,0.7719692110327133,Metro
25017366100,Massachusetts,,Middlesex County,Not Eligible,4843,121771.0,0.070787221,0.036868111,550100.0,736.0,0.3636363636363636,0.035956227,0.7844311377245509,0.003303737,0.015279785257072,0.2432376626058228,0.163328515383027,0.1131059245960502,0.7615200478755236,Metro
25017366201,Massachusetts,,Middlesex County,Not Eligible,3514,215250.0,0.0156516789982925,0.0,805100.0,1798.0,0.125,0.0561797752808988,0.8471826977803073,0.0,0.054069437,0.2871371656232214,0.1539556061468412,0.0371464753060363,0.8877163360067539,Metro
25017366202,Massachusetts,,Middlesex County,Not Eligible,5187,170613.0,0.038557933,0.022526146,648000.0,1133.0,0.2178217821782178,0.0319724545007378,0.8253325621746674,0.014073646,0.033545402,0.2662425294004241,0.2253711201079622,0.075083426,0.839265851,Metro
25017367100,Massachusetts,,Middlesex County,Not Eligible,3954,186289.0,0.04029584289722,0.0478723404255319,1087400.0,1228.0,0.1780821917808219,0.077419355,0.8318158826504806,0.015174506828528,0.060698027,0.3004552352048558,0.180576631259484,0.038739081,0.8978351690087353,Metro
25017367200,Massachusetts,,Middlesex County,Not Eligible,7992,193580.0,0.059170785,0.041691307,1212400.0,,0.284688995,0.0263761467889908,0.7871621621621622,0.0216466466466466,0.032032032,0.29004004,0.1889389389389389,0.1032298923369221,0.8068397720075997,Metro
25017368101,Massachusetts,,Middlesex County,Not Eligible,6091,109583.0,0.1238267742466655,0.073158032,422800.0,2150.0,0.1172607879924953,0.097570235,0.6746018716138565,0.033984567,0.0543424725004104,0.1283861434903956,0.1771466097520932,0.2910432465669194,0.5253125640500103,Metro
25017368102,Massachusetts,,Middlesex County,Not Eligible,3796,104393.0,0.02002635,0.066393443,397100.0,1775.0,0.2010869565217391,0.060943644,0.7057428872497366,0.1140674394099051,0.0381981032665964,0.1522655426765015,0.1712328767123287,0.3423333333333333,0.4356666666666666,Metro
25017368200,Massachusetts,,Middlesex County,Not Eligible,4436,99611.0,0.045598194,0.0565552699228791,459000.0,1816.0,0.1661849710982658,0.056866953,0.7089720468890893,0.048692516,0.1095581605049594,0.1731289449954914,0.1476555455365193,0.2220866381940207,0.5787065283709579,Metro
25017368300,Massachusetts,,Middlesex County,Not Eligible,5226,62012.0,0.1031381553769613,0.021188935,369200.0,1260.0,0.1711772665764546,0.072353389,0.6528893991580559,0.068503636,0.1528893991580558,0.1446613088404133,0.1387294297742058,0.2829304390725209,0.5106068080907745,Metro
25017368400,Massachusetts,,Middlesex County,Non-LIC Contiguous,8755,81199.0,0.1313202232122421,0.063591026,455800.0,1609.0,0.1196581199765205,0.032592025,0.640890896,0.068075389,0.068532266,0.1033695042133331,0.093089662,0.1718406230211258,0.6531410217285156,Metro
25017368500,Massachusetts,,Middlesex County,Low-Income Community,3246,55694.0,0.1694646775722503,0.048339844,370800.0,1287.0,0.256019264,0.1270114928483963,0.4889094233512878,0.038200863,0.3299445509910583,0.1629698127508163,0.092113368,0.4168765842914581,0.4118387997150421,Metro
25017368600,Massachusetts,,Middlesex County,Non-LIC Contiguous,5432,78944.0,0.1336524337530136,0.05158297,402200.0,1272.0,0.1062581464648246,0.047656871,0.5909425616264343,0.0268777608871459,0.2689616978168487,0.1572164893150329,0.08523564,0.327160507,0.5212345719337463,Metro
25017368700,Massachusetts,,Middlesex County,Low-Income Community,2383,63603.0,0.1678556501865387,0.046751671,380100.0,1288.0,0.1261904835700988,0.077696525,0.4804867804050445,0.071758285,0.3932018578052521,0.1603021472692489,0.066302978,0.4688726961612701,0.3320246636867523,Metro
25017368800,Massachusetts,,Middlesex County,Non-LIC Contiguous,4790,68938.0,0.082941428,0.064952642,442600.0,1139.0,0.1683168262243271,0.089000456,0.6066805720329285,0.069728598,0.2175365388393402,0.1473903954029083,0.1691022962331771,0.4175734519958496,0.382208914,Metro
25017368901,Massachusetts,,Middlesex County,Not Eligible,7176,79620.0,0.085148084,0.0492193702037576,496500.0,1584.0,0.1455223880597015,0.044354839,0.7290969899665551,0.039715719,0.095735786,0.079570792,0.1361482720178372,0.3046145638837023,0.5174713256868498,Metro
25017368902,Massachusetts,,Middlesex County,Low-Income Community,4444,68871.0,0.1142365112900734,0.0292998477816581,415200.0,1625.0,0.335971862,0.1150864660739898,0.5706570744514465,0.1140864118933677,0.1118361800909042,0.1719171851873397,0.096984699,0.2841426432132721,0.5163125991821289,Metro
25017369000,Massachusetts,,Middlesex County,Not Eligible,1629,95592.0,0.1265636497424576,0.0442708333333333,392600.0,1750.0,0.0,0.043551089,0.7802332719459791,0.044198895,0.044198895,0.062001228,0.2694904849600982,0.328,0.4224,Metro
25017369100,Massachusetts,,Middlesex County,Not Eligible,5295,101991.0,0.0401363120030291,0.051219512,479100.0,1194.0,0.1787878787878788,0.034598751,0.8719546742209632,0.0175637393767705,0.040982059,0.1964117091595845,0.1542965061378659,0.3119834710743802,0.4953512396694214,Metro
25017370101,Massachusetts,,Middlesex County,Not Eligible,7641,91942.0,0.1364770786812032,0.095168982,480900.0,1500.0,0.1093023255813953,0.0,0.695720455,0.0239497447978013,0.1617589320769532,0.2282423766522706,0.1201413427561837,0.3592960119827748,0.4978468451600824,Metro
25017370102,Massachusetts,,Middlesex County,Not Eligible,7472,90265.0,0.095824411,0.043739968,443600.0,1813.0,0.17984496124031,0.0425589590674979,0.7625802997858673,0.0338597430406852,0.074678801,0.1338329764453961,0.1272751605995717,0.1788753545803437,0.6682796596028701,Metro
25017370201,Massachusetts,,Middlesex County,Not Eligible,3663,107546.0,0.074256074,0.0238683127572016,551500.0,1724.0,0.1002994011976047,0.086584714,0.8299208299208299,0.0196560196560196,0.0221130221130221,0.1375921375921376,0.1848211848211848,0.1132785763175907,0.7652292950034223,Metro
25017370202,Massachusetts,,Middlesex County,Not Eligible,4491,99783.0,0.036168788,0.0474465773270554,542800.0,1727.0,0.1283582089552238,0.046070461,0.8354486751280339,0.0,0.1128924515698062,0.1901580939657092,0.1264751725673569,0.1706650470695414,0.6225326450045551,Metro
25017370300,Massachusetts,,Middlesex County,Not Eligible,5331,77069.0,0.0581504408178578,0.06706966,427000.0,1531.0,0.1214953271028037,0.1133241758241758,0.7280060026261489,0.039767398,0.1102982554867754,0.1491277433877321,0.2078409304070531,0.244159413650939,0.6044434264773247,Metro
25017370400,Massachusetts,,Middlesex County,Not Eligible,5251,91383.0,0.057204639,0.04109589,455500.0,1617.0,0.089870526,0.075975359,0.8166063606932012,0.0356122643306036,0.078461245,0.1464482955627499,0.1428299371548276,0.2145141451414514,0.6201722017220173,Metro
25017373100,Massachusetts,,Middlesex County,Not Eligible,4942,83409.0,0.046941679,0.033356498,629900.0,1690.0,0.2462077012835472,0.06751246,0.7130716309186564,0.0576689599352488,0.028935654,0.2154997976527721,0.1681505463375151,0.1450777202072538,0.7810199072811562,Metro
25017373200,Massachusetts,,Middlesex County,Not Eligible,4700,79045.0,0.0571185,0.0512912482065997,556600.0,1471.0,0.1736585365853658,0.062317429,0.7385106382978723,0.033404255,0.068085106,0.201063829787234,0.1634042553191489,0.2880794701986754,0.5237808549066827,Metro
25017373300,Massachusetts,,Middlesex County,Not Eligible,3155,106250.0,0.086212361,0.037895928,625000.0,1770.0,0.1006160164271047,0.1084615384615384,0.7816164817749603,0.064976228,0.040570523,0.2358161648177496,0.1172741679873217,0.163023679417122,0.6621129326047359,Metro
25017373400,Massachusetts,,Middlesex County,Not Eligible,3542,128790.0,0.04432524,0.019782393669634,701400.0,1887.0,0.1812865497076023,0.031402652,0.7470355731225297,0.053077357,0.052512705,0.2653867871259175,0.1400338791643139,0.0442729488220958,0.8688058489033307,Metro
25017373500,Massachusetts,,Middlesex County,Not Eligible,6367,188333.0,0.040660737,0.0485304169514695,1062500.0,2099.0,0.4395604395604395,0.035035035035035,0.7879692162713994,0.021360138212659,0.063295115,0.2536516412753259,0.1589445578765509,0.0602945262572936,0.8669074742984162,Metro
25017373600,Massachusetts,,Middlesex County,Not Eligible,6196,167232.0,0.09226077,0.0337118523775727,1285700.0,1478.0,0.2191235059760956,0.058536585,0.7219173660426081,0.044060684,0.086668819,0.1028082633957391,0.086184635,0.059360731,0.8680872653475393,Metro
25017373700,Massachusetts,,Middlesex County,Not Eligible,3555,197898.0,0.008438819,0.041330645,960700.0,2144.0,0.2517006802721088,0.086182336,0.8517580872011252,0.0123769338959212,0.038255977,0.2573839662447257,0.1828410689170183,0.0235341045073793,0.8831272437175908,Metro
25017373800,Massachusetts,,Middlesex County,Not Eligible,5868,117569.0,0.052291011,0.060396351,812400.0,1730.0,0.212481426,0.097012029,0.6760395364689843,0.012781186,0.049420586,0.2193251533742331,0.1852419904567143,0.044434051,0.8685687558465855,Metro
25017373900,Massachusetts,,Middlesex County,Not Eligible,6492,171313.0,0.029829985,0.044899307,904100.0,3038.0,0.3534303534303534,0.083084948,0.7424522489217499,0.043438078,0.069778189,0.2467652495378927,0.2435304990757855,0.083512699,0.7703400774860095,Metro
25017374000,Massachusetts,,Middlesex County,Not Eligible,5410,124263.0,0.077110569,0.052893149,728000.0,1717.0,0.2966101694915254,0.0168018539976825,0.6515711645101664,0.063585952,0.065064695,0.2057301293900184,0.1717190388170055,0.098704503,0.7634176434299815,Metro
25017374100,Massachusetts,,Middlesex County,Not Eligible,4751,99839.0,0.052326828,0.047328792,566500.0,1655.0,0.2528735632183908,0.075589793,0.6518627657335297,0.0279941065038939,0.059776889075984,0.2100610397810987,0.1603872868869711,0.1820491109229466,0.6494496189669772,Metro
25017374200,Massachusetts,,Middlesex County,Not Eligible,4437,164612.0,0.017804823,0.0407023144453312,906000.0,1750.0,0.081690141,0.028447743,0.8289384719405003,0.0114942528735632,0.0292990759522199,0.2560288483209376,0.1489745323416723,0.0416666666666666,0.8887820512820512,Metro
25017374300,Massachusetts,,Middlesex County,Not Eligible,3656,184196.0,0.025164114,0.0442126179831097,1078700.0,2228.0,0.3333333333333333,0.017113095,0.8287746170678337,0.0196936542669584,0.033916849,0.2401531728665208,0.2130743982494529,0.056986729,0.8711943793911007,Metro
25017374400,Massachusetts,,Middlesex County,Not Eligible,5880,159417.0,0.03766347,0.042784909,1202300.0,923.0,0.1402439024390244,0.0376439326837909,0.8,0.016836735,0.042176871,0.270578231,0.23078231292517,0.1034912718204488,0.8214463840399002,Metro
25017374500,Massachusetts,,Middlesex County,Not Eligible,4641,123462.0,0.032001766,0.0436716538617064,653800.0,1543.0,0.1797323135755258,0.005780347,0.7461753932342168,0.034044387,0.041585865,0.2443438914027149,0.182934712346477,0.2088208820882088,0.6324632463246325,Metro
25017374600,Massachusetts,,Middlesex County,Not Eligible,5056,114786.0,0.025316456,0.0622940013183915,580300.0,1760.0,0.1504587155963302,0.0615079365079365,0.7254746835443038,0.0267009493670886,0.1060126582278481,0.247626582,0.133504746835443,0.2247191011235955,0.6390449438202247,Metro
25017374700,Massachusetts,,Middlesex County,Not Eligible,4929,114563.0,0.05802394,0.034686347,645100.0,1695.0,0.1490765171503957,0.0272331154684095,0.6764049502941774,0.043619395,0.048488537,0.2615134915804423,0.1318725907892067,0.2297215496368038,0.6822033898305084,Metro
25017374800,Massachusetts,,Middlesex County,Not Eligible,4740,124280.0,0.0228267667292057,0.043669872,818900.0,1573.0,0.3227848101265823,0.08569454,0.740295359,0.0282700421940928,0.046835443,0.1510548523206751,0.1529535864978903,0.086956522,0.827653741,Metro
25017382100,Massachusetts,,Middlesex County,Not Eligible,5057,120270.0,0.0110204081632653,0.0412408759124087,461200.0,1298.0,0.4333333333333333,0.0164369034994697,0.845560609,0.0270911607672533,0.0187858414079493,0.2839628238085822,0.1613604904093336,0.2011782032400589,0.605301915,Metro
25017382200,Massachusetts,,Middlesex County,Not Eligible,5503,107543.0,0.0205342540432491,0.034578574,498400.0,1659.0,0.2047058823529411,0.0458891013384321,0.8122842086134836,0.010539705615119,0.069598401,0.2727603125567872,0.1248409958204615,0.1407884151246983,0.7047465808527755,Metro
25017382300,Massachusetts,,Middlesex County,Not Eligible,5877,127222.0,0.06529563,0.017622557,646900.0,1234.0,0.1615925058548009,0.028343667,0.8788497532754806,0.019057342,0.039475923,0.2618683001531393,0.1778118087459588,0.0873436,0.7832050048123196,Metro
25017382400,Massachusetts,,Middlesex County,Not Eligible,4812,95331.0,0.0405236907730673,0.026086957,481000.0,528.0,0.099644128,0.0254237288135593,0.8875727348295926,0.0145469659185369,0.02680798,0.2364921030756442,0.1837073981712385,0.2598109424233744,0.5542824405614437,Metro
25017382500,Massachusetts,,Middlesex County,Not Eligible,4869,103911.0,0.031965354,0.0500507270882651,458300.0,1447.0,0.177461139896373,0.1220084467386203,0.8303553090983775,0.042924625,0.0365578147463544,0.2400903676319573,0.1061819675498048,0.2047337278106508,0.6408284023668639,Metro
25017382601,Massachusetts,,Middlesex County,Not Eligible,4661,77541.0,0.044269121,0.0420880913539967,243400.0,1317.0,0.090664273,0.044911413,0.604376743,0.0173782450118,0.0517056425659729,0.1727097189444325,0.1042694700708002,0.094713034,0.7234944868532655,Metro
25017382602,Massachusetts,,Middlesex County,Not Eligible,4606,113672.0,0.0173686495874945,0.0547124600638977,451900.0,1100.0,0.1878172588832487,0.004797441,0.8069908814589666,0.002822406,0.036474164,0.2229700390794615,0.2036474164133738,0.1784420289855072,0.688707729,Metro
25017383101,Massachusetts,1.0,Middlesex County,Low-Income Community,3269,28472.0,0.3387959897518158,0.05268817,237100.0,1053.0,0.3360572159290313,0.047899779,0.4524319469928741,0.070969716,0.2786785066127777,0.1835423707962036,0.0593453645706176,0.6007984280586243,0.2199600785970688,Metro
25017383102,Massachusetts,1.0,Middlesex County,Low-Income Community,5645,35724.0,0.2584588229656219,0.1200756356120109,208200.0,1004.0,0.2647385895252228,0.0144494269043207,0.3041629791259765,0.1192205473780632,0.5114260315895081,0.3124889135360718,0.044818424,0.6954450607299805,0.1488538235425949,Metro
25017383200,Massachusetts,,Middlesex County,Low-Income Community,6063,61694.0,0.1613067835569381,0.069373488,274300.0,1043.0,0.1942392885684967,0.04647233,0.4741877019405365,0.091208972,0.317169726,0.2140854299068451,0.1202375069260597,0.54561317,0.2933698892593384,Metro
25017383300,Massachusetts,,Middlesex County,Low-Income Community,3086,50625.0,0.063419759,0.03397774,351300.0,1061.0,0.3806896507740021,0.057857145,0.7116007804870605,0.0298120547086,0.1062864586710929,0.1937783509492874,0.1960466653108596,0.401427299,0.3777876794338226,Metro
25017383400,Massachusetts,,Middlesex County,Low-Income Community,6131,56186.0,0.1509559452533722,0.037260562,301100.0,1275.0,0.2946495711803436,0.039159108,0.7018430829048157,0.0125591261312365,0.1815364509820938,0.2151362001895904,0.1025933772325515,0.4612016677856445,0.343955248594284,Metro
25017383501,Massachusetts,,Middlesex County,Low-Income Community,4931,41579.0,0.1714401841163635,0.0583426244556903,318200.0,1097.0,0.2278851717710495,0.0234869010746479,0.4550800919532776,0.044210098683834,0.2522814869880676,0.2247008681297302,0.1421618312597274,0.4197493195533752,0.3793946802616119,Metro
25017383502,Massachusetts,,Middlesex County,Not Eligible,3837,75380.0,0.085766423,0.0424392253811289,337100.0,1098.0,0.1362229102167182,0.1283226397800183,0.7651811310919989,0.052645296,0.054209017,0.096429502,0.1086786551993745,0.2746559633027522,0.5395642201834863,Metro
25017383600,Massachusetts,,Middlesex County,Non-LIC Contiguous,5974,72205.0,0.1141071394085884,0.0260223057121038,378300.0,1398.0,0.3854258060455322,0.066276804,0.6771007776260376,0.063441582,0.095580854,0.1511550098657608,0.2007030397653579,0.2665356993675232,0.5470421314239502,Metro
25017383700,Massachusetts,,Middlesex County,Not Eligible,5285,87600.0,0.0202290076335877,0.0290681105728127,349200.0,1506.0,0.3081896551724138,0.0,0.90879848628193,0.014569536,0.0368968779564806,0.1701040681173131,0.1657521286660359,0.2752737458619811,0.5546218487394958,Metro
25017383800,Massachusetts,,Middlesex County,Not Eligible,5521,108750.0,0.029059208,0.0612492419648271,349600.0,1159.0,0.1317567567567567,0.007085917,0.8154319869588843,0.023727585582322,0.05017207,0.1907263176960695,0.1793153414236551,0.2285992217898832,0.54061284,Metro
25017383901,Massachusetts,,Middlesex County,Not Eligible,8079,99707.0,0.035633626,0.066712049,371500.0,278.0,0.1336405529953917,0.024547407,0.8606263151380121,0.059660849,0.0268597598712711,0.2296076247060279,0.1852952098031934,0.2096828609986504,0.6332658569500674,Metro
25017383902,Massachusetts,,Middlesex County,Not Eligible,5401,139364.0,0.0224698235840297,0.0311082307193778,455700.0,,0.225,0.024169184,0.8270690612849473,0.0425847065358266,0.0299944454730605,0.2179226069246435,0.1818181818181818,0.1477532368621477,0.7108403148007109,Metro
25017384001,Massachusetts,,Middlesex County,Not Eligible,1522,96563.0,0.072289157,0.062098501,364200.0,1652.0,0.238095238095238,0.036206897,0.7273324572930355,0.0459921156373193,0.081471748,0.1925098554533508,0.1511169513797634,0.1883408071748878,0.5569506726457399,Metro
25017384002,Massachusetts,,Middlesex County,Not Eligible,5999,70271.0,0.1089539748953974,0.066409479,427000.0,1482.0,0.3445843828715365,0.003350084,0.6341056842807135,0.056176029338223,0.0515085847641273,0.1821970328388064,0.1485247541256876,0.1471238938053097,0.6763274336283186,Metro
25017385100,Massachusetts,,Middlesex County,Not Eligible,6953,118625.0,0.03367052,0.0154774396642182,455400.0,906.0,0.035019455,0.06557377,0.8015245217891558,0.034086006,0.078671077,0.2567237163814181,0.1315978714224076,0.2455876022384847,0.5510116229014206,Metro
25017385201,Massachusetts,,Middlesex County,Low-Income Community,2572,66549.0,0.040824261,0.0408432148396968,357900.0,1311.0,0.1728723347187042,0.0247706416994333,0.86780715,0.0124416798353195,0.040435459,0.21772939,0.1539657860994339,0.3098827600479126,0.4304857552051544,Metro
25017385202,Massachusetts,,Middlesex County,Not Eligible,7895,107155.0,0.040228426395939,0.044256688795011,344200.0,1923.0,0.2426160337552742,0.0,0.797213426,0.026725775807473,0.035338822,0.2072197593413552,0.1367954401519949,0.1915291716278278,0.6351420309576459,Metro
25017386100,Massachusetts,,Middlesex County,Not Eligible,4255,158250.0,0.035252644,0.0291970802919708,716800.0,1097.0,0.096153846,0.058479532,0.8975323149236193,0.002115159,0.025616921,0.290716803760282,0.1605170387779083,0.1007502679528403,0.8056448731689889,Metro
25017387100,Massachusetts,,Middlesex County,Not Eligible,4297,103583.0,0.0352392065344224,0.047302905,394500.0,1071.0,0.2669902912621359,0.0,0.9080754014428672,0.0167558761926925,0.0332790318827088,0.2678612985804049,0.148242960204794,0.180550833,0.6276776606596396,Metro
25017387201,Massachusetts,,Middlesex County,Not Eligible,5868,103281.0,0.008217771,0.064569536,387000.0,954.0,0.2310838445807771,0.03476298,0.8899113837764144,0.009032038,0.0477164280845262,0.2602249488752556,0.1540558963871847,0.1859994945665908,0.5612838008592368,Metro
25017387202,Massachusetts,,Middlesex County,Not Eligible,4159,127500.0,0.0222383369591491,0.0545375218150087,442100.0,933.0,0.4024390243902439,0.006342495,0.9163260399134407,0.0,0.044481847,0.2616013464775186,0.1320028853089685,0.1697981906750174,0.6196938065414057,Metro
25017388100,Massachusetts,,Middlesex County,Not Eligible,5287,103556.0,0.0467183658029128,0.059729645,500200.0,958.0,0.1180555555555555,0.0119102153000458,0.752411576,0.007187441,0.0170228863249479,0.2318895403820692,0.1117836202004917,0.097352454,0.7327633756205185,Metro
25017388200,Massachusetts,,Middlesex County,Not Eligible,7433,68864.0,0.1057463447806868,0.072431398,310600.0,971.0,0.2503457814661134,0.048973144,0.6767119601775864,0.082604601,0.1388403067402125,0.1613076819588322,0.1208125924929369,0.5232741963815212,0.2494291234849815,Metro
25017388300,Massachusetts,,Middlesex County,Low-Income Community,6375,13984.0,0.5713617205619812,0.1148674637079238,182000.0,426.0,0.2599406540393829,0.055756323,0.416627437,0.071529411,0.2978823482990265,0.192784309387207,0.078274511,0.6081129908561707,0.1832669377326965,Metro
25017980000,Massachusetts,,Middlesex County,Not Eligible,0,,,,,,,,,,,,,,,Metro
25019950100,Massachusetts,,Nantucket County,Not Eligible,1437,73462.0,0.094759512,0.0374677002583979,1432700.0,992.0,0.07751938,0.793713163,0.8858733472512178,0.034098817,0.0313152400835073,0.1677105080027836,0.2971468336812804,0.1680365296803653,0.5744292237442923,NoCBSAType
25019950200,Massachusetts,,Nantucket County,Not Eligible,5181,87344.0,0.1485591900311526,0.038106579339089,828400.0,1566.0,0.151270208,0.4422706863373957,0.7284308048639259,0.094962362,0.098050569,0.2211928199189345,0.071607798,0.3820754716981132,0.3820754716981132,NoCBSAType
25019950307,Massachusetts,,Nantucket County,Not Eligible,408,81563.0,0.0229007633587786,0.1137440758293838,984400.0,,0.0,0.8624014022787029,0.943627450980392,0.0,0.036764706,0.2230392156862745,0.1985294117647058,0.1535836177474402,0.6006825938566553,NoCBSAType
25019950400,Massachusetts,,Nantucket County,Not Eligible,2638,104464.0,0.044730857,0.0102595051297525,890900.0,1894.0,0.08650519,0.5210617426428159,0.6000758150113723,0.062168309,0.2592873388931008,0.2088703563305534,0.067854435,0.322938689,0.3308668076109937,NoCBSAType
25019950500,Massachusetts,,Nantucket County,Not Eligible,1030,84091.0,0.0613065326633165,0.048913043,2000001.0,1629.0,0.096385542,0.8284488920657612,0.970873786,0.005825243,0.0155339805825242,0.1009708737864077,0.4281553398058252,0.1620421753607103,0.5138734739178691,NoCBSAType
25019990000,Massachusetts,,Nantucket County,Not Eligible,0,,,,,,,,,,,,,,,NoCBSAType
25021400100,Massachusetts,,Norfolk County,Non-LIC Contiguous,5071,97132.0,0.1697219312191009,0.0387643836438655,884900.0,1770.0,0.203023762,0.046391752,0.6836915612220764,0.0124235851690173,0.1230526491999626,0.082823902,0.1792545914649963,0.115934357,0.8184224367141724,Metro
25021400200,Massachusetts,,Norfolk County,Low-Income Community,6074,65845.0,0.2956120073795318,0.025503779,672700.0,1901.0,0.3875870704650879,0.092724197,0.622160017,0.0297991447150707,0.047415212,0.1529469937086105,0.077543631,0.084024325,0.8703703880310059,Metro
25021400300,Massachusetts,,Norfolk County,Not Eligible,4354,126711.0,0.092489569,0.014903671392221,909400.0,2022.0,0.1581699346405228,0.042489527,0.7200275608635738,0.00597152,0.056040423,0.1773082223242995,0.1325218190169958,0.06932409,0.8350086655112652,Metro
25021400400,Massachusetts,,Norfolk County,Not Eligible,5675,95278.0,0.096267191,0.034764208,800500.0,1901.0,0.3118844386080105,0.032442068,0.7992951541850221,0.0244933920704845,0.0583259911894273,0.1365638766519823,0.1978854625550661,0.084894186,0.8416443687667234,Metro
25021400500,Massachusetts,,Norfolk County,Not Eligible,5279,109333.0,0.1132790301193407,0.0543508870740636,661900.0,2230.0,0.2498352010547132,0.099526066,0.7976889562417124,0.008903201,0.041863989,0.1462398181473764,0.1221822314832354,0.094542659,0.7998975147322572,Metro
25021400600,Massachusetts,,Norfolk County,Not Eligible,5323,105230.0,0.1007030210906327,0.091770278,689700.0,2251.0,0.1442307692307692,0.027987561,0.7428142025173774,0.032876198,0.0584257,0.1991358256622205,0.1132819838436971,0.064875679,0.8591026007430694,Metro
25021400700,Massachusetts,,Norfolk County,Not Eligible,3365,134792.0,0.071258199,0.053969901,734900.0,2108.0,0.3083700440528634,0.1069182389937107,0.7292719167904903,0.0139673105497771,0.03268945,0.2356612184249628,0.095393759,0.035870516,0.847769029,Metro
25021400800,Massachusetts,,Norfolk County,Not Eligible,5480,95817.0,0.092387146,0.0330605564648117,644000.0,2009.0,0.2330363262508567,0.080438066,0.6934306569343066,0.0211678832116788,0.0437956204379562,0.1801094890510949,0.1990875912408759,0.092632078,0.798862829,Metro
25021400900,Massachusetts,,Norfolk County,Low-Income Community,4399,64797.0,0.1552625596523285,0.068016194,571000.0,2005.0,0.3218474984169006,0.032416504,0.5919527411460876,0.089793138,0.072971128,0.1961809545755386,0.1693566739559173,0.2231828421354293,0.6878001689910889,Metro
25021401000,Massachusetts,,Norfolk County,Not Eligible,3259,91705.0,0.1522811344019728,0.078657866,699700.0,1786.0,0.287519747235387,0.054640719,0.6698373734274318,0.076403805,0.071801166,0.2252224608775698,0.1402270635164161,0.1508179959100204,0.7638036809815951,Metro
25021401100,Massachusetts,,Norfolk County,Not Eligible,4332,166552.0,0.04012494,0.042622951,1303600.0,1378.0,0.3180212014134275,0.092771084,0.7873961218836565,0.0180055401662049,0.0323176361957525,0.2636195752539242,0.1733610341643582,0.051009564,0.8359900814736096,Metro
25021401200,Massachusetts,,Norfolk County,Not Eligible,6569,112773.0,0.065635096,0.042922674,751300.0,2123.0,0.2582345191040843,0.072769054,0.7346628101689755,0.058608616,0.0327294869843202,0.2301720200943827,0.2024661287867255,0.095500459,0.8138200183654729,Metro
25021402101,Massachusetts,,Norfolk County,Not Eligible,3488,74866.0,0.067260707,0.0474592521572387,374500.0,1261.0,0.1542168674698795,0.0183175033921302,0.8193807339449541,0.090022936,0.032110092,0.1949541284403669,0.2067087155963302,0.3239775461106656,0.4382518043303929,Metro
25021402102,Massachusetts,,Norfolk County,Not Eligible,4316,68864.0,0.1022964509394572,0.06864564,347200.0,1290.0,0.1663747810858143,0.047447447,0.6607970342910102,0.1353104726598702,0.1413345690454124,0.2029657089898053,0.108433734939759,0.4093007915567282,0.2988126649076517,Metro
25021402200,Massachusetts,,Norfolk County,Not Eligible,2239,82667.0,0.0152329749103942,0.05728789,332700.0,1389.0,0.1768707482993197,0.018359853,0.7615006699419383,0.067440822,0.1420276909334524,0.2304600267976775,0.1290754801250558,0.4171539961013645,0.3040935672514619,Metro
25021402300,Massachusetts,,Norfolk County,Not Eligible,4259,103750.0,0.00871731,0.042812078,394800.0,1958.0,0.146788990825688,0.0286831812255541,0.8405729044376614,0.0173749706503874,0.078656962,0.2343273068795492,0.2291617750645691,0.2664916311125697,0.4830981293075156,Metro
25021402400,Massachusetts,,Norfolk County,Not Eligible,6479,94549.0,0.046612132,0.042168675,430000.0,1815.0,0.2016326530612245,0.0,0.8363945053248958,0.080876678,0.041055718,0.1987961105108813,0.1494057724957555,0.2359832635983263,0.5918410041841005,Metro
25021402500,Massachusetts,,Norfolk County,Not Eligible,4491,101944.0,0.0265870862723819,0.0266836086404066,664100.0,1238.0,0.2841091492776886,0.0785340314136125,0.852148742,0.0561122244488977,0.02738811,0.1730126920507682,0.3119572478289913,0.2926900584795321,0.5654970760233918,Metro
25021403100,Massachusetts,,Norfolk County,Not Eligible,6681,168239.0,0.034575662,0.0569129916567342,728500.0,1324.0,0.2894736842105263,0.054193548,0.8813051938332584,0.00658584,0.037419548,0.3174674449932644,0.1523723993414159,0.1007058823529411,0.7821176470588236,Metro
25021403300,Massachusetts,,Norfolk County,Not Eligible,4167,160776.0,0.018495376,0.021276596,841500.0,1848.0,0.2551020408163265,0.057503506,0.9227261819054476,0.0141588672906167,0.007919366,0.3023758099352052,0.1658267338612911,0.087912088,0.7938613111026904,Metro
25021403400,Massachusetts,,Norfolk County,Not Eligible,6995,129940.0,0.041844838,0.0582812964614927,761400.0,380.0,0.1227364185110664,0.0103348491112029,0.8280200142959256,0.007147963,0.0283059328091493,0.238313081,0.2048606147248034,0.11074416556583,0.7320563628357551,Metro
25021403500,Massachusetts,,Norfolk County,Not Eligible,6427,121029.0,0.054611843,0.070707071,638800.0,1902.0,0.2112676056338028,0.04181601,0.7717442041387895,0.044188579,0.0368756807219542,0.2439707484051657,0.1758207561848452,0.1906466771089729,0.6724099351085254,Metro
25021404100,Massachusetts,,Norfolk County,Not Eligible,4122,147361.0,0.0300824842309558,0.0479957805907172,874200.0,2582.0,0.2294617563739376,0.053608247,0.7052401746724891,0.00727802,0.052644347,0.3367297428432799,0.1380397865114022,0.082625483,0.8262548262548263,Metro
25021404201,Massachusetts,,Norfolk County,Not Eligible,3895,186974.0,0.0272423541506039,0.058389262,1362500.0,1456.0,0.1826086956521739,0.051938552,0.9309370988446728,0.005905006,0.023620026,0.3373555840821566,0.1637997432605905,0.079724808,0.8591663294212869,Metro
25021404202,Massachusetts,,Norfolk County,Not Eligible,5022,184926.0,0.0239693192713326,0.033539276,963800.0,2093.0,0.2865497076023391,0.1393624907338769,0.7550776583034647,0.032258065,0.071087216,0.1979291119076065,0.1210673038630027,0.098057354,0.8209990749306197,Metro
25021404301,Massachusetts,,Norfolk County,Not Eligible,5610,198640.0,0.045276292,0.0455094643576318,1073200.0,2750.0,0.123076923076923,0.0280929227444624,0.8329768270944742,0.004812834,0.0215686274509803,0.3374331550802139,0.1484848484848485,0.037880946,0.8829393335232127,Metro
25021404302,Massachusetts,,Norfolk County,Not Eligible,3680,159400.0,0.008102822,0.066887783,763600.0,2470.0,0.1865671641791045,0.019259259,0.8089673913043478,0.007608696,0.053532609,0.2839673913043478,0.1644021739130435,0.091728092,0.7784602784602784,Metro
25021404400,Massachusetts,,Norfolk County,Not Eligible,6580,142143.0,0.050976655550262,0.06779661,1090000.0,925.0,0.1026615969581749,0.062429058,0.728419453,0.052735562,0.060334347,0.1557750759878419,0.130547112462006,0.072782668,0.8405551794177386,Metro
25021405100,Massachusetts,,Norfolk County,Not Eligible,5864,189265.0,0.006139154,0.039900249,987300.0,2371.0,0.35,0.0451675570665371,0.8381650750341064,0.0359822646657571,0.027626194,0.2938267394270122,0.1524556616643929,0.061930295,0.8453083109919571,Metro
25021406101,Massachusetts,,Norfolk County,Not Eligible,5866,138315.0,0.031410917,0.0505119453924914,614000.0,1164.0,0.2271062271062271,0.062015504,0.9028298670303444,0.015172179,0.009887487,0.3037845209682918,0.1268325946130242,0.1051792828685259,0.703054449,Metro
25021406102,Massachusetts,,Norfolk County,Not Eligible,6644,152917.0,0.0195665261890427,0.045273349,619700.0,1182.0,0.4776119402985074,0.0619888075764098,0.9072847682119204,0.0,0.0543347381095725,0.3055388320288982,0.1193558097531607,0.1030288576198426,0.7615072740281421,Metro
25021407100,Massachusetts,,Norfolk County,Not Eligible,8110,97591.0,0.046554935,0.0436079871471195,368900.0,1544.0,0.2121739130434782,0.0166293572113847,0.9436498150431566,0.001726264,0.0498150431565967,0.2219482120838471,0.1512946979038224,0.2611862643080125,0.4989594172736732,Metro
25021408101,Massachusetts,,Norfolk County,Not Eligible,8122,119345.0,0.0551879135972031,0.058272633,389800.0,1099.0,0.1701244813278008,0.0237926136363636,0.8820487564639251,0.007879833,0.0472789953213494,0.2639743905442009,0.1262004432405811,0.1947835738068812,0.6034036256011839,Metro
25021408102,Massachusetts,,Norfolk County,Not Eligible,5013,101250.0,0.0365050867743865,0.0272698107154315,356600.0,1146.0,0.2460136674259681,0.0735,0.9046479154199082,0.036704568,0.0151605824855376,0.2449630959505286,0.090963495,0.2601947656725502,0.4777845404747413,Metro
25021409101,Massachusetts,,Norfolk County,Not Eligible,6356,131000.0,0.05611617,0.0462505612932195,441800.0,1231.0,0.096774194,0.0140845070422535,0.7581812460667087,0.1035242290748898,0.1198867212083071,0.1686595342983008,0.1017935808684707,0.3846472170494517,0.3786468032278088,Metro
25021409102,Massachusetts,,Norfolk County,Not Eligible,5283,142969.0,0.035396555,0.028652282,462100.0,1038.0,0.1612903225806451,0.0578158458244111,0.9558962710581108,0.0,0.0170357751277683,0.2852545901949649,0.1175468483816013,0.1626682270333528,0.676711527,Metro
25021410100,Massachusetts,,Norfolk County,Not Eligible,6374,87625.0,0.078648136,0.074400243,394000.0,994.0,0.206845238095238,0.005944798,0.9565422026984624,0.006118607,0.0243175400062754,0.19140257295262,0.2150925635393787,0.2977933594555578,0.4448339863889461,Metro
25021410300,Massachusetts,,Norfolk County,Not Eligible,4668,101444.0,0.04134533,0.0581440123219098,366700.0,2098.0,0.1858585858585858,0.0386363636363636,0.8408311910882605,0.050342759,0.02377892,0.2330762639245929,0.1353898886032562,0.2479391249207355,0.4946100190234622,Metro
25021410400,Massachusetts,,Norfolk County,Not Eligible,6306,93224.0,0.043133524,0.0531165311653116,383200.0,1362.0,0.2053388090349076,0.0256302521008403,0.8766254360926102,0.058515699,0.035521725,0.2507136060894386,0.1262289882651443,0.2269141531322505,0.4535962877030162,Metro
25021411100,Massachusetts,,Norfolk County,Not Eligible,8154,91959.0,0.0123865587441746,0.062288851,413800.0,1379.0,0.075606277,0.031730769,0.8609271523178808,0.0305371596762325,0.051017905322541,0.2460142261466764,0.1596762325239146,0.2867307008182141,0.4850586979722519,Metro
25021411200,Massachusetts,,Norfolk County,Not Eligible,7039,99875.0,0.051143628,0.054240631163708,432100.0,1387.0,0.4327354260089686,0.0243808049535603,0.8589288251172041,0.0301179144764881,0.0112231851115215,0.23327177155846,0.1609603636880238,0.2834897185066879,0.498702336,Metro
25021411301,Massachusetts,,Norfolk County,Not Eligible,5828,104918.0,0.0243647754959972,0.04913188,495300.0,,0.234375,0.0,0.9219286204529856,0.008750858,0.0375772134522992,0.2549759780370624,0.2235758407687028,0.242814667988107,0.542368682,Metro
25021411302,Massachusetts,,Norfolk County,Not Eligible,3892,100268.0,0.040101666,0.0198932557011159,417300.0,1285.0,0.1468926553672316,0.0389242745930644,0.8119218910585817,0.0244090441932168,0.070143885,0.2119732785200411,0.1392600205549845,0.2473002159827214,0.5028797696184305,Metro
25021412100,Massachusetts,,Norfolk County,Not Eligible,6591,142318.0,0.02002731,0.044040738,662200.0,1301.0,0.1968085106382978,0.021416804,0.8727052040661508,0.0,0.040509786,0.2911546047640722,0.1767561826733424,0.1421171171171171,0.711036036,Metro
25021412200,Massachusetts,,Norfolk County,Not Eligible,3738,139167.0,0.018583356,0.032653061,711100.0,1672.0,0.1574803149606299,0.034438776,0.92402354200107,0.004815409,0.0,0.2391653290529695,0.2710005350454789,0.1298205421916762,0.7170675830469645,Metro
25021412300,Massachusetts,,Norfolk County,Not Eligible,5035,130764.0,0.01509434,0.049401198,624700.0,1148.0,0.0,0.052892562,0.864746773,0.004766634,0.032373386,0.2587884806355511,0.1733862959285005,0.2206050228310502,0.6230022831050228,Metro
25021413100,Massachusetts,,Norfolk County,Not Eligible,5804,81786.0,0.087525844,0.054589082,390900.0,1147.0,0.1824925816023739,0.042109741,0.8313232253618195,0.0304962095106822,0.065127498,0.1976223294279807,0.184183321847002,0.3221107927411652,0.3918338108882521,Metro
25021413200,Massachusetts,,Norfolk County,Not Eligible,6107,69072.0,0.109156132558934,0.076988395,360000.0,871.0,0.1611111111111111,0.027593819,0.907319469,0.019649582446373,0.0106435238251187,0.1691501555591943,0.2354674963157033,0.3787207093096896,0.3749208359721342,Metro
25021413300,Massachusetts,,Norfolk County,Not Eligible,4977,110721.0,0.032121212,0.0566827697262479,446900.0,1599.0,0.1941964285714285,0.0552486187845303,0.8681936909785011,0.0301386377335744,0.041390396,0.1770142656218605,0.18625678119349,0.2207461842849067,0.5992085924250989,Metro
25021413401,Massachusetts,,Norfolk County,Not Eligible,2988,64028.0,0.058350101,0.041813899,391200.0,1179.0,0.2646657571623465,0.065259117,0.9099732262382864,0.004016064,0.083333333,0.2198795180722891,0.179718875502008,0.3151978417266187,0.4820143884892086,Metro
25021413402,Massachusetts,,Norfolk County,Not Eligible,4539,85000.0,0.058796509,0.063201663,371100.0,1583.0,0.086660175,0.0279758639605046,0.6633619740030844,0.083939194,0.040096938,0.2452081956378057,0.1147829918484247,0.2053627760252366,0.5958990536277603,Metro
25021413500,Massachusetts,,Norfolk County,Not Eligible,4603,88825.0,0.130169787,0.0267919276270006,387100.0,1481.0,0.2048543689320388,0.0454545454545454,0.6552248533565066,0.086248099,0.1233977840538779,0.2081251357810123,0.1058005648490115,0.4062877871825877,0.3464328899637243,Metro
25021414100,Massachusetts,,Norfolk County,Not Eligible,5604,125281.0,0.0170166545981173,0.0512,481200.0,2046.0,0.2861356932153392,0.045032498,0.7016416845110636,0.024446823697359,0.072805139,0.2517844396859386,0.1507851534618129,0.1209595959595959,0.6762626262626262,Metro
25021414200,Massachusetts,,Norfolk County,Not Eligible,7458,163598.0,0.005229284,0.0455,510500.0,,0.0,0.041124633,0.7661571466881202,0.02359882,0.026012336,0.2996781979082864,0.1469562885492089,0.080801944,0.8080194410692588,Metro
25021414300,Massachusetts,,Norfolk County,Not Eligible,5131,102083.0,0.041317481972325,0.0513863216266173,451100.0,1326.0,0.1953290870488322,0.084661355,0.8187487819138569,0.028649386,0.007600858,0.2921457805496004,0.1414928863769246,0.1454489544895449,0.6832718327183271,Metro
25021415101,Massachusetts,,Norfolk County,Not Eligible,4953,108618.0,0.05531386,0.0580789277736411,445100.0,1659.0,0.1844660194174757,0.0153846153846153,0.76357763,0.0601655562285483,0.065818696,0.2412679184332727,0.1691903896628306,0.2368497529787852,0.5597210113339146,Metro
25021415102,Massachusetts,,Norfolk County,Not Eligible,8023,69606.0,0.095350866,0.1144698821960435,365100.0,1414.0,0.25,0.033860672,0.7923470023681914,0.065062944,0.047363829,0.227221737504674,0.1576716938800947,0.1997874601487779,0.530641162,Metro
25021415200,Massachusetts,,Norfolk County,Not Eligible,5789,88698.0,0.0571582153735889,0.075411914,491900.0,1666.0,0.3585585585585585,0.056956876,0.8010019001554672,0.083952323,0.0260839523233719,0.2069442045258248,0.2026256693729487,0.1861602982292637,0.5239981360671015,Metro
25021415300,Massachusetts,,Norfolk County,Not Eligible,3797,118523.0,0.017382143797735,0.038499025,495700.0,1202.0,0.7857142857142857,0.064174894,0.9109823544903872,0.00632078,0.0123781933105082,0.2259678693705557,0.1759283644982881,0.1920088790233074,0.6034036256011839,Metro
25021416101,Massachusetts,,Norfolk County,Not Eligible,5763,141629.0,0.044112539,0.042319227,582800.0,,0.089805825,0.040560116,0.788825265,0.051015096,0.0324483775811209,0.2526461912198507,0.1716120076349123,0.1408163265306122,0.7053571428571429,Metro
25021416102,Massachusetts,,Norfolk County,Not Eligible,3889,104821.0,0.0308505949757602,0.037467018,658700.0,1464.0,0.3181818181818182,0.0475698035160289,0.760863975,0.0984829,0.036513242,0.1185394703008485,0.2008228336333247,0.2065095398428731,0.6318742985409652,Metro
25021416200,Massachusetts,,Norfolk County,Not Eligible,6725,105500.0,0.040148699,0.058640374,447600.0,1566.0,0.4041450777202072,0.046689304,0.5426022304832714,0.3255018587360594,0.048178439,0.2704832713754647,0.1164312267657992,0.2146430195543429,0.5636653024101864,Metro
25021416300,Massachusetts,,Norfolk County,Not Eligible,4923,121080.0,0.057758796,0.051749271,540000.0,1185.0,0.2916666666666667,0.0218938149972632,0.7007921998781231,0.1602681291895185,0.085923218,0.2561446272598009,0.1612837700589071,0.1906068923452272,0.6291552302531259,Metro
25021416400,Massachusetts,,Norfolk County,Not Eligible,6051,122216.0,0.032721864,0.041349653,558900.0,2065.0,0.0,0.040470588,0.8844819038175508,0.00429681,0.0166914559576929,0.2850768468021815,0.1555114857048421,0.2249186890167625,0.5659244433324994,Metro
25021417100,Massachusetts,,Norfolk County,Not Eligible,4470,87535.0,0.033780761,0.0399575671852899,451900.0,1364.0,0.052631579,0.0143798681845416,0.6541387024608502,0.0210290827740492,0.0131991051454138,0.17248322147651,0.1196868008948545,0.3517027863777089,0.4582043343653251,Metro
25021417200,Massachusetts,,Norfolk County,Not Eligible,8234,62188.0,0.099951421,0.069327299,367000.0,1375.0,0.2487179487179487,0.0305847076461769,0.4674520281758562,0.0618168569346611,0.0183385960650959,0.1629827544328394,0.1050522224921059,0.3577874331550802,0.4712566844919786,Metro
25021417300,Massachusetts,,Norfolk County,Not Eligible,2988,86189.0,0.075,0.069477435,344000.0,1519.0,0.2601307189542484,0.082850521,0.7637215528781793,0.048527443,0.022088353,0.1057563587684069,0.288487282463186,0.2033307513555383,0.6223857474825717,Metro
25021417400,Massachusetts,,Norfolk County,Not Eligible,2365,86679.0,0.078646934,0.0263951734539969,481700.0,1234.0,0.1596244131455399,0.1049773755656108,0.9086680761099366,0.019450317,0.0452431289640591,0.1577167019027484,0.2042283298097251,0.2595936794582393,0.4108352144469526,Metro
25021417501,Massachusetts,,Norfolk County,Non-LIC Contiguous,5117,76406.0,0.070880093,0.072234765,423000.0,1561.0,0.1468208134174347,0.032779098,0.516318142,0.003126832,0.0254055112600326,0.1665038168430328,0.1489153802394867,0.3766094446182251,0.4434012770652771,Metro
25021417502,Massachusetts,,Norfolk County,Not Eligible,4530,62400.0,0.1143487858719646,0.0225669957686882,356200.0,1163.0,0.2136929460580912,0.1054766734279918,0.3671081677704194,0.0346578366445916,0.0002207505518763797,0.1666666666666666,0.067549669,0.460972850678733,0.3331447963800905,Metro
25021417601,Massachusetts,,Norfolk County,Non-LIC Contiguous,5121,70230.0,0.080917351,0.113312691450119,331600.0,1200.0,0.2192262560129165,0.087626383,0.5653193,0.005467682,0.0150361256673932,0.1355204135179519,0.0976371765136718,0.4224985539913177,0.3351648449897766,Metro
25021417602,Massachusetts,,Norfolk County,Low-Income Community,5012,68689.0,0.073438436,0.048159614,406500.0,1191.0,0.1687500029802322,0.055887371,0.6466480493545532,0.044493217,0.005786113,0.1454509198665619,0.1929369568824768,0.3684210479259491,0.4454239010810852,Metro
25021417701,Massachusetts,1.0,Norfolk County,Low-Income Community,5283,46852.0,0.080055349,0.094208494,331500.0,1139.0,0.2509861886501312,0.1058441549539566,0.6513344645500183,0.0225250795483589,0.0295286774635314,0.1077039539813995,0.3490441143512726,0.4393602907657623,0.3789426982402801,Metro
25021417702,Massachusetts,,Norfolk County,Non-LIC Contiguous,2912,85089.0,0.1064560413360595,0.1081926226615905,372800.0,1338.0,0.2043010741472244,0.023529412,0.7874312996864319,0.064217031,0.021634616,0.1840659379959106,0.170329675078392,0.317040354,0.4408071637153625,Metro
25021417801,Massachusetts,,Norfolk County,Not Eligible,4814,87566.0,0.0230577482343165,0.068977351,362100.0,1231.0,0.1703056768558952,0.1518438177874186,0.8872039883672621,0.0116327378479434,0.0434150394682176,0.1931865392604902,0.1560033236393851,0.3404977375565611,0.4092194570135746,Metro
25021417802,Massachusetts,,Norfolk County,Low-Income Community,3213,24384.0,0.3221288621425628,0.1358956694602966,339900.0,452.0,0.2020725458860397,0.0,0.4354186058044433,0.0613134130835533,0.0435729846358299,0.2268907576799392,0.1914099007844925,0.5714946985244751,0.2248958796262741,Metro
25021417901,Massachusetts,1.0,Norfolk County,Low-Income Community,6264,44875.0,0.1288255155086517,0.074289031,310300.0,1105.0,0.207215130329132,0.067304723,0.6503831148147583,0.09259259,0.026500639,0.1669859588146209,0.1874201744794845,0.4350733458995819,0.2866695523262024,Metro
25021417902,Massachusetts,,Norfolk County,Low-Income Community,3875,60000.0,0.1336774230003357,0.091854416,300000.0,1328.0,0.2527027130126953,0.050222505,0.6980645060539246,0.097290322,0.005935484,0.2180645167827606,0.115096777677536,0.4638694524765014,0.309634805,Metro
25021418002,Massachusetts,,Norfolk County,Non-LIC Contiguous,6905,69970.0,0.076031864,0.042448405,331200.0,1459.0,0.225585938,0.031614486,0.5510499477386475,0.0463432297110557,0.0318609699606895,0.1469949334859848,0.129181757569313,0.3116833865642547,0.5106987357139587,Metro
25021418003,Massachusetts,,Norfolk County,Not Eligible,2685,81920.0,0.1646182495344506,0.032119914346895,342900.0,1790.0,0.2320819112627986,0.059405941,0.6115456238361267,0.089013035,0.063314711,0.1180633147113594,0.083426443,0.2619634928465713,0.5407005426739023,Metro
25021418004,Massachusetts,,Norfolk County,Low-Income Community,4406,57202.0,0.14389468729496,0.056175597,328200.0,1197.0,0.2384473234415054,0.05518651,0.5685428977012634,0.0524285063147544,0.028597368,0.126645490527153,0.1239219233393669,0.4010775089263916,0.3480993807315826,Metro
25021418101,Massachusetts,,Norfolk County,Non-LIC Contiguous,4785,60871.0,0.167693942785263,0.043284532,413200.0,1427.0,0.3453496694564819,0.0313807539641857,0.611494243,0.035109717,0.02445141,0.1360501497983932,0.165935218,0.2671461701393127,0.5710248947143555,Metro
25021418102,Massachusetts,,Norfolk County,Low-Income Community,3392,52875.0,0.1458517909049987,0.067197174,333300.0,1281.0,0.1719549596309662,0.062867217,0.6285377144813538,0.074587263,0.082547173,0.1662735790014267,0.1191037744283676,0.3411268591880798,0.4085856676101684,Metro
25021418200,Massachusetts,,Norfolk County,Not Eligible,6978,88833.0,0.065997131,0.1018005540166205,357700.0,1500.0,0.1250996015936255,0.049911504,0.6165090283748925,0.116652335912869,0.09429636,0.2272857552307251,0.1001719690455718,0.3335375816993464,0.4283088235294117,Metro
25021419100,Massachusetts,,Norfolk County,Not Eligible,5890,89514.0,0.041361702,0.0529761904761904,433300.0,1790.0,0.3022556390977444,0.045777778,0.7762308998302208,0.093718166,0.032258065,0.2524617996604414,0.1280135823429541,0.2903656258340005,0.4939951961569255,Metro
25021419200,Massachusetts,,Norfolk County,Not Eligible,5504,91667.0,0.060504202,0.097135331,367900.0,1179.0,0.4351005484460695,0.025830258302583,0.8226744186046512,0.0374273255813953,0.0232558139534883,0.2220203488372093,0.1676962209302325,0.3506160164271047,0.4058008213552361,Metro
25021419300,Massachusetts,,Norfolk County,Low-Income Community,4139,62202.0,0.1761557161808014,0.1243825778365135,351500.0,979.0,0.4114114046096802,0.0,0.749214768,0.088427156,0.0343078039586544,0.2300072461366653,0.1270838379859924,0.4093387722969055,0.2968643605709076,Metro
25021419400,Massachusetts,,Norfolk County,Not Eligible,2950,70156.0,0.097627119,0.067641682,340900.0,818.0,0.3737373737373737,0.081568627,0.8830508474576271,0.018644068,0.002372881,0.2081355932203389,0.1735593220338983,0.4172093023255814,0.2962790697674418,Metro
25021419500,Massachusetts,,Norfolk County,Not Eligible,2917,80179.0,0.020393299,0.053254438,432300.0,1208.0,0.1595744680851064,0.0178907721280602,0.7877956804936579,0.03531025,0.046966061,0.2036338704148097,0.2142612272883099,0.3821098687408847,0.4073894020418084,Metro
25021419600,Massachusetts,,Norfolk County,Not Eligible,7160,96132.0,0.032050385,0.051888004,391300.0,2216.0,0.2556480380499406,0.036045314,0.8519553072625698,0.053351955,0.011592179,0.2553072625698324,0.1379888268156424,0.2929171668667467,0.4595838335334133,Metro
25021419700,Massachusetts,,Norfolk County,Not Eligible,4125,84700.0,0.033743842,0.060399637,413500.0,419.0,0.062091503,0.065326633,0.7951515151515152,0.0,0.008484848,0.2152727272727272,0.222060606060606,0.2975835815954982,0.4015226746110559,Metro
25021419800,Massachusetts,,Norfolk County,Not Eligible,4381,82784.0,0.0308495491219743,0.04939759,361500.0,1267.0,0.0542495479204339,0.04180602,0.8523168226432322,0.0209997717416115,0.0269344898425017,0.1905957543939739,0.1917370463364528,0.3843921315704611,0.3579490486939697,Metro
25021420100,Massachusetts,,Norfolk County,Low-Income Community,7798,68464.0,0.1587280929088592,0.1148981750011444,272600.0,1222.0,0.2472677528858184,0.064713456,0.4781995415687561,0.3037958443164825,0.075660422,0.1988971531391143,0.1655552685260772,0.4259060025215149,0.3297452330589294,Metro
25021420201,Massachusetts,,Norfolk County,Non-LIC Contiguous,3627,70257.0,0.1396600604057312,0.092065103,293500.0,534.0,0.4364161789417267,0.0320417284965515,0.3046594858169555,0.4915908575057983,0.046594981,0.2128480821847915,0.1645988374948501,0.4119521975517273,0.3175298869609833,Metro
25021420202,Massachusetts,1.0,Norfolk County,Non-LIC Contiguous,6369,67252.0,0.078835562,0.080874875,266700.0,1486.0,0.2926829159259796,0.081001475,0.3765112161636352,0.4054011702537536,0.0579368807375431,0.1799340546131134,0.13157481,0.4016546010971069,0.2893485128879547,Metro
25021420301,Massachusetts,1.0,Norfolk County,Low-Income Community,7149,59022.0,0.06105587631464,0.1785957664251327,266400.0,779.0,0.2237762212753296,0.0491562746465206,0.3761365115642547,0.3169673979282379,0.1064484566450119,0.1642187684774398,0.1660372018814087,0.4524321258068084,0.223481148481369,Metro
25021420302,Massachusetts,,Norfolk County,Low-Income Community,8583,60145.0,0.1459897458553314,0.1005917191505432,268800.0,1320.0,0.3968254029750824,0.037978757,0.3111965656280517,0.4510078132152557,0.082954675,0.2069206535816192,0.1670744568109512,0.4925398826599121,0.2575887441635132,Metro
25021421100,Massachusetts,,Norfolk County,Low-Income Community,5498,62530.0,0.081847943,0.080439404,292700.0,1064.0,0.1311475336551666,0.0,0.7251728177070618,0.1489632576704025,0.086395055,0.1455074548721313,0.14805384,0.4118354618549347,0.1970170736312866,Metro
25021421200,Massachusetts,,Norfolk County,Non-LIC Contiguous,5510,69283.0,0.072912872,0.078977935,272700.0,1037.0,0.0,0.039889958,0.7760435342788696,0.1054446473717689,0.075862072,0.1896551698446273,0.1558983623981475,0.3453132510185241,0.3088878095149994,Metro
25021422100,Massachusetts,,Norfolk County,Not Eligible,5969,87581.0,0.0502859064917591,0.077415422,369000.0,1306.0,0.3003802281368821,0.0166112956810631,0.8269391857932652,0.049757078,0.0293181437426704,0.2487853911878036,0.1395543642151114,0.3583109592384672,0.3524530144007811,Metro
25021422200,Massachusetts,,Norfolk County,Not Eligible,7127,74604.0,0.065859837,0.052568982,350100.0,1279.0,0.156934306569343,0.034943786,0.8951873158411674,0.033815069,0.019643609,0.1957345306580609,0.1838080538796127,0.3843860629774548,0.3515930687534935,Metro
25021422301,Massachusetts,,Norfolk County,Not Eligible,3130,109063.0,0.017622557,0.066042928,365300.0,1200.0,0.0,0.0461538461538461,0.9284345047923322,0.015974441,0.0150159744408945,0.2233226837060702,0.1335463258785942,0.3013824884792627,0.3894009216589861,Metro
25021422302,Massachusetts,,Norfolk County,Not Eligible,6462,70478.0,0.0443178220955998,0.073134696,274700.0,1397.0,0.1725085910652921,0.0623608017817371,0.7749922624574436,0.1013618074899412,0.0173320953265242,0.1576911173011451,0.1778087279480037,0.2717070289427052,0.3973223075408545,Metro
25021422400,Massachusetts,,Norfolk County,Not Eligible,7837,66518.0,0.078787879,0.06401138,345100.0,1100.0,0.21875,0.044192635,0.8253158096210285,0.068903917,0.0267959678448385,0.1638382033941559,0.2187061375526349,0.3840039741679086,0.3018711707236297,Metro
25021422501,Massachusetts,,Norfolk County,Not Eligible,4947,44832.0,0.2055791388720436,0.0487012987012987,289700.0,1134.0,0.2192307692307692,0.021818182,0.8261572670305235,0.0254699818071558,0.088336365,0.2021427127552051,0.163533455,0.3359488520778843,0.2624237140366172,Metro
25021422502,Massachusetts,1.0,Norfolk County,Low-Income Community,5342,46947.0,0.1675402522087097,0.1387264430522918,272500.0,1082.0,0.2477366328239441,0.025825571,0.7607637643814087,0.039498314,0.059715461,0.2079745382070541,0.1325346380472183,0.4886002242565155,0.2857900261878967,Metro
25021422600,Massachusetts,,Norfolk County,Not Eligible,7132,73844.0,0.037577117,0.086263479,329800.0,,0.2682215743440233,0.0315021129466,0.8932978126752664,0.0279024116657319,0.0224340998317442,0.213684801,0.1462422882781828,0.3853061224489796,0.3371428571428571,Metro
25021422700,Massachusetts,,Norfolk County,Non-LIC Contiguous,3686,68250.0,0.036542132,0.094569288,325700.0,1189.0,0.4169884026050567,0.057558507,0.9205100536346436,0.0,0.0141074331477284,0.1863809078931808,0.1706456840038299,0.3898620903491974,0.3414088785648346,Metro
25021422800,Massachusetts,,Norfolk County,Not Eligible,3969,72273.0,0.047438809,0.068539804,328100.0,1372.0,0.051948052,0.0337439742903053,0.9118165784832452,0.001007811,0.006046863,0.1536911060720584,0.2043335852859662,0.3104786545924967,0.3696636481241914,Metro
25021423100,Massachusetts,,Norfolk County,Not Eligible,8316,128224.0,0.046742553,0.058349609,847100.0,1470.0,0.2440273037542662,0.126739709801599,0.9781144781144782,0.0,0.005772006,0.2674362674362674,0.154040404040404,0.1566992014196983,0.7054125998225377,Metro
25021440100,Massachusetts,,Norfolk County,Not Eligible,8892,92014.0,0.035762483,0.05888748,336600.0,1198.0,0.074157303,0.093215812,0.9349977507872244,0.005847953,0.004723347,0.2067026540710751,0.1406882591093117,0.3105896881753627,0.4206545230009262,Metro
25021441202,Massachusetts,,Norfolk County,Not Eligible,2965,131917.0,0.044519393,0.0338762214983713,501100.0,,0.1875,0.034446764,0.9554806070826308,0.004384486,0.0175379426644182,0.2890387858347386,0.1062394603709949,0.1758354755784061,0.5866323907455013,Metro
25021441203,Massachusetts,,Norfolk County,Not Eligible,3943,91379.0,0.0616365568544102,0.064917741,321700.0,1064.0,0.2648221343873518,0.0,0.975653056048694,0.0116662439766675,0.0111590159776819,0.2145574435708851,0.1732183616535632,0.3413130214000725,0.3804860355458832,Metro
25021441204,Massachusetts,,Norfolk County,Not Eligible,4575,89097.0,0.0423409443582354,0.080107321,429200.0,1110.0,0.3103448275862069,0.041566265,0.9610928961748634,0.008087432,0.02273224,0.2688524590163934,0.1079781420765027,0.238928939237899,0.4946790250600755,Metro
25021442101,Massachusetts,,Norfolk County,Not Eligible,5826,96806.0,0.0226415094339622,0.076278792,343800.0,1157.0,0.065891473,0.058278867,0.8786474424991417,0.0151047030552694,0.018709234466186,0.2317198764160659,0.1016134569172674,0.200420673076923,0.5126201923076923,Metro
25021442102,Massachusetts,,Norfolk County,Not Eligible,7088,112560.0,0.027997737556561,0.052961672,337400.0,1125.0,0.1003460207612456,0.030222894,0.8876975169300225,0.005502257,0.030897291,0.228696388,0.1391083521444695,0.165615462868769,0.5973550356052899,Metro
25021442103,Massachusetts,,Norfolk County,Not Eligible,7273,131319.0,0.002474907,0.04040404,422300.0,,0.0,0.015681004,0.8869792382785645,0.006874742,0.033411247,0.3347999450020624,0.088546679,0.1518077700426678,0.6258701998652594,Metro
25021442201,Massachusetts,,Norfolk County,Not Eligible,4004,136202.0,0.030719281,0.057550844,491100.0,1621.0,0.225705329153605,0.052173913,0.928071928071928,0.004995005,0.01023976,0.2534965034965035,0.1013986013986013,0.198427555,0.6023961063272183,Metro
25021442202,Massachusetts,,Norfolk County,Not Eligible,8682,80591.0,0.1031331592689295,0.079912184,404100.0,969.0,0.2204472843450479,0.017076093,0.9434462105505644,0.002879521,0.0241879751209398,0.2422252937111264,0.1482377332411886,0.3594263003283221,0.4269915327458096,Metro
25021443101,Massachusetts,,Norfolk County,Not Eligible,8087,87889.0,0.009819967,0.081393074,260100.0,1497.0,0.1509146341463414,0.0154539600772698,0.9128230493384444,0.020650427,0.028811673,0.2018053666378138,0.1382465685668356,0.4009001211701575,0.2650164445213779,Metro
25021443102,Massachusetts,,Norfolk County,Not Eligible,8746,95945.0,0.057934509,0.0592246949030868,309300.0,1122.0,0.1544991511035653,0.073886069,0.9395152069517494,0.002972788,0.009147039,0.2196432654927967,0.1152526869426023,0.3671272493573265,0.3091259640102827,Metro
25021456101,Massachusetts,,Norfolk County,Not Eligible,4313,106829.0,0.03322668,0.063181818,339700.0,1135.0,0.3157894736842105,0.046529367,0.7324368189195456,0.1889635984233712,0.0129840018548574,0.2304660329237189,0.2068166009738001,0.3866710656548994,0.3510392609699769,Metro
25021456102,Massachusetts,,Norfolk County,Non-LIC Contiguous,4865,64013.0,0.080497928,0.044798784,323900.0,1140.0,0.1800232231616974,0.1010004729032516,0.74696815,0.122302159667015,0.087975331,0.209866389632225,0.140184998512268,0.3260931670665741,0.3761074542999267,Metro
25021456200,Massachusetts,,Norfolk County,Non-LIC Contiguous,3792,76563.0,0.072091177,0.054552913,338400.0,1536.0,0.1662763506174087,0.0465268678963184,0.6835442781448364,0.1666666716337204,0.0221518985927104,0.1637658178806305,0.159282699227333,0.3564912378787994,0.3645614087581634,Metro
25021456301,Massachusetts,,Norfolk County,Low-Income Community,1811,46136.0,0.2399777323007583,0.1367614865303039,237500.0,1083.0,0.2583732008934021,0.091340452,0.8150193095207214,0.059635561,0.0392048582434654,0.204859197,0.097183876,0.3176100552082062,0.3577044010162353,Metro
25021456302,Massachusetts,,Norfolk County,Low-Income Community,5272,46919.0,0.1318285316228866,0.076979473,250900.0,1334.0,0.4789053499698639,0.069622718,0.725910485,0.1380880177021026,0.033194233,0.175455242,0.2721927165985107,0.3765306174755096,0.3219387829303741,Metro
25021456401,Massachusetts,,Norfolk County,Not Eligible,2743,87868.0,0.056507474,0.050989802,311200.0,1278.0,0.04743083,0.108060230292294,0.7174626321545753,0.1655122129055778,0.055778345,0.1461903025884068,0.1924899744804958,0.3689411764705882,0.344,Metro
25021456402,Massachusetts,,Norfolk County,Not Eligible,5464,107370.0,0.036504425,0.0491599253266957,356700.0,,0.6938775510204082,0.049086162,0.8244875549048316,0.1072474377745241,0.035688141,0.2335285505124451,0.1692898975109809,0.3067677031617455,0.3977005487326888,Metro
25021457100,Massachusetts,,Norfolk County,Non-LIC Contiguous,4476,68021.0,0.072609469,0.069175221,295400.0,1076.0,0.172576829791069,0.051487416,0.7406166195869446,0.1096961572766304,0.044459339,0.1691242158412933,0.1782841831445694,0.4846894145011902,0.2653834819793701,Metro
25021457200,Massachusetts,,Norfolk County,Not Eligible,5897,136792.0,0.017692975,0.029158383,713500.0,1546.0,0.3132911392405063,0.040385498,0.8617941326098016,0.0203493301678819,0.021366796676276,0.2662370696964558,0.1806003052399525,0.1112478464189022,0.7816884075806054,Metro
25023500101,Massachusetts,,Plymouth County,Not Eligible,3909,83171.0,0.061140957,0.1045751633986928,406600.0,1248.0,0.2696629213483146,0.1958910654562828,0.9229982092606804,0.0,0.0388846252238424,0.1432591455615247,0.202609363008442,0.3122761315532399,0.4324324324324324,Metro
25023500103,Massachusetts,,Plymouth County,Not Eligible,2209,68520.0,0.0235400633770937,0.07252216,296900.0,1275.0,0.2442159383033419,0.1453529000698812,0.94612947,0.005432322,0.0235400633770937,0.097781802,0.3390674513354459,0.2289405684754522,0.5028423772609819,Metro
25023500104,Massachusetts,,Plymouth County,Not Eligible,4319,79250.0,0.0419078490391294,0.088863019,365200.0,1144.0,0.283076923076923,0.1441326530612245,0.9624913174345914,0.002315351,0.0219958323686038,0.1488770548738134,0.1662421856911322,0.3051146384479717,0.4118165784832451,Metro
25023501101,Massachusetts,,Plymouth County,Not Eligible,3238,131696.0,0.065136476,0.0297549591598599,726700.0,1485.0,0.2984293193717277,0.079783114,0.9700432365657814,0.001544163,0.0163681284743668,0.2584928968499073,0.1714021000617665,0.1739510489510489,0.722465035,Metro
25023501102,Massachusetts,,Plymouth County,Not Eligible,8714,127686.0,0.039350771,0.0256467439785905,697000.0,1403.0,0.3333333333333333,0.0273141122913505,0.9692448932751894,0.001147579,0.002524673,0.257172366307092,0.1769566215285747,0.1635157545605307,0.6628524046434494,Metro
25023501201,Massachusetts,,Plymouth County,Not Eligible,3824,143375.0,0.0299291152533473,0.0496374790853318,727300.0,1659.0,0.0,0.018278751,0.9401150627615062,0.001830544,0.041841004,0.2934100418410041,0.1705020920502092,0.1197295147175815,0.726332538,Metro
25023501202,Massachusetts,,Plymouth County,Not Eligible,7125,93676.0,0.075859119,0.0369466713140467,610700.0,2430.0,0.6005547850208044,0.062927943,0.9390877192982456,0.003649123,0.002526316,0.2378947368421052,0.3084912280701754,0.1775498125863089,0.6565397514302623,Metro
25023502101,Massachusetts,,Plymouth County,Non-LIC Contiguous,6204,75192.0,0.051902,0.0141419637948274,272900.0,1359.0,0.1152125298976898,0.1036392375826835,0.949871063232422,0.0116054154932498,0.002740168,0.2321083098649978,0.090264343,0.5035427212715149,0.2224846482276916,Metro
25023502102,Massachusetts,,Plymouth County,Not Eligible,5637,77957.0,0.064041157,0.060047562,277100.0,851.0,0.057453416,0.0154195011337868,0.8788362604222104,0.062267163,0.008515168,0.2284903317367394,0.1431612559872272,0.345947266,0.338867188,Metro
25023502200,Massachusetts,1.0,Plymouth County,Low-Income Community,5884,63226.0,0.095539168,0.056478404,268500.0,1423.0,0.3826086819171905,0.07865613,0.9362678527832032,0.017335147,0.0317811,0.1643439829349517,0.2511896789073944,0.414398580789566,0.2478050887584686,Metro
25023503101,Massachusetts,,Plymouth County,Not Eligible,7274,109414.0,0.054577949,0.083376623,444400.0,1362.0,0.4,0.0171149144254278,0.9591696453120704,0.011822931,0.0120978828704976,0.2899367610668133,0.1354138025845477,0.243659223932365,0.5172339041838283,Metro
25023503102,Massachusetts,,Plymouth County,Not Eligible,7058,99464.0,0.0151953690303907,0.046701059,444600.0,1084.0,0.1968810916179337,0.0,0.938509493,0.0007084159818645508,0.004250496,0.2551714366676112,0.165485973363559,0.2961294286299406,0.4556625025599017,Metro
25023504101,Massachusetts,,Plymouth County,Not Eligible,5691,97500.0,0.038608632,0.060542062653995,488100.0,873.0,0.2738095238095238,0.0135746606334841,0.9467580390089616,0.007907222,0.015814444,0.2491653487963451,0.1992619926199262,0.2655894976016157,0.5458217621812673,Metro
25023504102,Massachusetts,,Plymouth County,Not Eligible,5154,137557.0,0.031819946,0.052533532,636500.0,,0.0,0.079251513,0.9668218859138532,0.0,0.020760574,0.3030655801319363,0.1513387660069848,0.1543764988009592,0.6627697841726619,Metro
25023505101,Massachusetts,,Plymouth County,Not Eligible,6360,101113.0,0.0284591194968553,0.052815874,530200.0,982.0,0.4194756554307116,0.1831136444602778,0.9581761006289308,0.002358491,0.0136792452830188,0.2558176100628931,0.1605345911949685,0.1707766766536068,0.5715602673427057,Metro
25023505102,Massachusetts,,Plymouth County,Not Eligible,5212,122969.0,0.0413143735588009,0.078688525,506500.0,900.0,0.3509615384615384,0.0,0.9744819646968534,0.001343054,0.008058327,0.2601688411358404,0.1533000767459708,0.2133820635366882,0.5791397244869272,Metro
25023505200,Massachusetts,,Plymouth County,Not Eligible,6818,110515.0,0.073984962,0.05461165,498100.0,1333.0,0.192,0.1204701273261508,0.9438251686711646,0.009680258,0.0296274567321795,0.2298327955412144,0.2255793487826342,0.1696765231196666,0.5536812859694383,Metro
25023506101,Massachusetts,,Plymouth County,Not Eligible,6479,108578.0,0.04808287,0.0331341662140141,459300.0,1102.0,0.072340426,0.088283157,0.967741935,0.003395586,0.0,0.2418583114678191,0.1720944590214539,0.182302525,0.5496872828353023,Metro
25023506102,Massachusetts,,Plymouth County,Not Eligible,5880,84375.0,0.090166723,0.049278846,503300.0,1472.0,0.3,0.0456273764258555,0.9093537414965986,0.002210884,0.017176871,0.2681972789115646,0.1173469387755102,0.2821222026653256,0.4463163188332914,Metro
25023506202,Massachusetts,,Plymouth County,Not Eligible,2627,98393.0,0.083365055,0.067833698,421800.0,1424.0,0.3235294117647059,0.0229405630865484,0.9592691282832128,0.0,0.007232585,0.1910925009516559,0.1842405786067757,0.2726796014682748,0.5301520713162035,Metro
25023506203,Massachusetts,,Plymouth County,Not Eligible,5098,72724.0,0.075323656,0.057241379,349400.0,857.0,0.3505747126436782,0.1086350974930362,0.958218909,0.0,0.0117693213024715,0.2198901530011769,0.1441741859552766,0.3385300668151447,0.335467706,Metro
25023506204,Massachusetts,,Plymouth County,Not Eligible,5512,79676.0,0.049709724,0.035642233,384400.0,1522.0,0.1384615384615384,0.2726952850105559,0.9798621190130624,0.000725689404934688,0.0136066763425253,0.1995645863570392,0.1759796806966618,0.1755414012738853,0.3673885350318471,Metro
25023507101,Massachusetts,,Plymouth County,Not Eligible,5386,103750.0,0.064783427,0.0530129672006102,468300.0,1529.0,0.28125,0.031860226,0.9454140363906424,0.018937987374675,0.0122539918306721,0.2753434831043446,0.1847382101745265,0.152442448,0.5763615946097698,Metro
25023507103,Massachusetts,,Plymouth County,Not Eligible,4452,140455.0,0.0244943820224719,0.056987116,725500.0,1694.0,0.3076923076923077,0.167129373,0.9865229110512128,0.001123091,0.007861635,0.2908805031446541,0.1511680143755615,0.098159509,0.7651670074982958,Metro
25023507104,Massachusetts,,Plymouth County,Not Eligible,5606,121250.0,0.028184088,0.070592171,576600.0,1558.0,0.054393305,0.1,0.9755618979664644,0.004816268,0.0,0.234748483767392,0.1692829111666072,0.1534349104517508,0.6885859395883454,Metro
25023508101,Massachusetts,,Plymouth County,Not Eligible,6637,91557.0,0.0248643761301989,0.043688087,395400.0,1704.0,0.44375,0.065502183,0.9219526894681332,0.0126563206267892,0.041434383,0.2351966249811662,0.1252071719150218,0.3159322033898305,0.4271186440677966,Metro
25023508102,Massachusetts,,Plymouth County,Not Eligible,5213,87194.0,0.048724343,0.065751676,308800.0,1389.0,0.1087866108786611,0.048234709,0.9374640322271244,0.001534625,0.024937656,0.2221369652791099,0.1260310761557644,0.4824986537425956,0.2242864835756596,Metro
25023508200,Massachusetts,,Plymouth County,Not Eligible,6316,100946.0,0.049715009,0.050456253,376000.0,,0.070588235,0.0409523809523809,0.9216276124129196,0.002849905,0.0186827105763141,0.2473084230525649,0.1480367321089297,0.2861278648974668,0.38021712907117,Metro
25023509101,Massachusetts,,Plymouth County,Not Eligible,7112,109796.0,0.093227666,0.086483687,394500.0,1349.0,0.3799533799533799,0.047599675,0.9500843644544432,0.001124859,0.0236220472440944,0.265185602,0.139482564679415,0.3088401537418042,0.4589645037304997,Metro
25023509102,Massachusetts,,Plymouth County,Non-LIC Contiguous,5994,77361.0,0.035852551,0.044784915,276400.0,1135.0,0.0922509208321571,0.060557768,0.9362695813179016,0.0165165159851312,0.027694361,0.1868535131216049,0.1981981992721557,0.3755625486373901,0.4018901884555816,Metro
25023510100,Massachusetts,,Plymouth County,Low-Income Community,4732,70357.0,0.019442096,0.086956523,209500.0,1188.0,0.3375000059604645,0.0147783253341913,0.6808960437774658,0.2508453130722046,0.0424767546355724,0.2151310294866562,0.1405325382947921,0.5430123805999756,0.165710836648941,Metro
25023510200,Massachusetts,,Plymouth County,Low-Income Community,6827,64855.0,0.093952648,0.070744082,225100.0,1232.0,0.2812089323997497,0.027726432,0.4814706444740295,0.3033543229103088,0.09960451,0.2657096683979034,0.1136663258075714,0.5254938006401062,0.2124483287334442,Metro
25023510300,Massachusetts,,Plymouth County,Low-Income Community,3621,38016.0,0.2538483142852783,0.1005405411124229,227200.0,1004.0,0.2316715568304062,0.086748637,0.2413697838783264,0.492957741,0.1552057415246963,0.2772714793682098,0.1068765521049499,0.6063291430473328,0.1295358687639236,Metro
25023510400,Massachusetts,,Plymouth County,Low-Income Community,3318,35593.0,0.2760699093341827,0.1117249876260757,222400.0,1193.0,0.3891273140907287,0.1859706342220306,0.1525015085935592,0.5801687836647034,0.092224233,0.3465943336486816,0.079264618,0.5716463327407837,0.1280487775802612,Metro
25023510501,Massachusetts,,Plymouth County,Low-Income Community,2621,55476.0,0.1012355536222457,0.053629823,217800.0,1051.0,0.2579852640628814,0.102109707891941,0.5196489691734314,0.3017932176589966,0.006486074,0.1785577982664108,0.1797024011611938,0.422113299,0.2652505338191986,Metro
25023510502,Massachusetts,,Plymouth County,Low-Income Community,5500,36160.0,0.1855220049619674,0.1078622490167617,175400.0,669.0,0.1151385903358459,0.083458647,0.3485454618930816,0.5463636517524719,0.064545453,0.1752727329730987,0.1996363699436187,0.6427842974662781,0.137174904346466,Metro
25023510503,Massachusetts,1.0,Plymouth County,Low-Income Community,4726,36977.0,0.3076577484607696,0.1313460618257522,279100.0,1101.0,0.2805343568325043,0.080229223,0.4276343584060669,0.3812949657440185,0.095852733,0.2858654260635376,0.1489631831645965,0.5006812214851379,0.1777929216623306,Metro
25023510600,Massachusetts,,Plymouth County,Non-LIC Contiguous,2977,87054.0,0.0140007,0.052434456,297600.0,,0.1111111119389534,0.076690212,0.5233456492424011,0.2667114436626434,0.099764861,0.1598925143480301,0.2351360470056533,0.4105075597763061,0.3107747137546539,Metro
25023510700,Massachusetts,1.0,Plymouth County,Low-Income Community,6264,51488.0,0.1781609207391739,0.062272277,273100.0,1244.0,0.3356643319129944,0.075480543,0.4211366474628448,0.3671775162220001,0.1189335882663726,0.3288633525371551,0.091315456,0.4488697648048401,0.2685683667659759,Metro
25023510800,Massachusetts,,Plymouth County,Low-Income Community,6899,36950.0,0.3371787369251251,0.1322957128286361,250700.0,1150.0,0.2990978360176086,0.1281714737415313,0.1147992461919784,0.5587766170501709,0.1340773999691009,0.3136686384677887,0.058269314,0.6081887483596802,0.06480477,Metro
25023510900,Massachusetts,1.0,Plymouth County,Low-Income Community,2345,14375.0,0.5098901391029358,0.269138753414154,188900.0,423.0,0.3038251399993896,0.1052631586790084,0.2665245234966278,0.5006396770477295,0.1117270812392234,0.3134328424930572,0.1697228103876114,0.5916193127632141,0.1207386329770088,Metro
25023511000,Massachusetts,1.0,Plymouth County,Low-Income Community,3191,50549.0,0.254722923,0.253635823726654,184300.0,967.0,0.3166666626930237,0.06822262,0.3064869940280914,0.5474773049354553,0.097461611,0.3152616620063782,0.083986208,0.493969589,0.2270582020282745,Metro
25023511100,Massachusetts,,Plymouth County,Low-Income Community,5415,74081.0,0.096486233,0.1069281846284866,199200.0,1243.0,0.1708542704582214,0.0318856500089168,0.5759925842285156,0.2614958584308624,0.086795934,0.2153277993202209,0.1458910405635833,0.442208469,0.1829205304384231,Metro
25023511200,Massachusetts,,Plymouth County,Low-Income Community,4905,40625.0,0.1478443741798401,0.1253918558359146,188000.0,505.0,0.1932773143053054,0.035733622,0.4020387232303619,0.446075439,0.098267071,0.2269113212823867,0.1826707422733307,0.5146666765213013,0.1679999977350235,Metro
25023511301,Massachusetts,,Plymouth County,Low-Income Community,5724,52470.0,0.1520687788724899,0.1261382848024368,225800.0,1050.0,0.2368421107530594,0.072647221,0.3577917516231537,0.3247728943824768,0.1360936462879181,0.2458071261644363,0.1245632395148277,0.5568400621414185,0.1684558242559433,Metro
25023511302,Massachusetts,,Plymouth County,Not Eligible,3360,62446.0,0.1512428870919437,0.1096196868008948,218400.0,478.0,0.1142857142857142,0.031275720164609,0.506547619,0.2395833333333333,0.1625,0.2601190476190476,0.1425595238095238,0.515697138,0.1523545706371191,Metro
25023511400,Massachusetts,,Plymouth County,Low-Income Community,4085,39659.0,0.2345405220985412,0.1698404550552368,273500.0,1131.0,0.3953168094158172,0.1383136063814163,0.2232558131217956,0.5938800573348999,0.065361075,0.3706242442131042,0.068788253,0.6631960272789001,0.094612949,Metro
25023511500,Massachusetts,,Plymouth County,Low-Income Community,4665,44329.0,0.2256123721599578,0.094831094,233400.0,1180.0,0.3992629051208496,0.1195652186870575,0.1802786737680435,0.502893865,0.1515541225671768,0.308038592,0.062165059,0.6229390501976013,0.125806450843811,Metro
25023511600,Massachusetts,,Plymouth County,Low-Income Community,6562,39736.0,0.2240663915872573,0.096969694,227100.0,831.0,0.2116363644599914,0.1301815658807754,0.4135934114456177,0.3244437575340271,0.1408107280731201,0.2028345018625259,0.1330387145280838,0.6107730269432068,0.1005183681845665,Metro
25023511701,Massachusetts,,Plymouth County,Low-Income Community,4437,75500.0,0.042866863,0.04718836,236300.0,1100.0,0.3488371968269348,0.0555216595530509,0.5771917700767517,0.3216136991977691,0.035158891,0.2262790203094482,0.1631733179092407,0.5053492784500122,0.196035236,Metro
25023511702,Massachusetts,,Plymouth County,Non-LIC Contiguous,2639,73125.0,0.048625793,0.06909091,254100.0,1150.0,0.080459774,0.020127119,0.7017809748649597,0.1580144017934799,0.062523685,0.1599090546369552,0.2148541063070297,0.4435367584228515,0.3080250024795532,Metro
25023520100,Massachusetts,,Plymouth County,Non-LIC Contiguous,6743,82153.0,0.025979877,0.068716094,292000.0,1346.0,0.06122449,0.0353034511208534,0.9384546875953674,0.0004449058324098587,0.017351327,0.1960551738739013,0.1582381725311279,0.3988500833511352,0.2708688378334045,Metro
25023520201,Massachusetts,,Plymouth County,Non-LIC Contiguous,3575,60080.0,0.0587412603199481,0.083294339,308300.0,1088.0,0.3365758657455444,0.037747525,0.9144055843353271,0.026293706,0.009510489,0.1991608440876007,0.1432167887687683,0.292877048254013,0.3653004467487335,Metro
25023520202,Massachusetts,,Plymouth County,Not Eligible,5878,81742.0,0.022116366110922,0.0565875964561303,328000.0,968.0,0.097530864,0.066160978,0.8926505614154474,0.033344675,0.04389248,0.1927526369513439,0.1429057502551888,0.3299679881802512,0.3046047771484856,Metro
25023521101,Massachusetts,,Plymouth County,Not Eligible,4338,78516.0,0.076692077,0.0415833666533386,273900.0,294.0,0.1636363636363636,0.0,0.945827570308898,0.0138312586445366,0.011987091,0.2335177501152605,0.1553711387736284,0.3963290278721957,0.3113528212100612,Metro
25023521102,Massachusetts,,Plymouth County,Not Eligible,3583,75721.0,0.087939698,0.056277056,268600.0,1079.0,0.2239819004524887,0.0221343873517786,0.8933854312029026,0.002511862,0.044376221,0.2693273792910968,0.092380687,0.423780487804878,0.2878919860627177,Metro
25023521201,Massachusetts,,Plymouth County,Not Eligible,3106,59417.0,0.077913715,0.068534267,293100.0,1119.0,0.182468694096601,0.086990596,0.960721184803606,0.0,0.0106245975531229,0.199935608499678,0.1027044430135222,0.3932061423918101,0.260586319218241,Metro
25023521202,Massachusetts,,Plymouth County,Not Eligible,3740,86143.0,0.0459893048128342,0.04886717,298300.0,891.0,0.1106719367588932,0.0193740685543964,0.9794117647058824,0.002406417,0.002139037,0.2144385026737968,0.1328877005347593,0.3740667976424361,0.3151277013752456,Metro
25023522101,Massachusetts,,Plymouth County,Not Eligible,4915,89692.0,0.03045789,0.0560186728909636,328200.0,883.0,0.3148148148148148,0.015084852,0.9218718209562564,0.037843337,0.001017294,0.2394710071210579,0.1123092573753814,0.3834469931804092,0.2938623682579045,Metro
25023522102,Massachusetts,,Plymouth County,Not Eligible,5562,94714.0,0.034699748,0.069423929,341800.0,,0.1707317073170731,0.0,0.9311398777418196,0.003416037,0.0302049622437971,0.1902193455591513,0.1450916936353829,0.3346794548207976,0.3389702170620898,Metro
25023523100,Massachusetts,,Plymouth County,Not Eligible,3357,70337.0,0.0157879058683348,0.084194978,312200.0,1273.0,0.3006756756756756,0.0269565217391304,0.8647602025618112,0.011617516,0.071194519,0.2365207030086386,0.1200476616026213,0.3147252747252747,0.2589010989010989,Metro
25023523201,Massachusetts,,Plymouth County,Not Eligible,3003,95236.0,0.0247128437173686,0.042991755,324200.0,1062.0,0.1791666666666666,0.048275862,0.9294039294039294,0.0126540126540126,0.0103230103230103,0.2161172161172161,0.1761571761571761,0.5303317535545023,0.2236966824644549,Metro
25023523202,Massachusetts,,Plymouth County,Not Eligible,7862,90159.0,0.038412618,0.059335267,296100.0,1014.0,0.1782178217821782,0.007123474,0.978758585601628,0.0,0.0,0.2129229203764945,0.2021114220300178,0.3611554137869927,0.2744993797625376,Metro
25023524101,Massachusetts,,Plymouth County,Not Eligible,3155,98832.0,0.0200534759358288,0.0447385,342400.0,1047.0,0.064,0.088571429,0.9172741679873218,0.003486529,0.067511886,0.2427892234548335,0.1781299524564183,0.3436458829128986,0.3974297953355545,Metro
25023524102,Massachusetts,,Plymouth County,Not Eligible,3889,70889.0,0.067529107,0.074222222,298100.0,1270.0,0.3163265306122449,0.1006369426751592,0.8560041141681666,0.042684495,0.053484186,0.1900231421959372,0.1846232964772435,0.4542190305206463,0.2588868940754039,Metro
25023525101,Massachusetts,,Plymouth County,Not Eligible,6264,74915.0,0.053493976,0.068869828,325300.0,1203.0,0.1874197689345314,0.1110688474705211,0.8424329501915708,0.06449553,0.0167624521072796,0.1977969348659004,0.146551724137931,0.3868084078279777,0.3131191108963517,Metro
25023525104,Massachusetts,,Plymouth County,Not Eligible,6825,110825.0,0.085371411,0.073422178,358900.0,1339.0,0.2317596566523605,0.064249656,0.8996336996336997,0.002490842,0.044542125,0.2326739926739926,0.1202930402930402,0.2428137415283945,0.5237204954428605,Metro
25023525203,Massachusetts,,Plymouth County,Not Eligible,5677,65492.0,0.1359873172450237,0.047173083593479,283200.0,1377.0,0.2802056555269923,0.042918455,0.8855029064646821,0.091421525,0.0130350537255592,0.2231812577065351,0.1879513827725911,0.4090672225117248,0.2879103699843668,Metro
25023525204,Massachusetts,,Plymouth County,Not Eligible,3771,113203.0,0.0318217979315831,0.0618388934092758,344400.0,1750.0,0.0,0.00913242,0.8835852559002917,0.08353222,0.006629541,0.237602757889154,0.1251657385308936,0.3832073219259849,0.3390370075606844,Metro
25023525300,Massachusetts,,Plymouth County,Not Eligible,1851,,0.0,,,,,0.0,0.5067531064289573,0.2404105888708806,0.2004321988114532,0.003241491,0.087520259,0.7232346241457859,0.0518223234624145,Metro
25023526100,Massachusetts,,Plymouth County,Not Eligible,7753,73119.0,0.034862623,0.0619409660107334,281300.0,1720.0,0.0421052631578947,0.039434768,0.947633174,0.0149619502128208,0.0299239,0.2177221720624274,0.1485876434928414,0.3913447251114413,0.2648588410104012,Metro
25023530100,Massachusetts,,Plymouth County,Low-Income Community,4032,50645.0,0.1404958665370941,0.1344060599803924,261000.0,642.0,0.1475409865379333,0.078281343,0.8492063283920288,0.023561507,0.068700396,0.2224702388048172,0.1899801641702652,0.4007950723171234,0.2880375981330871,Metro
25023530200,Massachusetts,,Plymouth County,Low-Income Community,3469,54009.0,0.1424041539430618,0.0431910566985607,289900.0,1213.0,0.357798159122467,0.1099572405219078,0.896511972,0.01383684,0.0570769682526588,0.2081291377544403,0.151052176952362,0.4860267341136932,0.195625752210617,Metro
25023530300,Massachusetts,,Plymouth County,Non-LIC Contiguous,3913,52695.0,0.070023,0.035658307,297600.0,1129.0,0.138364777,0.1176760196685791,0.9292103052139282,0.009711219,0.008944544,0.1735241562128067,0.1696907728910446,0.3830074071884155,0.2862440943717956,Metro
25023530400,Massachusetts,,Plymouth County,Not Eligible,6007,99063.0,0.0210385707129737,0.0346244131455399,330000.0,1672.0,0.425287356321839,0.0593853820598006,0.9225903113034792,0.006991843,0.029299150990511,0.203595805,0.1937739304145164,0.3378282469836763,0.3385379701916253,Metro
25023530500,Massachusetts,,Plymouth County,Low-Income Community,5007,55742.0,0.086068243,0.05844846,349000.0,1185.0,0.3880265951156616,0.1497303992509842,0.8979429006576538,0.0311563815921545,0.0,0.1416017562150955,0.2682244777679443,0.486400843,0.2384473234415054,Metro
25023530600,Massachusetts,,Plymouth County,Not Eligible,6475,96402.0,0.0367204196619389,0.056356068,342100.0,1155.0,0.2666666666666666,0.1199216837983357,0.8307335907335908,0.07011583,0.04972973,0.1678764478764478,0.1289575289575289,0.4042688081149619,0.2924767540152155,Metro
25023530700,Massachusetts,,Plymouth County,Not Eligible,5115,91033.0,0.058965587,0.041552332,491200.0,2008.0,0.2083333333333333,0.1615276804484933,0.9781036168132944,0.007624633,0.001955034,0.1071358748778103,0.3749755620723363,0.1728852838933951,0.5615295480880649,Metro
25023530801,Massachusetts,,Plymouth County,Not Eligible,5893,88588.0,0.063634821,0.06832087,366000.0,1902.0,0.4962406015037593,0.1079223928860145,0.97115221449177,0.0,0.008145257,0.2065162056677414,0.2720176480570168,0.2567443987197073,0.4350708733424783,Metro
25023530802,Massachusetts,,Plymouth County,Not Eligible,5077,80929.0,0.059286981,0.066599053,297700.0,1495.0,0.3836858006042296,0.3284262180161234,0.9517431554067364,0.003742368,0.025408706,0.2178451841638763,0.1386645656883986,0.3485351022664456,0.3711995577667219,Metro
25023530901,Massachusetts,,Plymouth County,Not Eligible,8605,98548.0,0.0276062900407687,0.082702388,293700.0,1509.0,0.1663066954643628,0.1876985272884782,0.9134224288204532,0.005461941,0.030679837303893,0.2456711214410226,0.096339338,0.3466071428571428,0.3155357142857143,Metro
25023530902,Massachusetts,,Plymouth County,Not Eligible,4623,101324.0,0.0524704853519895,0.054666146,332200.0,2019.0,0.17,0.14510214772132,0.9227774172615184,0.0201168072680077,0.003677266,0.2316677482154445,0.1680726800778715,0.1906407035175879,0.4670226130653266,Metro
25023540101,Massachusetts,,Plymouth County,Non-LIC Contiguous,3878,68614.0,0.04988369,0.026513256,323300.0,1172.0,0.3138888776302337,0.065907732,0.9463641047477722,0.0121196489781141,0.0146982977166771,0.2099020183086395,0.1949458420276641,0.3808016777038574,0.3632208108901977,Metro
25023540102,Massachusetts,,Plymouth County,Not Eligible,2841,94000.0,0.047393365,0.070909091,339400.0,1109.0,0.4260869565217391,0.2229299363057325,0.9750088,0.0,0.0186554030271031,0.1942977824709609,0.1397395283350933,0.3960443801254221,0.286058851905451,Metro
25023540103,Massachusetts,,Plymouth County,Not Eligible,4474,124244.0,0.035634245,0.031782066,376200.0,,0.0,0.048445409,0.9492624050067054,0.002011623,0.0145283862315601,0.2440768886902101,0.1126508717031739,0.3417553191489361,0.3656914893617021,Metro
25023541100,Massachusetts,,Plymouth County,Not Eligible,5439,103081.0,0.0492737635594778,0.0496477692049647,376300.0,1453.0,0.0364583333333333,0.04496124,0.9203897775326346,0.00827358,0.0275785990071704,0.2421400992829564,0.1434087148372862,0.328125,0.4205043859649123,Metro
25023542101,Massachusetts,,Plymouth County,Not Eligible,7652,97248.0,0.018969833,0.068800348,314600.0,879.0,0.1388888888888889,0.0186311787072243,0.9541296393099844,0.0,0.0163355985363303,0.2171981181390486,0.1123889179299529,0.3336998350742166,0.3333333333333333,Metro
25023542102,Massachusetts,,Plymouth County,Not Eligible,2429,70643.0,0.048706897,0.1162952646239554,292800.0,708.0,0.1962616822429906,0.043392505,0.9267188143268836,0.0444627418690819,0.006587073,0.1679703581720872,0.178262659530671,0.3743109151047409,0.3280044101433296,Metro
25023542200,Massachusetts,,Plymouth County,Not Eligible,6546,68816.0,0.034048507,0.0617772367620206,274000.0,1291.0,0.1005917159763313,0.0360531309297912,0.9511151848457072,0.031622365,0.005499542,0.1510846318362358,0.3021692636724717,0.4181309904153354,0.2388178913738019,Metro
25023542300,Massachusetts,,Plymouth County,Low-Income Community,7415,62233.0,0.1875,0.081928961,268200.0,1120.0,0.318972647,0.1060948073863983,0.915981114,0.0144302090629935,0.0160485506057739,0.2579905688762665,0.129602164030075,0.4103203415870666,0.2831383049488067,Metro
25023543100,Massachusetts,,Plymouth County,Not Eligible,2913,84602.0,0.035015447991761,0.064272212,353800.0,876.0,0.2164179104477611,0.04549675,0.9546858908341916,0.0,0.0278063851699279,0.1819430140748369,0.1568829385513216,0.3763194125745755,0.3230839834786599,Metro
25023544100,Massachusetts,,Plymouth County,Not Eligible,5946,96468.0,0.02892701,0.07168558,290000.0,1259.0,0.3020134228187919,0.0271844660194174,0.9234779683821056,0.0159771274806592,0.0146316851664984,0.2297342751429532,0.1229397914564413,0.4318128102103521,0.2332781848262822,Metro
25023544200,Massachusetts,,Plymouth County,Low-Income Community,5611,59010.0,0.038674034,0.0544470734894275,248500.0,517.0,0.0,0.091572419,0.9517019987106324,0.0208518989384174,0.005703083,0.1598645448684692,0.2746390998363495,0.4721019864082336,0.2193362265825271,Metro
25023545100,Massachusetts,,Plymouth County,Non-LIC Contiguous,7445,74592.0,0.087946124,0.077259474,247400.0,1173.0,0.3265895843505859,0.1311627924442291,0.8654130101203918,0.0212222971022129,0.0193418394774198,0.2286098003387451,0.1904633939266204,0.4844961166381836,0.1957364380359649,Metro
25023545200,Massachusetts,,Plymouth County,Low-Income Community,5334,65208.0,0.1079341024160385,0.1006711423397064,228200.0,1185.0,0.3744292259216308,0.291552186012268,0.8657667636871338,0.02943382,0.013873266,0.1981627345085144,0.1072365939617157,0.4571819305419922,0.2426812648773193,Metro
25023545300,Massachusetts,,Plymouth County,Non-LIC Contiguous,4083,74063.0,0.086848639,0.019976029,263700.0,1006.0,0.1465295702219009,0.4323011636734009,0.8951750993728638,0.0107763903215527,0.0,0.1364192962646484,0.2089150100946426,0.4251870214939117,0.2771196961402893,Metro
25023545400,Massachusetts,1.0,Plymouth County,Low-Income Community,5610,58953.0,0.1029924750328064,0.094641611,277900.0,933.0,0.2119675427675247,0.294990212,0.7869875431060791,0.0295900180935859,0.0393939390778541,0.1841354668140411,0.2228163927793502,0.4169459044933319,0.2458113878965377,Metro
25023560100,Massachusetts,,Plymouth County,Not Eligible,6216,84489.0,0.044401544,0.071385542,408700.0,1014.0,0.1359649122807017,0.2493678887484197,0.9596203346203346,0.002252252,0.0136743886743886,0.206081081081081,0.2002895752895752,0.2804494382022472,0.4752808988764045,Metro
25023561100,Massachusetts,,Plymouth County,Not Eligible,5014,75449.0,0.058039376538146,0.063125816,493300.0,1228.0,0.095121951,0.2515723270440251,0.895492621,0.0171519744714798,0.007778221,0.2355404866374152,0.2736338252891903,0.2733296521258972,0.518774158,Metro
25023561200,Massachusetts,1.0,Plymouth County,Low-Income Community,2993,40769.0,0.3301281929016113,0.1092661991715431,298900.0,930.0,0.5206611752510071,0.0,0.7303708791732788,0.1099231541156768,0.081857666,0.003341129,0.017707984894514,0.2903225719928741,0.4717741906642914,Metro
25023990003,Massachusetts,,Plymouth County,Not Eligible,0,,,,,,,,,,,,,,,Metro
25025000100,Massachusetts,,Suffolk County,Low-Income Community,4185,69818.0,0.1658303439617157,0.076130055,405900.0,1721.0,0.1959706991910934,0.11726576089859,0.5373954772949219,0.060215052,0.1675029844045639,0.1694145798683166,0.09414576,0.3932733833789825,0.5134865045547485,Metro
25025000201,Massachusetts,,Suffolk County,Low-Income Community,3553,80932.0,0.1426963061094284,0.026014978,472100.0,1903.0,0.220902606844902,0.1067270338535308,0.7782155871391296,0.047846891,0.06501548,0.070925981,0.09710104,0.2126796841621399,0.6465167999267578,Metro
25025000202,Massachusetts,,Suffolk County,Low-Income Community,3697,66875.0,0.2050311118364334,0.077228598,526100.0,1645.0,0.22871795296669,0.094771244,0.6115769743919373,0.063024074,0.1928590685129165,0.1709494143724441,0.1192859038710594,0.2432965338230133,0.5477129220962524,Metro
25025000301,Massachusetts,,Suffolk County,Non-LIC Contiguous,2590,86773.0,0.1239903047680854,0.019277109,453800.0,1782.0,0.1976935714483261,0.1078767105937004,0.7691119909286499,0.033204634,0.075675674,0.1320463269948959,0.1104247123003006,0.2839767336845398,0.5959809422492981,Metro
25025000302,Massachusetts,,Suffolk County,Non-LIC Contiguous,3110,72526.0,0.164125844836235,0.003213712,449700.0,1779.0,0.1762767732143402,0.059656974,0.6864951848983765,0.045659166,0.03215434,0.1234726682305336,0.1421221792697906,0.1974015086889267,0.6408214569091797,Metro
25025000401,Massachusetts,,Suffolk County,Low-Income Community,5127,47619.0,0.2367856502532959,0.046262152,454500.0,1262.0,0.1531034409999847,0.079470202,0.6317534446716309,0.040764581,0.077043109,0.1016188785433769,0.192705288529396,0.2750949561595917,0.592783511,Metro
25025000402,Massachusetts,,Suffolk County,Low-Income Community,3277,60214.0,0.2231773287057876,0.078070611,486400.0,1783.0,0.4108040332794189,0.1061762645840644,0.6689044833183289,0.0143423862755298,0.077204764,0.119621604681015,0.086664632,0.1650399267673492,0.695652187,Metro
25025000502,Massachusetts,,Suffolk County,Low-Income Community,5904,51652.0,0.2376963347196579,0.047576834,378600.0,1543.0,0.3265157043933868,0.090425529,0.764735758,0.016937669,0.097391598,0.009315718,0.076388888,0.083687343,0.7982158064842224,Metro
25025000503,Massachusetts,,Suffolk County,Low-Income Community,2076,56522.0,0.2298105657100677,0.064163819,271300.0,1715.0,0.2982283532619476,0.067068577,0.7577071189880371,0.015414258,0.040944122,0.0342003852128982,0.1026011556386947,0.1213755905628204,0.7221847772598267,Metro
25025000504,Massachusetts,,Suffolk County,Low-Income Community,4516,48676.0,0.2902137339115143,0.045420136,343400.0,1503.0,0.2509225010871887,0.075018756,0.718113363,0.035429582,0.1029672250151634,0.0248007085174322,0.1910983175039291,0.1747572869062423,0.7064534425735474,Metro
25025000601,Massachusetts,,Suffolk County,Low-Income Community,3522,58750.0,0.1519061625003814,0.053571429,393300.0,1757.0,0.2617230117321014,0.094630875,0.6445201635360718,0.024985803,0.08404316,0.1266326010227203,0.1229415088891983,0.2591549158096313,0.6004024147987366,Metro
25025000602,Massachusetts,,Suffolk County,Low-Income Community,3575,25364.0,0.3737062811851501,0.0261315908282995,369200.0,1209.0,0.2664277255535126,0.052575108,0.5255944132804871,0.1155244782567024,0.1865734308958053,0.1261538416147232,0.1225174814462661,0.2978115975856781,0.5404376983642578,Metro
25025000701,Massachusetts,,Suffolk County,Low-Income Community,3923,49600.0,0.292739450931549,0.069799587,359100.0,1594.0,0.2542759478092193,0.130978986620903,0.5707367062568665,0.0619423910975456,0.097119555,0.021667091,0.059138414,0.1281064003705978,0.7686384320259094,Metro
25025000703,Massachusetts,,Suffolk County,Low-Income Community,1958,32002.0,0.4230979681015014,0.032760032,,1429.0,0.3734309673309326,0.1087751388549804,0.5316649675369263,0.086312562,0.1026557683944702,0.009193054,0.0219611842185258,0.089874856,0.7895335555076599,Metro
25025000704,Massachusetts,,Suffolk County,Low-Income Community,4520,50577.0,0.2949115037918091,0.0620643869042396,350000.0,1634.0,0.2686253786087036,0.1007685735821724,0.5068584084510803,0.0338495559990406,0.069690265,0.068362832,0.040486727,0.1089722663164138,0.7168025970458984,Metro
25025000802,Massachusetts,,Suffolk County,Low-Income Community,6570,36000.0,0.3040357232093811,0.056034483,511100.0,1691.0,0.4526266455650329,0.1002073287963867,0.5753424763679504,0.0497716888785362,0.1879756450653076,0.0543379,0.068949774,0.337895006,0.495645672,Metro
25025000803,Massachusetts,,Suffolk County,Low-Income Community,6351,44286.0,0.3825816512107849,0.1179624646902084,,2184.0,0.4906621277332306,0.2564417123794555,0.5939221978187561,0.068335697,0.102818451821804,0.028027081862092,0.007085498,0.054819554,0.919141173362732,Metro
25025010103,Massachusetts,,Suffolk County,Low-Income Community,3695,30717.0,0.4050073623657226,0.1703910678625106,326300.0,1413.0,0.4987146556377411,0.092184372,0.5201624035835266,0.044113666,0.1198917478322982,0.002435724,0.003247632,0.009090909,0.8795454502105713,Metro
25025010104,Massachusetts,,Suffolk County,Low-Income Community,4837,57500.0,0.2217194586992263,0.1193181797862052,614300.0,1777.0,0.2426597625017166,0.1548159420490265,0.6597064137458801,0.0248087663203477,0.1103990077972412,0.0266694240272045,0.064916268,0.1309168487787246,0.8025586605072021,Metro
25025010203,Massachusetts,,Suffolk County,Low-Income Community,5058,22306.0,0.4864313304424286,0.049944505,326200.0,1750.0,0.3077975511550903,0.1039152219891548,0.6597469449043274,0.0328192971646785,0.1320680081844329,0.067615658,0.04310004,0.1429497599601745,0.7079416513442993,Metro
25025010204,Massachusetts,,Suffolk County,Low-Income Community,3277,31196.0,0.4135294258594513,0.067613639,555600.0,1582.0,0.4948571324348449,0.1544642895460128,0.6036008596420288,0.0137320719659328,0.067134574,0.001830943,0.009459872,0.039096437,0.90616852,Metro
25025010300,Massachusetts,,Suffolk County,Low-Income Community,5360,40662.0,0.1830357164144516,0.1142131984233856,365800.0,1367.0,0.3632478713989258,0.052459016,0.6955223679542542,0.061940297,0.096641794,0.0121268657967448,0.007649254,0.1796200275421142,0.7132987976074219,Metro
25025010403,Massachusetts,,Suffolk County,Low-Income Community,2907,28351.0,0.3890608847141266,0.081455804,418200.0,1639.0,0.3189368844032287,0.061469264,0.5854833126068115,0.073615409,0.1389748901128769,0.0257997941225767,0.125559002,0.1778411865234375,0.69567287,Metro
25025010404,Massachusetts,,Suffolk County,Low-Income Community,5076,19595.0,0.5932336449623108,0.1540469974279403,462500.0,1753.0,0.5521885752677917,0.1303191483020782,0.5784081816673279,0.069148935,0.097517729,0.023443656,0.017927501,0.1234361976385116,0.7189324498176575,Metro
25025010405,Massachusetts,,Suffolk County,Low-Income Community,6015,19395.0,0.4084928333759308,0.15625,320000.0,824.0,0.257400244,0.096112311,0.6387364864349365,0.084289275,0.1108894422650337,0.0197838731110095,0.064339153,0.3342246115207672,0.4420677423477173,Metro
25025010408,Massachusetts,,Suffolk County,Low-Income Community,1410,63036.0,0.22907801,0.0256410259753465,346200.0,1753.0,0.2267365604639053,0.062838569,0.6382978558540344,0.048226949,0.070921987,0.056737587,0.0226950347423553,0.0335820913314819,0.8675373196601868,Metro
25025010500,Massachusetts,,Suffolk County,Low-Income Community,3311,44333.0,0.2871813178062439,0.0535405874252319,647100.0,1906.0,0.306584358215332,0.072632194,0.6043491363525391,0.1020839661359787,0.1189972832798957,0.07550589,0.1045001521706581,0.1766467094421386,0.7250499129295349,Metro
25025010600,Massachusetts,,Suffolk County,Not Eligible,3146,97988.0,0.1061665607120152,0.035237587,1077500.0,2619.0,0.1796919566457501,0.1767117671176711,0.7256834075015893,0.089637635,0.03941513,0.046090273,0.2380801017164653,0.085113835,0.8182136602451839,Metro
25025010701,Massachusetts,,Suffolk County,Non-LIC Contiguous,2793,101117.0,0.098320358,0.032527883,760200.0,1981.0,0.1983471065759658,0.1420959085226059,0.7898316979408264,0.018259935081005,0.075904049,0.059434298,0.07303974,0.0294406283646821,0.8989205360412598,Metro
25025010702,Massachusetts,,Suffolk County,Not Eligible,2486,121553.0,0.088438309,0.039259675,1006400.0,2079.0,0.1796482412060301,0.1909090909090909,0.8567980691874497,0.01850362,0.076025744,0.066773934,0.1568785197103781,0.064437984,0.8231589147286822,Metro
25025010801,Massachusetts,,Suffolk County,Not Eligible,3253,118590.0,0.054813292,0.0576559546313799,1046600.0,1817.0,0.189873418,0.1422155688622754,0.8487549953888718,0.001537043,0.079618813,0.1075929910851521,0.1623117122656009,0.03818328,0.8959003215434084,Metro
25025010802,Massachusetts,,Suffolk County,Not Eligible,3162,118125.0,0.08954727,0.0257945647167204,873000.0,1901.0,0.1796165489404641,0.1284916201117318,0.7836812144212524,0.00917141,0.1151170145477545,0.042378242,0.1340923466160657,0.0277672118676302,0.9170787371624192,Metro
25025020101,Massachusetts,,Suffolk County,Not Eligible,4418,107019.0,0.040516071,0.0516962843295638,896000.0,1860.0,0.2333333333333333,0.075550892,0.927116342,0.007469443,0.0108646446355817,0.1084200995925758,0.1656858306926211,0.0228601807549175,0.905103668,Metro
25025020200,Massachusetts,,Suffolk County,Not Eligible,3782,75287.0,0.1546800634584875,0.0136803470136803,673600.0,1807.0,0.1744704570791527,0.069211409,0.7673188789000529,0.012691698,0.106292966684294,0.0346377578001057,0.071126388,0.057265806,0.8887785501489573,Metro
25025020301,Massachusetts,,Suffolk County,Non-LIC Contiguous,2360,116193.0,0.1321684569120407,0.042022325,428100.0,2544.0,0.1957295387983322,0.087108016,0.6525423526763916,0.0216101687401533,0.070338979,0.03983051,0.1932203322649002,0.1134969294071197,0.8067484498023987,Metro
25025020302,Massachusetts,,Suffolk County,Not Eligible,1011,84777.0,0.1226508407517309,0.0272835112692763,778300.0,1882.0,0.1462140992167102,0.1854493580599144,0.950544016,0.0,0.0247279920870425,0.055390702,0.091988131,0.0158102766798418,0.9354413702239788,Metro
25025020303,Massachusetts,,Suffolk County,Non-LIC Contiguous,3702,79010.0,0.2122156471014022,0.100730687379837,549300.0,2425.0,0.2823259234428406,0.1324999928474426,0.5967044830322266,0.082928143,0.1539708226919174,0.1280388981103897,0.0991356,0.1744680851697921,0.7003546357154846,Metro
25025030100,Massachusetts,,Suffolk County,Not Eligible,2186,86667.0,0.090576395,0.0120918984280532,539600.0,1807.0,0.2134831460674157,0.045685279,0.9492223238792314,0.0,0.0141811527904849,0.0420860018298261,0.1262580054894785,0.067307692,0.8696581196581197,Metro
25025030200,Massachusetts,,Suffolk County,Not Eligible,1686,81607.0,0.1322657176749703,0.031570639,470500.0,1802.0,0.1579617834394904,0.079122974,0.8446026097271648,0.001779359,0.1144721233689205,0.074733096,0.1298932384341637,0.219047619047619,0.6833333333333333,Metro
25025030300,Massachusetts,,Suffolk County,Not Eligible,5562,112639.0,0.1764362220058422,0.072476029,778300.0,2291.0,0.2473944048272079,0.149874843554443,0.7838906868033082,0.070298454,0.045127652,0.058791802,0.1749370729953254,0.1282728272827282,0.6913091309130913,Metro
25025030400,Massachusetts,,Suffolk County,Low-Income Community,2846,86512.0,0.10123457,0.017730497,546100.0,1704.0,0.1607605814933776,0.069711536,0.9040759205818176,0.008432888,0.041813072,0.0323260724544525,0.1054111048579216,0.1455146819353103,0.7391484379768372,Metro
25025030500,Massachusetts,,Suffolk County,Not Eligible,2665,101910.0,0.060594512,0.025935162,704700.0,1929.0,0.13,0.1158572264482153,0.8908067542213883,0.000375234521575985,0.049155722326454,0.06641651,0.1414634146341463,0.060675182,0.8690693430656934,Metro
25025040100,Massachusetts,,Suffolk County,Not Eligible,2502,142688.0,0.0199840127897681,0.0168776371308016,686200.0,1835.0,0.092013889,0.075211051,0.8932853717026379,0.0,0.073541167,0.17585931254996,0.1286970423661071,0.1036855036855036,0.8083538083538083,Metro
25025040200,Massachusetts,1.0,Suffolk County,Low-Income Community,1920,37750.0,0.3619791567325592,0.1375422775745391,679200.0,550.0,0.1215932890772819,0.059139784425497,0.3916666805744171,0.1687500029802322,0.3062500059604645,0.3567708432674408,0.085416667,0.4015957415103912,0.4033688008785248,Metro
25025040300,Massachusetts,1.0,Suffolk County,Low-Income Community,4176,102171.0,0.191201776266098,0.033066861,529500.0,1517.0,0.1567567586898803,0.093001842,0.7746647596359253,0.1022509559988975,0.035440613,0.2193486541509628,0.074233718,0.2238993644714355,0.7270440459251404,Metro
25025040401,Massachusetts,,Suffolk County,Low-Income Community,2610,79750.0,0.1781609207391739,0.034293551,492100.0,974.0,0.2345238029956817,0.065378897,0.8214559555053711,0.0249042138457298,0.0505747124552726,0.1777777820825576,0.1252873539924621,0.3732106387615204,0.47648263,Metro
25025040600,Massachusetts,,Suffolk County,Not Eligible,2973,123160.0,0.042481457,0.027123166,561400.0,1774.0,0.1837672281776416,0.0453277545327754,0.8708375378405651,0.037672385,0.033972418,0.1150353178607467,0.068953919,0.1122575319851423,0.7333883615352869,Metro
25025040801,Massachusetts,1.0,Suffolk County,Low-Income Community,4133,59704.0,0.3266257643699646,0.044492442,499400.0,643.0,0.1107382550835609,0.044928826,0.4783450365066528,0.1488023251295089,0.2300992012023925,0.1715460866689682,0.1064601987600326,0.3368794322013855,0.494197279,Metro
25025050101,Massachusetts,,Suffolk County,Low-Income Community,5450,41023.0,0.2427831292152404,0.096893989,287200.0,1014.0,0.1578231304883957,0.03363454,0.2735779881477356,0.034311928,0.6366972327232361,0.2581651508808136,0.1009174287319183,0.6420027613639832,0.2125173807144165,Metro
25025050200,Massachusetts,,Suffolk County,Low-Income Community,6263,54652.0,0.1155015230178833,0.065884702,307600.0,1217.0,0.2210814505815506,0.05196771,0.1847357451915741,0.030815903,0.7108414769172668,0.2268880754709243,0.067699187,0.6892831325531006,0.1781347393989563,Metro
25025050300,Massachusetts,,Suffolk County,Low-Income Community,2143,15893.0,0.3602426648139953,0.072660096,295800.0,533.0,0.2454835325479507,0.077477477,0.3686420917510986,0.1390573978424072,0.3728418052196502,0.1959869414567947,0.2113859057426452,0.6813793182373047,0.1199999973177909,Metro
25025050400,Massachusetts,,Suffolk County,Low-Income Community,2556,52572.0,0.119718313217163,0.069154777,330100.0,1290.0,0.1648044735193252,0.1311030685901641,0.3442879617214203,0.0148669797927141,0.5809859037399292,0.1463223844766616,0.08607199,0.5527558922767639,0.3097112774848938,Metro
25025050500,Massachusetts,,Suffolk County,Low-Income Community,2481,48125.0,0.1805723458528518,0.074966535,330700.0,1280.0,0.179536685347557,0.064070351,0.3817009329795837,0.0157194677740335,0.5650947093963623,0.2426441013813018,0.059653364,0.6573341488838196,0.2057212442159652,Metro
25025050600,Massachusetts,,Suffolk County,Low-Income Community,2540,67222.0,0.1326771676540374,0.065513626,279200.0,1259.0,0.2080443799495697,0.0611790865659713,0.2019685059785843,0.047637794,0.7122046947479248,0.1700787395238876,0.0212598424404859,0.7225559949874878,0.1747678816318512,Metro
25025050700,Massachusetts,,Suffolk County,Low-Income Community,5476,55238.0,0.2275799065828323,0.055504445,330200.0,1304.0,0.2552204132080078,0.076056339,0.2142074555158615,0.0003652301093097776,0.7052593231201172,0.2629656791687011,0.053688824,0.7116941213607788,0.1816913187503814,Metro
25025050901,Massachusetts,,Suffolk County,Low-Income Community,4698,57386.0,0.1887275874614715,0.07944677,281500.0,1316.0,0.1833013445138931,0.063046195,0.1977437138557434,0.0131971053779125,0.6977437138557434,0.2085994035005569,0.046402726,0.7210110425949097,0.1450237035751342,Metro
25025051000,Massachusetts,,Suffolk County,Non-LIC Contiguous,4460,49241.0,0.1986547112464904,0.1010342091321945,313100.0,1175.0,0.2275350391864776,0.0575079880654811,0.5125560760498047,0.019282511,0.4136771261692047,0.2385650277137756,0.1262331902980804,0.5923523306846619,0.2082622051239013,Metro
25025051101,Massachusetts,,Suffolk County,Low-Income Community,7121,57454.0,0.2113196849822998,0.058367532,356400.0,1235.0,0.1886269003152847,0.061891787,0.3947479426860809,0.0146046904847025,0.4593456089496612,0.1633197516202926,0.1117820516228675,0.6032136082649231,0.2754253447055816,Metro
25025051200,Massachusetts,,Suffolk County,Low-Income Community,2592,63967.0,0.1593364179134369,0.038240917,412500.0,1222.0,0.1875843405723571,0.063529409,0.6072530746459961,0.0154320988804101,0.3356481492519378,0.15625,0.1311728358268737,0.4356767237186432,0.3730272650718689,Metro
25025060101,Massachusetts,,Suffolk County,Not Eligible,3604,105606.0,0.065643649,0.022177419,448500.0,1704.0,0.1632653061224489,0.082152975,0.9389567147613762,0.0110987791342952,0.0338512763596004,0.1101553829078801,0.1062708102108768,0.1611185086551265,0.6594540612516645,Metro
25025060200,Massachusetts,,Suffolk County,Not Eligible,2414,110298.0,0.073736537,0.038598575,495300.0,1914.0,0.088842975,0.0512104283054003,0.9527754763877382,0.002899751,0.009113505,0.1354598177299088,0.098591549,0.2335657370517928,0.5976095617529881,Metro
25025060301,Massachusetts,,Suffolk County,Not Eligible,3499,92898.0,0.0774507,0.021475985942991,495600.0,1626.0,0.1603888213851761,0.068168689,0.9694198342383538,0.001143184,0.0171477565018576,0.086881966,0.1211774792797942,0.3120614767791513,0.6154360173738723,Metro
25025060400,Massachusetts,,Suffolk County,Not Eligible,5554,100112.0,0.1165518525414261,0.046279253,467000.0,1620.0,0.1272131147540983,0.037551633,0.9187972632337056,0.027727764,0.0307886208138278,0.050954267,0.1458408354339215,0.2279456499695802,0.6436828229568039,Metro
25025060501,Massachusetts,,Suffolk County,Not Eligible,4136,104970.0,0.069632495,0.0458715596330275,470700.0,1733.0,0.1494130202774813,0.064197531,0.9264990328820116,0.006044487,0.03360735,0.1233075435203094,0.052466151,0.1603053435114503,0.7007633587786259,Metro
25025060600,Massachusetts,,Suffolk County,Non-LIC Contiguous,2891,122264.0,0.059149082750082,0.0296264495700597,456400.0,2745.0,0.095286883,0.1030534356832504,0.8318920731544495,0.010722933,0.0300933942198753,0.0515392608940601,0.06779661,0.1165123432874679,0.7935956716537476,Metro
25025060700,Massachusetts,1.0,Suffolk County,Low-Income Community,2563,19907.0,0.4834178686141968,0.1354401856660843,,558.0,0.2025761157274246,0.056353591,0.1740148216485977,0.3090128898620605,0.3640265166759491,0.3616855144500732,0.084276237,0.7430249452590942,0.068281941,Metro
25025060800,Massachusetts,,Suffolk County,Low-Income Community,4461,101778.0,0.063388221,0.0102159949019551,442900.0,1677.0,0.1178188920021057,0.05540897,0.8379287123680115,0.001120825,0.062766194,0.056937907,0.078009412,0.2537794411182403,0.6686493158340454,Metro
25025061000,Massachusetts,1.0,Suffolk County,Low-Income Community,3138,22133.0,0.4145952761173248,0.1646063774824142,565700.0,414.0,0.1368613094091415,0.0186647530645132,0.4145952761173248,0.1634799242019653,0.319311648607254,0.2743785977363586,0.057361376,0.3842685222625732,0.39428857,Metro
25025061101,Massachusetts,1.0,Suffolk County,Low-Income Community,2211,14500.0,0.611940324,0.2426383942365646,,334.0,0.116634801,0.070222221,0.1668928116559982,0.2030755281448364,0.4274084270000458,0.3423790037631988,0.052012663,0.7352471947669983,0.092503987,Metro
25025061200,Massachusetts,,Suffolk County,Non-LIC Contiguous,3901,117378.0,0.061009996,0.024509804,496200.0,2145.0,0.1920062750577926,0.071675301,0.8856703639030457,0.0135862603783607,0.0389643684029579,0.0405024364590644,0.056908485,0.1136363670229911,0.7556818127632141,Metro
25025070101,Massachusetts,,Suffolk County,Low-Income Community,6212,83750.0,0.2290798872709274,0.07775721,733400.0,2065.0,0.2446663677692413,0.2075374275445938,0.569381833,0.0214101746678352,0.067450099,0.075981967,0.1188023164868354,0.2097140252590179,0.7249205708503723,Metro
25025070200,Massachusetts,,Suffolk County,Low-Income Community,5630,21712.0,0.2824813723564148,0.1156601831316948,726800.0,869.0,0.241743728518486,0.005220418,0.3406749665737152,0.020426288,0.036412079,0.076554172,0.1296625286340713,0.6392961740493774,0.2763115167617798,Metro
25025070300,Massachusetts,,Suffolk County,Not Eligible,4548,101884.0,0.112920977,0.044817927,792700.0,1374.0,0.1400862068965517,0.037329505,0.7271328056288479,0.0162708883025505,0.076297274,0.1015831134564643,0.161169745,0.1592805005213764,0.7640771637122002,Metro
25025070402,Massachusetts,,Suffolk County,Low-Income Community,1897,21480.0,0.3579766452312469,0.1079219281673431,,582.0,0.2227784693241119,0.1092715263366699,0.1639430671930313,0.071164995,0.065366365,0.1518186628818512,0.2187664806842804,0.6285914778709412,0.2578836679458618,Metro
25025070500,Massachusetts,,Suffolk County,Not Eligible,5887,101583.0,0.1873619840326142,0.044699872,674400.0,799.0,0.1718088324258923,0.089013383,0.5590283675896042,0.0368608799048751,0.1955155427212502,0.1448955325293018,0.1109223713266519,0.2669373797820047,0.6561231032271853,Metro
25025070600,Massachusetts,,Suffolk County,Not Eligible,2485,129884.0,0.029376258,0.0171428571428571,1009100.0,2389.0,0.199074074074074,0.065759637,0.8507042253521127,0.004426559,0.045472837,0.187122736418511,0.103420523,0.071539658,0.8662519440124417,Metro
25025070700,Massachusetts,,Suffolk County,Not Eligible,2736,102000.0,0.098318713,0.043292357,790300.0,1248.0,0.2326530612244897,0.034433286,0.5807748538011696,0.2101608187134503,0.085891813,0.1312134502923976,0.090643275,0.1448811700182815,0.6773308957952467,Metro
25025070800,Massachusetts,,Suffolk County,Not Eligible,3570,71667.0,0.2260504201680672,0.042093288,648400.0,1706.0,0.3202952029520295,0.05462963,0.5929971988795518,0.1764705882352941,0.1515406162464986,0.082352941,0.088235294,0.154619250096637,0.6687282566679552,Metro
25025070900,Massachusetts,,Suffolk County,Low-Income Community,3154,47688.0,0.2168942540884018,0.057246003,616800.0,1413.0,0.2852112650871277,0.1503268033266067,0.3915662765502929,0.2669625878334045,0.2171845287084579,0.1794546544551849,0.086239696,0.290393978357315,0.571049154,Metro
25025071101,Massachusetts,,Suffolk County,Low-Income Community,4150,53173.0,0.3288244009017944,0.0359531790018081,751700.0,1140.0,0.3348694443702698,0.0605381168425083,0.5289156436920166,0.09518072,0.1387951821088791,0.08698795,0.1151807233691215,0.2483880072832107,0.6347070336341858,Metro
25025071201,Massachusetts,,Suffolk County,Low-Income Community,3493,50280.0,0.321178525686264,0.1432926803827285,635100.0,598.0,0.1663090139627456,0.089659683,0.3687374889850616,0.1660463809967041,0.2834239900112152,0.2207271754741668,0.1070712879300117,0.4166020154953003,0.4286268353462219,Metro
25025080100,Massachusetts,,Suffolk County,Low-Income Community,2771,30598.0,0.2290249466896057,0.088495575,379300.0,996.0,0.3774318993091583,0.1118012443184852,0.1436304599046707,0.4897148907184601,0.2822085916996002,0.1486827880144119,0.064236738,0.6492146849632263,0.1345549672842025,Metro
25025080300,Massachusetts,,Suffolk County,Low-Income Community,2075,31625.0,0.2331555932760238,0.1147686839103698,266700.0,1065.0,0.2945402264595032,0.094922736,0.090120479,0.5730120539665222,0.2284337282180786,0.2187951803207397,0.066024095,0.4493055641651153,0.3055555522441864,Metro
25025080401,Massachusetts,,Suffolk County,Low-Income Community,3129,31042.0,0.327220082,0.1264214068651199,368300.0,673.0,0.21404399,0.0222063045948743,0.071588367,0.4819431006908417,0.4042825102806091,0.279322475194931,0.1080217286944389,0.4849065542221069,0.2213703840970993,Metro
25025080500,Massachusetts,1.0,Suffolk County,Low-Income Community,3195,23194.0,0.4422535300254822,0.1352057456970214,420600.0,635.0,0.2025117725133896,0.058286518,0.095148668,0.4090766906738281,0.4726134538650512,0.2607198655605316,0.074178405,0.5826134085655212,0.1679265648126602,Metro
25025080601,Massachusetts,1.0,Suffolk County,Low-Income Community,4524,16250.0,0.5089762210845947,0.2473429888486862,300000.0,534.0,0.360047847,0.042105265,0.4188770949840545,0.264588863,0.1410256475210189,0.108753316104412,0.043545537,0.5673327445983887,0.2458731532096862,Metro
25025080801,Massachusetts,,Suffolk County,Low-Income Community,4298,22450.0,0.4884892106056213,0.1975080817937851,,461.0,0.1774707734584808,0.0580580569803714,0.2819916307926178,0.2475569993257522,0.3543508648872375,0.1456491351127624,0.038389947,0.5545702576637268,0.1255116015672683,Metro
25025080900,Massachusetts,,Suffolk County,Low-Income Community,3727,50988.0,0.4170488119125366,0.083261058,536800.0,1768.0,0.3026599586009979,0.059861373,0.6570968627929688,0.077005632,0.047491278,0.049369466,0.093372688,0.202590674,0.6932642459869385,Metro
25025081001,Massachusetts,,Suffolk County,Low-Income Community,4792,20902.0,0.4819706380367279,0.072520584,414700.0,766.0,0.1982071697711944,0.0518847,0.3495408892631531,0.1848914921283722,0.1807178556919098,0.1711185276508331,0.119156926870346,0.4256806373596191,0.4087564349174499,Metro
25025081100,Massachusetts,,Suffolk County,Low-Income Community,4156,41146.0,0.389613926410675,0.032492727,332500.0,1468.0,0.3973176777362823,0.041346721,0.5101058483123779,0.1229547634720802,0.1874398440122604,0.095765159,0.178777664899826,0.2937293648719787,0.5694902539253235,Metro
25025081200,Massachusetts,1.0,Suffolk County,Low-Income Community,3416,30819.0,0.3542154431343078,0.1090134009718895,453800.0,408.0,0.2034820467233657,0.089781024,0.212236538529396,0.1835480034351349,0.5307376980781555,0.2848360538482666,0.08401639,0.4683605134487152,0.3437200486660003,Metro
25025081300,Massachusetts,,Suffolk County,Low-Income Community,5300,18275.0,0.4515334963798523,0.082706764,290800.0,509.0,0.1522086262702942,0.034498207,0.1301886737346649,0.3650943338871002,0.4177358448505401,0.1835848987102508,0.1658490598201751,0.574543297,0.186210960149765,Metro
25025081400,Massachusetts,,Suffolk County,Low-Income Community,2754,34107.0,0.3246187269687652,0.079067118,336800.0,1055.0,0.2732300758361816,0.1194346323609352,0.3355119824409485,0.4317356646060943,0.1521423310041427,0.1434277445077896,0.1147421896457672,0.3274669945240021,0.4431175291538238,Metro
25025081500,Massachusetts,,Suffolk County,Low-Income Community,2242,33967.0,0.3019039034843445,0.1239460334181785,293700.0,977.0,0.317965031,0.087755099,0.1155218556523323,0.5548617243766785,0.2970561981201172,0.2274754643440246,0.095450491,0.4630642831325531,0.3112175166606903,Metro
25025081700,Massachusetts,,Suffolk County,Low-Income Community,3404,30563.0,0.3868977725505829,0.1559440493583679,411900.0,715.0,0.2538330554962158,0.143831729888916,0.058166862,0.7047591209411621,0.1583431214094162,0.2309048175811767,0.1530552357435226,0.505974293,0.1645220518112182,Metro
25025081800,Massachusetts,,Suffolk County,Low-Income Community,3738,35084.0,0.1934189349412918,0.1818642318248748,408300.0,976.0,0.3949903547763824,0.071659133,0.0187265910208225,0.6546281576156616,0.3017656505107879,0.2504012882709503,0.1123595535755157,0.5449625253677368,0.1960866004228592,Metro
25025081900,Massachusetts,,Suffolk County,Low-Income Community,3350,20848.0,0.4319402873516083,0.1625766903162002,432400.0,634.0,0.3717604875564575,0.069536425,0.0119402986019849,0.669850767,0.2979104518890381,0.2871641814708709,0.097910449,0.4916624426841736,0.1682668030261993,Metro
25025082000,Massachusetts,,Suffolk County,Low-Income Community,2825,36685.0,0.2654867172241211,0.1606367528438568,432100.0,1077.0,0.3626806735992431,0.1648270785808563,0.018407080322504,0.8251327276229858,0.1419468969106674,0.2201769948005676,0.1405309736728668,0.4944590926170349,0.2237467020750045,Metro
25025082100,Massachusetts,,Suffolk County,Low-Income Community,5245,18045.0,0.4254302084445953,0.1749440729618072,221600.0,487.0,0.1726251244544983,0.064860061,0.0223069582134485,0.5811249017715454,0.3391801714897156,0.2753098309040069,0.1140133440494537,0.6156269907951355,0.1528040319681167,Metro
25025090100,Massachusetts,,Suffolk County,Low-Income Community,4872,28362.0,0.3567323386669159,0.2297465652227401,382400.0,692.0,0.2719178199768066,0.1123260408639907,0.038177341,0.6594827771186829,0.276272565126419,0.2651888430118561,0.098932676,0.5887573957443237,0.1459566056728363,Metro
25025090200,Massachusetts,,Suffolk County,Low-Income Community,2481,27045.0,0.3240628838539123,0.1600353717803955,454200.0,843.0,0.232524961233139,0.068684518,0.012898025,0.4909310638904571,0.4018540978431701,0.2797259092330932,0.070536077,0.675119936,0.076764904,Metro
25025090300,Massachusetts,,Suffolk County,Low-Income Community,3559,30794.0,0.3752472400665283,0.1752767562866211,331800.0,834.0,0.3585461676120758,0.053597651,0.0129249785095453,0.6327620148658752,0.3127282857894897,0.3467265963554382,0.081764542,0.5331606268882751,0.1533678770065307,Metro
25025090400,Massachusetts,,Suffolk County,Low-Income Community,4198,31031.0,0.3399237692356109,0.2064264863729477,312400.0,896.0,0.4505238533020019,0.065217391,0.0362077169120311,0.5364459156990051,0.3718437254428863,0.2856121957302093,0.0824202,0.5582666993141174,0.1787967979907989,Metro
25025090600,Massachusetts,,Suffolk County,Low-Income Community,2581,40950.0,0.2543962597846985,0.1154639199376106,306300.0,1316.0,0.3345521092414856,0.088064887,0.067028284,0.5997675061225891,0.1964354962110519,0.2595893144607544,0.065865941,0.6525047421455383,0.1192137002944946,Metro
25025090700,Massachusetts,,Suffolk County,Low-Income Community,4549,65273.0,0.2083974480628967,0.091175511,371700.0,1201.0,0.2251941263675689,0.087194815,0.5546274185180664,0.042646736,0.176742136478424,0.1479445993900299,0.074961528,0.4386170506477356,0.4113683104515075,Metro
25025090901,Massachusetts,1.0,Suffolk County,Low-Income Community,3918,27578.0,0.4946346580982208,0.1073326244950294,,1907.0,0.2581090331077575,0.081132077,0.3111281394958496,0.1324655413627624,0.2396630942821502,0.1676875948905944,0.065849923,0.2712901532649994,0.5940846800804138,Metro
25025091001,Massachusetts,,Suffolk County,Low-Income Community,3232,74215.0,0.090346538,0.05047619,364400.0,1404.0,0.1093117445707321,0.035739813,0.5754950642585754,0.1466584205627441,0.0244430694729089,0.1918316781520843,0.087561883,0.3533386290073395,0.4864864945411682,Metro
25025091100,Massachusetts,,Suffolk County,Low-Income Community,5318,67150.0,0.1753246784210205,0.029301746,383600.0,1429.0,0.2614913284778595,0.058970515,0.5577284693717957,0.053591575,0.064309888,0.1914253532886505,0.073523879,0.3930035531520843,0.4643345177173614,Metro
25025091200,Massachusetts,,Suffolk County,Low-Income Community,3147,64280.0,0.2639821171760559,0.1660457700490951,424400.0,1191.0,0.2441700994968414,0.136018231511116,0.3619320094585418,0.2662853598594665,0.1757229119539261,0.1890689581632614,0.072767712,0.3913043439388275,0.3765217363834381,Metro
25025091300,Massachusetts,,Suffolk County,Low-Income Community,2696,35938.0,0.2374906688928604,0.1037735864520073,373300.0,1121.0,0.4171875119209289,0.074756227,0.081602372,0.4851632118225097,0.2681750655174255,0.2266320437192917,0.09347181,0.6314539909362793,0.1774480640888214,Metro
25025091400,Massachusetts,,Suffolk County,Low-Income Community,2952,42647.0,0.2422381490468979,0.1248357445001602,271900.0,964.0,0.2441314607858657,0.062191509,0.1023035198450088,0.4556232988834381,0.3421409130096435,0.2269647717475891,0.091124661,0.5689742565155029,0.1692774146795272,Metro
25025091500,Massachusetts,,Suffolk County,Low-Income Community,4873,48678.0,0.2043915390968322,0.1111873686313629,286900.0,1298.0,0.2878787815570831,0.1038888916373252,0.1124563887715339,0.3691771030426025,0.2111635506153106,0.1957726180553436,0.086599633,0.6053988337516785,0.1474067270755767,Metro
25025091600,Massachusetts,,Suffolk County,Low-Income Community,3401,37154.0,0.2796236276626587,0.1045232266187667,385600.0,1392.0,0.4875444769859314,0.1252059340476989,0.1302558034658432,0.3707733154296875,0.1814172267913818,0.2690385282039642,0.082328729,0.5964654088020325,0.1811487525701522,Metro
25025091700,Massachusetts,,Suffolk County,Low-Income Community,3315,40078.0,0.2343655079603195,0.1265164613723755,410500.0,1402.0,0.4434087872505188,0.1097345128655433,0.050075416,0.5188537240028381,0.2660633623600006,0.2874811589717865,0.071794875,0.6304568648338318,0.1279187798500061,Metro
25025091800,Massachusetts,,Suffolk County,Low-Income Community,3825,38371.0,0.2872536182403564,0.2653937935829162,355000.0,1087.0,0.4210526347160339,0.095761381,0.068235293,0.6005228757858276,0.1487581729888916,0.2190849632024765,0.119215689599514,0.6361556053161621,0.0507246367633342,Metro
25025091900,Massachusetts,,Suffolk County,Low-Income Community,4018,46397.0,0.1941264271736145,0.1407624632120132,337200.0,1225.0,0.3545673191547394,0.10062026232481,0.063215531,0.7175211310386658,0.203832746,0.2093081176280975,0.1197113022208213,0.5876900553703308,0.1256952136754989,Metro
25025092000,Massachusetts,,Suffolk County,Low-Income Community,5294,46576.0,0.2994307279586792,0.1675466448068618,382000.0,1319.0,0.2901080548763275,0.1192963197827339,0.063468076,0.5066112875938416,0.2782395184040069,0.2638836503028869,0.082924068,0.6257361769676208,0.1269140094518661,Metro
25025092101,Massachusetts,,Suffolk County,Low-Income Community,6750,49559.0,0.2214350253343582,0.073571026,367800.0,1212.0,0.4375,0.1101829782128334,0.3400000035762787,0.2291851788759231,0.073037036,0.1970370411872863,0.1226666644215583,0.5804294943809509,0.191653162240982,Metro
25025092200,Massachusetts,,Suffolk County,Not Eligible,3216,67042.0,0.1082089552238805,0.066042928,377100.0,1337.0,0.1847014925373134,0.075856444,0.2580845771144278,0.4014303482587065,0.119092039800995,0.2036691542288557,0.1032338308457711,0.3798484172982612,0.3874275523851984,Metro
25025092300,Massachusetts,,Suffolk County,Low-Income Community,3383,43729.0,0.25864616,0.1226142272353172,303200.0,1207.0,0.3652430176734924,0.065643646,0.0257168188691139,0.7502216696739197,0.1711498647928238,0.268992006778717,0.1040496602654457,0.5614446401596069,0.1529080718755722,Metro
25025092400,Massachusetts,,Suffolk County,Low-Income Community,5817,29048.0,0.375237762928009,0.1477812975645065,372000.0,696.0,0.3516090512275696,0.047619049,0.004813478,0.6374419927597046,0.3345367014408111,0.3077187538146972,0.095066182,0.6019539833068848,0.1421367824077606,Metro
25025100100,Massachusetts,,Suffolk County,Low-Income Community,6072,28279.0,0.3066490292549133,0.1289978623390197,290100.0,666.0,0.2307692319154739,0.072450392,0.0220685116946697,0.669795811,0.2738800942897796,0.2842555940151214,0.098484851,0.6155951023101807,0.08098495,Metro
25025100200,Massachusetts,,Suffolk County,Low-Income Community,2919,37203.0,0.2352941185235977,0.1427604854106903,265600.0,1365.0,0.4162257611751556,0.099125363,0.01781432,0.7591640949249268,0.1339499801397323,0.2966769337654114,0.075025693,0.5727923512458801,0.1449880599975586,Metro
25025100300,Massachusetts,,Suffolk County,Low-Income Community,3731,50292.0,0.227506086230278,0.042531122,321100.0,1303.0,0.3843750059604645,0.1116902455687522,0.0238541942089796,0.794157088,0.1340123265981674,0.2439024448394775,0.09488073,0.4515316784381866,0.1716323941946029,Metro
25025100400,Massachusetts,,Suffolk County,Low-Income Community,5596,68448.0,0.1307035088539123,0.081569113,347900.0,1323.0,0.306334376335144,0.083930396,0.080950677,0.6522516012191772,0.131343812,0.2099714130163192,0.1233023554086685,0.5528455376625061,0.1930238604545593,Metro
25025100500,Massachusetts,,Suffolk County,Low-Income Community,7350,51938.0,0.2827332317829132,0.112839438021183,314900.0,1421.0,0.2594339549541473,0.072057649,0.1221768707036972,0.6349660158157349,0.1258503347635269,0.2673469483852386,0.097551018,0.5554616451263428,0.1939573138952255,Metro
25025100601,Massachusetts,,Suffolk County,Low-Income Community,5626,62583.0,0.1702808439731598,0.1173615083098411,275500.0,1336.0,0.1950529962778091,0.0378354601562023,0.3046569526195526,0.410949171,0.0835407,0.1940988302230835,0.092250265,0.4559205770492553,0.3299456536769867,Metro
25025100603,Massachusetts,,Suffolk County,Not Eligible,2070,81324.0,0.079742447,0.021276596,374900.0,1210.0,0.2135135135135135,0.040261153,0.7835748792270532,0.117391304347826,0.037681159,0.1473429951690821,0.1169082125603864,0.3799880881477069,0.418106015,Metro
25025100700,Massachusetts,,Suffolk County,Not Eligible,4473,71341.0,0.0579029733959311,0.071588367,371500.0,1176.0,0.1654676258992805,0.065987385,0.9063268499888218,0.0234741784037558,0.024368432819137,0.2108204784261122,0.1249720545495193,0.4415902140672783,0.3779816513761468,Metro
25025100800,Massachusetts,,Suffolk County,Non-LIC Contiguous,6409,73868.0,0.094086438,0.090537943,364300.0,1556.0,0.2478323727846145,0.049578059,0.4588859379291534,0.3162739872932434,0.048993602,0.1351224780082702,0.1521298140287399,0.292102575,0.5023589730262756,Metro
25025100900,Massachusetts,,Suffolk County,Low-Income Community,4258,63271.0,0.091467738,0.099154495,329300.0,1345.0,0.3841807842254638,0.1038100495934486,0.230859562754631,0.5605918169021606,0.081728511,0.179896667599678,0.1406763792037964,0.3941722810268402,0.3205251395702362,Metro
25025101001,Massachusetts,,Suffolk County,Low-Income Community,6856,40764.0,0.3061406016349792,0.1368960440158844,286600.0,1140.0,0.3123543262481689,0.08158996,0.035005834,0.8227829933166504,0.1280630081892013,0.224912479519844,0.1241248548030853,0.5411934852600098,0.1519719213247299,Metro
25025101002,Massachusetts,,Suffolk County,Low-Income Community,5307,37588.0,0.1965183764696121,0.09180443,308700.0,1059.0,0.3600000143051147,0.1086303144693374,0.04616544,0.6851328611373901,0.2396834343671798,0.2319577932357788,0.1260599195957183,0.5102040767669678,0.1668027192354202,Metro
25025101101,Massachusetts,,Suffolk County,Low-Income Community,3721,56903.0,0.1726094037294387,0.150979459285736,314600.0,1528.0,0.3086771070957184,0.078297876,0.0,0.7602794766426086,0.2139209955930709,0.2176834195852279,0.1351787149906158,0.6373801827430725,0.1425718814134597,Metro
25025101102,Massachusetts,,Suffolk County,Low-Income Community,5099,42949.0,0.2883556187152862,0.1524547785520553,299500.0,1430.0,0.4393063485622406,0.1040828078985214,0.04726417,0.793096662,0.1361051201820373,0.2633849680423736,0.099823497,0.5621052384376526,0.1233082711696624,Metro
25025110103,Massachusetts,,Suffolk County,Low-Income Community,6547,67027.0,0.1595761328935623,0.042708334,382000.0,1385.0,0.2301286906003952,0.047773279,0.4649457633495331,0.1657247543334961,0.2564533352851867,0.2120054960250854,0.096532762,0.3478623628616333,0.4732012450695038,Metro
25025110201,Massachusetts,,Suffolk County,Low-Income Community,2476,44449.0,0.190514788031578,0.1192452833056449,332700.0,1184.0,0.2711038887500763,0.0328389815986156,0.1764943450689315,0.4995961189270019,0.2932148575782776,0.2540387809276581,0.081179321,0.4609800279140472,0.2619479596614837,Metro
25025110301,Massachusetts,,Suffolk County,Low-Income Community,2712,77500.0,0.1102859228849411,0.083236992,369000.0,1284.0,0.2936170101165771,0.077679448,0.3344395160675049,0.3167404234409332,0.2750737369060516,0.2146017700433731,0.09882006,0.352910041809082,0.4068782925605774,Metro
25025110401,Massachusetts,,Suffolk County,Low-Income Community,3873,58864.0,0.168344959616661,0.071274295,376800.0,1332.0,0.3284671604633331,0.032169748,0.3382391035556793,0.279628187,0.3413374722003937,0.1998450756072998,0.1138652190566062,0.3723292350769043,0.3345008790493011,Metro
25025110403,Massachusetts,,Suffolk County,Not Eligible,4590,77243.0,0.1344226579520697,0.088143795,386500.0,1332.0,0.3333333333333333,0.048422198,0.4564270152505447,0.2159041394335512,0.2705882352941176,0.2135076252723311,0.1095860566448801,0.3380097879282218,0.4528548123980424,Metro
25025110501,Massachusetts,,Suffolk County,Not Eligible,3590,78333.0,0.099164345,0.045517241,421700.0,1377.0,0.1592920353982301,0.070844687,0.7665738161559889,0.0398328690807799,0.1590529247910863,0.2089136490250696,0.1295264623955431,0.2882549092256391,0.5257502778806965,Metro
25025110502,Massachusetts,,Suffolk County,Not Eligible,4670,80750.0,0.0575183110728134,0.0471050049067713,402200.0,1290.0,0.173396674584323,0.0325027085590465,0.5721627408993576,0.1483940042826552,0.2477516059957173,0.2098501070663811,0.079443255,0.3672812408545508,0.4457126134035704,Metro
25025110601,Massachusetts,,Suffolk County,Not Eligible,2834,85735.0,0.075851393,0.078322785,537100.0,984.0,0.3774509803921568,0.1046600458365164,0.8570924488355681,0.0356386732533521,0.055751588,0.1923076923076923,0.3235709244883556,0.2275583482944344,0.5785457809694794,Metro
25025110607,Massachusetts,,Suffolk County,Not Eligible,5277,105319.0,0.058380797,0.062806373,443400.0,1565.0,0.094736842,0.043889845,0.8290695470911503,0.0280462383930263,0.075990146,0.1561493272692818,0.1779420125071063,0.2416549130230371,0.6168312176774801,Metro
25025120103,Massachusetts,,Suffolk County,Not Eligible,1661,131484.0,0.036724865,0.006,718900.0,2227.0,0.2090395480225988,0.0495750708215297,0.8290186634557496,0.0150511739915713,0.0511739915713425,0.23841059602649,0.1161950632149307,0.057404326,0.8926788685524126,Metro
25025120104,Massachusetts,,Suffolk County,Low-Income Community,2295,85321.0,0.1886710226535797,0.04648241,390300.0,1683.0,0.1639344245195388,0.045454547,0.6714596748352051,0.036165576,0.1947712451219558,0.1912854015827179,0.0562091507017612,0.1036414578557014,0.7630252242088318,Metro
25025120105,Massachusetts,,Suffolk County,Not Eligible,2719,137750.0,0.084775854,0.03113942,684000.0,2420.0,0.054347826,0.0454545454545454,0.7624126517101876,0.047811695476278,0.06803972,0.1537329900698786,0.2166237587348289,0.1661425576519916,0.7112159329140462,Metro
25025120201,Massachusetts,,Suffolk County,Low-Income Community,3638,50366.0,0.1968114376068115,0.090243906,363400.0,1046.0,0.1841004192829132,0.057390362,0.5442550778388977,0.053326003,0.3628367185592651,0.1569543778896331,0.083287522,0.2762631773948669,0.5994184017181396,Metro
25025120301,Massachusetts,,Suffolk County,Non-LIC Contiguous,4813,68482.0,0.1508869379758834,0.050063774,401100.0,1573.0,0.2942708432674408,0.023290386,0.4377726912498474,0.1246623694896698,0.3316019177436828,0.1358819901943206,0.1009765192866325,0.2470652461051941,0.6096096038818359,Metro
25025120400,Massachusetts,,Suffolk County,Non-LIC Contiguous,6757,84007.0,0.1200303509831428,0.040722996,498900.0,1605.0,0.168474793434143,0.0110957007855176,0.7294657230377197,0.083616987,0.1038922592997551,0.1169157922267913,0.1294953376054763,0.1081996411085128,0.7497326135635376,Metro
25025120500,Massachusetts,,Suffolk County,Low-Income Community,2665,68413.0,0.2092476487159729,0.1533101052045822,442400.0,1373.0,0.201309323310852,0.073588707,0.3084427714347839,0.145590990781784,0.4615384638309479,0.1883677244186401,0.066416509,0.338358461856842,0.5516471266746521,Metro
25025120600,Massachusetts,,Suffolk County,Not Eligible,2407,99911.0,0.1030328209389281,0.0173410404624277,457300.0,1858.0,0.1389396709323583,0.034069982,0.7864561695056086,0.059825509,0.071873702,0.090984628,0.071042792,0.082779765,0.826264691,Metro
25025120700,Massachusetts,,Suffolk County,Not Eligible,2205,85788.0,0.162039144,0.062932227,385700.0,1654.0,0.3155737704918033,0.045945946,0.5596371882086167,0.06893424,0.2049886621315192,0.1215419501133786,0.1328798185941043,0.1817168338907469,0.7006688963210702,Metro
25025130100,Massachusetts,,Suffolk County,Not Eligible,6551,81563.0,0.038242097,0.0247368421052631,404200.0,1512.0,0.1430481283422459,0.035762483,0.8241489848878034,0.0106853915432758,0.045641887,0.2007327125629674,0.1665394596244848,0.1750652479421802,0.6579000200762899,Metro
25025130200,Massachusetts,,Suffolk County,Not Eligible,5016,103438.0,0.083639331,0.036099865,486900.0,1619.0,0.2351190476190476,0.020748987854251,0.8624401913875598,0.0195374800637958,0.0213317384370015,0.1889952153110047,0.1848086124401914,0.1950965049556599,0.6178925404277517,Metro
25025130300,Massachusetts,,Suffolk County,Not Eligible,4590,114697.0,0.008714597,0.061602419,513300.0,1579.0,0.2827225130890052,0.041825095,0.8871459694989107,0.021132898,0.051416122,0.2117647058823529,0.1566448801742919,0.2126604434072345,0.6056009334889149,Metro
25025130402,Massachusetts,,Suffolk County,Not Eligible,5041,66005.0,0.057171315,0.0179620034542314,395500.0,1380.0,0.3063063063063063,0.079039301,0.7657210870858957,0.024598294,0.1168418964491172,0.2144415790517754,0.181908351517556,0.4029968454258675,0.3961619348054679,Metro
25025130404,Massachusetts,,Suffolk County,Not Eligible,3209,62208.0,0.042428198,0.1031968592260235,342000.0,1509.0,0.3434959349593496,0.071275837,0.6061078217513244,0.066999065,0.183234653,0.160797756310377,0.2256154565285135,0.3350618268847228,0.4148384523334663,Metro
25025130406,Massachusetts,,Suffolk County,Low-Income Community,5650,46695.0,0.1828244924545288,0.0305266696959733,403300.0,938.0,0.1251409202814102,0.0454731658101081,0.2849557399749756,0.4315044283866882,0.1964601725339889,0.3008849620819092,0.1189380511641502,0.3954849541187286,0.36148271,Metro
25025140102,Massachusetts,,Suffolk County,Not Eligible,5041,71250.0,0.03875969,0.1107011070110701,343100.0,1309.0,0.2645914396887159,0.060022026,0.3316802221781392,0.43245387819877,0.1680222178139258,0.234080539575481,0.1543344574489188,0.413852318259874,0.2930738408700629,Metro
25025140105,Massachusetts,,Suffolk County,Low-Income Community,3928,76285.0,0.025712831,0.066493958,338400.0,1508.0,0.31470587849617,0.047921073,0.3169551789760589,0.3286660015583038,0.2912423610687256,0.2309063076972961,0.1099796369671821,0.3280318081378937,0.2902584373950958,Metro
25025140106,Massachusetts,,Suffolk County,Low-Income Community,1912,33185.0,0.2505230009555816,0.054450262,352000.0,887.0,0.2265625,0.0613362528383731,0.1882845163345337,0.5214434862136841,0.2620292901992798,0.258891225,0.161610871553421,0.4903225898742676,0.2540322542190552,Metro
25025140107,Massachusetts,,Suffolk County,Non-LIC Contiguous,2532,65000.0,0.09676145,0.062814072,337500.0,981.0,0.259640098,0.078899086,0.3917851448059082,0.2954186499118805,0.2717219591140747,0.1800947934389114,0.11927330493927,0.3574778437614441,0.3543512225151062,Metro
25025140201,Massachusetts,,Suffolk County,Not Eligible,2397,77832.0,0.04505632,0.057086614,320000.0,1201.0,0.1167002012072434,0.033673469,0.4096787651230705,0.3045473508552357,0.2227784730913642,0.2073425114726741,0.1214017521902378,0.4485645933014354,0.22188995215311,Metro
25025140202,Massachusetts,,Suffolk County,Not Eligible,6282,67359.0,0.1320378674638764,0.062077081,334700.0,1049.0,0.3075949367088607,0.024597495527728,0.3449538363578478,0.3067494428525947,0.2709328239414199,0.233365170327921,0.1262336835402738,0.4033096926713948,0.2985815602836879,Metro
25025140300,Massachusetts,,Suffolk County,Low-Income Community,6961,54505.0,0.1581314355134964,0.07271219,366600.0,1060.0,0.2225255966186523,0.0518664047122001,0.1965234875679016,0.5119953751564026,0.2565723359584808,0.2420629262924194,0.1531389206647873,0.5099763870239258,0.2259171903133392,Metro
25025140400,Massachusetts,,Suffolk County,Low-Income Community,8971,68042.0,0.1223943829536438,0.1097744330763816,320400.0,1284.0,0.1742497533559799,0.017664377,0.091071233,0.7047151923179626,0.1722216010093689,0.2326385080814361,0.1420131474733352,0.4856807887554168,0.220566064,Metro
25025160101,Massachusetts,,Suffolk County,Low-Income Community,8972,61518.0,0.2143912762403488,0.078708373,277700.0,1210.0,0.3018292784690857,0.0468546636402606,0.1408827453851699,0.0310967452824115,0.8101872205734253,0.3072893321514129,0.0576237179338932,0.7818016409873962,0.078798905,Metro
25025160200,Massachusetts,1.0,Suffolk County,Low-Income Community,4347,51250.0,0.206579253077507,0.0421815067529678,358700.0,1226.0,0.174793004989624,0.046677217,0.056360707,0.0195537153631448,0.8707154393196106,0.2790430188179016,0.045778699,0.8020231127738953,0.095014453,Metro
25025160300,Massachusetts,,Suffolk County,Not Eligible,2553,57478.0,0.1198888447796744,0.086925287,306500.0,1369.0,0.2153846153846154,0.036791759,0.528006267,0.069721896,0.3051312181746964,0.1480611045828437,0.2119075597336467,0.3577354807223035,0.3640800390434358,Metro
25025160400,Massachusetts,1.0,Suffolk County,Low-Income Community,3067,44667.0,0.1423441022634506,0.1000549718737602,321900.0,1114.0,0.2246153801679611,0.074601844,0.2243234366178512,0.068796873,0.6814476847648621,0.2334528863430023,0.064558201,0.6716417670249939,0.2004975080490112,Metro
25025160501,Massachusetts,,Suffolk County,Low-Income Community,4999,41117.0,0.2546509206295013,0.063595735,287500.0,1043.0,0.2646840214729309,0.095311694,0.1712342500686645,0.034206841,0.7317463755607605,0.2226445227861404,0.083416685,0.6646652817726135,0.1425998210906982,Metro
25025160502,Massachusetts,,Suffolk County,Low-Income Community,4524,46250.0,0.1477400511503219,0.060171921,266300.0,1213.0,0.24010554,0.04247991,0.2502210438251495,0.034924846,0.6637930870056152,0.2858090102672577,0.079133511,0.6602135896682739,0.2002670168876648,Metro
25025160601,Massachusetts,,Suffolk County,Low-Income Community,4633,51915.0,0.213995486497879,0.095299147,232100.0,1347.0,0.2488563656806945,0.039661899,0.3490179181098938,0.1001510918140411,0.4247787594795227,0.239369735,0.1234621182084083,0.5442408919334412,0.2477491497993469,Metro
25025160602,Massachusetts,,Suffolk County,Low-Income Community,5149,52827.0,0.1696498095989227,0.082584657,281500.0,1200.0,0.23069106,0.0214617177844047,0.3352107107639313,0.074771799,0.4952417910099029,0.235968142747879,0.10409788,0.5920071601867676,0.205785871,Metro
25025170100,Massachusetts,,Suffolk County,Low-Income Community,7720,53351.0,0.083160624,0.1107818558812141,323000.0,1288.0,0.4464730322360992,0.056979097,0.6108808517456055,0.050777201,0.27279794216156,0.2222797870635986,0.1239637285470962,0.5616564750671387,0.1741541922092437,Metro
25025170200,Massachusetts,,Suffolk County,Low-Income Community,5105,49348.0,0.1630892604589462,0.035479631,357300.0,930.0,0.2535714209079742,0.062146891,0.6260529160499573,0.066209599,0.2801175415515899,0.2372184097766876,0.1809990257024765,0.5827586054801941,0.1686781644821167,Metro
25025170300,Massachusetts,,Suffolk County,Low-Income Community,8799,67321.0,0.082604691,0.050695635,339200.0,1515.0,0.2572130262851715,0.072050028,0.6971246600151062,0.0359131731092929,0.1637686043977737,0.1605864316225052,0.1505852937698364,0.5248835682868958,0.2587310969829559,Metro
25025170400,Massachusetts,,Suffolk County,Low-Income Community,5392,44515.0,0.1617210656404495,0.099205084,324500.0,1211.0,0.2191142141819,0.0231037493795156,0.5708457231521606,0.074554898,0.2685459852218628,0.1964020729064941,0.1537462919950485,0.6304512023925781,0.1736828833818435,Metro
25025170501,Massachusetts,1.0,Suffolk County,Low-Income Community,3645,45257.0,0.1901234537363052,0.086820081,252000.0,1328.0,0.3966244757175445,0.1243967860937118,0.5547325015068054,0.016735253855586,0.2680384218692779,0.183264747262001,0.1347050815820694,0.4480723738670349,0.2682926952838897,Metro
25025170502,Massachusetts,,Suffolk County,Low-Income Community,2718,51905.0,0.1357615888118744,0.091267236,315900.0,1112.0,0.3183059990406036,0.046895642,0.7799853086471558,0.0169242098927497,0.0511405430734157,0.092347316,0.2895511388778686,0.4603918194770813,0.2840715646743774,Metro
25025170601,Massachusetts,,Suffolk County,Low-Income Community,5561,63103.0,0.07139004,0.071044773,313100.0,1199.0,0.180612251,0.046016824,0.5497213006019592,0.03182881,0.3779895603656769,0.1695738136768341,0.150872141,0.5705433487892151,0.1870829313993454,Metro
25025170701,Massachusetts,,Suffolk County,Low-Income Community,2057,41635.0,0.2508507668972015,0.1286407709121704,278300.0,1040.0,0.3913764655590057,0.075670496,0.6947010159492493,0.007292173,0.2493923157453537,0.1341759860515594,0.1526494920253753,0.5161097645759583,0.2553699314594269,Metro
25025170702,Massachusetts,1.0,Suffolk County,Low-Income Community,6357,51073.0,0.1882963627576828,0.058346417,240200.0,1223.0,0.3039898574352264,0.047556721,0.3654239475727081,0.075192697,0.4253578782081604,0.1996224671602249,0.1017775684595108,0.6042077541351318,0.1398202925920486,Metro
25025170800,Massachusetts,,Suffolk County,Low-Income Community,5799,50745.0,0.1276082098484039,0.1117994114756584,340100.0,1235.0,0.1974248886108398,0.080056183,0.5171581506729126,0.0429384373128414,0.3828246295452118,0.2160717397928238,0.088291086,0.6080081462860107,0.1239479705691337,Metro
25025180101,Massachusetts,,Suffolk County,Non-LIC Contiguous,4786,44179.0,0.125992476940155,0.036949687,329000.0,1175.0,0.3258891701698303,0.077979796,0.7141663432121277,0.0,0.2551190853118896,0.2030923515558242,0.2127037197351455,0.36862313747406,0.3214481770992279,Metro
25025180200,Massachusetts,,Suffolk County,Not Eligible,3783,69318.0,0.081416865,0.07411019,361500.0,1116.0,0.2490566037735849,0.1244933410538506,0.9027227068464182,0.006344171,0.043616178,0.2109436954797779,0.1625693893735131,0.4179588892895781,0.282726289,Metro
25025180301,Massachusetts,,Suffolk County,Not Eligible,3170,82159.0,0.0534979423868312,0.0389105058365758,460500.0,1480.0,0.2133333333333333,0.036682616,0.9406940063091482,0.000946372239747634,0.041009464,0.2173501577287066,0.1753943217665615,0.2491568296795952,0.5320404721753794,Metro
25025180400,Massachusetts,,Suffolk County,Not Eligible,2014,81250.0,0.04047976,0.039636664,369900.0,1504.0,0.057915058,0.0570012391573729,0.823733863,0.0,0.1578947368421052,0.1936444885799404,0.144488579940417,0.2949894142554693,0.4248412138320395,Metro
25025180500,Massachusetts,1.0,Suffolk County,Low-Income Community,4278,62172.0,0.1187470778822898,0.060344826,345300.0,1372.0,0.2312373220920562,0.060194176,0.8943431377410889,0.014258999,0.08017765,0.1498363763093948,0.1453950405120849,0.3300798535346985,0.3182490468025207,Metro
25025980101,Massachusetts,1.0,Suffolk County,Low-Income Community,339,,0.8293412923812866,0.5116279125213623,,,,,0.5191740393638611,0.3067846596240997,0.064896755,0.0,0.1120943948626518,0.539432168,0.078864351,Metro
25025980300,Massachusetts,1.0,Suffolk County,Low-Income Community,383,,0.8133333325386047,0.3649635016918182,,,,,0.2741514444351196,0.3237597942352295,0.3107049465179443,0.039164491,0.1044386401772499,0.7251461744308472,0.0467836260795593,Metro
25025980700,Massachusetts,,Suffolk County,Not Eligible,11,,0.0,,,,,0.0,1.0,0.0,0.0,0.0,1.0,0.0,0.6363636363636364,Metro
25025981000,Massachusetts,,Suffolk County,Not Eligible,0,,,,,,,,,,,,,,,Metro
25025981100,Massachusetts,1.0,Suffolk County,Low-Income Community,551,36979.0,0.2541899383068084,0.2261904776096344,378600.0,1250.0,0.4056603908538818,0.0,0.2522686123847961,0.4900181591510772,0.2087114304304123,0.1560798585414886,0.052631579,0.4557640850543976,0.1715817749500274,Metro
25025981201,Massachusetts,,Suffolk County,Low-Income Community,0,,,,,,,,,,,,,,,Metro
25025981202,Massachusetts,,Suffolk County,Not Eligible,195,,,0.0,,,,,0.676923077,0.1641025641025641,0.0,0.0,0.0,0.0,0.4772727272727273,Metro
25025981300,Massachusetts,,Suffolk County,Low-Income Community,428,101875.0,0.056074765,0.027108434587717,396400.0,2032.0,0.1944444477558136,0.06666667,0.5700934529304504,0.07009346,0.2803738415241241,0.1028037369251251,0.0163551401346921,0.1091954037547111,0.7528735399246216,Metro
25025981501,Massachusetts,,Suffolk County,Low-Income Community,0,,,,,,,,,,,,,,,Metro
25025981502,Massachusetts,,Suffolk County,Not Eligible,12,,0.0,0.0,,,,0.0,0.0,1.0,0.0,0.3333333333333333,0.0,1.0,0.0,Metro
25025981600,Massachusetts,,Suffolk County,Not Eligible,0,,,,,,,,,,,,,,,Metro
25025981700,Massachusetts,,Suffolk County,Low-Income Community,0,,,,,,,,,,,,,,,Metro
25025981800,Massachusetts,,Suffolk County,Not Eligible,53,197500.0,0.0,0.1176470588235294,600000.0,,,0.25,1.0,0.0,0.0,0.0,0.7735849056603774,0.2075471698113207,0.6415094339622641,Metro
25025990101,Massachusetts,,Suffolk County,Not Eligible,0,,,,,,,,,,,,,,,Metro
25027700100,Massachusetts,,Worcester County,Not Eligible,6171,86219.0,0.06219937,0.070422535,239900.0,961.0,0.1077844311377245,0.1939037825927286,0.9624047966293956,0.009560849,0.008588559,0.2388591800356506,0.1242910387295414,0.2968637778309791,0.3861623174527173,Metro
25027701100,Massachusetts,,Worcester County,Not Eligible,8575,61875.0,0.1286390532544378,0.037925022,190000.0,906.0,0.1778711484593837,0.1673773987206823,0.9476384839650146,0.00909621,0.0309037900874635,0.2410495626822157,0.1680466472303207,0.4659373446046743,0.1864743908503232,Metro
25027702200,Massachusetts,,Worcester County,Non-LIC Contiguous,3394,68553.0,0.085027725,0.1017811670899391,187000.0,865.0,0.060344826,0.1030478924512863,0.9634649157524108,0.003241014,0.0173836182802915,0.2177371829748153,0.1219799667596817,0.5460069179534912,0.1627604216337204,Metro
25027703100,Massachusetts,1.0,Worcester County,Low-Income Community,4410,44408.0,0.1841180622577667,0.1588345915079116,120200.0,634.0,0.2006633430719375,0.1368267834186554,0.956462562,0.008390022,0.0292517,0.1970521509647369,0.1557823121547699,0.6222645044326782,0.1430383771657943,Metro
25027703200,Massachusetts,1.0,Worcester County,Low-Income Community,3680,46979.0,0.2127717435359954,0.067042254,149900.0,715.0,0.23989899456501,0.099758163,0.8510869741439819,0.004347826,0.1266304403543472,0.2383152246475219,0.1494565159082412,0.4625712037086487,0.1737184673547744,Metro
25027703300,Massachusetts,,Worcester County,Not Eligible,3535,53640.0,0.1068071774423241,0.068470458,148400.0,857.0,0.3875278396436525,0.1642619311875693,0.930975955,0.0,0.029420085,0.1934936350777935,0.1685997171145686,0.4417014812001519,0.2176224838587163,Metro
25027704200,Massachusetts,,Worcester County,Not Eligible,2820,69893.0,0.046936582,0.091863517,248800.0,871.0,0.1711711711711711,0.2113207547169811,0.9421985815602836,0.009929078,0.0163120567375886,0.176950354609929,0.1599290780141844,0.3907990314769975,0.2808716707021791,Metro
25027705100,Massachusetts,,Worcester County,Not Eligible,8131,67515.0,0.0870333,0.063320142,199200.0,963.0,0.1941964285714285,0.072996863,0.983765834,0.0006149305128520477,0.006518263,0.1986225556512114,0.1731644324191366,0.469,0.1855,Metro
25027706100,Massachusetts,,Worcester County,Not Eligible,4537,84803.0,0.049151422,0.046998420221169,239300.0,1263.0,0.067901235,0.075611143,0.9435750495922416,0.0275512453162882,0.0185144368525457,0.2382631694952612,0.1207846594666079,0.3893154190658989,0.2696737044145873,Metro
25027707100,Massachusetts,,Worcester County,Low-Income Community,4317,47064.0,0.285248190164566,0.080715321,179100.0,627.0,0.2021276652812957,0.054038681,0.8941394686698914,0.008570767,0.083622888,0.2897845804691314,0.1320361346006393,0.4723510444164276,0.1815911531448364,Metro
25027707200,Massachusetts,1.0,Worcester County,Low-Income Community,2052,32300.0,0.2230392098426818,0.1077235788106918,158300.0,910.0,0.3328530192375183,0.099709585,0.8659843802452087,0.0204678364098072,0.095029242,0.1920077949762344,0.1681286543607711,0.464929848909378,0.1436205804347992,Metro
25027707300,Massachusetts,1.0,Worcester County,Low-Income Community,3968,34839.0,0.2615384757518768,0.094152629,161700.0,693.0,0.2383583337068557,0.1795316636562347,0.9311996102333068,0.006552419,0.035534274,0.1948084682226181,0.1504536271095276,0.6456722021102905,0.079926334,Metro
25027707400,Massachusetts,,Worcester County,Low-Income Community,4519,57951.0,0.073170729,0.054984178,165600.0,885.0,0.1637323945760727,0.094235592,0.918344795703888,0.008851516,0.034299623,0.2144279778003692,0.1325514465570449,0.4594327211380005,0.1804089695215225,Metro
25027707500,Massachusetts,,Worcester County,Low-Income Community,5478,49637.0,0.1351474970579147,0.059599999,190600.0,768.0,0.1568627506494522,0.085156992,0.8021175861358643,0.041255932,0.102592185139656,0.1551661193370819,0.1663015633821487,0.4846963286399841,0.2450980395078659,Metro
25027708100,Massachusetts,,Worcester County,Not Eligible,7480,96953.0,0.0281841363575359,0.044367116,270400.0,1113.0,0.233160621761658,0.076724694,0.9490641711229948,0.00842246,0.026604278,0.2098930481283422,0.1425133689839572,0.2687569988801792,0.4333706606942889,Metro
25027709100,Massachusetts,,Worcester County,Not Eligible,4101,69180.0,0.1071603727317312,0.045380875,304300.0,902.0,0.1372549019607843,0.053113553,0.848085833,0.00243843,0.1060716898317483,0.1984881736161911,0.1375274323335771,0.3256637168141593,0.3330973451327433,Metro
25027709201,Massachusetts,,Worcester County,Not Eligible,6715,68488.0,0.1127223800269098,0.0442048517520215,235600.0,830.0,0.1234567901234567,0.0552834149755073,0.8491437081161578,0.005510052,0.1072226358897989,0.2126582278481012,0.1702159344750558,0.4368200836820083,0.2985355648535565,Metro
25027709202,Massachusetts,,Worcester County,Not Eligible,7447,45135.0,0.163810551882337,0.094344164,177200.0,944.0,0.3110236220472441,0.032708796,0.6990734523969384,0.0545185980931918,0.1737612461393849,0.2509735463945213,0.1579159393044178,0.5214384508990318,0.2365145228215767,Metro
25027709400,Massachusetts,1.0,Worcester County,Low-Income Community,4603,34120.0,0.2368707805871963,0.1028547435998916,174500.0,816.0,0.2841246426105499,0.1315182298421859,0.5785357356071472,0.039322183,0.3223984241485595,0.2183358669281005,0.1231805309653282,0.5398851037025452,0.2137843072414398,Metro
25027709501,Massachusetts,,Worcester County,Not Eligible,2178,95385.0,0.0238751147842056,0.0544554455445544,290100.0,1135.0,0.1846153846153846,0.084615385,0.8801652892561983,0.0133149678604224,0.076216713,0.2249770431588613,0.1441689623507805,0.2836218375499334,0.4367509986684421,Metro
25027709502,Massachusetts,,Worcester County,Not Eligible,5719,65469.0,0.04527417,0.056071666,236100.0,862.0,0.3141025641025641,0.062885327,0.7826543101940899,0.040041965,0.1094596957510054,0.2365798216471411,0.1629655534184298,0.3940874664060591,0.303200586,Metro
25027709600,Massachusetts,1.0,Worcester County,Low-Income Community,2733,46296.0,0.1669738292694091,0.1073137372732162,181100.0,903.0,0.2832764387130737,0.074935399,0.6512989401817322,0.082693011,0.2466154396533966,0.2242956459522247,0.1280643939971923,0.5556130409240723,0.1650284528732299,Metro
25027709701,Massachusetts,,Worcester County,Non-LIC Contiguous,5112,55172.0,0.1826749593019485,0.059652928,225300.0,1009.0,0.1946768015623092,0.076953277,0.7098982930183411,0.077269174,0.1760563403367996,0.1543427258729934,0.1832942068576812,0.4447900354862213,0.3032659292221069,Metro
25027709702,Massachusetts,,Worcester County,Not Eligible,2696,58261.0,0.1650593471810089,0.0282758620689655,216200.0,776.0,0.1812191103789127,0.031195841,0.793026706,0.021884273,0.1850890207715133,0.2140207715133531,0.1735905044510385,0.4035827186512118,0.2839831401475237,Metro
25027710100,Massachusetts,,Worcester County,Low-Income Community,3775,46736.0,0.1673425287008285,0.064783245,169600.0,980.0,0.2787286043167114,0.0602813139557838,0.5109933614730835,0.0344370864331722,0.3181456923484802,0.2357615828514099,0.1001324504613876,0.6016631722450256,0.1563409566879272,Metro
25027710200,Massachusetts,,Worcester County,Low-Income Community,6849,67979.0,0.1388523876667022,0.084674232,189400.0,1011.0,0.2712418437004089,0.046928916,0.769309402,0.009636443,0.1717039048671722,0.2228062450885772,0.1687837690114975,0.4216261506080627,0.2740989029407501,Metro
25027710300,Massachusetts,,Worcester County,Low-Income Community,3103,65875.0,0.137407049536705,0.1150700971484184,204600.0,1127.0,0.1135531142354011,0.1441013514995575,0.779245913,0.020302933,0.1817595809698104,0.2787624895572662,0.085723497,0.4652880430221557,0.2619399428367615,Metro
25027710400,Massachusetts,,Worcester County,Low-Income Community,2267,51890.0,0.1615212559700012,0.075174823,169700.0,968.0,0.3828382790088653,0.082340196,0.6885752081871033,0.015438905917108,0.2412880510091781,0.2351124882698059,0.1446845978498459,0.4716017842292785,0.1933631151914596,Metro
25027710500,Massachusetts,,Worcester County,Low-Income Community,3391,35245.0,0.2651135325431824,0.1196792125701904,165000.0,829.0,0.2004429697990417,0.1611039787530899,0.563550591,0.0645827203989028,0.3034503161907196,0.2500737309455871,0.1164848133921623,0.6188565492630005,0.070712134,Metro
25027710600,Massachusetts,1.0,Worcester County,Low-Income Community,6809,53793.0,0.1582959592342376,0.1157674193382263,166000.0,1026.0,0.3033807873725891,0.1670718938112259,0.5325304865837097,0.009105596,0.3937435746192932,0.2564253211021423,0.1124981641769409,0.6131303906440735,0.1135847344994545,Metro
25027710700,Massachusetts,1.0,Worcester County,Low-Income Community,1537,17039.0,0.4548429250717163,0.072398193,142200.0,567.0,0.2464516162872314,0.2126276642084121,0.5439167022705078,0.0247234869748353,0.3604424297809601,0.1444372087717056,0.1581001877784729,0.6663661003112793,0.1163210123777389,Metro
25027710800,Massachusetts,,Worcester County,Low-Income Community,4595,31038.0,0.3580829501152038,0.1816123127937317,180600.0,825.0,0.41974169,0.2101020961999893,0.5305767059326172,0.080304682,0.3505984842777252,0.2411316633224487,0.1003264412283897,0.5763485431671143,0.211203321814537,Metro
25027711000,Massachusetts,,Worcester County,Low-Income Community,3056,38611.0,0.1954061239957809,0.1320638805627823,150600.0,954.0,0.2073394507169723,0.1196721345186233,0.6292539238929749,0.0441753938794136,0.2421465963125229,0.2450916171073913,0.102748692035675,0.5423627495765686,0.1605011969804763,Metro
25027711100,Massachusetts,,Worcester County,Not Eligible,5059,71316.0,0.083207262,0.09423676,224800.0,843.0,0.4156862745098039,0.0475,0.8135995255979442,0.0519865586084206,0.0589049219213283,0.1421229491994465,0.2138762601304605,0.4102002503128911,0.3457446808510638,Metro
25027712101,Massachusetts,,Worcester County,Not Eligible,6717,85771.0,0.09847561,0.041732699,230800.0,1591.0,0.1816976127320955,0.053490795,0.8960845615602203,0.030221825,0.0308173291648057,0.2140836683043025,0.1761202917969331,0.3713295269168026,0.3501223491027732,Metro
25027712102,Massachusetts,,Worcester County,Not Eligible,4370,92750.0,0.037583583,0.0461538461538461,329200.0,1204.0,0.125,0.063946407,0.8752860411899314,0.0105263157894736,0.078032037,0.2569794050343249,0.128604119,0.3043478260869565,0.3909673070441523,Metro
25027713100,Massachusetts,,Worcester County,Not Eligible,8092,93750.0,0.080329095,0.0543337645536869,299600.0,1095.0,0.169683257918552,0.091430757,0.8531883341571923,0.050049432,0.0614186851211072,0.1910528917449332,0.1536085022244191,0.3637158852344296,0.3287263820853744,Metro
25027715100,Massachusetts,,Worcester County,Not Eligible,5113,151023.0,0.0154508116565617,0.035427807,476600.0,972.0,0.0,0.028522533,0.905534911,0.003716018,0.0285546645804811,0.2745941717191473,0.1095247408566399,0.176025603724178,0.6851905731742799,Metro
25027716100,Massachusetts,,Worcester County,Not Eligible,7723,74102.0,0.066424964,0.046570314,253200.0,1110.0,0.092290988,0.057169634,0.8380163149035349,0.0,0.1205490094522853,0.1965557425870775,0.1403599637446588,0.348914858096828,0.3960304210721573,Metro
25027716200,Massachusetts,1.0,Worcester County,Low-Income Community,2636,51250.0,0.120958536863327,0.041719344,207600.0,919.0,0.1159663870930671,0.1528213173151016,0.7006828784942627,0.0216236729174852,0.211684376001358,0.1957511454820633,0.1297420263290405,0.4494892060756683,0.2434733211994171,Metro
25027716300,Massachusetts,1.0,Worcester County,Non-LIC Contiguous,3400,50795.0,0.1538235247135162,0.082335331,247800.0,1046.0,0.2176744192838668,0.076213889,0.7432352900505066,0.027058823,0.1944117695093155,0.1829411834478378,0.1444117575883865,0.5012165307998657,0.2842660248279571,Metro
25027717100,Massachusetts,,Worcester County,Not Eligible,3061,97614.0,0.033464567,0.0265295073091499,376100.0,1067.0,0.2228915662650602,0.079119086,0.9637373407383208,0.007187194,0.0124142437112054,0.1842535119242077,0.1943809212675596,0.3106753812636165,0.465359477,Metro
25027718100,Massachusetts,,Worcester County,Not Eligible,4480,93197.0,0.033727943,0.0284505959246443,347900.0,1065.0,0.089795918,0.058984162,0.9026785714285714,0.0113839285714285,0.0212053571428571,0.2191964285714285,0.1580357142857142,0.2348342714196372,0.5350218886804252,Metro
25027719100,Massachusetts,,Worcester County,Not Eligible,7954,104187.0,0.054740834,0.0538812785388127,340600.0,1181.0,0.2375366568914956,0.033251663,0.9116167965803368,0.005028916,0.055569525,0.2489313552929343,0.1550163439778727,0.25375,0.4992857142857143,Metro
25027720100,Massachusetts,,Worcester County,Not Eligible,3451,121500.0,0.065488264,0.067567568,368500.0,1114.0,0.2941176470588235,0.048136646,0.9087221095334684,0.007823819,0.059982614,0.2347145754853665,0.1535786728484497,0.193561532192339,0.5839445802770986,Metro
25027721101,Massachusetts,,Worcester County,Not Eligible,1825,85052.0,0.0340472267984623,0.051808407,271600.0,1175.0,0.0,0.069064748,0.955068493,0.002191781,0.0246575342465753,0.204931506849315,0.1260273972602739,0.341692789968652,0.3722570532915361,Metro
25027721102,Massachusetts,,Worcester County,Not Eligible,8402,95347.0,0.021715785705763,0.046099291,279600.0,907.0,0.1380208333333333,0.08064,0.9489407283980004,0.0008331349678647941,0.022494644,0.2544632230421328,0.1090216615091644,0.3109243697478991,0.4371574716843259,Metro
25027722100,Massachusetts,,Worcester County,Not Eligible,5456,67500.0,0.042990654,0.049354839,213700.0,953.0,0.1723404255319149,0.1539479488310542,0.9596774193548387,0.0192448680351906,0.0141129032258064,0.2234237536656891,0.1433284457478006,0.4407188841201717,0.2770922746781116,Metro
25027723100,Massachusetts,,Worcester County,Not Eligible,4109,61786.0,0.1293909527419762,0.1078048780487804,239500.0,650.0,0.3546099290780142,0.1174533479692645,0.9574105621805792,0.007787783,0.026770504,0.2058895108298856,0.1791190070576782,0.4184372858122001,0.2796435915010281,Metro
25027724100,Massachusetts,,Worcester County,Non-LIC Contiguous,3767,62969.0,0.050263815,0.060814124,232700.0,1291.0,0.2299107164144516,0.092680044,0.9336341619491576,0.007167507,0.016989646,0.1778603643178939,0.2025484442710876,0.461156428,0.324228436,Metro
25027725100,Massachusetts,,Worcester County,Non-LIC Contiguous,4761,70873.0,0.0516441836953163,0.056200825,233100.0,803.0,0.089579523,0.1334916800260543,0.9697542786598206,0.010712035,0.0100819151848554,0.2026885151863098,0.1413568556308746,0.4696553945541382,0.2674596011638641,Metro
25027726100,Massachusetts,,Worcester County,Not Eligible,6011,89231.0,0.0438698915763135,0.0486516541562413,268300.0,982.0,0.1787072243346007,0.083333333,0.9777075361836632,0.004325403,0.0133089336216935,0.1795042422225919,0.1365829312926302,0.4032479414455627,0.3037511436413541,Metro
25027726200,Massachusetts,1.0,Worcester County,Low-Income Community,5790,46652.0,0.1825561374425888,0.065316789,202200.0,706.0,0.3355506360530853,0.1266952157020568,0.8594127893447876,0.0115716755390167,0.071848013,0.192055270075798,0.1744386851787567,0.593042254,0.1349521428346634,Metro
25027727100,Massachusetts,,Worcester County,Not Eligible,4849,93654.0,0.036111111,0.02540766,280800.0,1044.0,0.1214285714285714,0.043312102,0.8830686739533925,0.0142297380903279,0.086615797,0.1946793153227469,0.1495153639925757,0.1630830301025471,0.5253059874297056,Metro
25027728100,Massachusetts,,Worcester County,Not Eligible,4383,108710.0,0.074657534,0.03060413354531,350300.0,1429.0,0.0,0.035206917850525,0.918777093,0.003194159,0.0574948665297741,0.2368240930869267,0.1592516541181839,0.2299196787148594,0.5635876840696118,Metro
25027728200,Massachusetts,,Worcester County,Not Eligible,4055,104792.0,0.0187747035573122,0.060694851,269600.0,1336.0,0.0,0.0330351,0.944759556103576,0.009617756,0.0244143033292231,0.2399506781750924,0.1484586929716399,0.2276223776223776,0.5234265734265734,Metro
25027728300,Massachusetts,,Worcester County,Not Eligible,4713,86136.0,0.026533275337103,0.0468809073724007,273300.0,981.0,0.06231454,0.083333333,0.915552727,0.026734564,0.034160832,0.2457033736473583,0.1627413537025249,0.2310077519379845,0.5271317829457365,Metro
25027728400,Massachusetts,,Worcester County,Not Eligible,5149,100619.0,0.041496201,0.065914699,295400.0,1195.0,0.1280487804878048,0.034519384,0.8580306855700136,0.008351136,0.0446688677413089,0.2394639735871042,0.1320644785395222,0.2450126440011239,0.5051980893509412,Metro
25027729100,Massachusetts,,Worcester County,Not Eligible,5693,74419.0,0.0426666666666666,0.070260448,294100.0,609.0,0.048,0.052466718872357,0.7616370981907605,0.067275602,0.1422799929738275,0.105216933075707,0.1572106095204637,0.485912343,0.2862254025044722,Metro
25027729200,Massachusetts,,Worcester County,Not Eligible,2151,73650.0,0.1213953488372093,0.029752066,231000.0,867.0,0.2727272727272727,0.0589543937708565,0.8712226871222687,0.039516504,0.0446304044630404,0.1771269177126917,0.19851232,0.3020833333333333,0.3406862745098039,Metro
25027730100,Massachusetts,,Worcester County,Not Eligible,6254,74324.0,0.1175811870100783,0.081457346,212200.0,1036.0,0.2393162393162393,0.015898251,0.6720498880716341,0.1590981771666133,0.079788935,0.2390470099136552,0.108890310201471,0.3148667601683029,0.383356709,Metro
25027730200,Massachusetts,,Worcester County,Not Eligible,4981,67739.0,0.078797725,0.1006779661016949,217700.0,1154.0,0.2790697674418604,0.1212841854934601,0.8440072274643646,0.0618349728970086,0.045773941,0.1692431238707087,0.1822927123067657,0.3230366492146597,0.4081151832460733,Metro
25027730300,Massachusetts,,Worcester County,Not Eligible,4961,58500.0,0.080313015,0.061870003,204500.0,900.0,0.1787280701754386,0.079851439,0.7605321507760532,0.063092119,0.1338439830679298,0.1908889336827252,0.1572263656520862,0.323218262806236,0.3772271714922049,Metro
25027730401,Massachusetts,,Worcester County,Low-Income Community,5290,28856.0,0.2383561581373214,0.085413925,201800.0,818.0,0.2148508876562118,0.086626746,0.573345959,0.1472589820623397,0.2527410089969635,0.2281663566827774,0.1918714493513107,0.5247085094451904,0.2662409842014313,Metro
25027730402,Massachusetts,,Worcester County,Low-Income Community,1728,49464.0,0.1001757457852363,0.067460321,193400.0,971.0,0.1554878056049347,0.097058825,0.4502314925193786,0.1649305522441864,0.2471064776182174,0.2540509402751922,0.083333336,0.4785651862621307,0.2633420825004577,Metro
25027730500,Massachusetts,1.0,Worcester County,Low-Income Community,3430,46212.0,0.3108227550983429,0.1027082279324531,158500.0,1019.0,0.284842312,0.1740938872098922,0.6125364303588867,0.177259474992752,0.1358600556850433,0.2058309018611908,0.057434402,0.4621444344520569,0.3172866404056549,Metro
25027730600,Massachusetts,,Worcester County,Not Eligible,9451,69647.0,0.0609998673915926,0.078105526,248300.0,841.0,0.2527777777777777,0.046168644,0.7853137234155115,0.085811025,0.055443868373717,0.15109512220929,0.1667548407575917,0.2400074710496824,0.5211057153530071,Metro
25027730700,Massachusetts,,Worcester County,Not Eligible,6895,64385.0,0.07536792,0.067618332,199900.0,1425.0,0.1932989690721649,0.033017211,0.7747643219724438,0.067875272,0.1128353879622915,0.1601160261058738,0.2026105873821609,0.2553561088592935,0.4834973943254198,Metro
25027730801,Massachusetts,,Worcester County,Not Eligible,3542,93281.0,0.053658537,0.0537583254043767,287300.0,1352.0,0.2623574144486692,0.08518754,0.8760587238848109,0.0129870129870129,0.035855449,0.1871823828345567,0.2244494635798983,0.1203492786636294,0.5956719817767654,Metro
25027730802,Massachusetts,,Worcester County,Not Eligible,2094,86250.0,0.1856316297010607,0.033678756,269300.0,1016.0,0.1481481481481481,0.033573141,0.7989493791786055,0.0343839541547277,0.098376313,0.2039159503342884,0.1370582617000955,0.2173611111111111,0.6201388888888889,Metro
25027730901,Massachusetts,,Worcester County,Not Eligible,3380,75179.0,0.094970414,0.056389033,229600.0,1251.0,0.1915422885572139,0.083449235,0.8502958579881656,0.059171598,0.056213018,0.1840236686390532,0.1872781065088757,0.2532880780653373,0.5341535850657616,Metro
25027730902,Massachusetts,,Worcester County,Not Eligible,4087,68914.0,0.1900884955752212,0.05362776,228200.0,1196.0,0.1341772151898734,0.016564952048823,0.8000978712992415,0.1198923415708343,0.044042085,0.1375091754343038,0.096892586,0.3107742284786139,0.5181375203031944,Metro
25027731001,Massachusetts,,Worcester County,Not Eligible,2366,73074.0,0.0612244897959183,0.062710722,181200.0,1364.0,0.1506276150627615,0.0,0.6179205409974641,0.087489434,0.1453930684699915,0.202451394759087,0.1390532544378698,0.46313066,0.2716688227684347,Metro
25027731002,Massachusetts,,Worcester County,Low-Income Community,5797,40566.0,0.2085533291101455,0.1065601035952568,165600.0,962.0,0.279701293,0.038762581,0.5941004157066345,0.063481107,0.1668104231357574,0.1704329848289489,0.1649128794670105,0.4570815563201904,0.2672865986824035,Metro
25027731101,Massachusetts,,Worcester County,Low-Income Community,4173,35799.0,0.2957105338573456,0.090126581,203900.0,927.0,0.2725146114826202,0.087573968,0.5135394334793091,0.1387491077184677,0.2417924702167511,0.2405942976474762,0.1449796259403228,0.4715387523174286,0.2482555955648422,Metro
25027731102,Massachusetts,,Worcester County,Low-Income Community,2640,55804.0,0.068346694,0.049013749,212400.0,1076.0,0.2525597214698791,0.031510659,0.7768939137458801,0.1655303090810775,0.0314393937587738,0.1821969747543335,0.1397727280855178,0.3283730149269104,0.4295634925365448,Metro
25027731202,Massachusetts,,Worcester County,Not Eligible,1510,,,0.058252427,,,,,0.7298013245033113,0.082119205,0.099337748,0.0158940397350993,0.0,0.0,0.375,Metro
25027731203,Massachusetts,,Worcester County,Low-Income Community,6131,23824.0,0.4012441635131836,0.1761467903852462,203400.0,779.0,0.1889632046222686,0.068469994,0.4092317819595337,0.09084978,0.3268634676933288,0.1658783257007599,0.1472842991352081,0.691332996,0.1561074554920196,Metro
25027731204,Massachusetts,,Worcester County,Low-Income Community,2168,30185.0,0.4066543579101562,0.1318267434835434,215800.0,1088.0,0.3222591280937195,0.1279728263616562,0.3427121639251709,0.095018454,0.3911439180374145,0.2283210307359695,0.034132842,0.6152647733688354,0.1292834877967834,Metro
25027731300,Massachusetts,1.0,Worcester County,Low-Income Community,3573,25945.0,0.407566637,0.09947028,213700.0,1003.0,0.3814432919025421,0.115089513361454,0.3028267621994018,0.1858382374048233,0.4450041949748993,0.2034704685211181,0.076406382,0.6556665301322937,0.1324359476566314,Metro
25027731400,Massachusetts,1.0,Worcester County,Low-Income Community,4388,23036.0,0.443557858467102,0.1596509218215942,126100.0,827.0,0.2511505484580993,0.05512679,0.2964904308319092,0.1367365568876266,0.4496353566646576,0.2354147732257843,0.088650867,0.7675675749778748,0.089348175,Metro
25027731500,Massachusetts,,Worcester County,Low-Income Community,4743,21547.0,0.3929492831230163,0.097597599,232100.0,879.0,0.3761088252067566,0.1242067068815231,0.2732447683811188,0.1678262650966644,0.4960995018482208,0.2232764065265655,0.149061769247055,0.7157829999923706,0.082922317,Metro
25027731600,Massachusetts,,Worcester County,Low-Income Community,6384,21497.0,0.4274631440639496,0.06187477,159500.0,973.0,0.3223787248134613,0.1916121542453766,0.6348684430122375,0.1115288212895393,0.075971179,0.0380639098584651,0.084899746,0.4079200327396393,0.3821606934070587,Metro
25027731700,Massachusetts,1.0,Worcester County,Low-Income Community,2720,25036.0,0.4757551550865173,0.1700000017881393,112500.0,855.0,0.3772691488265991,0.1273408234119415,0.4702205955982208,0.2047794163227081,0.2794117629528045,0.1485294103622436,0.1102941185235977,0.5225773453712463,0.3023845851421356,Metro
25027731800,Massachusetts,,Worcester County,Low-Income Community,6546,19660.0,0.360497236251831,0.1131815016269683,188100.0,665.0,0.2333032488822937,0.087084152,0.4307974278926849,0.1286281645298004,0.3527345061302185,0.2193706035614013,0.1356553584337234,0.599314272,0.1481142789125442,Metro
25027731900,Massachusetts,,Worcester County,Low-Income Community,5090,36307.0,0.2712199091911316,0.086405076,175600.0,908.0,0.2547169923782348,0.2187765538692474,0.4123772084712982,0.1719056963920593,0.2685658037662506,0.250884086,0.07642436,0.5493945479393005,0.1806883364915847,Metro
25027732001,Massachusetts,,Worcester County,Low-Income Community,3762,20308.0,0.5830895900726318,0.1839809715747833,221800.0,517.0,0.2227231711149215,0.0422420799732208,0.118819773197174,0.1209463030099868,0.6908559203147888,0.4383306801319122,0.02631579,0.5906701683998108,0.130091980099678,Metro
25027732002,Massachusetts,,Worcester County,Not Eligible,4421,64196.0,0.06900103,0.063640618,197900.0,1465.0,0.2078048780487804,0.051909308,0.6808414385885546,0.085953404,0.1343587423659805,0.1486089120108572,0.2646460076905677,0.4253246753246753,0.3612750885478158,Metro
25027732201,Massachusetts,,Worcester County,Not Eligible,2650,50225.0,0.1633962264150943,0.078929766,209700.0,962.0,0.2251815980629539,0.065487885,0.659622642,0.1418867924528302,0.054716981,0.081509434,0.1935849056603773,0.3265947888589398,0.3858939802336029,Metro
25027732202,Massachusetts,,Worcester County,Low-Income Community,3091,43878.0,0.2079272270202636,0.07478261,221600.0,1041.0,0.2843894958496094,0.095791005,0.7373018264770508,0.065998062,0.1439663469791412,0.2054351270198822,0.099967651,0.4221153855323791,0.2480769157409668,Metro
25027732203,Massachusetts,,Worcester County,Low-Income Community,3516,53448.0,0.2712813019752502,0.086314596,193400.0,1249.0,0.2915451824665069,0.1293421983718872,0.4428327679634094,0.1769055724143982,0.1791808903217315,0.255972683,0.079351537,0.4887690842151642,0.3324348628520965,Metro
25027732301,Massachusetts,,Worcester County,Non-LIC Contiguous,4462,66170.0,0.054742061,0.069506727,212200.0,899.0,0.1690140813589096,0.0682901,0.7039444446563721,0.1151949763298034,0.085387722,0.2207530289888382,0.1308830082416534,0.4276807904243469,0.2830424010753631,Metro
25027732302,Massachusetts,,Worcester County,Low-Income Community,4096,40951.0,0.2120393067598343,0.099642307,209800.0,1076.0,0.3202185928821563,0.1120689660310745,0.524414063,0.184082031,0.152832031,0.241455078,0.137695313,0.5292849540710449,0.2019403576850891,Metro
25027732400,Massachusetts,,Worcester County,Low-Income Community,6704,30318.0,0.3146186470985412,0.1622079312801361,206800.0,1001.0,0.3981154263019562,0.1093940660357475,0.2825179100036621,0.200924814,0.4510739743709564,0.3116050064563751,0.073687352,0.5978807806968689,0.126357614994049,Metro
25027732500,Massachusetts,1.0,Worcester County,Low-Income Community,2002,30096.0,0.3386693298816681,0.066828676,218200.0,952.0,0.2792022824287414,0.091224015,0.3411588370800018,0.1288711279630661,0.4145854115486145,0.2742257714271545,0.0474525466561317,0.6381356120109558,0.2228813618421554,Metro
25027732600,Massachusetts,,Worcester County,Low-Income Community,4340,40313.0,0.2402444779872894,0.073312469,154000.0,1003.0,0.2731277644634247,0.085224405,0.4156681895256042,0.088479266,0.4110599160194397,0.2599078416824341,0.096543781,0.6141479015350342,0.1639871448278427,Metro
25027732700,Massachusetts,,Worcester County,Low-Income Community,3991,29621.0,0.3137455284595489,0.2096857279539108,158700.0,1051.0,0.3144224286079407,0.089388393,0.4244550168514251,0.1909295916557312,0.2478075623512268,0.2214983701705932,0.097469307,0.5814637541770935,0.1239426285028457,Metro
25027732801,Massachusetts,1.0,Worcester County,Low-Income Community,4610,62886.0,0.096325286,0.004295197,214600.0,1210.0,0.1396588534116745,0.1181592047214508,0.7375271320343018,0.095878527,0.1017353609204292,0.1707158386707306,0.143167033791542,0.3427442014217376,0.4147374331951141,Metro
25027732802,Massachusetts,,Worcester County,Low-Income Community,4558,61146.0,0.098663695,0.077079937,190500.0,1113.0,0.1481481492519378,0.128424659371376,0.5563843846321106,0.2387011796236038,0.1175954341888427,0.2637121677398681,0.1024572178721427,0.3989473581314087,0.3175438642501831,Metro
25027732901,Massachusetts,,Worcester County,Non-LIC Contiguous,7404,48244.0,0.1749457120895385,0.077877507,183500.0,895.0,0.216196671,0.1002323254942894,0.5992706418037415,0.1505942791700363,0.1707185357809066,0.2300108075141906,0.1026472151279449,0.526260495,0.2489495724439621,Metro
25027732902,Massachusetts,,Worcester County,Low-Income Community,1405,73750.0,0.4444444477558136,0.0259541980922222,,,0.0,0.4583333432674408,0.7729537487030029,0.065480426,0.1053380817174911,0.002846975,0.0007117437780834734,0.2702702581882477,0.7297297120094299,Metro
25027733000,Massachusetts,,Worcester County,Low-Income Community,3987,40897.0,0.2533706426620483,0.093434341,148100.0,1126.0,0.2926829159259796,0.1404341906309127,0.3844996094703674,0.058690745,0.3328317105770111,0.2733885049819946,0.08803612,0.6357226967811584,0.113200157880783,Metro
25027733101,Massachusetts,,Worcester County,Low-Income Community,2170,59038.0,0.076958522,0.042519685,182000.0,915.0,0.2389937043190002,0.0604651160538196,0.7018433213233948,0.090322584,0.079262674,0.1990783363580703,0.1428571492433548,0.4185303449630737,0.2894568741321563,Metro
25027733102,Massachusetts,,Worcester County,Not Eligible,2186,62833.0,0.079139982,0.056886228,193200.0,1027.0,0.2385964912280701,0.1067106710671067,0.6001829826166514,0.089204026,0.1633119853613906,0.1660567246111619,0.141811527904849,0.4459203036053131,0.25426945,Metro
25027735100,Massachusetts,,Worcester County,Not Eligible,6584,60888.0,0.08,0.060621762,227500.0,842.0,0.099337748,0.0442383160899036,0.9589914945321992,0.005619684,0.025516403,0.1643377885783718,0.1720838396111786,0.4153846153846154,0.2790305584826132,Metro
25027735200,Massachusetts,,Worcester County,Not Eligible,4645,88318.0,0.037727572,0.0155844155844155,224500.0,997.0,0.1075697211155378,0.072984749,0.8701829924650162,0.0307857911733046,0.069321851,0.1862217438105489,0.1616792249730893,0.4182031021363769,0.2610477026631548,Metro
25027736100,Massachusetts,,Worcester County,Not Eligible,2704,71429.0,0.033371692,0.05077574,255900.0,1021.0,0.2592592592592592,0.01417004,0.8879437869822485,0.0,0.063239645,0.2226331360946745,0.1978550295857988,0.3837837837837838,0.3589189189189189,Metro
25027736200,Massachusetts,,Worcester County,Not Eligible,3682,73636.0,0.0608365019011406,0.074761666,228600.0,974.0,0.2253521126760563,0.055519268,0.9106463878326996,0.004345464,0.0437262357414448,0.210483433,0.1868549701249321,0.3631498470948012,0.3887614678899082,Metro
25027736300,Massachusetts,,Worcester County,Not Eligible,2471,70417.0,0.0526102792391744,0.0546369518332135,224400.0,1043.0,0.1494252873563218,0.0,0.925536220153784,0.002428167,0.058276002,0.1865641440712262,0.1634965600971266,0.401308615049073,0.3620501635768811,Metro
25027736400,Massachusetts,,Worcester County,Not Eligible,3054,77539.0,0.039292731,0.080243498,235300.0,,0.1139240506329113,0.0368975903614457,0.8804846103470858,0.063195809,0.0258677144728225,0.1761624099541585,0.1597904387688277,0.3413014608233731,0.4240814519698981,Metro
25027736500,Massachusetts,,Worcester County,Not Eligible,4482,68973.0,0.042168675,0.058014611,256600.0,981.0,0.2959183673469387,0.08728557,0.9352967425256582,0.002454261,0.0477465417224453,0.1564033913431503,0.2449799196787148,0.3303571428571428,0.3514880952380952,Metro
25027737100,Massachusetts,,Worcester County,Not Eligible,4984,74472.0,0.097512039,0.040513167,283300.0,996.0,0.2355072463768115,0.0275103163686382,0.9674959871589084,0.003410915,0.0174558587479935,0.1855939004815409,0.1980337078651685,0.4039989044097508,0.3626403725006847,Metro
25027737200,Massachusetts,,Worcester County,Low-Income Community,1791,52457.0,0.074240722,0.066730216,224700.0,903.0,0.1560283750295639,0.093891405,0.9162479043006896,0.006700167,0.04913456,0.1903964281082153,0.1786711364984512,0.4135156869888305,0.277554303407669,Metro
25027737300,Massachusetts,,Worcester County,Not Eligible,6656,76859.0,0.04278898,0.077936039,249400.0,1039.0,0.07816092,0.082550861,0.8879206730769231,0.006310096,0.0225360576923076,0.2525540865384615,0.1349158653846154,0.4006410256410256,0.3562271062271062,Metro
25027738100,Massachusetts,,Worcester County,Not Eligible,4718,80078.0,0.07234315,0.063400576,349500.0,1085.0,0.1163084702907711,0.08554729,0.6511233573548114,0.046629928,0.076727427,0.2954641797371767,0.1100042390843577,0.2933897753174861,0.4708563985672419,Metro
25027738201,Massachusetts,,Worcester County,Not Eligible,3988,96830.0,0.0551654964894684,0.085209713,340600.0,1632.0,0.080321285,0.0257936507936507,0.8849047141424273,0.0230692076228686,0.0393681043129388,0.1953360080240722,0.1328986960882648,0.2423827456350565,0.4861348853132489,Metro
25027738202,Massachusetts,,Worcester County,Not Eligible,6227,117518.0,0.040147744,0.0285165889772415,397200.0,927.0,0.1985815602836879,0.0256087321578505,0.8581981692628874,0.0515497029066966,0.003854183,0.2429741448530592,0.1426047856110486,0.2053162236480293,0.577910174,Metro
25027739100,Massachusetts,,Worcester County,Not Eligible,9744,99792.0,0.069889163,0.051350833,428500.0,1215.0,0.1919642857142857,0.1058503401360544,0.659380131,0.0316091954022988,0.032840722,0.2475369458128078,0.1109400656814449,0.2487098385217246,0.5631762943232895,Metro
25027739200,Massachusetts,,Worcester County,Not Eligible,6543,76856.0,0.0623567171022466,0.033406957,319300.0,1156.0,0.1052631578947368,0.07428356,0.7177135870395843,0.066788935,0.0181873758214886,0.2411737734983952,0.1526822558459422,0.3666371289322109,0.3830305715551617,Metro
25027739300,Massachusetts,,Worcester County,Not Eligible,3693,84055.0,0.044949905,0.0214634146341463,303300.0,1175.0,0.084398977,0.0498737373737373,0.7904142973192526,0.068507988,0.0129975629569455,0.2439750880043325,0.1779041429731925,0.1513914656771799,0.6330241187384045,Metro
25027739400,Massachusetts,,Worcester County,Not Eligible,8920,103765.0,0.026910412,0.053831929,389600.0,1362.0,0.2410196987253766,0.063367532,0.775560538,0.015134529147982,0.0562780269058295,0.254372197,0.1641255605381165,0.196838348,0.5614482406935237,Metro
25027739500,Massachusetts,,Worcester County,Not Eligible,7594,129976.0,0.017411951,0.052248977737392,420900.0,,0.4851485148514851,0.02402746,0.7757440084277061,0.0259415327890439,0.046220701,0.256386621016592,0.1462997102976033,0.1573078454798885,0.6833930704898447,Metro
25027740101,Massachusetts,,Worcester County,Not Eligible,5747,124911.0,0.0116752166990978,0.051840943,414100.0,1424.0,0.1164383561643835,0.0121951219512195,0.8094658082477815,0.024186532,0.0318427005394118,0.2575256655646424,0.1245867409082999,0.1885609819796291,0.5944110733873074,Metro
25027740102,Massachusetts,,Worcester County,Not Eligible,5915,103100.0,0.048182587,0.033322755,366400.0,1632.0,0.380281690140845,0.0397441754225673,0.8833474218089603,0.0008453085376162299,0.020963652,0.2202874049027895,0.1717666948436179,0.222060606060606,0.536969697,Metro
25027740200,Massachusetts,,Worcester County,Not Eligible,3184,82357.0,0.0367386400257815,0.0357345433919455,376400.0,1206.0,0.079908676,0.079872204,0.7936557788944724,0.048052764,0.0131909547738693,0.2261306532663316,0.1787060301507537,0.2599724896836313,0.4745529573590096,Metro
25027741101,Massachusetts,,Worcester County,Not Eligible,4540,123875.0,0.0476940382452193,0.057130766,528300.0,1108.0,0.2574626865671642,0.069025522,0.8570484581497797,0.0121145374449339,0.0180616740088105,0.2669603524229075,0.15,0.1851228542578256,0.6563446650959273,Metro
25027741102,Massachusetts,,Worcester County,Not Eligible,5428,159922.0,0.034189614,0.026610644,598600.0,1944.0,0.1348314606741573,0.0427303,0.8305084745762712,0.0163964627855563,0.02247605,0.2850036845983787,0.1162490788504053,0.1332174920359108,0.7347234289024037,Metro
25027742300,Massachusetts,,Worcester County,Not Eligible,4057,80179.0,0.05371168,0.050183599,354900.0,1095.0,0.088972431,0.054039301,0.8094651220113385,0.0007394626571358146,0.045600197,0.2095144195218141,0.1279270396844959,0.2592716338122285,0.5255596391580354,Metro
25027742401,Massachusetts,,Worcester County,Not Eligible,5398,165500.0,0.022971471,0.046848669,530200.0,,0.0,0.0100058858151854,0.8178955168580956,0.008336421,0.021118933,0.2843645794738792,0.1252315672471285,0.1667608818541548,0.6984171848501979,Metro
25027742402,Massachusetts,,Worcester County,Not Eligible,3710,117300.0,0.043007844,0.031233999,423200.0,1408.0,0.040561622,0.091979397,0.4035040431266846,0.0334231805929919,0.0272237196765498,0.2954177897574124,0.051212938,0.1360066143034311,0.7631252583712278,Metro
25027743100,Massachusetts,,Worcester County,Not Eligible,7703,116250.0,0.0472327620044485,0.064058568,403900.0,978.0,0.2184873949579832,0.086206897,0.8996494872127743,0.002077113,0.033753083214332,0.2669089964948721,0.1185252499026353,0.2491878463596407,0.4941716032868335,Metro
25027744101,Massachusetts,,Worcester County,Not Eligible,7307,89417.0,0.06774326,0.047028545,329500.0,1378.0,0.2082551594746716,0.059150327,0.8671137265635692,0.003831942,0.0365403038182564,0.2295059531955659,0.1417818530176543,0.2629963552656819,0.480145789372722,Metro
25027744102,Massachusetts,,Worcester County,Not Eligible,5150,81000.0,0.069857949,0.056390977,285600.0,1118.0,0.147945205479452,0.008797654,0.8415533980582525,0.003883495,0.095728155,0.2250485436893204,0.1825242718446602,0.3294861225611432,0.4006595218466611,Metro
25027744200,Massachusetts,,Worcester County,Not Eligible,7571,76573.0,0.045595575,0.035588027,254200.0,967.0,0.2039215686274509,0.0476644423260247,0.8428212917712323,0.0282657508915598,0.074494783,0.2126535464271562,0.1295733720776647,0.3362962962962963,0.3433333333333333,Metro
25027744300,Massachusetts,,Worcester County,Low-Income Community,4049,53643.0,0.1299086213111877,0.061421961,233200.0,978.0,0.1767441928386688,0.0569544360041618,0.6223759055137634,0.082489505,0.1464559137821197,0.2358607053756714,0.09187454,0.5361940264701843,0.1802238821983337,Metro
25027744400,Massachusetts,,Worcester County,Not Eligible,4352,66726.0,0.1031709558823529,0.087050671,270400.0,977.0,0.1387478849407783,0.0385774562989752,0.8005514705882353,0.0298713235294117,0.14453125,0.2899816176470588,0.1121323529411764,0.379564606741573,0.2830056179775281,Metro
25027745100,Massachusetts,,Worcester County,Not Eligible,5942,99792.0,0.020227774944756,0.045916795,311800.0,1140.0,0.089397089,0.034716342,0.9400875126220128,0.00336587,0.0414002019522046,0.2522719623022551,0.1581958936385055,0.3226118500604595,0.4024183796856106,Metro
25027746100,Massachusetts,,Worcester County,Not Eligible,5963,121298.0,0.005551817,0.071205674,403500.0,1422.0,0.2076271186440678,0.033157136,0.9485158477276538,0.004695623,0.0115713566996478,0.2642964950528257,0.1296327352004024,0.2348717948717948,0.4725641025641026,Metro
25027747101,Massachusetts,,Worcester County,Not Eligible,5192,77115.0,0.044491525,0.057496136,252500.0,1029.0,0.2366412213740458,0.073025335,0.9491525423728814,0.0,0.0236902927580893,0.2161016949152542,0.1082434514637904,0.4249788075727607,0.2746538570217575,Metro
25027747102,Massachusetts,,Worcester County,Not Eligible,3876,72434.0,0.070422535,0.08400974,286500.0,790.0,0.2286184210526315,0.04893754,0.9195046439628484,0.017801858,0.022703818369453,0.2229102167182662,0.1083591331269349,0.3939976914197768,0.3143516737206618,Metro
25027748100,Massachusetts,,Worcester County,Not Eligible,3218,91250.0,0.070006223,0.061015119,291800.0,985.0,0.1942148760330578,0.054625551,0.9334990677439404,0.00031075201988812925,0.019266625233064,0.2560596643878185,0.097886886,0.4152073732718894,0.2737327188940092,Metro
25027749100,Massachusetts,,Worcester County,Not Eligible,7417,97474.0,0.0390497,0.091221292,303600.0,1211.0,0.197986577181208,0.0299469294920394,0.9242281245786708,0.0,0.0241337467978967,0.2302817850883106,0.1206687339894836,0.2903612053482339,0.4073039313510277,Metro
25027749200,Massachusetts,,Worcester County,Not Eligible,6348,77879.0,0.1316950220541902,0.089189952,254800.0,1172.0,0.2,0.044565712,0.9472274732199116,0.050409578,0.0,0.2315689981096408,0.1181474480151228,0.4849679645145391,0.2451946771808772,Metro
25027750100,Massachusetts,,Worcester County,Not Eligible,6310,60410.0,0.085853659,0.066428359,263100.0,889.0,0.1899159663865546,0.0506950122649223,0.8664025356576862,0.037083994,0.05229794,0.2787638668779715,0.1385103011093502,0.3487425149700598,0.3077844311377245,Metro
25027750200,Massachusetts,,Worcester County,Not Eligible,7360,92674.0,0.066984993,0.035633739,292800.0,1090.0,0.1329113924050632,0.047737798,0.9561141304347828,0.003396739,0.0126358695652173,0.226766304347826,0.1233695652173913,0.3306990881458966,0.3987841945288753,Metro
25027750300,Massachusetts,,Worcester County,Not Eligible,2711,52266.0,0.1050387596899224,0.1043142305215711,246700.0,723.0,0.2350332594235033,0.1123686337914308,0.9029878273699742,0.0106971597196606,0.063814091,0.1807451125046108,0.1800073773515308,0.5303404045387272,0.2629501726689689,Metro
25027751101,Massachusetts,,Worcester County,Not Eligible,6195,97201.0,0.0235673930589184,0.0236336779911373,323800.0,850.0,0.1204188481675392,0.1016156462585034,0.948184019,0.0174334140435835,0.002259887,0.2750605326876513,0.1188054882970137,0.3624876114965312,0.3919722497522299,Metro
25027751102,Massachusetts,,Worcester County,Not Eligible,3013,117500.0,0.0132758048456687,0.0500266098988823,415400.0,777.0,0.0,0.034240562,0.9522071025555924,0.003650846,0.0,0.2054430799867242,0.147693328908065,0.2395879982086878,0.5521719659650695,Metro
25027752100,Massachusetts,,Worcester County,Not Eligible,8665,90020.0,0.0310652602295119,0.032665759,273400.0,1068.0,0.092465753,0.059104478,0.8889786497403347,0.003808425,0.076399308,0.2530871321407963,0.1045585689555683,0.3451266042317031,0.3362816510579258,Metro
25027753100,Massachusetts,,Worcester County,Not Eligible,7604,71049.0,0.1296420431693256,0.052724077,245200.0,821.0,0.1677175283732661,0.038474186,0.8212782745923198,0.005654918,0.119673855865334,0.2559179379274066,0.1436086270384008,0.3892604624498376,0.3187464169692337,Metro
25027753200,Massachusetts,,Worcester County,Not Eligible,6240,56078.0,0.071799028,0.036564132,215000.0,844.0,0.1447178002894356,0.046658758,0.9682692307692308,0.005929487,0.0157051282051282,0.2459935897435897,0.123076923076923,0.4450433559878134,0.2568549332083431,Metro
25027754100,Massachusetts,,Worcester County,Non-LIC Contiguous,5782,63977.0,0.056335587,0.047340914607048,249100.0,1002.0,0.1666666716337204,0.15422885119915,0.907298505306244,0.053787615,0.033725355,0.1777931451797485,0.2004496753215789,0.4127020835876465,0.2990761995315552,Metro
25027754200,Massachusetts,1.0,Worcester County,Low-Income Community,3788,36216.0,0.1996762007474899,0.08078716,181900.0,759.0,0.1610978543758392,0.023285899311304,0.7130411863327026,0.026927138,0.1668426543474197,0.2061773985624313,0.1715945154428482,0.5816776752471924,0.1640912443399429,Metro
25027754300,Massachusetts,,Worcester County,Low-Income Community,3214,36324.0,0.210627406835556,0.1517857164144516,175400.0,864.0,0.1927966028451919,0.2068511247634887,0.6596142053604126,0.099875547,0.2153080254793167,0.2069072872400283,0.097075298,0.6163748502731323,0.1246137991547584,Metro
25027754400,Massachusetts,,Worcester County,Low-Income Community,4054,55875.0,0.1171383634209632,0.099902533,198200.0,780.0,0.147776186466217,0.1076345443725586,0.8423779010772705,0.004933399,0.095954612,0.2345831245183944,0.1758756786584854,0.5380783081054688,0.2284697443246841,Metro
25027755100,Massachusetts,,Worcester County,Low-Income Community,3614,53214.0,0.1532826125621795,0.1145153194665908,203300.0,871.0,0.2231012731790542,0.1168658733367919,0.9031543731689452,0.0323740988969802,0.035141118,0.2858328819274902,0.1037631407380104,0.4979235827922821,0.2213455140590667,Metro
25027755200,Massachusetts,,Worcester County,Not Eligible,7994,68301.0,0.057467994,0.083427794,264400.0,807.0,0.1635802469135802,0.067736185,0.9458343757818364,0.0102576932699524,0.013259944958719,0.1826369777332999,0.1346009507130347,0.3570848558668291,0.3020706455542022,Metro
25027756101,Massachusetts,,Worcester County,Not Eligible,4495,77717.0,0.059958649,0.068723155,252000.0,768.0,0.2275042444821731,0.097142857,0.9632925472747496,0.0113459399332591,0.0100111234705228,0.2053392658509455,0.1599555061179088,0.3956699090053341,0.3501725760903671,Metro
25027756102,Massachusetts,,Worcester County,Not Eligible,8797,97885.0,0.0392112162316197,0.092272203,288100.0,937.0,0.041055718,0.0230356579362574,0.9670342162100716,0.003864954,0.018983744,0.2342844151415255,0.1106058883710355,0.3891220412959543,0.3073694812825248,Metro
25027757100,Massachusetts,1.0,Worcester County,Low-Income Community,4441,50558.0,0.1445620357990265,0.07332854,174500.0,940.0,0.2999016642570495,0.037474334,0.6415221691131592,0.049538393,0.300833136,0.1810403019189834,0.1283494681119918,0.4897891879081726,0.1541502028703689,Metro
25027757200,Massachusetts,,Worcester County,Low-Income Community,2484,31157.0,0.2801776230335235,0.099664994,136200.0,833.0,0.2566474080085754,0.1146025881171226,0.4070048332214355,0.0201288238167762,0.5241546034812927,0.3107890486717224,0.1010466963052749,0.6550416946411133,0.1008339673280716,Metro
25027757300,Massachusetts,1.0,Worcester County,Low-Income Community,2643,33778.0,0.2372617721557617,0.070915617,156100.0,819.0,0.2478991597890854,0.1380345076322555,0.5285660028457642,0.003026863,0.4521377086639404,0.222474455833435,0.1679909229278564,0.6703586578369141,0.074894518,Metro
25027757400,Massachusetts,,Worcester County,Low-Income Community,3020,59412.0,0.1180145815014839,0.1232323199510574,183500.0,878.0,0.2052505910396576,0.1019376590847969,0.6692053079605103,0.0119205294176936,0.2927152216434479,0.2304635792970657,0.1791390776634216,0.5318440794944763,0.2167300432920456,Metro
25027757500,Massachusetts,,Worcester County,Non-LIC Contiguous,4236,67713.0,0.1045906320214271,0.069444448,205500.0,873.0,0.1958598792552948,0.0504782162606716,0.7440981864929199,0.0203021727502346,0.2046742141246795,0.2136449515819549,0.163833811879158,0.4059571623802185,0.2714190185070038,Metro
25027758101,Massachusetts,,Worcester County,Not Eligible,1683,75083.0,0.0614925373134328,0.066157761,231500.0,1120.0,0.0,0.099871959,0.9156268568033272,0.002970885,0.057635175,0.1847890671420083,0.2976827094474153,0.4133738601823708,0.3913373860182371,Metro
25027758102,Massachusetts,,Worcester County,Not Eligible,7768,91991.0,0.0306385169927909,0.0372685741764847,310700.0,918.0,0.057377049,0.064536947,0.9542996910401648,0.002832132,0.0186663233779608,0.259783728,0.1659371781668383,0.2011278195488721,0.5131578947368421,Metro
25027759100,Massachusetts,,Worcester County,Not Eligible,2259,80714.0,0.047363718,0.064973861,236100.0,867.0,0.1304347826086956,0.094298246,0.9769809650287736,0.0,0.01416556,0.2084993359893758,0.1744134572819831,0.434864694776589,0.3039647577092511,Metro
25027760100,Massachusetts,,Worcester County,Low-Income Community,3386,63906.0,0.108390562236309,0.067494601,217200.0,930.0,0.0,0.052736983,0.9093325734138488,0.008860012,0.0,0.2179562896490097,0.1748375594615936,0.437399685,0.3298555314540863,Metro
25027761100,Massachusetts,,Worcester County,Low-Income Community,5178,51882.0,0.1073773652315139,0.057002641,198000.0,845.0,0.02586207,0.1373601853847503,0.963692545890808,0.0003862495068460703,0.008111239,0.1964078843593597,0.1342217028141021,0.541071892,0.2103420346975326,Metro
25027761200,Massachusetts,,Worcester County,Not Eligible,5541,92283.0,0.068070703,0.0561995082543027,383300.0,1697.0,0.2367491166077738,0.1022146507666098,0.6628767370510739,0.0185887024002887,0.071647717,0.2468868435300487,0.175961017866811,0.2221100454316002,0.5683997980817769,Metro
25027761300,Massachusetts,,Worcester County,Not Eligible,3397,91172.0,0.065617577,0.0390268626457171,285900.0,1114.0,0.15,0.07911618,0.7530173682661172,0.0279658522225493,0.1516043567853988,0.2104798351486606,0.118339711510156,0.2897392767031118,0.4381833473507149,Metro
25027761400,Massachusetts,,Worcester County,Not Eligible,6570,131719.0,0.057496361,0.0480349344978165,547000.0,1292.0,0.3377483443708609,0.017875383,0.8252663622526636,0.065753425,0.047336377,0.20441400304414,0.1550989345509893,0.1864101022248947,0.632992584,Metro
